cenario_id;requisito;origem;titulo;spec;linha;scenario_digest;status_inicial;observacao
V4:ARQ-01:S001;ARQ-01;v4;Portal não orquestra nem precifica;openspec/changes/hub-interoperabilidade-v4/specs/arquitetura-e-comunicacao/spec.md;8;1fa3e616c29f37aab9b296bca0e5143081a97e59b87ee7b481ca0ed1625091d1;REVALIDAR_EVIDENCIA;Inventário não certifica execução.
V4:ARQ-01:S002;ARQ-01;v4;Órbita delega execução externa a Cometa sem manter segredos;openspec/changes/hub-interoperabilidade-v4/specs/arquitetura-e-comunicacao/spec.md;13;e7474256318d59c68656afc023efef0e92a10f9260c39290f8c8a2f8d5b623fd;REVALIDAR_EVIDENCIA;Inventário não certifica execução.
V4:ARQ-01:S003;ARQ-01;v4;Libra não infere consumo apenas de logs nem fatura todo evento técnico;openspec/changes/hub-interoperabilidade-v4/specs/arquitetura-e-comunicacao/spec.md;18;51e2e953ff6f243e7b8426c6d910f2eb160c868cde43c6c1735c6cd590c28ec1;REVALIDAR_EVIDENCIA;Inventário não certifica execução.
V4:ARQ-01:S004;ARQ-01;v4;Isolamento de adaptador ou temporizador apenas por critério explícito;openspec/changes/hub-interoperabilidade-v4/specs/arquitetura-e-comunicacao/spec.md;23;991701c7b29af19e3b125214cba9e7197d80b23aa437d3796e9bfde43c9ed143;REVALIDAR_EVIDENCIA;Inventário não certifica execução.
V4:ARQ-02:S001;ARQ-02;v4;SYNC persiste o fato externo via resposta HTTPS sem depender da fila;openspec/changes/hub-interoperabilidade-v4/specs/arquitetura-e-comunicacao/spec.md;31;e3cc538d02dde3aaa8d7cc5ef98bd6ee92b48c300d1abef8bd1a99326460bc73;REVALIDAR_EVIDENCIA;Inventário não certifica execução.
V4:ARQ-02:S002;ARQ-02;v4;ASYNC usa fila e mantém os mesmos invariantes com deduplicação de eventos posteriores;openspec/changes/hub-interoperabilidade-v4/specs/arquitetura-e-comunicacao/spec.md;36;adffa2a871983ac0f43bc14a58a8e1b61295f5356840a17146ba507ddbdec5bf;REVALIDAR_EVIDENCIA;Inventário não certifica execução.
V4:ARQ-02:S003;ARQ-02;v4;Cada domínio grava somente seu próprio estado no core compartilhado;openspec/changes/hub-interoperabilidade-v4/specs/arquitetura-e-comunicacao/spec.md;41;03f8370aaa2e407cef3f01316f275cb9c528b13493a049ffc29bf977be71e72a;REVALIDAR_EVIDENCIA;Inventário não certifica execução.
V4:ARQ-02:S004;ARQ-02;v4;Tráfego estabelecido não consulta Atlas/Crossplane a cada pedido;openspec/changes/hub-interoperabilidade-v4/specs/arquitetura-e-comunicacao/spec.md;46;2c5142dcfe21b3d2337308e783ecc8a70246bdfd404e1df7f02b5e71c27f0ee3;REVALIDAR_EVIDENCIA;Inventário não certifica execução.
V4:ARQ-03:S001;ARQ-03;v4;PostgreSQL é a escolha para o banco transacional por célula;openspec/changes/hub-interoperabilidade-v4/specs/arquitetura-e-comunicacao/spec.md;54;fa67963d4c937d63c32035da28ff7d36d5291ec85704b4136662846ca9e23d40;REVALIDAR_EVIDENCIA;Inventário não certifica execução.
V4:ARQ-03:S002;ARQ-03;v4;SNS + SQS Standard é a escolha para o barramento sem presumir ordem;openspec/changes/hub-interoperabilidade-v4/specs/arquitetura-e-comunicacao/spec.md;59;2949e9d75944b7454731c11ddac71b3fccf29a81751f76545da8e1e1cd2e65e1;REVALIDAR_EVIDENCIA;Inventário não certifica execução.
V4:ARQ-03:S003;ARQ-03;v4;Cache funciona e cumpre o SLO qualificado sem Redis;openspec/changes/hub-interoperabilidade-v4/specs/arquitetura-e-comunicacao/spec.md;64;107f83dc281774f85d77e1904a5f623a17afb895df859f719689676b1c347cb1;REVALIDAR_EVIDENCIA;Inventário não certifica execução.
V4:ARQ-03:S004;ARQ-03;v4;Operar sem serviços AWS exige nova decisão de arquitetura;openspec/changes/hub-interoperabilidade-v4/specs/arquitetura-e-comunicacao/spec.md;69;fc68c01c751dbc7eba69c17d47af8a6f6203dcc94785a0e4526e4459b8d51f19;REVALIDAR_EVIDENCIA;Inventário não certifica execução.
V4:ARQ-04:S001;ARQ-04;v4;Atlas API usa Go pela uniformidade de toolchain, não pela velocidade de CRUD;openspec/changes/hub-interoperabilidade-v4/specs/arquitetura-e-comunicacao/spec.md;77;8f2d2bc89349bade4f55c797316edbd56474bd58d04ac732a9f824a8e72118bc;REVALIDAR_EVIDENCIA;Inventário não certifica execução.
V4:ARQ-04:S002;ARQ-04;v4;Espera de rede suportada libera a thread, mas bloqueio evitável no caminho crítico é proibido;openspec/changes/hub-interoperabilidade-v4/specs/arquitetura-e-comunicacao/spec.md;82;78ad7a91086463c8303f945168b0c203cc2c019dbf9cc44af7742792bd7fffb8;REVALIDAR_EVIDENCIA;Inventário não certifica execução.
V4:ARQ-04:S003;ARQ-04;v4;Interface de Atlas em TypeScript/React não processa pedidos de clientes;openspec/changes/hub-interoperabilidade-v4/specs/arquitetura-e-comunicacao/spec.md;87;ae488a32ab32ca2dd4d9873bbf0fdaf21d4d52f269605d8490567bb3686c82ca;REVALIDAR_EVIDENCIA;Inventário não certifica execução.
V4:ARQ-04:S004;ARQ-04;v4;Comparação de desempenho entre Go e outras linguagens exige equivalência de condições;openspec/changes/hub-interoperabilidade-v4/specs/arquitetura-e-comunicacao/spec.md;92;c1b0546b566615873195d89ba00df7df64987a80409b57dfbc3ee805333b40a5;REVALIDAR_EVIDENCIA;Inventário não certifica execução.
V4:ARQ-05:S001;ARQ-05;v4;PostgreSQL compartilhado entre células é separado por célula;openspec/changes/hub-interoperabilidade-v4/specs/arquitetura-e-comunicacao/spec.md;100;d79c915617337e77b7c622136489786e8923a4b5046e7ff67791deb2be37564e;REVALIDAR_EVIDENCIA;Inventário não certifica execução.
V4:ARQ-05:S002;ARQ-05;v4;Dependência de produção exige versão fixada, plano de atualização, licença e proprietário;openspec/changes/hub-interoperabilidade-v4/specs/arquitetura-e-comunicacao/spec.md;105;6c618c131ff2afc754d15bb55940271b4834609a3db1716dde4baa2bd9c9055d;REVALIDAR_EVIDENCIA;Inventário não certifica execução.
V4:ARQ-05:S003;ARQ-05;v4;Mesh ou Envoy não são adotados automaticamente para o controle adaptativo do Cometa;openspec/changes/hub-interoperabilidade-v4/specs/arquitetura-e-comunicacao/spec.md;110;9a86f50f4454b4572da1433bf30b2ad39cc56a2e407551e5ac152b58591111fe;REVALIDAR_EVIDENCIA;Inventário não certifica execução.
V4:ARQ-05:S004;ARQ-05;v4;Traces do OpenTelemetry/Tempo não servem como fonte contábil ou única evidência de SLA;openspec/changes/hub-interoperabilidade-v4/specs/arquitetura-e-comunicacao/spec.md;115;60c7f5e45aa081d649a000391e8e1f7c485c5a5c673803fe7c074abf1c41066e;REVALIDAR_EVIDENCIA;Inventário não certifica execução.
V4:ARQ-06:S001;ARQ-06;v4;KEDA é o único proprietário do HPA de um Deployment de worker;openspec/changes/hub-interoperabilidade-v4/specs/arquitetura-e-comunicacao/spec.md;123;d05efa2333b936122f2a072510d052ee4f3a381ec9fcdbeb01eeb217586ed102;REVALIDAR_EVIDENCIA;Inventário não certifica execução.
V4:ARQ-06:S002;ARQ-06;v4;Crossplane reconcilia recursos mas não decide quando expandir;openspec/changes/hub-interoperabilidade-v4/specs/arquitetura-e-comunicacao/spec.md;128;45560210f03a0592bcaed0b3d90c80c614167b8eae7c4bd7caca9c4fc62eb4bd;REVALIDAR_EVIDENCIA;Inventário não certifica execução.
V4:ARQ-06:S003;ARQ-06;v4;Redução de pods ou nós não apaga dados protegidos;openspec/changes/hub-interoperabilidade-v4/specs/arquitetura-e-comunicacao/spec.md;133;dc7b1b62c76c1da5964ecc6e464e50447aa2f9a2388165218b6c2b7c4b366b90;REVALIDAR_EVIDENCIA;Inventário não certifica execução.
V4:ARQ-06:S004;ARQ-06;v4;Perda do plano de gestão impede novas expansões mas não desliga células prontas;openspec/changes/hub-interoperabilidade-v4/specs/arquitetura-e-comunicacao/spec.md;138;288e57d7c85821a3f6c0b3ead71878deb7a09983745f3f4b5b644498ce595fca;REVALIDAR_EVIDENCIA;Inventário não certifica execução.
V4:COM-01:S001;COM-01;v4;SYNC entre Órbita e Cometa dispensa broker no percurso obrigatório;openspec/changes/hub-interoperabilidade-v4/specs/arquitetura-e-comunicacao/spec.md;146;5f4bd944c7954157b6f69b12516861a0688c16968c12836bded1dc231584ea2e;REVALIDAR_EVIDENCIA;Inventário não certifica execução.
V4:COM-01:S002;COM-01;v4;Retorno HTTP interno perdido não autoriza nova operação;openspec/changes/hub-interoperabilidade-v4/specs/arquitetura-e-comunicacao/spec.md;151;8b30f891c9a3151486a47282f5987c3caddc3adba539ac8b3951ee8ec0bcf8ce;REVALIDAR_EVIDENCIA;Inventário não certifica execução.
V4:COM-01:S003;COM-01;v4;gRPC e request/reply sobre broker não são adotados como padrão do caminho SYNC;openspec/changes/hub-interoperabilidade-v4/specs/arquitetura-e-comunicacao/spec.md;156;583e3e3dd20c19e262e09c27af980321c9c0d1f445a722debf027143234fd926;REVALIDAR_EVIDENCIA;Inventário não certifica execução.
V4:COM-01:S004;COM-01;v4;Pulsar consulta Órbita por HTTPS autenticado sem acesso direto ao banco;openspec/changes/hub-interoperabilidade-v4/specs/arquitetura-e-comunicacao/spec.md;161;9cb77b3aa05f86a64ed70345257c6d370c1ceeab5f145541e5bbb34db6d2a138;REVALIDAR_EVIDENCIA;Inventário não certifica execução.
V4:COM-02:S001;COM-02;v4;REST/JSON por HTTPS é disponibilizado mediante OpenAPI e schemas homologados;openspec/changes/hub-interoperabilidade-v4/specs/arquitetura-e-comunicacao/spec.md;169;180cce3633b2fe2306dd76c0e1dc2696697c7b91d74b6e6c6d1a90eed605b202;REVALIDAR_EVIDENCIA;Inventário não certifica execução.
V4:COM-02:S002;COM-02;v4;SFTP e gRPC/Protobuf não são aceitos automaticamente na v4;openspec/changes/hub-interoperabilidade-v4/specs/arquitetura-e-comunicacao/spec.md;174;04ab64da85e935a2bb2c1c7d254ea8ea427f782e9099c357625062d6b394a403;REVALIDAR_EVIDENCIA;Inventário não certifica execução.
V4:COM-02:S003;COM-02;v4;Conexão direta do cliente ao banco é recusada independentemente do catálogo;openspec/changes/hub-interoperabilidade-v4/specs/arquitetura-e-comunicacao/spec.md;179;f7514bf14b5836401b711fb85d8d9e5e2f715818617c48a28ec15692a1a2489b;REVALIDAR_EVIDENCIA;Inventário não certifica execução.
V4:COM-02:S004;COM-02;v4;Integração via broker externo do parceiro exige ADR explícito;openspec/changes/hub-interoperabilidade-v4/specs/arquitetura-e-comunicacao/spec.md;184;4eb840d0326df380f155a3b0047b1c2886a33f6dd7bd22bcb3c7fc3257a64267;REVALIDAR_EVIDENCIA;Inventário não certifica execução.
V4:COM-03:S001;COM-03;v4;Publicação usa outbox na mesma transação do estado local;openspec/changes/hub-interoperabilidade-v4/specs/arquitetura-e-comunicacao/spec.md;192;49af3d9ce6546047e5fc176b4d3050f71acdbc7294a04bfbd3a05e3326435182;REVALIDAR_EVIDENCIA;Inventário não certifica execução.
V4:COM-03:S002;COM-03;v4;Ack ao broker ocorre somente após o commit do inbox;openspec/changes/hub-interoperabilidade-v4/specs/arquitetura-e-comunicacao/spec.md;197;e8900760c62e6f7086fef3e93718fa7905f0a589aad45adca50a0f3ce4a49408;REVALIDAR_EVIDENCIA;Inventário não certifica execução.
V4:COM-03:S003;COM-03;v4;Chave semântica reconhece fatos econômicos equivalentes com event_ids distintos;openspec/changes/hub-interoperabilidade-v4/specs/arquitetura-e-comunicacao/spec.md;202;801d2ed60087fe6caa9edfc77c98ba58901ec9819d7d4f920ec6d16878d21544;REVALIDAR_EVIDENCIA;Inventário não certifica execução.
V4:COM-03:S004;COM-03;v4;Evento antigo não regride estado e gera pendência de reconciliação;openspec/changes/hub-interoperabilidade-v4/specs/arquitetura-e-comunicacao/spec.md;207;1c0effccde8c37901cd1748c279b19f91e8c5f329fc5dc50292b6d69ca27b997;REVALIDAR_EVIDENCIA;Inventário não certifica execução.
V4:COM-04:S001;COM-04;v4;Mudança aditiva sem alteração de significado mantém compatibilidade;openspec/changes/hub-interoperabilidade-v4/specs/arquitetura-e-comunicacao/spec.md;215;4c89b28de77a172be20e23f7a22306cdf6ee7df8b5ee2a5fc61b9651914cc2a8;REVALIDAR_EVIDENCIA;Inventário não certifica execução.
V4:COM-04:S002;COM-04;v4;Remoção de campo ou mudança de unidade exige nova versão;openspec/changes/hub-interoperabilidade-v4/specs/arquitetura-e-comunicacao/spec.md;220;6842225e6c379dfc01df593ce03609d9b86a1d2a8791030e99af1e813cb3c627;REVALIDAR_EVIDENCIA;Inventário não certifica execução.
V4:COM-04:S003;COM-04;v4;Consumidor desconhecendo a versão obrigatória coloca a mensagem em quarentena;openspec/changes/hub-interoperabilidade-v4/specs/arquitetura-e-comunicacao/spec.md;225;fd5124af8ef2fcee35e6e76af7e457ebe86007b08900af70475bf1700a1ce0c8;REVALIDAR_EVIDENCIA;Inventário não certifica execução.
V4:COM-04:S004;COM-04;v4;Campo crítico ausente rejeita a mensagem;openspec/changes/hub-interoperabilidade-v4/specs/arquitetura-e-comunicacao/spec.md;230;9ce08bb35f357ff1a73b4bd96a493d3cfb3cc69ccd14e4a2ab6c11811fa23cb0;REVALIDAR_EVIDENCIA;Inventário não certifica execução.
V4:COM-05:S001;COM-05;v4;GET e webhook entregam o mesmo corpo final, diferindo apenas em cabeçalhos de transporte;openspec/changes/hub-interoperabilidade-v4/specs/arquitetura-e-comunicacao/spec.md;238;c58cd75a3394207c17da9d94471e394f553b47af32fd65187340be62dfd7be26;REVALIDAR_EVIDENCIA;Inventário não certifica execução.
V4:COM-05:S002;COM-05;v4;GET pendente retorna 200 com a variante pendente sem ser evento final;openspec/changes/hub-interoperabilidade-v4/specs/arquitetura-e-comunicacao/spec.md;243;04dc2db42c4be9fec4ceb91ee1ad43ffce3d7a51c5ea80a9bf9fd462f7a0b9da;REVALIDAR_EVIDENCIA;Inventário não certifica execução.
V4:COM-05:S003;COM-05;v4;Protocolo EXPIRED usa representação de erro prevista e não envia resultado tardio;openspec/changes/hub-interoperabilidade-v4/specs/arquitetura-e-comunicacao/spec.md;248;96f17f18403969317ecbee97841c9657a769d0b3a32b227daa5f458a432aa345;REVALIDAR_EVIDENCIA;Inventário não certifica execução.
V4:COM-05:S004;COM-05;v4;URL pré-assinada de arquivo não é injetada no corpo final congelado;openspec/changes/hub-interoperabilidade-v4/specs/arquitetura-e-comunicacao/spec.md;253;e6c93cccdc387468a8ae66a7ab05c38581ac8cf2b05ed9b1963e05faa7530b40;REVALIDAR_EVIDENCIA;Inventário não certifica execução.
V4:COM-06:S001;COM-06;v4;Fato final externo durável permite finalizar sucesso no mesmo HTTP público;openspec/changes/hub-interoperabilidade-v4/specs/arquitetura-e-comunicacao/spec.md;261;9331fb47910a3ecf634a644a472a76824a0bebf395ab3c7e5fe3ea46ce7f2141;REVALIDAR_EVIDENCIA;Inventário não certifica execução.
V4:COM-06:S002;COM-06;v4;HTTP 200 sem fato conservado não é tratado como final válido;openspec/changes/hub-interoperabilidade-v4/specs/arquitetura-e-comunicacao/spec.md;266;cf94535433972a216be2a5322412401970e583d6ae01d713a15f822b16bdc713;REVALIDAR_EVIDENCIA;Inventário não certifica execução.
V4:COM-06:S003;COM-06;v4;Timeout de rede não autoriza retry automático de negócio fora de Órbita/Cometa;openspec/changes/hub-interoperabilidade-v4/specs/arquitetura-e-comunicacao/spec.md;271;98d5a28de3bad722c74e7d1463fccb6e98d5f8b989eeb2d4c37307713ca4fd6f;REVALIDAR_EVIDENCIA;Inventário não certifica execução.
V4:COM-06:S004;COM-06;v4;Intenção ASYNC marcada DIRECT não é tratada como comando QUEUED;openspec/changes/hub-interoperabilidade-v4/specs/arquitetura-e-comunicacao/spec.md;276;6d53ba303b8cbc9ef95b09dcac064142838f13b0b2afa3bfaeae1b9a4d92e8df;REVALIDAR_EVIDENCIA;Inventário não certifica execução.
V4:CAT-01:S001;CAT-01;v4;Publicação de versão com metadados completos e vínculo homologado;openspec/changes/hub-interoperabilidade-v4/specs/catalogo-e-portfolio/spec.md;8;b8c2b53f45484c6d60d6ffe9fe2c6d7db6dc89afc56b2ff87970db421e2d0f97;REVALIDAR_EVIDENCIA;Inventário não certifica execução.
V4:CAT-01:S002;CAT-01;v4;Entrada incompatível é recusada antes da execução;openspec/changes/hub-interoperabilidade-v4/specs/catalogo-e-portfolio/spec.md;13;3d832fe67917ffb7885afc0c3f7b953a4799542f641ef96ac33e6e39002df384;REVALIDAR_EVIDENCIA;Inventário não certifica execução.
V4:CAT-01:S003;CAT-01;v4;Consulta histórica de versão descontinuada preserva semântica original;openspec/changes/hub-interoperabilidade-v4/specs/catalogo-e-portfolio/spec.md;18;f075e00519a3f085b15529b789675d37955a30f1c7c2b07b91327dd676fda2f9;REVALIDAR_EVIDENCIA;Inventário não certifica execução.
V4:CAT-02:S001;CAT-02;v4;Cliente visualiza apenas ofertas contratadas e autorizadas;openspec/changes/hub-interoperabilidade-v4/specs/catalogo-e-portfolio/spec.md;26;45f1b0ca5b2c2a7bb4e1eae73da3639ecab38d4f3e0fd8f5def79c177a47fc34;REVALIDAR_EVIDENCIA;Inventário não certifica execução.
V4:CAT-02:S002;CAT-02;v4;Oferta publicada mas não contratada é negada mesmo com token válido;openspec/changes/hub-interoperabilidade-v4/specs/catalogo-e-portfolio/spec.md;31;7d94e2658f4fa125cfdbe769a185c59833d38316a4e1e759cc42f88d949b3adb;REVALIDAR_EVIDENCIA;Inventário não certifica execução.
V4:CAT-02:S003;CAT-02;v4;Suspensão de novas vendas não afeta pedidos já aceitos;openspec/changes/hub-interoperabilidade-v4/specs/catalogo-e-portfolio/spec.md;36;e6b5d6efb8eb80038895abb300211efab63945eeca33672b89a64611c90b5c33;REVALIDAR_EVIDENCIA;Inventário não certifica execução.
V4:CAT-03:S001;CAT-03;v4;Agregação bem-sucedida com seções obrigatória e opcionais presentes;openspec/changes/hub-interoperabilidade-v4/specs/catalogo-e-portfolio/spec.md;44;879b1f4d6f47f4b2b1e81315a6223e674686971793d62d226dd883b0c097e78a;REVALIDAR_EVIDENCIA;Inventário não certifica execução.
V4:CAT-03:S002;CAT-03;v4;Falha da parte obrigatória impede anúncio de sucesso completo;openspec/changes/hub-interoperabilidade-v4/specs/catalogo-e-portfolio/spec.md;49;18cf710032cc248d0aecdedb55439b792433a4ec204a210bc318d90cdc2494fd;REVALIDAR_EVIDENCIA;Inventário não certifica execução.
V4:CAT-03:S003;CAT-03;v4;Resposta opcional ausente é declarada explicitamente;openspec/changes/hub-interoperabilidade-v4/specs/catalogo-e-portfolio/spec.md;54;0ebd37cce736bab513b054044956573459d811866d90162608e4070fe3c72794;REVALIDAR_EVIDENCIA;Inventário não certifica execução.
V4:CAT-04:S001;CAT-04;v4;Composição publicada com grafo acíclico válido;openspec/changes/hub-interoperabilidade-v4/specs/catalogo-e-portfolio/spec.md;62;1ad0feb21654163b434ef43ee5d75d1d61517efd68eafd80086c5599ef2d46c4;REVALIDAR_EVIDENCIA;Inventário não certifica execução.
V4:CAT-04:S002;CAT-04;v4;Geocodificação com múltiplas opções segue política do contrato;openspec/changes/hub-interoperabilidade-v4/specs/catalogo-e-portfolio/spec.md;67;426f0b2f32da0b579c89290373ec7f483ff22b2577bbfb2085f34ecb24bba67b;REVALIDAR_EVIDENCIA;Inventário não certifica execução.
V4:CAT-04:S003;CAT-04;v4;Publicação recusada por ciclo ou ausência de política de falha;openspec/changes/hub-interoperabilidade-v4/specs/catalogo-e-portfolio/spec.md;72;d2f0de959804457ddb70922381aff78395dd88031f7499a0edda09efad488ac3;REVALIDAR_EVIDENCIA;Inventário não certifica execução.
V4:CAT-05:S001;CAT-05;v4;Consolidação por quórum sem cancelar trabalho em voo;openspec/changes/hub-interoperabilidade-v4/specs/catalogo-e-portfolio/spec.md;80;efd1ddf816e7e36a6c3e0a9739002aeea74abe56a6828cd1064e33280f6a4610;REVALIDAR_EVIDENCIA;Inventário não certifica execução.
V4:CAT-05:S002;CAT-05;v4;Falha parcial não gera rollback universal;openspec/changes/hub-interoperabilidade-v4/specs/catalogo-e-portfolio/spec.md;85;5d3c5f47958e0faffac9c9b0023b320bae928542e3d297dc922cf99be0c47a3b;REVALIDAR_EVIDENCIA;Inventário não certifica execução.
V4:CAT-05:S003;CAT-05;v4;Produto com efeito irreversível oferece opção de resultado parcial;openspec/changes/hub-interoperabilidade-v4/specs/catalogo-e-portfolio/spec.md;90;2238fae995888c3f9b469d6eef310b1a1831ae0fbcb323a0ad9ec5d6f4e206ed;REVALIDAR_EVIDENCIA;Inventário não certifica execução.
V4:CAT-06:S001;CAT-06;v4;Seleção de provedor elegível ordenado por regra versionada com decisão persistida;openspec/changes/hub-interoperabilidade-v4/specs/catalogo-e-portfolio/spec.md;98;c271a91b81a373209ba0df27865c79878f0869f26c31d776f6f4e4ccbf8a7c0c;REVALIDAR_EVIDENCIA;Inventário não certifica execução.
V4:CAT-06:S002;CAT-06;v4;Failover recusado sem prova de segurança após timeout;openspec/changes/hub-interoperabilidade-v4/specs/catalogo-e-portfolio/spec.md;103;5454ade728aea380e761626331c3e5fbfc26c990e4473e0b435b9c60938f7997;REVALIDAR_EVIDENCIA;Inventário não certifica execução.
V4:CAT-06:S003;CAT-06;v4;Hedging permanece desabilitado;openspec/changes/hub-interoperabilidade-v4/specs/catalogo-e-portfolio/spec.md;108;ba8584dd91306d6663e451b8e93f4568208509639f2f586a2346077b2fe1fbb2;REVALIDAR_EVIDENCIA;Inventário não certifica execução.
V4:CAT-07:S001;CAT-07;v4;Pacote com três passos gera receita única e discrimina custos sem triplicar preço;openspec/changes/hub-interoperabilidade-v4/specs/catalogo-e-portfolio/spec.md;116;44ba2ac4b45164308bc2a1909fbeddb3fc738138681c0d9ddf0a87c9f86872f0;REVALIDAR_EVIDENCIA;Inventário não certifica execução.
V4:CAT-07:S002;CAT-07;v4;Configuração impede cobrança simultânea de pacote e componentes;openspec/changes/hub-interoperabilidade-v4/specs/catalogo-e-portfolio/spec.md;121;eaa7447aee7c17267f086d31ce904852f8fda5b74695379ec23a455d9cfa9d9e;REVALIDAR_EVIDENCIA;Inventário não certifica execução.
V4:CAT-07:S003;CAT-07;v4;Oferta não liberada sem contrato válido para todos os passos;openspec/changes/hub-interoperabilidade-v4/specs/catalogo-e-portfolio/spec.md;126;b2aa3c2473f23ecec44cf14361b884bfac2653c68c2d437dc25d4ed230dc2ea9;REVALIDAR_EVIDENCIA;Inventário não certifica execução.
V4:CAT-08:S001;CAT-08;v4;Resposta final e apuração financeira reconstruídas a partir de evidências persistidas;openspec/changes/hub-interoperabilidade-v4/specs/catalogo-e-portfolio/spec.md;134;79d9a5d28eb5bfed9df0baa606d79735bab9e4c68fcc1275c7dd5588c287ae5b;REVALIDAR_EVIDENCIA;Inventário não certifica execução.
V4:CAT-08:S002;CAT-08;v4;Passo compartilhado executa uma única vez quando declarado pelo produto;openspec/changes/hub-interoperabilidade-v4/specs/catalogo-e-portfolio/spec.md;139;eac6f07e52a5dd3fe52b52762b781c713f5da1b623b38e6fd5f04a66f56f54a4;REVALIDAR_EVIDENCIA;Inventário não certifica execução.
V4:CAT-08:S003;CAT-08;v4;Pedidos distintos com payload coincidente não são deduplicados globalmente;openspec/changes/hub-interoperabilidade-v4/specs/catalogo-e-portfolio/spec.md;144;b921a0f48d0a939ed14d81f023611b10b0ed37187b3a89eacdc7bc0dde6aab19;REVALIDAR_EVIDENCIA;Inventário não certifica execução.
V4:CAT-09:S001;CAT-09;v4;Contrato técnico do cliente valida entrada, traduz e valida saída antes da conclusão;openspec/changes/hub-interoperabilidade-v4/specs/catalogo-e-portfolio/spec.md;152;88bd25ac61f4c2c7c894a62b722559c2f04e6863aab0231c7fed06d1418a3911;REVALIDAR_EVIDENCIA;Inventário não certifica execução.
V4:CAT-09:S002;CAT-09;v4;Erro de transformação impede sucesso e preserva evidência canônica;openspec/changes/hub-interoperabilidade-v4/specs/catalogo-e-portfolio/spec.md;157;e320ad2e52aaab52671ec187509573d2c653c32c5a360b8fd6667e51e375f002;REVALIDAR_EVIDENCIA;Inventário não certifica execução.
V4:CAT-09:S003;CAT-09;v4;Cliente não pode selecionar tenant ou transformação arbitrária no pedido;openspec/changes/hub-interoperabilidade-v4/specs/catalogo-e-portfolio/spec.md;162;ae185e62eb2a0b9377949dfb68d43f0e989b18b151ec189444978d58efc196a8;REVALIDAR_EVIDENCIA;Inventário não certifica execução.
V4:CAT-09:S004;CAT-09;v4;Alteração de configuração não afeta protocolo em voo nem histórico;openspec/changes/hub-interoperabilidade-v4/specs/catalogo-e-portfolio/spec.md;167;c8772e06d3961ffce3291b43611890e4dd4a670a025a032a8b15f29639dca5de;REVALIDAR_EVIDENCIA;Inventário não certifica execução.
V4:CAT-10:S001;CAT-10;v4;Oferta com prazo compatível com caminho crítico qualificado;openspec/changes/hub-interoperabilidade-v4/specs/catalogo-e-portfolio/spec.md;175;ce10dbf86f25370a982ea3c7ee05d50f82f9462aa5db277afe6296c0570bacc9;REVALIDAR_EVIDENCIA;Inventário não certifica execução.
V4:CAT-10:S002;CAT-10;v4;Timeout não é convertido automaticamente em sucesso parcial;openspec/changes/hub-interoperabilidade-v4/specs/catalogo-e-portfolio/spec.md;180;c3d1903cc2442a1c1bc41d886b5d6f0df07a848f099658acbfda0abdac90371d;REVALIDAR_EVIDENCIA;Inventário não certifica execução.
V4:CAT-10:S003;CAT-10;v4;Classe compartilhada não é anunciada como isolamento físico total;openspec/changes/hub-interoperabilidade-v4/specs/catalogo-e-portfolio/spec.md;185;dab2573171bfc0c6e4068cdf00d6843dd644dc0be0b587e010bb0638c3dce7e0;REVALIDAR_EVIDENCIA;Inventário não certifica execução.
V4:CAT-11:S001;CAT-11;v4;Integração de novo cliente por configuração, sem alteração de código;openspec/changes/hub-interoperabilidade-v4/specs/catalogo-e-portfolio/spec.md;193;f14a3ffaf56f0001bd67c0caf9b75b7dfbe04e28c81aca11ae7fa02eb2a0c5ad;REVALIDAR_EVIDENCIA;Inventário não certifica execução.
V4:CAT-11:S002;CAT-11;v4;Ativação recusada explicitamente por falta de capacidade homologada;openspec/changes/hub-interoperabilidade-v4/specs/catalogo-e-portfolio/spec.md;198;864124cebd74f7019fbb921a77ff7824941113de5ed8d28d00f14f6a3b49c95a;REVALIDAR_EVIDENCIA;Inventário não certifica execução.
V4:CAT-11:S003;CAT-11;v4;AUTO nunca é conversão silenciosa de SYNC;openspec/changes/hub-interoperabilidade-v4/specs/catalogo-e-portfolio/spec.md;203;8a673c44ef6de25a9bc5d981f3347d09dc41f6a40df8c4b2ed585031deda488e;REVALIDAR_EVIDENCIA;Inventário não certifica execução.
V4:CFG-01:S001;CFG-01;v4;Reconfiguração de integração existente sem deploy;openspec/changes/hub-interoperabilidade-v4/specs/configuracao-e-seguranca/spec.md;8;cd07b01c73034523377afedf94fcf5fbc39ca5599871b19e48ffd46ed84d806a;REVALIDAR_EVIDENCIA;Inventário não certifica execução.
V4:CFG-01:S002;CFG-01;v4;Tentativa de introduzir transformação fora do conjunto seguro é recusada;openspec/changes/hub-interoperabilidade-v4/specs/configuracao-e-seguranca/spec.md;13;738b68852e8ace3a10fe7454608b3ce761cc29a272bb788a5480c52bc6df447c;REVALIDAR_EVIDENCIA;Inventário não certifica execução.
V4:CFG-01:S003;CFG-01;v4;Tela de cadastro expõe campos obrigatórios, faixa válida e impacto;openspec/changes/hub-interoperabilidade-v4/specs/configuracao-e-seguranca/spec.md;18;99502c06ab2537d6aa46fbe61841e9afbdafb293db6581fd9e737b50455a31e5;REVALIDAR_EVIDENCIA;Inventário não certifica execução.
V4:CFG-02:S001;CFG-02;v4;Publicação parcial de conjunto inconsistente é recusada;openspec/changes/hub-interoperabilidade-v4/specs/configuracao-e-seguranca/spec.md;26;c7890115f63c280096c3dc00845135877b7420a204285339f9fabe8644c3a666;REVALIDAR_EVIDENCIA;Inventário não certifica execução.
V4:CFG-02:S002;CFG-02;v4;Nó desatualizado recusa novas admissões em vez de misturar versões;openspec/changes/hub-interoperabilidade-v4/specs/configuracao-e-seguranca/spec.md;31;ab400291575541d90982f1861eb845a5194be20052337665a649706ef2255816;REVALIDAR_EVIDENCIA;Inventário não certifica execução.
V4:CFG-02:S003;CFG-02;v4;Revogação emergencial é distribuída independentemente da interface humana;openspec/changes/hub-interoperabilidade-v4/specs/configuracao-e-seguranca/spec.md;36;01e1e917241e385470e3f70ac30098676229361c1e68e4b001ee96915f77334e;REVALIDAR_EVIDENCIA;Inventário não certifica execução.
V4:CFG-02:S004;CFG-02;v4;Evidência de autorização vencida bloqueia apenas o escopo afetado;openspec/changes/hub-interoperabilidade-v4/specs/configuracao-e-seguranca/spec.md;41;8370b472acd8f6e04f6b84d07737e416d02efa9161262e8b87364342e62f350b;REVALIDAR_EVIDENCIA;Inventário não certifica execução.
V4:CFG-03:S001;CFG-03;v4;Acesso a payload sensível exige acesso excepcional auditado;openspec/changes/hub-interoperabilidade-v4/specs/configuracao-e-seguranca/spec.md;49;ce6eb05f0f9d640287d424d4973640935e865f7cea9a5a48d8eeb09bf9b8e825;REVALIDAR_EVIDENCIA;Inventário não certifica execução.
V4:CFG-03:S002;CFG-03;v4;Reexecução gera novo protocolo enquanto replay técnico preserva identidade;openspec/changes/hub-interoperabilidade-v4/specs/configuracao-e-seguranca/spec.md;54;3a7baa738dc1b70ad52e40fe602d00a9e26562722dcea726b2086293ca9a731d;REVALIDAR_EVIDENCIA;Inventário não certifica execução.
V4:CFG-03:S003;CFG-03;v4;Ação de reprocessamento em massa não está disponível;openspec/changes/hub-interoperabilidade-v4/specs/configuracao-e-seguranca/spec.md;59;8b7ff2537456d7ee00ae39a1531001765243b3165913f4def7ab1ca0e66ff576;REVALIDAR_EVIDENCIA;Inventário não certifica execução.
V4:SEG-01:S001;SEG-01;v4;Gateway elimina cabeçalho de identidade forjado pelo cliente;openspec/changes/hub-interoperabilidade-v4/specs/configuracao-e-seguranca/spec.md;67;b97bf58d8189af81b5ff729eee200cbbd120dd5621262e8345a6b14454b3e9d0;REVALIDAR_EVIDENCIA;Inventário não certifica execução.
V4:SEG-01:S002;SEG-01;v4;Serviço interno não confia apenas na origem de rede interna;openspec/changes/hub-interoperabilidade-v4/specs/configuracao-e-seguranca/spec.md;72;1866b762c4fc8a117bfa1508ccf96532f7db8cdadddad908d2bb73323bf0517e;REVALIDAR_EVIDENCIA;Inventário não certifica execução.
V4:SEG-01:S003;SEG-01;v4;Operador de runtime não pode editar ledger publicado;openspec/changes/hub-interoperabilidade-v4/specs/configuracao-e-seguranca/spec.md;77;979c018387e4e202c580caf059fe6990849258bda5b04b74e3188b1108516ef9;REVALIDAR_EVIDENCIA;Inventário não certifica execução.
V4:SEG-02:S001;SEG-02;v4;Registro de destino em rede de metadados é bloqueado;openspec/changes/hub-interoperabilidade-v4/specs/configuracao-e-seguranca/spec.md;85;4ec75ca6eca520e2766b29d9a04d6865074369978aec752c3dfbdd252fbcadc1;REVALIDAR_EVIDENCIA;Inventário não certifica execução.
V4:SEG-02:S002;SEG-02;v4;Redirecionamento para destino não validado não é seguido;openspec/changes/hub-interoperabilidade-v4/specs/configuracao-e-seguranca/spec.md;90;c31f0fb2d7700ff3c6547b1b756ce821fcf6df39ca120980ec632fcd85bb7e84;REVALIDAR_EVIDENCIA;Inventário não certifica execução.
V4:SEG-02:S003;SEG-02;v4;Conteúdo XML com entidade externa é rejeitado;openspec/changes/hub-interoperabilidade-v4/specs/configuracao-e-seguranca/spec.md;95;618200e353a85d0805b5a63160d7afa86c5c087d8c822bfd785f11ed82339db8;REVALIDAR_EVIDENCIA;Inventário não certifica execução.
V4:SEG-02:S004;SEG-02;v4;Segredo não aparece em log, evento ou arquivo versionado;openspec/changes/hub-interoperabilidade-v4/specs/configuracao-e-seguranca/spec.md;100;f38daaf392ec351cb911d7d0b70272c4742ac309e8a31a1eedac48aa6d73c459;REVALIDAR_EVIDENCIA;Inventário não certifica execução.
V4:SEG-03:S001;SEG-03;v4;Tentativa de acesso cross-tenant por troca de ID é negada;openspec/changes/hub-interoperabilidade-v4/specs/configuracao-e-seguranca/spec.md;108;1e001d5b152346ca0f34e2995c90f03ca5dffd2837c7b8e47363a4ef5a2efe74;REVALIDAR_EVIDENCIA;Inventário não certifica execução.
V4:SEG-03:S002;SEG-03;v4;Ação sensível gera registro de auditoria completo;openspec/changes/hub-interoperabilidade-v4/specs/configuracao-e-seguranca/spec.md;113;cf8407f22110de30bb0025090bb0e56e064b7d641e3fcd0222617a100c197ee7;REVALIDAR_EVIDENCIA;Inventário não certifica execução.
V4:SEG-03:S003;SEG-03;v4;Expurgo de logs Loki não elimina evidência de cobrança;openspec/changes/hub-interoperabilidade-v4/specs/configuracao-e-seguranca/spec.md;118;8af1881431b55d1eea85a3b860b68bfaff96f346df7d0cedfcabf639d9e315ea;REVALIDAR_EVIDENCIA;Inventário não certifica execução.
V4:CFG-04:S001;CFG-04;v4;Publicação recusa configuração de retry com max_attempts inválido;openspec/changes/hub-interoperabilidade-v4/specs/configuracao-e-seguranca/spec.md;126;80a518fcbe648bf9ea5ca7b4ffc2b31a7c8485bed1d9ad21807db075919379ef;REVALIDAR_EVIDENCIA;Inventário não certifica execução.
V4:CFG-04:S002;CFG-04;v4;Portal exibe origem do valor resolvido e impede override silencioso;openspec/changes/hub-interoperabilidade-v4/specs/configuracao-e-seguranca/spec.md;131;60a0b2e9b4c4ecb0af1978dc7189794bd9f90eb8db19b618a8e67db920674949;REVALIDAR_EVIDENCIA;Inventário não certifica execução.
V4:CFG-04:S003;CFG-04;v4;Alteração em voo não estende deadline do pedido;openspec/changes/hub-interoperabilidade-v4/specs/configuracao-e-seguranca/spec.md;136;dcde737d9efbe4cfbdc626e5efc6d83a2c38b313f50002d73cfe1a73d55c8ffa;REVALIDAR_EVIDENCIA;Inventário não certifica execução.
V4:CFG-04:S004;CFG-04;v4;Retomada após limite emergencial começa conservadoramente;openspec/changes/hub-interoperabilidade-v4/specs/configuracao-e-seguranca/spec.md;141;bb92b895992db8a3cd02014b656e239346ee17ff16eba380559f783b55374d25;REVALIDAR_EVIDENCIA;Inventário não certifica execução.
V4:SEG-04:S001;SEG-04;v4;Tentativa de acesso cross-tenant por cliente é negada sem revelar existência;openspec/changes/hub-interoperabilidade-v4/specs/configuracao-e-seguranca/spec.md;149;851dd6b76934e2e76f4f52a9396dca3319b30d8865394d57e286acea8a2937b3;REVALIDAR_EVIDENCIA;Inventário não certifica execução.
V4:SEG-04:S002;SEG-04;v4;hub_protocol_reader consulta protocolo de outro tenant com dados mascarados e auditados;openspec/changes/hub-interoperabilidade-v4/specs/configuracao-e-seguranca/spec.md;154;382afd6ffc99f02e48f32d5d0debaaf2c473793584f47270856afae2cbde4009;REVALIDAR_EVIDENCIA;Inventário não certifica execução.
V4:SEG-04:S003;SEG-04;v4;Privilégio administrativo não é aceito por flag em JWT de cliente;openspec/changes/hub-interoperabilidade-v4/specs/configuracao-e-seguranca/spec.md;159;dc588968297c6398c07274851bf43242799b546fe91529bbe650c836d76ea568;REVALIDAR_EVIDENCIA;Inventário não certifica execução.
V4:SEG-04:S004;SEG-04;v4;Portal administrativo não usa superusuário PostgreSQL nem desativa RLS globalmente;openspec/changes/hub-interoperabilidade-v4/specs/configuracao-e-seguranca/spec.md;164;ef3ed4adc859d3ba3eaf35333839457d495e9a1311a09192b02ae9e513b5caa6;REVALIDAR_EVIDENCIA;Inventário não certifica execução.
V4:SEG-04:S005;SEG-04;v4;Resposta parcial quando apenas parte das células responde;openspec/changes/hub-interoperabilidade-v4/specs/configuracao-e-seguranca/spec.md;169;37a33ed88ee94228ad43051871539b2202f774f959bc6b40ae2cc66ff9727baf;REVALIDAR_EVIDENCIA;Inventário não certifica execução.
V4:CFG-05:S001;CFG-05;v4;Interface não permite leitura de segredo em claro;openspec/changes/hub-interoperabilidade-v4/specs/configuracao-e-seguranca/spec.md;177;918cf8b4e381ea872b61eb625e6f4e5705a31df1ed10680f06107fbffff52846;REVALIDAR_EVIDENCIA;Inventário não certifica execução.
V4:CFG-05:S002;CFG-05;v4;Ausência de endpoint de teste não autoriza execução real invisível;openspec/changes/hub-interoperabilidade-v4/specs/configuracao-e-seguranca/spec.md;182;ebb5ff0f00ee2ff8fe42c0873a365bbd3eea38c23572a003036f278a4e9eb045;REVALIDAR_EVIDENCIA;Inventário não certifica execução.
V4:CFG-05:S003;CFG-05;v4;Cliente não pode escolher secret_ref arbitrário nem ler cofre do Hub;openspec/changes/hub-interoperabilidade-v4/specs/configuracao-e-seguranca/spec.md;187;922be873481267bca9596bb7c1be309558d9c099dea89231435e84b14027bd9e;REVALIDAR_EVIDENCIA;Inventário não certifica execução.
V4:CFG-05:S004;CFG-05;v4;Suspensão de vínculo afeta apenas os protocolos daquele vínculo;openspec/changes/hub-interoperabilidade-v4/specs/configuracao-e-seguranca/spec.md;192;d8c4889b9810045094daa8c5fca3486f826831f640f3e723ba8177bd30c83cb5;REVALIDAR_EVIDENCIA;Inventário não certifica execução.
V4:CFG-06:S001;CFG-06;v4;Reserva de capacidade concorrente e idempotente evita dupla promessa;openspec/changes/hub-interoperabilidade-v4/specs/configuracao-e-seguranca/spec.md;200;18ce1facf089b325aa762f49b949773a57ff7d8cda65debf5f2266b46b324a6a;REVALIDAR_EVIDENCIA;Inventário não certifica execução.
V4:CFG-06:S002;CFG-06;v4;Onboarding retomado após crash não duplica recursos nem publica rota prematuramente;openspec/changes/hub-interoperabilidade-v4/specs/configuracao-e-seguranca/spec.md;205;1614bffc855e55a6ccc6ff183bc5b71699263047c4376d8ad241cefb0a709735;REVALIDAR_EVIDENCIA;Inventário não certifica execução.
V4:CFG-06:S003;CFG-06;v4;Orçamento esgotado aparece como impedimento explícito antes da saturação;openspec/changes/hub-interoperabilidade-v4/specs/configuracao-e-seguranca/spec.md;210;4dc886849471756c1d13a64e0f08825341afc524b209617747f63bf8d2221afd;REVALIDAR_EVIDENCIA;Inventário não certifica execução.
V4:CFG-06:S004;CFG-06;v4;Desativação de cliente drena obrigações sem destruir recursos compartilhados;openspec/changes/hub-interoperabilidade-v4/specs/configuracao-e-seguranca/spec.md;215;d57e699323311f9544bf1d4d9ffa7457641655386f4083863a167cd3580ff7d4;REVALIDAR_EVIDENCIA;Inventário não certifica execução.
V4:SEG-05:S001;SEG-05;v4;Credencial dedicada indisponível não recorre a fallback compartilhado ou de outro tenant;openspec/changes/hub-interoperabilidade-v4/specs/configuracao-e-seguranca/spec.md;223;7fccd11ce0e834210ff3e1a806034feb907eb62b489f620b18dbd163910745f3;REVALIDAR_EVIDENCIA;Inventário não certifica execução.
V4:SEG-05:S002;SEG-05;v4;Rotação de segredo mantém sobreposição controlada e preserva operações em voo;openspec/changes/hub-interoperabilidade-v4/specs/configuracao-e-seguranca/spec.md;228;d1eea353b5984c8a149b5114460c512acdfc8ec4a43ff2994729b229c19a25d2;REVALIDAR_EVIDENCIA;Inventário não certifica execução.
V4:SEG-05:S003;SEG-05;v4;Cofre indisponível limita uso do material cacheado ao menor limite de validade;openspec/changes/hub-interoperabilidade-v4/specs/configuracao-e-seguranca/spec.md;233;11076494f35378ca3346d183db0989f60cee626629755bf673806c72a5e7f441;REVALIDAR_EVIDENCIA;Inventário não certifica execução.
V4:SEG-05:S004;SEG-05;v4;Perfil hub_protocol_reader não obtém valor secreto;openspec/changes/hub-interoperabilidade-v4/specs/configuracao-e-seguranca/spec.md;238;9262ad832bbb9d55608fea9a7d7c538c1f0fbbab58455abcc3a07a4b1511dce1;REVALIDAR_EVIDENCIA;Inventário não certifica execução.
V4:SEG-05:S005;SEG-05;v4;Revogação emergencial prevalece sobre TTL de retry em voo;openspec/changes/hub-interoperabilidade-v4/specs/configuracao-e-seguranca/spec.md;243;e00081c25002a8713e2f753766cd78ce3e2ced7ae7661ceed1646c9e9873fdd0;REVALIDAR_EVIDENCIA;Inventário não certifica execução.
V4:FIN-01:S001;FIN-01;v4;Conta de provedor vinculada a contrato de compra completo;openspec/changes/hub-interoperabilidade-v4/specs/contratos-e-financeiro/spec.md;8;d095242b0c43cbc5b39a9359afb40ddabd63be250349a2106a93b06d16ec11d7;REVALIDAR_EVIDENCIA;Inventário não certifica execução.
V4:FIN-01:S002;FIN-01;v4;Tabela ausente ou ambígua bloqueia publicação, não é custo zero;openspec/changes/hub-interoperabilidade-v4/specs/contratos-e-financeiro/spec.md;13;2d5e13f3b3d15d39e927c05e28a9aaecebb4970eda3a3df27df507b13a0f23ad;REVALIDAR_EVIDENCIA;Inventário não certifica execução.
V4:FIN-01:S003;FIN-01;v4;Contrato vencido bloqueia novas operações mas respeita continuidade acordada;openspec/changes/hub-interoperabilidade-v4/specs/contratos-e-financeiro/spec.md;18;4971bea3c2fcb4488cad7cc9f510342c48d1295fed7d516097d176a171e53751;REVALIDAR_EVIDENCIA;Inventário não certifica execução.
V4:FIN-01:S004;FIN-01;v4;Versão de aquisição registrada por operação orienta polls posteriores;openspec/changes/hub-interoperabilidade-v4/specs/contratos-e-financeiro/spec.md;23;1527df4e952f99c5b6bee7e853812e4b691bb04e9837c86f7817ed8804ab79c9;REVALIDAR_EVIDENCIA;Inventário não certifica execução.
V4:FIN-02:S001;FIN-02;v4;Contrato de venda com todos os campos exigidos;openspec/changes/hub-interoperabilidade-v4/specs/contratos-e-financeiro/spec.md;31;f09e23df72b864d262323abfe0b2dccbe1798ab3741c52d237965763d2b290b4;REVALIDAR_EVIDENCIA;Inventário não certifica execução.
V4:FIN-02:S002;FIN-02;v4;Configuração diferencia faixa progressiva marginal de faixa por volume total;openspec/changes/hub-interoperabilidade-v4/specs/contratos-e-financeiro/spec.md;36;d0f8a38d5279e7269b7f4402810c0d8fb9fcd3b01ea090e00962197af3076be2;REVALIDAR_EVIDENCIA;Inventário não certifica execução.
V4:FIN-02:S003;FIN-02;v4;Franquia sem rollover e sem devolução automática por default;openspec/changes/hub-interoperabilidade-v4/specs/contratos-e-financeiro/spec.md;41;78a157e445539a3d56f4bf28f64313361df58aa6dd576c680336e8b30e39f085;REVALIDAR_EVIDENCIA;Inventário não certifica execução.
V4:FIN-02:S004;FIN-02;v4;Quota de tráfego não é confundida com franquia financeira;openspec/changes/hub-interoperabilidade-v4/specs/contratos-e-financeiro/spec.md;46;ac7c30ef5734ee400adc98c0ed7b6e16054900313f6e24803659ee7a1c49e7d4;REVALIDAR_EVIDENCIA;Inventário não certifica execução.
V4:FIN-03:S001;FIN-03;v4;Snapshot fixa contrato, versão da oferta e instantes do fato;openspec/changes/hub-interoperabilidade-v4/specs/contratos-e-financeiro/spec.md;54;0c86f1086b17e6826a9121e5401f0dfe8eeb35327d0ac9bc51dd4dfabc16fde9;REVALIDAR_EVIDENCIA;Inventário não certifica execução.
V4:FIN-03:S002;FIN-03;v4;Alteração de tabela não reprifica protocolos em voo;openspec/changes/hub-interoperabilidade-v4/specs/contratos-e-financeiro/spec.md;59;44c4e9e508cfc053fc7423768f6b6a0c3c91615049509c64e9df00ce6b1f5f46;REVALIDAR_EVIDENCIA;Inventário não certifica execução.
V4:FIN-03:S003;FIN-03;v4;Exceção temporal para polls cobrados pela tabela vigente no instante da consulta;openspec/changes/hub-interoperabilidade-v4/specs/contratos-e-financeiro/spec.md;64;e3ce453ba2083275201cad666db6ede97341f62c2ab322b34d027bc7a7cc2efb;REVALIDAR_EVIDENCIA;Inventário não certifica execução.
V4:FIN-03:S004;FIN-03;v4;Contratos sobrepostos exigem prioridade explícita;openspec/changes/hub-interoperabilidade-v4/specs/contratos-e-financeiro/spec.md;69;430fb84edbd381e2ad62c098f0b6aebcb99bc8e60912962377fc2fe7491fd8db;REVALIDAR_EVIDENCIA;Inventário não certifica execução.
V4:FIN-03:S005;FIN-03;v4;Aditivo retroativo preserva cálculo original com lançamento de ajuste;openspec/changes/hub-interoperabilidade-v4/specs/contratos-e-financeiro/spec.md;74;1a8f2e37f736ca6cea6f4f35ee51654c5ea8bf12afe2e2d543e0d4edc6d4bae7;REVALIDAR_EVIDENCIA;Inventário não certifica execução.
V4:FIN-03:S006;FIN-03;v4;Revogação de segurança gera evidência sem reescrever contrato ou custo incorrido;openspec/changes/hub-interoperabilidade-v4/specs/contratos-e-financeiro/spec.md;79;692f5ab33e305a9d2e3e3570d813506453b8025b37c765724bf66c62268be6b4;REVALIDAR_EVIDENCIA;Inventário não certifica execução.
V4:FIN-04:S001;FIN-04;v4;Libra aplica contrato a partir de fatos duráveis, não de logs técnicos;openspec/changes/hub-interoperabilidade-v4/specs/contratos-e-financeiro/spec.md;87;b23a29f4b5f8825bde41c625bf9c6029d8ba18aff9a865cbf0d9ff31d319c7eb;REVALIDAR_EVIDENCIA;Inventário não certifica execução.
V4:FIN-04:S002;FIN-04;v4;Receita por produto é uma unidade elegível apesar de múltiplos passos;openspec/changes/hub-interoperabilidade-v4/specs/contratos-e-financeiro/spec.md;92;404dc0f3ca084ad323d9ae837ae4ac81db93aa34910290fdadde58dce70126b7;REVALIDAR_EVIDENCIA;Inventário não certifica execução.
V4:FIN-04:S003;FIN-04;v4;Custo por operação preserva identidade entre retransmissões;openspec/changes/hub-interoperabilidade-v4/specs/contratos-e-financeiro/spec.md;97;0f55d80d0d1a9ab9b0cad24fb3a48d92f76187a64273ee84e08cc5984b237cdf;REVALIDAR_EVIDENCIA;Inventário não certifica execução.
V4:FIN-04:S004;FIN-04;v4;Custo incerto é registrado como provisão, nunca como zero definitivo;openspec/changes/hub-interoperabilidade-v4/specs/contratos-e-financeiro/spec.md;102;ded77d0ff67ae45732ae3c8bbe57bf74eb74f6df11ffb0dc278e22fd4295d777;REVALIDAR_EVIDENCIA;Inventário não certifica execução.
V4:FIN-05:S001;FIN-05;v4;Pedido recusado antes do aceite não gera receita nem custo;openspec/changes/hub-interoperabilidade-v4/specs/contratos-e-financeiro/spec.md;110;d6d984dee483b28141535bf40d99d7bea221cc9e205e38ce5b70df8028dfd000;REVALIDAR_EVIDENCIA;Inventário não certifica execução.
V4:FIN-05:S002;FIN-05;v4;Pedido aceito ainda pendente segue o marco contratado sem presumir final;openspec/changes/hub-interoperabilidade-v4/specs/contratos-e-financeiro/spec.md;115;c2be0f3f8b71ea4f4eca0c417d6d439ca06581a792859035236c1edf20250b7f;REVALIDAR_EVIDENCIA;Inventário não certifica execução.
V4:FIN-05:S003;FIN-05;v4;Sucesso válido gera receita pelo medidor previsto e custo comprovado;openspec/changes/hub-interoperabilidade-v4/specs/contratos-e-financeiro/spec.md;120;3103a24e605ab3d42f3bd5c3c7ae25703712f9ba6ccacc1bc4c045c5009393ad;REVALIDAR_EVIDENCIA;Inventário não certifica execução.
V4:FIN-05:S004;FIN-05;v4;"""Não encontrado"" válido segue a semântica do serviço mesmo sem dados";openspec/changes/hub-interoperabilidade-v4/specs/contratos-e-financeiro/spec.md;125;543084481584a4ea6d97f1ce5a00955f97acf913db63484a43e8919ab2e22ab9;REVALIDAR_EVIDENCIA;Inventário não certifica execução.
V4:FIN-05:S005;FIN-05;v4;Falha técnica conhecida não gera receita de sucesso por default, mas pode gerar custo;openspec/changes/hub-interoperabilidade-v4/specs/contratos-e-financeiro/spec.md;130;66c725f4e609f233d6dce99ba9cfa5b51e367e6cfbb4ea06b895aa8e7800dc29;REVALIDAR_EVIDENCIA;Inventário não certifica execução.
V4:FIN-05:S006;FIN-05;v4;Resultado parcial de produto usa preço de parcialidade publicado;openspec/changes/hub-interoperabilidade-v4/specs/contratos-e-financeiro/spec.md;135;587982f70a615426a0b20aa18f841f99a022874f05ea6217f8602431819a6462;REVALIDAR_EVIDENCIA;Inventário não certifica execução.
V4:FIN-05:S007;FIN-05;v4;Falha ou reentrega de webhook não altera receita nem reexecuta o provedor;openspec/changes/hub-interoperabilidade-v4/specs/contratos-e-financeiro/spec.md;140;18e7e67972372e2638a9b74e9bc0d1b118bb233a6954646026d9c0099d694d6b;REVALIDAR_EVIDENCIA;Inventário não certifica execução.
V4:FIN-05:S008;FIN-05;v4;GET de resultado armazenado não gera nova receita nem nova chamada externa;openspec/changes/hub-interoperabilidade-v4/specs/contratos-e-financeiro/spec.md;145;a9ed78f2431cddbf9c04b18a8e1cd584418b7bf0c0002efeba0e6bf65798af2f;REVALIDAR_EVIDENCIA;Inventário não certifica execução.
V4:FIN-05:S009;FIN-05;v4;Callback e polling do mesmo final geram uma única unidade de receita;openspec/changes/hub-interoperabilidade-v4/specs/contratos-e-financeiro/spec.md;150;84c61ec5910fb7abdf6f1c819a1fe75409ce00af666c90e12bc154155e7b8d27;REVALIDAR_EVIDENCIA;Inventário não certifica execução.
V4:FIN-05:S010;FIN-05;v4;Failover autorizado após incerteza contabiliza ambos os custos comprovados;openspec/changes/hub-interoperabilidade-v4/specs/contratos-e-financeiro/spec.md;155;f8bdc2d04b1082cb0efa840498ac09d04f759e9772340fc44711b698159eaa65;REVALIDAR_EVIDENCIA;Inventário não certifica execução.
V4:FIN-05:S011;FIN-05;v4;Cancelamento ou compensação segue regra de estorno explícita sem eliminar custo original;openspec/changes/hub-interoperabilidade-v4/specs/contratos-e-financeiro/spec.md;160;e297b0f2fa766a64d72aa62180e87e2cdfa7983b51fd0986337d936e7ac55a0e;REVALIDAR_EVIDENCIA;Inventário não certifica execução.
V4:FIN-05:S012;FIN-05;v4;Resultado corrigido gera ajuste rastreável sem assumir cancelamento do custo original;openspec/changes/hub-interoperabilidade-v4/specs/contratos-e-financeiro/spec.md;165;e346f2729937cf62f8aa3e20a148b66fd7e27e5cc68a82211092e566ced22e4d;REVALIDAR_EVIDENCIA;Inventário não certifica execução.
V4:FIN-05:S013;FIN-05;v4;Final tardio após EXPIRED/SLA_EXCEEDED não gera receita de sucesso;openspec/changes/hub-interoperabilidade-v4/specs/contratos-e-financeiro/spec.md;170;603321cb1b9fa50ce13fb8bdbd7f4daad9da0fc6dc4b96865a1fbd7a7b8f60a2;REVALIDAR_EVIDENCIA;Inventário não certifica execução.
V4:FIN-05:S014;FIN-05;v4;Contrato omitindo linha aplicável não é habilitado para faturamento automático;openspec/changes/hub-interoperabilidade-v4/specs/contratos-e-financeiro/spec.md;175;77d0a554a2ee4e57b0ba2a510e1d57b5df97ff8bd0c92a3d18a5a0c59da87623;REVALIDAR_EVIDENCIA;Inventário não certifica execução.
V4:FIN-06:S001;FIN-06;v4;Reserva atômica obrigatória antes de qualquer efeito externo em teto estrito;openspec/changes/hub-interoperabilidade-v4/specs/contratos-e-financeiro/spec.md;183;c33b825e6aec7e0b7dd07727974cb6178e55ab8036c42fd32ae9a036fb402ce7;REVALIDAR_EVIDENCIA;Inventário não certifica execução.
V4:FIN-06:S002;FIN-06;v4;Libra indisponível mantém pendência até o prazo, negação exige falha conhecida;openspec/changes/hub-interoperabilidade-v4/specs/contratos-e-financeiro/spec.md;188;98673ba7e454aa93ddf7b87fe5faafa7adc5c286b455711f596398fabe676fa0;REVALIDAR_EVIDENCIA;Inventário não certifica execução.
V4:FIN-06:S003;FIN-06;v4;Reserva cobre o máximo autorizável ou o contrato não é oferecido como teto estrito;openspec/changes/hub-interoperabilidade-v4/specs/contratos-e-financeiro/spec.md;193;872ba492b63598058306358a60c2e18f0185b8574211b11250c24b01b50a9977;REVALIDAR_EVIDENCIA;Inventário não certifica execução.
V4:FIN-06:S004;FIN-06;v4;Expiração de reserva não libera saldo de operação em voo sem reconciliar;openspec/changes/hub-interoperabilidade-v4/specs/contratos-e-financeiro/spec.md;198;a16f304a5d742c6d4a9e9c66975d9a89aaa9e538b53d668c5d85ff30e4d3be26;REVALIDAR_EVIDENCIA;Inventário não certifica execução.
V4:FIN-06:S005;FIN-06;v4;Pós-pago sem teto estrito continua processando dentro do limite de risco aprovado;openspec/changes/hub-interoperabilidade-v4/specs/contratos-e-financeiro/spec.md;203;fd525f1a66cbc35f8a8833f1f63e752d3b6c10f947d75528e49a407373002b88;REVALIDAR_EVIDENCIA;Inventário não certifica execução.
V4:FIN-07:S001;FIN-07;v4;Receita a receber e obrigação a pagar são lançamentos distintos;openspec/changes/hub-interoperabilidade-v4/specs/contratos-e-financeiro/spec.md;211;4be3651053cf74e36564dcf794d7c130a62d88bee0eec112ea050dfb1ad34e82;REVALIDAR_EVIDENCIA;Inventário não certifica execução.
V4:FIN-07:S002;FIN-07;v4;Arredondamento declarado e totais reproduzem o mesmo cálculo sem ponto flutuante monetário;openspec/changes/hub-interoperabilidade-v4/specs/contratos-e-financeiro/spec.md;216;2936a5a5aa8896ecd9a3590858214047a153633071ad43b0bc3a650a388c3115;REVALIDAR_EVIDENCIA;Inventário não certifica execução.
V4:FIN-07:S003;FIN-07;v4;Moedas distintas não são somadas sem câmbio explícito;openspec/changes/hub-interoperabilidade-v4/specs/contratos-e-financeiro/spec.md;221;f038e2d9e338705a8c700d253c2158aa9c9998866db3f4f867a3252f023544d4;REVALIDAR_EVIDENCIA;Inventário não certifica execução.
V4:FIN-07:S004;FIN-07;v4;Lançamento publicado é imutável, correção usa lançamento inverso ou ajuste vinculado;openspec/changes/hub-interoperabilidade-v4/specs/contratos-e-financeiro/spec.md;226;72365e57f753b5c57c4111191e9642e9d8748e8cb257aeba4d02f99ed8f3e112;REVALIDAR_EVIDENCIA;Inventário não certifica execução.
V4:FIN-07:S005;FIN-07;v4;Fechamento não deixa fato elegível silenciosamente não apurado;openspec/changes/hub-interoperabilidade-v4/specs/contratos-e-financeiro/spec.md;231;948cf0a537401992ee111b01f5fb4883ec003f9b369ac2086625f20d14712b9b;REVALIDAR_EVIDENCIA;Inventário não certifica execução.
V4:FIN-08:S001;FIN-08;v4;Ciclo de venda segue os estados definidos sem marcar PAGO/RECEBIDO na exportação;openspec/changes/hub-interoperabilidade-v4/specs/contratos-e-financeiro/spec.md;239;a31cabee397884e567ddf7c82042c6052b90fbe383270f4dc4ccfff142fbdde5;REVALIDAR_EVIDENCIA;Inventário não certifica execução.
V4:FIN-08:S002;FIN-08;v4;Agregação sem granularidade suficiente abre divergência, não casamento aproximado;openspec/changes/hub-interoperabilidade-v4/specs/contratos-e-financeiro/spec.md;244;b52320fa9f95b474cc26e452b6ba9be0230840973933fcb4daca4f40a6d05d51;REVALIDAR_EVIDENCIA;Inventário não certifica execução.
V4:FIN-08:S003;FIN-08;v4;Fato tardio após fechamento não altera fatura emitida silenciosamente;openspec/changes/hub-interoperabilidade-v4/specs/contratos-e-financeiro/spec.md;249;de1da6c4d41f54392c84ca6dd7f2eb2f0152bd92fd392c3c275ce5b67b1d169d;REVALIDAR_EVIDENCIA;Inventário não certifica execução.
V4:FIN-08:S004;FIN-08;v4;Transferência bancária automática e emissão fiscal não estão autorizadas;openspec/changes/hub-interoperabilidade-v4/specs/contratos-e-financeiro/spec.md;254;6816ce77d92c1e3ccd286ca1205c5756cccea79b3dee80a7449a9dea26f1ee05;REVALIDAR_EVIDENCIA;Inventário não certifica execução.
V4:FIN-08:S005;FIN-08;v4;Ajuste manual, aprovação e confirmação de pagamento exigem segregação de funções;openspec/changes/hub-interoperabilidade-v4/specs/contratos-e-financeiro/spec.md;259;6f75f6f8ccca1e52d0d780ce1a98800c113caf75f0b0ea3c9aca91ddf1c9720c;REVALIDAR_EVIDENCIA;Inventário não certifica execução.
V4:FIN-09:S001;FIN-09;v4;Produto em pacote reconhece receita e custo compostos sem alteração por GET/callback;openspec/changes/hub-interoperabilidade-v4/specs/contratos-e-financeiro/spec.md;267;8b331a065cc4d65e6485f286fe02a54278b191bc5365cb39c921f3e7c5ee298f;REVALIDAR_EVIDENCIA;Inventário não certifica execução.
V4:FIN-09:S002;FIN-09;v4;Franquia mensal com excedente calcula parcelas distintas;openspec/changes/hub-interoperabilidade-v4/specs/contratos-e-financeiro/spec.md;272;c476a60944eaeb67b0b8e6d95e81b0d475e7421d707173dc51dce2dacc9924fe;REVALIDAR_EVIDENCIA;Inventário não certifica execução.
V4:FIN-09:S003;FIN-09;v4;Faixa progressiva marginal aplica preço apenas à parcela dentro de cada faixa;openspec/changes/hub-interoperabilidade-v4/specs/contratos-e-financeiro/spec.md;277;3e1ef1367e7d535663ba7e87f757dca4537b1a8e863da89343e286894ffaab6e;REVALIDAR_EVIDENCIA;Inventário não certifica execução.
V4:FIN-09:S004;FIN-09;v4;Faixa por volume total aplica a faixa atingida a todo o volume elegível;openspec/changes/hub-interoperabilidade-v4/specs/contratos-e-financeiro/spec.md;282;9df9dd16548b8329143be8bdb40b754f441ec1c3c428fbc1736f7273cb819779;REVALIDAR_EVIDENCIA;Inventário não certifica execução.
V4:FIN-09:S005;FIN-09;v4;Incerteza com failover autorizado contabiliza o custo dos dois provedores comprovados;openspec/changes/hub-interoperabilidade-v4/specs/contratos-e-financeiro/spec.md;287;1c95c1441ed6c30622d1e56573a13c25654916037b2c3aed803023bacaa16e80;REVALIDAR_EVIDENCIA;Inventário não certifica execução.
V4:FIN-09:S006;FIN-09;v4;Correção de cobrança indevida gera estorno vinculado com lote balanceado;openspec/changes/hub-interoperabilidade-v4/specs/contratos-e-financeiro/spec.md;292;8b3a994aea2282581efd178f3e032850c068f458c49929b09d3ca2af2afeb2ce;REVALIDAR_EVIDENCIA;Inventário não certifica execução.
V4:FIN-10:S001;FIN-10;v4;EXPIRED por SLA não gera receita de sucesso mesmo com conclusão tardia do provedor;openspec/changes/hub-interoperabilidade-v4/specs/contratos-e-financeiro/spec.md;300;7f58fc7732150dfd8890484e74c9692f15551de8a4be5231e9c8c9ba35482a7f;REVALIDAR_EVIDENCIA;Inventário não certifica execução.
V4:FIN-10:S002;FIN-10;v4;Custo do provedor não é eliminado automaticamente pela rejeição no hub;openspec/changes/hub-interoperabilidade-v4/specs/contratos-e-financeiro/spec.md;305;d5ce164762b77a2bed46bad0c34c455d19f83f6540b582fb9230a9ae9c9a2400;REVALIDAR_EVIDENCIA;Inventário não certifica execução.
V4:FIN-10:S003;FIN-10;v4;Crédito prometido não confirmado não reduz obrigação sem regra aprovada;openspec/changes/hub-interoperabilidade-v4/specs/contratos-e-financeiro/spec.md;310;5b69a24d4420f283783f64e075c666fdff7f88bb218c7e09356653379f17372e;REVALIDAR_EVIDENCIA;Inventário não certifica execução.
V4:FIN-10:S004;FIN-10;v4;Diagnósticos de desenvolvedores não alteram ledger, ajuste ou liquidação;openspec/changes/hub-interoperabilidade-v4/specs/contratos-e-financeiro/spec.md;315;84323a756fba9f06649bd9d6459886b92e58d77c0719293f5c1e4c7e297011ac;REVALIDAR_EVIDENCIA;Inventário não certifica execução.
V4:FIN-10:S005;FIN-10;v4;Controle adaptativo registra retries extras sem alterar preço ou unidade contratada;openspec/changes/hub-interoperabilidade-v4/specs/contratos-e-financeiro/spec.md;320;c211e3c57e84e938552057cc289ff512287d720a6ba286e29f693cf38da48f3b;REVALIDAR_EVIDENCIA;Inventário não certifica execução.
V4:FIN-11:S001;FIN-11;v4;Settlement_party é explícito por vínculo, não inferido pelo nome do segredo;openspec/changes/hub-interoperabilidade-v4/specs/contratos-e-financeiro/spec.md;328;e38bf728546db7b2c97b9d8db114f715996a88e19493e60f315d897e089f349e;REVALIDAR_EVIDENCIA;Inventário não certifica execução.
V4:FIN-11:S002;FIN-11;v4;SHARED_HUB comprado pelo Hub segrega consumo e mantém venda independente;openspec/changes/hub-interoperabilidade-v4/specs/contratos-e-financeiro/spec.md;333;89a7dbc67e8a6ae168f1998a30fccad9ccb3fb2453cfbf0fe563f572963d1448;REVALIDAR_EVIDENCIA;Inventário não certifica execução.
V4:FIN-11:S003;FIN-11;v4;TENANT_DEDICATED comprado pelo Hub não elimina obrigação de compra;openspec/changes/hub-interoperabilidade-v4/specs/contratos-e-financeiro/spec.md;338;b744215394f989edd03ed4ffe7c3579692b2fead20f3c251c161884c5f5ba3b1;REVALIDAR_EVIDENCIA;Inventário não certifica execução.
V4:FIN-11:S004;FIN-11;v4;TENANT_DEDICATED com compra direta do cliente não gera conta a pagar pelo Hub;openspec/changes/hub-interoperabilidade-v4/specs/contratos-e-financeiro/spec.md;343;306bf02a7ebb0dd608907a3c2012be24656bacc2d659e82fb090130f72c44cae;REVALIDAR_EVIDENCIA;Inventário não certifica execução.
V4:FIN-11:S005;FIN-11;v4;Rotação de segredo não reinicia medidor, quota ou franquia;openspec/changes/hub-interoperabilidade-v4/specs/contratos-e-financeiro/spec.md;348;0fbe54fc1be51d197481e9f9d2e4607c76c02f85608201f7d9496a3d22246f90;REVALIDAR_EVIDENCIA;Inventário não certifica execução.
V4:FIN-11:S006;FIN-11;v4;Fato de consumo conserva identificadores completos sem expor valor do segredo;openspec/changes/hub-interoperabilidade-v4/specs/contratos-e-financeiro/spec.md;353;3629d4e19793418fff7a3631ad94a90469331874c1c72287d9d001e9454904c4;REVALIDAR_EVIDENCIA;Inventário não certifica execução.
V4:FIN-11:S007;FIN-11;v4;Falha de Libra não autoriza fallback automático de credencial ou pagador;openspec/changes/hub-interoperabilidade-v4/specs/contratos-e-financeiro/spec.md;358;59a464ea387d070b88cde0ae1a83e4c40b4e0049113dc78a0eae6e89bdb02ae8;REVALIDAR_EVIDENCIA;Inventário não certifica execução.
V4:DEC-01:S001;DEC-01;v4;ADR-04 mantém a custódia do resultado no Hub;openspec/changes/hub-interoperabilidade-v4/specs/decisoes-e-governanca/spec.md;8;bc1b02fb67e6a8e5b96b35e9e37bbe198f77482ab786150a41b0f8da0b2cc3bb;REVALIDAR_EVIDENCIA;Inventário não certifica execução.
V4:DEC-01:S002;DEC-01;v4;ADR-06 recusa promessa de exactly-once sem suporte externo;openspec/changes/hub-interoperabilidade-v4/specs/decisoes-e-governanca/spec.md;13;cafc8a23f0ca1329f378f8f31d8a30829ef9744c7517bdedf52b1054116c574d;REVALIDAR_EVIDENCIA;Inventário não certifica execução.
V4:DEC-01:S003;DEC-01;v4;ADR-05 mantém deadline rígido e TTL sem renovação;openspec/changes/hub-interoperabilidade-v4/specs/decisoes-e-governanca/spec.md;18;2000058694f1f2c859d057eabb4d8fe8e7f66056cbe2070a088a503035944e53;REVALIDAR_EVIDENCIA;Inventário não certifica execução.
V4:DEC-01:S004;DEC-01;v4;Pendências de implantação não decididas por ADR ficam registradas em DEC-02;openspec/changes/hub-interoperabilidade-v4/specs/decisoes-e-governanca/spec.md;23;440b3c936c41194375afec86780faae6f0d9a417ef2cd6053761b4a107617120;REVALIDAR_EVIDENCIA;Inventário não certifica execução.
V4:DEC-02:S001;DEC-02;v4;P-08 bloqueia a promessa de ausência de perda regional até desenho e prova de recuperação;openspec/changes/hub-interoperabilidade-v4/specs/decisoes-e-governanca/spec.md;31;c8d794a20577d2cd9c994dcfdff99d7fe18e216614324f91df163e97c3dbd509;REVALIDAR_EVIDENCIA;Inventário não certifica execução.
V4:DEC-02:S002;DEC-02;v4;P-10 bloqueia oferta com impacto em vida/segurança até perfil de criticidade aprovado;openspec/changes/hub-interoperabilidade-v4/specs/decisoes-e-governanca/spec.md;36;2c1c635fbac4acc962898398614f176a82f0d8cf603e6805b02a957f309dd151;REVALIDAR_EVIDENCIA;Inventário não certifica execução.
V4:DEC-02:S003;DEC-02;v4;P-11 bloqueia o gate ppd de expansão automática até envelopes e quotas aprovados;openspec/changes/hub-interoperabilidade-v4/specs/decisoes-e-governanca/spec.md;41;c57d75e1817e0aa825edf24e04e6dc7a99efdafa86bc828a7f7407c76286815d;REVALIDAR_EVIDENCIA;Inventário não certifica execução.
V4:DEC-02:S004;DEC-02;v4;P-01 bloqueia IaC remota e o gate ppd até a topologia de plataforma ser aprovada;openspec/changes/hub-interoperabilidade-v4/specs/decisoes-e-governanca/spec.md;46;ca82106d094442c4947656de1b5ac8430f031a9ed5665c3b2f10eef501f48226;REVALIDAR_EVIDENCIA;Inventário não certifica execução.
V4:DEC-02:S005;DEC-02;v4;P-09 bloqueia o gate G0 da fatia até responsáveis e aprovação da v4 registrados;openspec/changes/hub-interoperabilidade-v4/specs/decisoes-e-governanca/spec.md;51;77f50d9d54b3485c0cd66940020fbe0292c4125a0a81fb1a54026d056e30d505;REVALIDAR_EVIDENCIA;Inventário não certifica execução.
V4:DEC-03:S001;DEC-03;v4;ADR-12 impede que retorno tardio após EXPIRED por SLA vire sucesso;openspec/changes/hub-interoperabilidade-v4/specs/decisoes-e-governanca/spec.md;59;a75d889df399b61587f6a21ff9f7ffee11f2f9b1aebb2090ae3477f3c1db9aab;REVALIDAR_EVIDENCIA;Inventário não certifica execução.
V4:DEC-03:S002;DEC-03;v4;ADR-18 mantém o compromisso regional de RPO zero bloqueado até desenho adequado;openspec/changes/hub-interoperabilidade-v4/specs/decisoes-e-governanca/spec.md;64;8d834b43b8ad3fe1eb1af54282b4880543459d04096fbe03fa880728dba1cbb1;REVALIDAR_EVIDENCIA;Inventário não certifica execução.
V4:DEC-03:S003;DEC-03;v4;Consulta de resultado pendente usa representação unificada (200) herdada da correção v2→v3;openspec/changes/hub-interoperabilidade-v4/specs/decisoes-e-governanca/spec.md;69;7f2e3187776d8591fcb8fb7520c6f23bc6d7bfad44ee9cc65142eec6eafc3217;REVALIDAR_EVIDENCIA;Inventário não certifica execução.
V4:DEC-03:S004;DEC-03;v4;A antiga meta regional de RPO de 15 minutos não é mais padrão implícito;openspec/changes/hub-interoperabilidade-v4/specs/decisoes-e-governanca/spec.md;74;2bc3bf44223e4979d825aa62bf2ce8a94fa1d7ac94e704177bdaf0a0448e4c49;REVALIDAR_EVIDENCIA;Inventário não certifica execução.
V4:DEC-03:S005;DEC-03;v4;IDs de ADR-11 a ADR-18 permanecem estáveis para rastreabilidade entre capítulos;openspec/changes/hub-interoperabilidade-v4/specs/decisoes-e-governanca/spec.md;79;d1a9dce701c10bf4787992145fb51eedc4880b1633ac0c68bba58a7a4432f85d;REVALIDAR_EVIDENCIA;Inventário não certifica execução.
V4:DEC-04:S001;DEC-04;v4;ADR-19 retira a fila obrigatória do caminho SYNC sem fallback silencioso;openspec/changes/hub-interoperabilidade-v4/specs/decisoes-e-governanca/spec.md;87;992c838e3fcfe1596358b3fcdbe50d8c347fe5544d76ef87e638a906ffd76fb6;REVALIDAR_EVIDENCIA;Inventário não certifica execução.
V4:DEC-04:S002;DEC-04;v4;ADR-20 recupera protocolo perdido por HTTP via idempotência com UUIDv7 universal;openspec/changes/hub-interoperabilidade-v4/specs/decisoes-e-governanca/spec.md;92;3a19f8405250ce53f5c284f91d612a6ac9c9e77ef9775beee55906a62e698e08;REVALIDAR_EVIDENCIA;Inventário não certifica execução.
V4:DEC-04:S003;DEC-04;v4;ADR-21 proíbe fallback implícito de credencial entre SHARED_HUB e TENANT_DEDICATED;openspec/changes/hub-interoperabilidade-v4/specs/decisoes-e-governanca/spec.md;97;88f5d86679d6d0e7c880954172a2e2a94037589486ac47658ca7d72c6d9e5f03;REVALIDAR_EVIDENCIA;Inventário não certifica execução.
V4:DEC-04:S004;DEC-04;v4;ADR-22 dispensa broker/Atlas/cofre por pedido quando material válido já existe;openspec/changes/hub-interoperabilidade-v4/specs/decisoes-e-governanca/spec.md;102;59a834d4288c146d8caaab884e3f3452739dfe79d4bb9e6f9556afd7e4273940;REVALIDAR_EVIDENCIA;Inventário não certifica execução.
V4:DEC-04:S005;DEC-04;v4;ADR-25 exige prova específica de RTO e perda de região para uso com impacto em vida/segurança;openspec/changes/hub-interoperabilidade-v4/specs/decisoes-e-governanca/spec.md;107;758d9f528a1e4e17985eeb8157c79cae032259732ea3128d54798d31b6a39806;REVALIDAR_EVIDENCIA;Inventário não certifica execução.
V4:DEC-05:S001;DEC-05;v4;GAP-02 (Crítica) permanece com qualificação pendente até crash/duplicata/UNKNOWN comprovados;openspec/changes/hub-interoperabilidade-v4/specs/decisoes-e-governanca/spec.md;115;dac8e7c863f1983f99786a290f3a78b7ce60d3d0b70aa2f83918492306e5d945;REVALIDAR_EVIDENCIA;Inventário não certifica execução.
V4:DEC-05:S002;DEC-05;v4;GAP-09 (Crítica) exige limite de corte dentro do SLA sem split-brain antes de fechar migração de célula;openspec/changes/hub-interoperabilidade-v4/specs/decisoes-e-governanca/spec.md;120;a75e898f5f19320537a433b19da361e5cbbb4c2da404d98ee16be3ef52fecf9c;REVALIDAR_EVIDENCIA;Inventário não certifica execução.
V4:DEC-05:S003;DEC-05;v4;GAP-12 (Crítica) mantém a referência atual sem qualificar RPO zero regional;openspec/changes/hub-interoperabilidade-v4/specs/decisoes-e-governanca/spec.md;125;c5a668a2fd983603f253aa699dba1fd2bd2ebc3ea901c45dc232691a3cd760b8;REVALIDAR_EVIDENCIA;Inventário não certifica execução.
V4:DEC-05:S004;DEC-05;v4;"GAP-05 (Crítica) impede que ""banco opcional"" confirme pedido ou final sem prova de custódia";openspec/changes/hub-interoperabilidade-v4/specs/decisoes-e-governanca/spec.md;130;d20cf8f2d91237e03c0b874cd2ab07278fe0cba21932261ecd157c8ec68dc68b;REVALIDAR_EVIDENCIA;Inventário não certifica execução.
V4:DEC-05:S005;DEC-05;v4;GAP-13 (Crítica) restringe oferta de garantia externa que o provedor não sustenta;openspec/changes/hub-interoperabilidade-v4/specs/decisoes-e-governanca/spec.md;135;94eeb9bdf3108916945a66be5913ca46827a552b6181d2623e04fcdacccb174b;REVALIDAR_EVIDENCIA;Inventário não certifica execução.
V4:DEC-05:S006;DEC-05;v4;GAP-15 (Crítica) impede confundir texto completo com disponibilidade comprovada;openspec/changes/hub-interoperabilidade-v4/specs/decisoes-e-governanca/spec.md;140;c910ee574d8cb82a81919d09baa4b45ef99647d44734834ad9e4c927e7b2a151;REVALIDAR_EVIDENCIA;Inventário não certifica execução.
V4:OPE-01:S001;OPE-01;v4;Cálculo de operações pendentes e custo de polling;openspec/changes/hub-interoperabilidade-v4/specs/desempenho-e-operacao/spec.md;8;07a0723c3f1746878ea606c09e8d8d206c12ac09516c88946ebc9daf155cbe56;REVALIDAR_EVIDENCIA;Inventário não certifica execução.
V4:OPE-01:S002;OPE-01;v4;Qualificação por perfil misto de carga;openspec/changes/hub-interoperabilidade-v4/specs/desempenho-e-operacao/spec.md;13;ede95336cf9fafec32ff4d30595741cce0348f66356d828fe087e992448bc217;REVALIDAR_EVIDENCIA;Inventário não certifica execução.
V4:OPE-01:S003;OPE-01;v4;Ensaio isolado de arquivos grandes;openspec/changes/hub-interoperabilidade-v4/specs/desempenho-e-operacao/spec.md;18;883adf6697c53f37bdd179eef220b63b883910433555e4dcca6d0b94113fcf31;REVALIDAR_EVIDENCIA;Inventário não certifica execução.
V4:OPE-02:S001;OPE-02;v4;Consultas finais usam fonte autoritativa sem provedor;openspec/changes/hub-interoperabilidade-v4/specs/desempenho-e-operacao/spec.md;26;6dbf61242dc275719a7975eead9e97d1c459b91801f4cdb4bb80979dfb6924f2;REVALIDAR_EVIDENCIA;Inventário não certifica execução.
V4:OPE-02:S002;OPE-02;v4;Cache opcional não vira fonte única de correlação;openspec/changes/hub-interoperabilidade-v4/specs/desempenho-e-operacao/spec.md;31;2b1d8c4a1adfe1138f299c5c87f597110354a924833195a049221080d35e4814;REVALIDAR_EVIDENCIA;Inventário não certifica execução.
V4:OPE-02:S003;OPE-02;v4;Orçamento justo de conexões sob autoscaling;openspec/changes/hub-interoperabilidade-v4/specs/desempenho-e-operacao/spec.md;36;f9c98de8c36f1e8145b12d0fbae3e8e346b8fa7b5891ab1da5cd450b68d26a60;REVALIDAR_EVIDENCIA;Inventário não certifica execução.
V4:OPE-03:S001;OPE-03;v4;Disponibilidade de admissão e GET local;openspec/changes/hub-interoperabilidade-v4/specs/desempenho-e-operacao/spec.md;44;6a79d60cf4dce21098d6dcff832f921175d904bb5d52876012510fd9b424c16c;REVALIDAR_EVIDENCIA;Inventário não certifica execução.
V4:OPE-03:S002;OPE-03;v4;Latência de aceite ASYNC e consulta de resultado local;openspec/changes/hub-interoperabilidade-v4/specs/desempenho-e-operacao/spec.md;49;0fe93ae4c48139c8a4d679af0649b8b7bf263969c77c46ee804b2821bfa38e9e;REVALIDAR_EVIDENCIA;Inventário não certifica execução.
V4:OPE-03:S003;OPE-03;v4;Final ASYNC, primeira tentativa de webhook e atualidade financeira;openspec/changes/hub-interoperabilidade-v4/specs/desempenho-e-operacao/spec.md;54;c1c436504009fe29d7fa18e626006583906d3aad5ca0429730803f4b469b7f89;REVALIDAR_EVIDENCIA;Inventário não certifica execução.
V4:OPE-03:S004;OPE-03;v4;RTO de zona e de região não substituem qualificação crítica;openspec/changes/hub-interoperabilidade-v4/specs/desempenho-e-operacao/spec.md;59;45ef083a3bd0fa2a7250827ec58dbb851dfe616e2521e3a6d90eebe1e304c527;REVALIDAR_EVIDENCIA;Inventário não certifica execução.
V4:OPE-04:S001;OPE-04;v4;Dependências gerenciadas com HA real antes do gate ppd;openspec/changes/hub-interoperabilidade-v4/specs/desempenho-e-operacao/spec.md;67;2526989cf9f85f3bf0af364ceb4d19e7368fc2f75411c35ef51243b440ac033e;REVALIDAR_EVIDENCIA;Inventário não certifica execução.
V4:OPE-04:S002;OPE-04;v4;Kind e emulação local não substituem serviços gerenciados;openspec/changes/hub-interoperabilidade-v4/specs/desempenho-e-operacao/spec.md;72;533b0159b804e141d9de4d49a94b8ddd3880bc17a23d748d8ad2c59d3e39f643;REVALIDAR_EVIDENCIA;Inventário não certifica execução.
V4:OPE-04:S003;OPE-04;v4;Isolamento por célula complementa e não substitui separação de ambiente;openspec/changes/hub-interoperabilidade-v4/specs/desempenho-e-operacao/spec.md;77;71e9ebcd25d8191e8641110c1bbe8feba8dffc9c94bb69006e034c7a022b884e;REVALIDAR_EVIDENCIA;Inventário não certifica execução.
V4:OPE-05:S001;OPE-05;v4;Readiness por capacidade evita que falha de envio derrube leitura saudável;openspec/changes/hub-interoperabilidade-v4/specs/desempenho-e-operacao/spec.md;85;d8c624d2819ea78f273129524a8912d41987b48f833551d49f9830d4cc283394;REVALIDAR_EVIDENCIA;Inventário não certifica execução.
V4:OPE-05:S002;OPE-05;v4;Escala de workers por backlog e idade da obrigação;openspec/changes/hub-interoperabilidade-v4/specs/desempenho-e-operacao/spec.md;90;bc882387dd1756780e1527d89a8b9e96e6867580b7eba995fc80f404d2f1aad3;REVALIDAR_EVIDENCIA;Inventário não certifica execução.
V4:OPE-05:S003;OPE-05;v4;Drenagem preserva UNKNOWN em chamada externa incerta;openspec/changes/hub-interoperabilidade-v4/specs/desempenho-e-operacao/spec.md;95;99c85facc97a092edfee81627e1104d93884bf80320d167b582af038b6c9cf7b;REVALIDAR_EVIDENCIA;Inventário não certifica execução.
V4:OPE-06:S001;OPE-06;v4;Alerta de outbox envelhecida preserva pendência;openspec/changes/hub-interoperabilidade-v4/specs/desempenho-e-operacao/spec.md;103;b117a367b0df24d8d645cb1d46402d68fbe1ce6c9a88428c55a74bc1b1b8f62c;REVALIDAR_EVIDENCIA;Inventário não certifica execução.
V4:OPE-06:S002;OPE-06;v4;Divergência financeira bloqueia fechamento incompleto;openspec/changes/hub-interoperabilidade-v4/specs/desempenho-e-operacao/spec.md;108;8c9879a094a32ebb7cbab25c68743b833acfbf0b28edab93191414e7b265688d;REVALIDAR_EVIDENCIA;Inventário não certifica execução.
V4:OPE-06:S003;OPE-06;v4;Auditoria de negócio não depende de amostragem de trace;openspec/changes/hub-interoperabilidade-v4/specs/desempenho-e-operacao/spec.md;113;ff4d45a92cf1591d0b5e6fc6da75608e8f1da0747df9f4df7c99d0bb20392f34;REVALIDAR_EVIDENCIA;Inventário não certifica execução.
V4:OPE-07:S001;OPE-07;v4;Redução multiplicativa sob 429 e Retry-After;openspec/changes/hub-interoperabilidade-v4/specs/desempenho-e-operacao/spec.md;121;0a4ea4ab3b5dd934d348c869c11c1e4c67af6a28b7008af0a4dbe40d7b7fec1c;REVALIDAR_EVIDENCIA;Inventário não certifica execução.
V4:OPE-07:S002;OPE-07;v4;Aumento gradual em janela saudável;openspec/changes/hub-interoperabilidade-v4/specs/desempenho-e-operacao/spec.md;126;16547976ea693b7af2527d54830e2b1b908663e5d378bf13dd2ef0b0d79045ce;REVALIDAR_EVIDENCIA;Inventário não certifica execução.
V4:OPE-07:S003;OPE-07;v4;Falha funcional não reduz capacidade global;openspec/changes/hub-interoperabilidade-v4/specs/desempenho-e-operacao/spec.md;131;9e42a522a58fc6e1117063401be0d58e957a1ff2910468cec22173eef8545341;REVALIDAR_EVIDENCIA;Inventário não certifica execução.
V4:OPE-07:S004;OPE-07;v4;Coordenação distribuída em mudança de líder;openspec/changes/hub-interoperabilidade-v4/specs/desempenho-e-operacao/spec.md;136;2089e4474372d6641b66519aa4ba1cd4f29deab8a95e9e16e60df3251f34fd52;REVALIDAR_EVIDENCIA;Inventário não certifica execução.
V4:OPE-08:S001;OPE-08;v4;Classe Compartilhada protegida impõe limites por tenant;openspec/changes/hub-interoperabilidade-v4/specs/desempenho-e-operacao/spec.md;144;8b3d32ee2bacd1e929d4f5501791aa16928bdbf154db61e81270aa226ad7fe1e;REVALIDAR_EVIDENCIA;Inventário não certifica execução.
V4:OPE-08:S002;OPE-08;v4;Célula dedicada isola deployments e bancos;openspec/changes/hub-interoperabilidade-v4/specs/desempenho-e-operacao/spec.md;149;95af5e0fd9d8d0cfa5a5acea433adafaca06fdc97981dc1fd682ac07f82576c5;REVALIDAR_EVIDENCIA;Inventário não certifica execução.
V4:OPE-08:S003;OPE-08;v4;Dedicada estrita não elimina falha externa global;openspec/changes/hub-interoperabilidade-v4/specs/desempenho-e-operacao/spec.md;154;24024725c2fd93f34097af8c92ce82c3b06e392c4ad213071a71e1f6b9d57f9e;REVALIDAR_EVIDENCIA;Inventário não certifica execução.
V4:OPE-08:S004;OPE-08;v4;Teste de ruído entre tenants;openspec/changes/hub-interoperabilidade-v4/specs/desempenho-e-operacao/spec.md;159;f92f92dfc0e0099f3c4a85e6fb54bf77c80045f13961c4a7b8df9be4815ab391;REVALIDAR_EVIDENCIA;Inventário não certifica execução.
V4:OPE-09:S001;OPE-09;v4;Percentis ponta a ponta medidos no mesmo conjunto de requisições;openspec/changes/hub-interoperabilidade-v4/specs/desempenho-e-operacao/spec.md;167;1e7417ad766c5b22e04b72d24a162db5bc3af6a4cf940eb3b96d76ccd72a8aef;REVALIDAR_EVIDENCIA;Inventário não certifica execução.
V4:OPE-09:S002;OPE-09;v4;SYNC remove fila obrigatória sem remover outbox de fatos;openspec/changes/hub-interoperabilidade-v4/specs/desempenho-e-operacao/spec.md;172;c9049d9b7a66549a5e1cded12ad533ceab33110ee5b91740d1c89ca20a55cd2a;REVALIDAR_EVIDENCIA;Inventário não certifica execução.
V4:OPE-09:S003;OPE-09;v4;Reserva de finalização considera prazo e capacidade mínimos;openspec/changes/hub-interoperabilidade-v4/specs/desempenho-e-operacao/spec.md;177;b21da0d0a18d888c5ef8c7034de665a3c2731cc64fbb937cc8c3841c9de6d35d;REVALIDAR_EVIDENCIA;Inventário não certifica execução.
V4:OPE-10:S001;OPE-10;v4;Taxa de quebra usa população elegível da coorte;openspec/changes/hub-interoperabilidade-v4/specs/desempenho-e-operacao/spec.md;185;74f88a2bbf0393e23c3358061114411c2dde37f0135c1b80632552d6f8c5f2cc;REVALIDAR_EVIDENCIA;Inventário não certifica execução.
V4:OPE-10:S002;OPE-10;v4;Evidência de SLA durável e independente de amostragem;openspec/changes/hub-interoperabilidade-v4/specs/desempenho-e-operacao/spec.md;190;e7444a2eb3557b193e26ca042eb4f903e1ddc502f4b22f99a71cf157f73de333;REVALIDAR_EVIDENCIA;Inventário não certifica execução.
V4:OPE-10:S003;OPE-10;v4;Alerta preventivo de orçamento não é violação confirmada;openspec/changes/hub-interoperabilidade-v4/specs/desempenho-e-operacao/spec.md;195;ffd6e6d9313c1f8c3981b755011bb59326329622b81c8624da16bc5f18c0f8bd;REVALIDAR_EVIDENCIA;Inventário não certifica execução.
V4:OPE-11:S001;OPE-11;v4;Reconciliação identifica lacuna como incidente;openspec/changes/hub-interoperabilidade-v4/specs/desempenho-e-operacao/spec.md;203;fa555bd41eb44f3174106002f45fa03f1d301b9888d3acae6c37bde9c911b385;REVALIDAR_EVIDENCIA;Inventário não certifica execução.
V4:OPE-11:S002;OPE-11;v4;RPO zero regional exige persistência síncrona confirmada;openspec/changes/hub-interoperabilidade-v4/specs/desempenho-e-operacao/spec.md;208;4d46800873794638affe93f8adba8df18803dc1d5696918ca89b03998d5bdba1;REVALIDAR_EVIDENCIA;Inventário não certifica execução.
V4:OPE-11:S003;OPE-11;v4;Operação ambígua preserva UNKNOWN sem inventar resultado;openspec/changes/hub-interoperabilidade-v4/specs/desempenho-e-operacao/spec.md;213;8d176031f5b35c0241ae2bffb53db24a3bc2130e7bed97e3cf88fbd6f4250ea3;REVALIDAR_EVIDENCIA;Inventário não certifica execução.
V4:OPE-12:S001;OPE-12;v4;Expansão antecipa saturação de banco/célula;openspec/changes/hub-interoperabilidade-v4/specs/desempenho-e-operacao/spec.md;221;df8c8a08e1a76e35796800590dd20ce67884b7f888ed7491152e3346046c940d;REVALIDAR_EVIDENCIA;Inventário não certifica execução.
V4:OPE-12:S002;OPE-12;v4;Controller de expansão indisponível não retira capacidade ativa;openspec/changes/hub-interoperabilidade-v4/specs/desempenho-e-operacao/spec.md;226;2d5501fa7b4a21110f9678b9799e002987279499fa1029fd1033ac4ebb5a6787;REVALIDAR_EVIDENCIA;Inventário não certifica execução.
V4:OPE-12:S003;OPE-12;v4;Falha da autoridade de orçamento admite apenas concessões válidas;openspec/changes/hub-interoperabilidade-v4/specs/desempenho-e-operacao/spec.md;231;fc66046aa3c2f8ffae48f20114c32932b615a4449c0a52a056e00316f3ffade6;REVALIDAR_EVIDENCIA;Inventário não certifica execução.
V4:OPE-13:S001;OPE-13;v4;Indisponibilidade do Redis usa bypass sem informação crítica exclusiva;openspec/changes/hub-interoperabilidade-v4/specs/desempenho-e-operacao/spec.md;239;6118bbdf79253b96f34a63fc1d28dc3bdcfbf197313ad415b40bede799ad36d2;REVALIDAR_EVIDENCIA;Inventário não certifica execução.
V4:OPE-13:S002;OPE-13;v4;Atlas indisponível mantém rotas conhecidas e bloqueia novo onboarding;openspec/changes/hub-interoperabilidade-v4/specs/desempenho-e-operacao/spec.md;244;bfa45ce61b0cce9c0c1b3563ea3865820575eca0bea89ad423f23b167cf3088c;REVALIDAR_EVIDENCIA;Inventário não certifica execução.
V4:OPE-13:S003;OPE-13;v4;PostgreSQL core writer indisponível preserva finais confirmados sem novos efeitos sem posse;openspec/changes/hub-interoperabilidade-v4/specs/desempenho-e-operacao/spec.md;249;cb218d514778faa9f85ae6df7fd36ae47e9fa39402281548aae375dfb6d4cc6e;REVALIDAR_EVIDENCIA;Inventário não certifica execução.
V4:OPE-13:S004;OPE-13;v4;Banco financeiro indisponível restringe reservas estritas;openspec/changes/hub-interoperabilidade-v4/specs/desempenho-e-operacao/spec.md;254;e28c0bcd53affb22246653da840c0acd01f1659390d1ddc6be74c94fc6f5078b;REVALIDAR_EVIDENCIA;Inventário não certifica execução.
V4:OPE-13:S005;OPE-13;v4;SNS/SQS indisponível recusa ASYNC sem slot durável;openspec/changes/hub-interoperabilidade-v4/specs/desempenho-e-operacao/spec.md;259;6d3ab3e0e0989bb2831c99ff4a4b0e392aa3d72c4c57a44d6689ebdbb85c3bb2;REVALIDAR_EVIDENCIA;Inventário não certifica execução.
V4:OPE-13:S006;OPE-13;v4;S3 indisponível não finaliza sucesso com referência não confirmada;openspec/changes/hub-interoperabilidade-v4/specs/desempenho-e-operacao/spec.md;264;c84bdbed4fb9de40afa6b159d76d726194af5dafda93c7607bf13aa2e656ef58;REVALIDAR_EVIDENCIA;Inventário não certifica execução.
V4:OPE-13:S007;OPE-13;v4;Cofre/KMS indisponível bloqueia apenas o binding afetado;openspec/changes/hub-interoperabilidade-v4/specs/desempenho-e-operacao/spec.md;269;d390650951fb0d93a81f31cc58b0f858525028c483eb789eb53728adfedd851b;REVALIDAR_EVIDENCIA;Inventário não certifica execução.
V4:OPE-13:S008;OPE-13;v4;IdP indisponível não emite nova identidade por conta própria;openspec/changes/hub-interoperabilidade-v4/specs/desempenho-e-operacao/spec.md;274;e5f7c277ca17e665ff5cbdfbf0647d4636d4d7bbedeaae7643dbc1c5d2e645c8;REVALIDAR_EVIDENCIA;Inventário não certifica execução.
V4:OPE-13:S009;OPE-13;v4;Controlador de quota externa em partição nega novos tokens;openspec/changes/hub-interoperabilidade-v4/specs/desempenho-e-operacao/spec.md;279;190cb9d6df77c99baaee737fac5491101fe8dbb4402badf58851b8f84460904a;REVALIDAR_EVIDENCIA;Inventário não certifica execução.
V4:OPE-13:S010;OPE-13;v4;Provedor específico indisponível isola apenas o vínculo afetado;openspec/changes/hub-interoperabilidade-v4/specs/desempenho-e-operacao/spec.md;284;5b1a62a2aa57f38b12c63195f3518d752f337ef11757ca4420f60fddc322445c;REVALIDAR_EVIDENCIA;Inventário não certifica execução.
V4:OPE-13:S011;OPE-13;v4;Webhook do cliente indisponível preserva obrigação sem reexecutar produto;openspec/changes/hub-interoperabilidade-v4/specs/desempenho-e-operacao/spec.md;289;0e9c6a573d0a1bab65712ed1beccdf15e9739ec243273e7ed647d8459bd7ea11;REVALIDAR_EVIDENCIA;Inventário não certifica execução.
V4:OPE-13:S012;OPE-13;v4;Observabilidade indisponível não bloqueia auditoria de negócio;openspec/changes/hub-interoperabilidade-v4/specs/desempenho-e-operacao/spec.md;294;c25079f2680a36ca2f151bd80560be979b84043b0ca6f7b5dbf03ae1f4578c8a;REVALIDAR_EVIDENCIA;Inventário não certifica execução.
V4:OPE-13:S013;OPE-13;v4;Kubernetes API/Crossplane/Karpenter indisponíveis mantêm workloads saudáveis;openspec/changes/hub-interoperabilidade-v4/specs/desempenho-e-operacao/spec.md;299;32507f90db4d5c2c31b75ffc8c504024b4e970233a8f65410204487e1143a623;REVALIDAR_EVIDENCIA;Inventário não certifica execução.
V4:OPE-14:S001;OPE-14;v4;Canary/rolling de APIs e workers preserva intenção;openspec/changes/hub-interoperabilidade-v4/specs/desempenho-e-operacao/spec.md;307;7965ac6477d02b36ce7000115665e35a1d1c1cd222c70da735ab4588ab4412b2;REVALIDAR_EVIDENCIA;Inventário não certifica execução.
V4:OPE-14:S002;OPE-14;v4;"Manutenção de PostgreSQL demonstra RTO real, não apenas ""multi-AZ""";openspec/changes/hub-interoperabilidade-v4/specs/desempenho-e-operacao/spec.md;312;a440e14a4600485a57cde48712c31f0593217fab262d0b54fd7ff46166c25845;REVALIDAR_EVIDENCIA;Inventário não certifica execução.
V4:OPE-14:S003;OPE-14;v4;Manutenção que excede orçamento síncrono é falha de disponibilidade;openspec/changes/hub-interoperabilidade-v4/specs/desempenho-e-operacao/spec.md;317;52bdcb04159171f3129421ca48eaa0dcb04d4a0f625109d85fb04e577fb29e43;REVALIDAR_EVIDENCIA;Inventário não certifica execução.
V4:OPE-15:S001;OPE-15;v4;99,99% mensal não prova adequação a impacto crítico;openspec/changes/hub-interoperabilidade-v4/specs/desempenho-e-operacao/spec.md;325;d04251e396045ef0b69974492b1923b2094a27fdb5e5a370d94446ea792e564a;REVALIDAR_EVIDENCIA;Inventário não certifica execução.
V4:OPE-15:S002;OPE-15;v4;Perda de região com RPO zero exige autoridade transacional qualificada;openspec/changes/hub-interoperabilidade-v4/specs/desempenho-e-operacao/spec.md;330;177a9399a51ea430458660bac925e62a9a4079c87d933d580f3a5bf2bef6a2e0;REVALIDAR_EVIDENCIA;Inventário não certifica execução.
V4:OPE-15:S003;OPE-15;v4;Durante partição regional apenas um lado aceita efeitos;openspec/changes/hub-interoperabilidade-v4/specs/desempenho-e-operacao/spec.md;335;9cb51c2f2514e7c3d3982a5c8e0206868874eae6ea3eca9a087a1236892929a3;REVALIDAR_EVIDENCIA;Inventário não certifica execução.
V4:OPE-15:S004;OPE-15;v4;Contrato de contingência do consumidor define uso de resultado antigo;openspec/changes/hub-interoperabilidade-v4/specs/desempenho-e-operacao/spec.md;340;eae0b1badeb148fb8faa4bb362c3e85167f6225d7becfa447effe9f3b89b1eb8;REVALIDAR_EVIDENCIA;Inventário não certifica execução.
V4:EXE-01:S001;EXE-01;v4;Mesma chave e mesmo hash recuperam o protocolo existente;openspec/changes/hub-interoperabilidade-v4/specs/execucao-e-integracoes/spec.md;8;691ff769c98cebd0e1054689688fb6a6c368d5d48fc6ebf9888564ab253ac471;REVALIDAR_EVIDENCIA;Inventário não certifica execução.
V4:EXE-01:S002;EXE-01;v4;Mesma chave com payload diferente retorna conflito;openspec/changes/hub-interoperabilidade-v4/specs/execucao-e-integracoes/spec.md;13;329767eef84c8da5ea3213c93cf137fb18d31f569322f04db651b618fe3aa994;REVALIDAR_EVIDENCIA;Inventário não certifica execução.
V4:EXE-01:S003;EXE-01;v4;Resposta perdida após commit é recuperada pela repetição da mesma chave;openspec/changes/hub-interoperabilidade-v4/specs/execucao-e-integracoes/spec.md;18;2d5bb18f354885fadc6f3a0b8a8f8ee968807744414ada53b956a8967a620b29;REVALIDAR_EVIDENCIA;Inventário não certifica execução.
V4:EXE-01:S004;EXE-01;v4;Ausência de banco de admissão impede confirmar aceite em memória;openspec/changes/hub-interoperabilidade-v4/specs/execucao-e-integracoes/spec.md;23;14280ff3d4a473864e0c4764b82166140bd8920a1be4aabdc150f7f8dac20a5b;REVALIDAR_EVIDENCIA;Inventário não certifica execução.
V4:EXE-02:S001;EXE-02;v4;Provedor síncrono em SYNC não converte para 202;openspec/changes/hub-interoperabilidade-v4/specs/execucao-e-integracoes/spec.md;31;041909167336035d175295fdadc26b803db8c686cb31cc264b77e14286531276;REVALIDAR_EVIDENCIA;Inventário não certifica execução.
V4:EXE-02:S002;EXE-02;v4;Provedor síncrono em AUTO aguarda fila sem equivaler a SYNC;openspec/changes/hub-interoperabilidade-v4/specs/execucao-e-integracoes/spec.md;36;4a6ab1519a9506b9c36695ebeed0c5f77027cac7d2162872fb6c75588062ad6e;REVALIDAR_EVIDENCIA;Inventário não certifica execução.
V4:EXE-02:S003;EXE-02;v4;Prazo SYNC esgotado retorna 504 com final de expiração já persistido;openspec/changes/hub-interoperabilidade-v4/specs/execucao-e-integracoes/spec.md;41;831248096c1515787a0f8ff0bad925a66732f4889519df43c8b119d689e1a91c;REVALIDAR_EVIDENCIA;Inventário não certifica execução.
V4:EXE-02:S004;EXE-02;v4;Provedor assíncrono em SYNC não é ofertado sem nova decisão;openspec/changes/hub-interoperabilidade-v4/specs/execucao-e-integracoes/spec.md;46;b15fe496d234992c1617f6f19882820f6ebbf97f7c4d738a57df4d3a5668d541;REVALIDAR_EVIDENCIA;Inventário não certifica execução.
V4:EXE-03:S001;EXE-03;v4;Cometa decide o fato externo, Órbita decide a conclusão do passo;openspec/changes/hub-interoperabilidade-v4/specs/execucao-e-integracoes/spec.md;54;d12dce6554be3c899246910229e11c8967fec31fb8acc49bf2ca15ea176d7c8e;REVALIDAR_EVIDENCIA;Inventário não certifica execução.
V4:EXE-03:S002;EXE-03;v4;UNKNOWN não vira FAILED por conveniência;openspec/changes/hub-interoperabilidade-v4/specs/execucao-e-integracoes/spec.md;59;c1f04700278e9ecb84565ecf386156c14a9fc10fa9d1a2b67ac458c8285dded6;REVALIDAR_EVIDENCIA;Inventário não certifica execução.
V4:EXE-03:S003;EXE-03;v4;CANCELLED exige inexistência comprovada de efeitos pendentes;openspec/changes/hub-interoperabilidade-v4/specs/execucao-e-integracoes/spec.md;64;4e9033013da58bd14af7dd4834c6b95a3b4d2478eff6997a5c6f79012434526e;REVALIDAR_EVIDENCIA;Inventário não certifica execução.
V4:EXE-03:S004;EXE-03;v4;Evento intermediário atrasado não regride estado final;openspec/changes/hub-interoperabilidade-v4/specs/execucao-e-integracoes/spec.md;69;fac8bda9900c36416a6aeb71cb5d3a921eab7aa3793c79d30f1362a6cc74de84;REVALIDAR_EVIDENCIA;Inventário não certifica execução.
V4:EXE-04:S001;EXE-04;v4;Callback sem correlação vira UNCORRELATED, não associado por heurística;openspec/changes/hub-interoperabilidade-v4/specs/execucao-e-integracoes/spec.md;77;064f9229add179eabdf6904a3b8dc3b7c8d04c7281cc01c3e39cf7b2777dc11b;REVALIDAR_EVIDENCIA;Inventário não certifica execução.
V4:EXE-04:S002;EXE-04;v4;Troca autorizada de provedor cria nova operação vinculada ao mesmo passo;openspec/changes/hub-interoperabilidade-v4/specs/execucao-e-integracoes/spec.md;82;447c8bbca3580e10b3d911461e6e0cfcf52786d6e6a68af23f0568da1939e808;REVALIDAR_EVIDENCIA;Inventário não certifica execução.
V4:EXE-04:S003;EXE-04;v4;Crash após envio sem resposta persistida exige reconstrução, não invenção de final;openspec/changes/hub-interoperabilidade-v4/specs/execucao-e-integracoes/spec.md;87;124e1eaaabcb61c130a7a62268041e8b774de3aa2c011fd5e4a237c5b2fe39ad;REVALIDAR_EVIDENCIA;Inventário não certifica execução.
V4:EXE-05:S001;EXE-05;v4;Defaults propostos não se aplicam sem aprovação do vínculo;openspec/changes/hub-interoperabilidade-v4/specs/execucao-e-integracoes/spec.md;95;f7d746f9604c6e5c3e41058dc791d169029c5287ac6476617205134fed7c8fd7;REVALIDAR_EVIDENCIA;Inventário não certifica execução.
V4:EXE-05:S002;EXE-05;v4;Retry-After respeitado dentro do prazo, expiração tratada além do deadline;openspec/changes/hub-interoperabilidade-v4/specs/execucao-e-integracoes/spec.md;100;fcbc44ecc33794d8eb8ae0ec0751980790c457aa94462216510585cae28c4ca6;REVALIDAR_EVIDENCIA;Inventário não certifica execução.
V4:EXE-05:S003;EXE-05;v4;Worker reclama trabalho de forma exclusiva sem manter transação dormindo;openspec/changes/hub-interoperabilidade-v4/specs/execucao-e-integracoes/spec.md;105;bcbd09c12e1a1da91241955392be7d01b39fbc6bd1fdd81d57330c81f92ea949;REVALIDAR_EVIDENCIA;Inventário não certifica execução.
V4:EXE-05:S004;EXE-05;v4;Pausar polling não cancela a operação nem apaga o prazo;openspec/changes/hub-interoperabilidade-v4/specs/execucao-e-integracoes/spec.md;110;04f264512016fb8c664e90ff6037927d3e5ca1eb1aa34f6e20ec3fe73831ed22;REVALIDAR_EVIDENCIA;Inventário não certifica execução.
V4:EXE-06:S001;EXE-06;v4;Callback e polling com o mesmo final aplicam transição única;openspec/changes/hub-interoperabilidade-v4/specs/execucao-e-integracoes/spec.md;118;3a55184008731b1b5e68f77f9fd1333a0d646b6e27f3b27ec3d23b8c75eb7e2a;REVALIDAR_EVIDENCIA;Inventário não certifica execução.
V4:EXE-06:S002;EXE-06;v4;Finais conflitantes preservam ambos e marcam CONFLICT;openspec/changes/hub-interoperabilidade-v4/specs/execucao-e-integracoes/spec.md;123;839f73ec10812d0e2661199f866ef07aaec03a2be4a785693af81e97f4dbd991;REVALIDAR_EVIDENCIA;Inventário não certifica execução.
V4:EXE-06:S003;EXE-06;v4;"""Não encontrado"" logo após submit usa janela documentada, sem reiniciar às cegas";openspec/changes/hub-interoperabilidade-v4/specs/execucao-e-integracoes/spec.md;128;16ed67cdba8e612ac6c1a7f1fef7b09702cad9087195511faa4a443751f93bdc;REVALIDAR_EVIDENCIA;Inventário não certifica execução.
V4:EXE-07:S001;EXE-07;v4;Consultar resultado expurgado retorna 410 sem nova busca externa;openspec/changes/hub-interoperabilidade-v4/specs/execucao-e-integracoes/spec.md;136;4e4d8fc0079ff09e247908ff2bd89d34a2bb76e6faee59a8e3722e8b50f023c8;REVALIDAR_EVIDENCIA;Inventário não certifica execução.
V4:EXE-07:S002;EXE-07;v4;Solicitar cancelamento registra intenção durável sem afirmar conclusão externa;openspec/changes/hub-interoperabilidade-v4/specs/execucao-e-integracoes/spec.md;141;3d726d2e0fe8e9fdf267e3dc0b9d219f9fd0965e600d9cf68d1dc8517a8edf5c;REVALIDAR_EVIDENCIA;Inventário não certifica execução.
V4:EXE-07:S003;EXE-07;v4;Consultas públicas não incrementam o medidor de execução do provedor;openspec/changes/hub-interoperabilidade-v4/specs/execucao-e-integracoes/spec.md;146;efdc2047b4db25169b0a8877ed53b474f40626ce8390b008329e1607f9debc9b;REVALIDAR_EVIDENCIA;Inventário não certifica execução.
V4:EXE-07:S004;EXE-07;v4;Atualizar/reexecutar cria novo protocolo com referência ao anterior;openspec/changes/hub-interoperabilidade-v4/specs/execucao-e-integracoes/spec.md;151;25cc2b563b06c3f11232591d8791ff0e712d3ddbc973abfdd07ab7af62a29fd1;REVALIDAR_EVIDENCIA;Inventário não certifica execução.
V4:EXE-08:S001;EXE-08;v4;Recibo é persistido antes da resposta 2xx ao provedor;openspec/changes/hub-interoperabilidade-v4/specs/execucao-e-integracoes/spec.md;159;6383b7e872ff78030b078b641c568371c3c0de45530c22a0d1e89cae158de919;REVALIDAR_EVIDENCIA;Inventário não certifica execução.
V4:EXE-08:S002;EXE-08;v4;Destino de webhook precisa estar previamente cadastrado, sem URL arbitrária por pedido;openspec/changes/hub-interoperabilidade-v4/specs/execucao-e-integracoes/spec.md;164;07bdc9fb33dc5215c12d95f646ab68660497b02d89091f238550c08e8efde40d;REVALIDAR_EVIDENCIA;Inventário não certifica execução.
V4:EXE-08:S003;EXE-08;v4;Erros de entrega são classificados por família de status HTTP;openspec/changes/hub-interoperabilidade-v4/specs/execucao-e-integracoes/spec.md;169;ae8eda520c69fb0f0a07f8be769109613939813833959782029d4558a5db87d7;REVALIDAR_EVIDENCIA;Inventário não certifica execução.
V4:EXE-08:S004;EXE-08;v4;Esgotamento das tentativas gera EXHAUSTED e alerta, resultado permanece disponível;openspec/changes/hub-interoperabilidade-v4/specs/execucao-e-integracoes/spec.md;174;d6f29ae951d60f1d9d47f7751a130e46cb24d828348e6070bb5b77881cf171bb;REVALIDAR_EVIDENCIA;Inventário não certifica execução.
V4:EXE-09:S001;EXE-09;v4;Falha anterior ao envio permite retry seguro;openspec/changes/hub-interoperabilidade-v4/specs/execucao-e-integracoes/spec.md;182;70daf75c93c5e5da0b99bf9df02fe937b2efd2f7ca84302b0bddf56a845336ce;REVALIDAR_EVIDENCIA;Inventário não certifica execução.
V4:EXE-09:S002;EXE-09;v4;Falha após envio possível exige UNKNOWN e consulta/reenvio idempotente ou reconciliação manual;openspec/changes/hub-interoperabilidade-v4/specs/execucao-e-integracoes/spec.md;187;cd689c717e410b0c584c65ecf64f9229f6db02e1d3c67d16c8880940aa84440c;REVALIDAR_EVIDENCIA;Inventário não certifica execução.
V4:EXE-09:S003;EXE-09;v4;Resultado tardio após encerramento por SLA não reabre o protocolo;openspec/changes/hub-interoperabilidade-v4/specs/execucao-e-integracoes/spec.md;192;c3af11f6269a30be21010de82acb0d6b58262e6437ac35a65b34d51bc470ca77;REVALIDAR_EVIDENCIA;Inventário não certifica execução.
V4:EXE-09:S004;EXE-09;v4;DLQ é diagnóstico, não encerramento da obrigação;openspec/changes/hub-interoperabilidade-v4/specs/execucao-e-integracoes/spec.md;197;34e346c767cc2e6fba1b9026281f5633dfa5ee35e3ce8c6d1fdf439eec89b3f6;REVALIDAR_EVIDENCIA;Inventário não certifica execução.
V4:EXE-10:S001;EXE-10;v4;Exemplo numérico de retry_until com TTL 60s e reserva final 5s;openspec/changes/hub-interoperabilidade-v4/specs/execucao-e-integracoes/spec.md;205;62aaa6b84642cbf94321deae2d305624c3518d454f8cb74cbf60d6df88edfc7c;REVALIDAR_EVIDENCIA;Inventário não certifica execução.
V4:EXE-10:S002;EXE-10;v4;Zero desabilita retry de falha transitória;openspec/changes/hub-interoperabilidade-v4/specs/execucao-e-integracoes/spec.md;210;b4a6e052d7751e0b7eb6064c8791d76f20e29b26849b599a95478112ee59d1f7;REVALIDAR_EVIDENCIA;Inventário não certifica execução.
V4:EXE-10:S003;EXE-10;v4;Reinício ou troca de provedor não redefine first_transient_at;openspec/changes/hub-interoperabilidade-v4/specs/execucao-e-integracoes/spec.md;215;be0896438af0fce8ad1561355dbd9ea40fb752892bae0f7bdb4b52b3f7d1a668;REVALIDAR_EVIDENCIA;Inventário não certifica execução.
V4:EXE-10:S004;EXE-10;v4;Falha sem efeito até esgotar TTL antes do deadline resulta em FAILED com motivo específico;openspec/changes/hub-interoperabilidade-v4/specs/execucao-e-integracoes/spec.md;220;f70f2f0fdf971714922fc8c009e5fd22f94bb6f6a266e3c4ab77a78b861cf005;REVALIDAR_EVIDENCIA;Inventário não certifica execução.
V4:EXE-10:S005;EXE-10;v4;Fim do TTL não é, sozinho, causa de término quando o provedor volta a aceitar;openspec/changes/hub-interoperabilidade-v4/specs/execucao-e-integracoes/spec.md;225;65b404cc930e35cfeaf9994505e10b9c4d6f83fbb6580a87386f5d13c9df05c8;REVALIDAR_EVIDENCIA;Inventário não certifica execução.
V4:EXE-11:S001;EXE-11;v4;Temporizador encerra o protocolo no deadline mesmo com polling saudável;openspec/changes/hub-interoperabilidade-v4/specs/execucao-e-integracoes/spec.md;233;7f8ebdbcf37a36778491ae00d40290ab3717af14099bac18ececdfbe26677dfd;REVALIDAR_EVIDENCIA;Inventário não certifica execução.
V4:EXE-11:S002;EXE-11;v4;Igualdade exata ao deadline é tratada como atraso;openspec/changes/hub-interoperabilidade-v4/specs/execucao-e-integracoes/spec.md;238;8698241cb995d5e15e927667cdeb966ca97c6093fcdc246fd3fe0b84afc4008d;REVALIDAR_EVIDENCIA;Inventário não certifica execução.
V4:EXE-11:S003;EXE-11;v4;Infraestrutura incapaz de confirmar elegibilidade temporal não emite sucesso;openspec/changes/hub-interoperabilidade-v4/specs/execucao-e-integracoes/spec.md;243;b2b2d42d95b95697e640bc81b51f4df09fc0e0e97264e367c3905b0003f54753;REVALIDAR_EVIDENCIA;Inventário não certifica execução.
V4:EXE-11:S004;EXE-11;v4;MONITOR_ONLY e REJECT_LATE aplicam políticas distintas sem afetar o deadline do cliente;openspec/changes/hub-interoperabilidade-v4/specs/execucao-e-integracoes/spec.md;248;ae701170909c9270061dc2b21ff731df405363ec20563059f101498e10c74896;REVALIDAR_EVIDENCIA;Inventário não certifica execução.
V4:EXE-12:S001;EXE-12;v4;Retorno tardio é persistido como REJECTED_LATE_SLA sem substituir o erro final;openspec/changes/hub-interoperabilidade-v4/specs/execucao-e-integracoes/spec.md;256;1a04f7ce3d858a12dbb864a5f1509dcfdf3f804c45b0236790f26f15110ba8bc;REVALIDAR_EVIDENCIA;Inventário não certifica execução.
V4:EXE-12:S002;EXE-12;v4;Recusa pode responder 2xx ao provedor sem significar aceitação;openspec/changes/hub-interoperabilidade-v4/specs/execucao-e-integracoes/spec.md;261;429e01ab7af369f82dca9b75199fc9d00e1d564bd2edf2bbe8fa721b46553c7a;REVALIDAR_EVIDENCIA;Inventário não certifica execução.
V4:EXE-12:S003;EXE-12;v4;Reexecução solicitada cria novo protocolo, não reutiliza conteúdo rejeitado;openspec/changes/hub-interoperabilidade-v4/specs/execucao-e-integracoes/spec.md;266;5a9f32149eeca98840fd91524b7de78849fb2ba2734abd27b24d04c51ea6293d;REVALIDAR_EVIDENCIA;Inventário não certifica execução.
V4:EXE-12:S004;EXE-12;v4;GET e webhook de encerramento continuam devolvendo a representação de erro original;openspec/changes/hub-interoperabilidade-v4/specs/execucao-e-integracoes/spec.md;271;b2ae63ba3e1c6d18e436759b44ff26b0bffc3e69ff8157665ad778a7d2d797b3;REVALIDAR_EVIDENCIA;Inventário não certifica execução.
V4:EXE-13:S001;EXE-13;v4;Passos READY sem dependências pendentes são agendados em paralelo dentro de limites;openspec/changes/hub-interoperabilidade-v4/specs/execucao-e-integracoes/spec.md;279;456d8428460af8d49ae4eb81a1478f1c5b542e39873d8098d9d3887d0b1ea1d8;REVALIDAR_EVIDENCIA;Inventário não certifica execução.
V4:EXE-13:S002;EXE-13;v4;Espera de polling/retry usa timers persistidos, não thread dedicada;openspec/changes/hub-interoperabilidade-v4/specs/execucao-e-integracoes/spec.md;284;8dbf26b36da428917512f2f07d57bb2a2061b862a4f5087d29829af1771c8eff;REVALIDAR_EVIDENCIA;Inventário não certifica execução.
V4:EXE-13:S003;EXE-13;v4;Cancelar espera local não prova que o provedor cancelou a operação;openspec/changes/hub-interoperabilidade-v4/specs/execucao-e-integracoes/spec.md;289;d358060cf12904ce3abd96213d8bb036d31f7e65c2fc074c5b5d74c6a22f1668;REVALIDAR_EVIDENCIA;Inventário não certifica execução.
V4:EXE-14:S001;EXE-14;v4;Pedido pode reduzir mas não ampliar connection_deadline_at;openspec/changes/hub-interoperabilidade-v4/specs/execucao-e-integracoes/spec.md;297;369d00e88f4687b5daa078eaea63a17f424059afe5a17b02245c9f4ea74fb31b;REVALIDAR_EVIDENCIA;Inventário não certifica execução.
V4:EXE-14:S002;EXE-14;v4;SYNC não retorna 202 diante de fila, provedor lento ou banco em failover;openspec/changes/hub-interoperabilidade-v4/specs/execucao-e-integracoes/spec.md;302;00db9687df016ee0e9ea910c04cbc251aac8918f91e1a2a35e17c79c820f3cd9;REVALIDAR_EVIDENCIA;Inventário não certifica execução.
V4:EXE-14:S003;EXE-14;v4;Aceite que já consome o orçamento útil é recusado antes de efeito externo;openspec/changes/hub-interoperabilidade-v4/specs/execucao-e-integracoes/spec.md;307;9a4006c1103fd04a8b2c4f6c2332b7f7daf6603d1b888a9ff5fa19d12b68c219;REVALIDAR_EVIDENCIA;Inventário não certifica execução.
V4:EXE-14:S004;EXE-14;v4;Fechamento da conexão interrompe espera local sem provar cancelamento do provedor;openspec/changes/hub-interoperabilidade-v4/specs/execucao-e-integracoes/spec.md;312;f538f6542a10b20ccd3283debbb9b3c31cfe87384fbcfc7eba9e71fa87f390f6;REVALIDAR_EVIDENCIA;Inventário não certifica execução.
V4:EXE-14:S005;EXE-14;v4;Mesmo corpo final é retornado na criação SYNC, no GET e no webhook;openspec/changes/hub-interoperabilidade-v4/specs/execucao-e-integracoes/spec.md;317;14abab516975f0e04ecef59abc6e1dfd44ec95f2e308e2fed34aa0440e91c1b0;REVALIDAR_EVIDENCIA;Inventário não certifica execução.
V4:EXE-15:S001;EXE-15;v4;Intenção DIRECT não é duplicada como comando de execução em SQS;openspec/changes/hub-interoperabilidade-v4/specs/execucao-e-integracoes/spec.md;325;07683b80d48e9bb928f030e47a9fccb040d8a00160bdb0042ec3ad318f818c87;REVALIDAR_EVIDENCIA;Inventário não certifica execução.
V4:EXE-15:S002;EXE-15;v4;Lease expirado sozinho não torna seguro um segundo submit;openspec/changes/hub-interoperabilidade-v4/specs/execucao-e-integracoes/spec.md;330;46e3eaef6e0d3e5414c9ee8a38e7d65545c57d44c46659acb3634b7b9e618939;REVALIDAR_EVIDENCIA;Inventário não certifica execução.
V4:EXE-15:S003;EXE-15;v4;Transferência para fila conserva command_id/operation_id sem mudar modo ou estender deadline;openspec/changes/hub-interoperabilidade-v4/specs/execucao-e-integracoes/spec.md;335;d3f24ed7a28797ac0386f8b503c6e2d9f2668a9ddc97a5fe823e42cd1c2fb26b;REVALIDAR_EVIDENCIA;Inventário não certifica execução.
V4:EXE-15:S004;EXE-15;v4;Crash após final do Cometa e antes da resposta direta é resolvido por leitura da operação existente;openspec/changes/hub-interoperabilidade-v4/specs/execucao-e-integracoes/spec.md;340;ea5eb2cd58a5d23eba21459d4a523cb838d9f0efa1ba67d58054b6c9b99b13ca;REVALIDAR_EVIDENCIA;Inventário não certifica execução.
V4:EXE-15:S005;EXE-15;v4;Em SYNC com conexão perdida, a obrigação durável continua sem prometer resposta à conexão encerrada;openspec/changes/hub-interoperabilidade-v4/specs/execucao-e-integracoes/spec.md;345;a54a9545228d38e97c37a0445a99ada8304b2c71852c513a8db3ca64a33d8327;REVALIDAR_EVIDENCIA;Inventário não certifica execução.
V4:EXE-16:S001;EXE-16;v4;Repetição da mesma Idempotency-Key recupera o mesmo UUID mesmo sem resposta anterior recebida;openspec/changes/hub-interoperabilidade-v4/specs/execucao-e-integracoes/spec.md;353;96c3a2e3f711d7736a219757aa8c3140c3cc702b26b19e8715b63fa17a7b275c;REVALIDAR_EVIDENCIA;Inventário não certifica execução.
V4:EXE-16:S002;EXE-16;v4;Componente temporal do UUIDv7 não prova autorização nem commit;openspec/changes/hub-interoperabilidade-v4/specs/execucao-e-integracoes/spec.md;358;bcb3073ef2ed594ad3a3ac4861f728b7eb8595d0ac78784c0f9b36f57d9bcdee;REVALIDAR_EVIDENCIA;Inventário não certifica execução.
V4:EXE-16:S003;EXE-16;v4;Nenhuma credencial de cliente consulta outro tenant por conhecer o UUID;openspec/changes/hub-interoperabilidade-v4/specs/execucao-e-integracoes/spec.md;363;8db34f3fbd3e7e6ac875cf5a6d5b979b906b9f1d80c69152bb9d5ae92b35af00;REVALIDAR_EVIDENCIA;Inventário não certifica execução.
V4:EXE-16:S004;EXE-16;v4;Request_id técnico de pedido recusado antes do commit não é anunciado como protocolo aceito;openspec/changes/hub-interoperabilidade-v4/specs/execucao-e-integracoes/spec.md;368;e056c2bbaa32685b1c95ee11589a649a86abe26430c54f73389ed68f0d42a146;REVALIDAR_EVIDENCIA;Inventário não certifica execução.
V4:DAD-01:S001;DAD-01;v4;Isolamento entre domínios impede join, escrita cruzada e chave estrangeira;openspec/changes/hub-interoperabilidade-v4/specs/persistencia-e-dados/spec.md;8;4bb4f1004e9bd3f6c3667fdbecd613154322158186829d9ba02d35f1b84146d1;REVALIDAR_EVIDENCIA;Inventário não certifica execução.
V4:DAD-01:S002;DAD-01;v4;Contrato de saldo estrito mantém uma única autoridade financeira ativa;openspec/changes/hub-interoperabilidade-v4/specs/persistencia-e-dados/spec.md;13;f25c390de09c1c37dde54f6f4391b80f269f84857b01150bdb704e2cdd63f453;REVALIDAR_EVIDENCIA;Inventário não certifica execução.
V4:DAD-01:S003;DAD-01;v4;Ausência em réplica atrasada não é tratada como inexistência do registro;openspec/changes/hub-interoperabilidade-v4/specs/persistencia-e-dados/spec.md;18;4698dad19c9f5eafae8979cbf2c19766f415bbac45b4f070edd5d6726622e7c8;REVALIDAR_EVIDENCIA;Inventário não certifica execução.
V4:DAD-02:S001;DAD-02;v4;Unicidade de idempotência do Protocolo é preservada sob concorrência;openspec/changes/hub-interoperabilidade-v4/specs/persistencia-e-dados/spec.md;26;7058171780fb99dd461c79fc34c4ed5756d372e1e6bed9c281038e43816aeb21;REVALIDAR_EVIDENCIA;Inventário não certifica execução.
V4:DAD-02:S002;DAD-02;v4;Resultado é imutável por versão e só o ponteiro atual muda com auditoria;openspec/changes/hub-interoperabilidade-v4/specs/persistencia-e-dados/spec.md;31;f729ea5aa74fb7c24f2cae3a56dae21d9f6d304737a2d96b92de5aa47f21ef1a;REVALIDAR_EVIDENCIA;Inventário não certifica execução.
V4:DAD-02:S003;DAD-02;v4;Campos de negócio consultados com frequência não ficam escondidos apenas em JSON;openspec/changes/hub-interoperabilidade-v4/specs/persistencia-e-dados/spec.md;36;f226fb6d190d9b627b998884fa14f1f490b07b9b049329aed03de7029a29f801;REVALIDAR_EVIDENCIA;Inventário não certifica execução.
V4:DAD-03:S001;DAD-03;v4;Admissão persiste protocolo, idempotência, pedido e intenção em uma única transação;openspec/changes/hub-interoperabilidade-v4/specs/persistencia-e-dados/spec.md;44;a1d216cc7e883a0f98a146977f23e6042965e74bddd61b5b785b62c3cd1b0c29;REVALIDAR_EVIDENCIA;Inventário não certifica execução.
V4:DAD-03:S002;DAD-03;v4;Sistema não mantém transação aberta esperando resposta externa;openspec/changes/hub-interoperabilidade-v4/specs/persistencia-e-dados/spec.md;49;88adca851b082ea40479554a079bf79f05ef6eddd27e6381484865e9cc346574;REVALIDAR_EVIDENCIA;Inventário não certifica execução.
V4:DAD-03:S003;DAD-03;v4;Atualização concorrente de estado é arbitrada por versão, e lease não neutraliza chamada já enviada ao provedor;openspec/changes/hub-interoperabilidade-v4/specs/persistencia-e-dados/spec.md;54;d7f18c807c42f3d208244f51564d932767b2e7ac08baedbea9aabfd1103f60bc;REVALIDAR_EVIDENCIA;Inventário não certifica execução.
V4:DAD-04:S001;DAD-04;v4;GET do cliente nunca aciona consulta ao provedor, em qualquer estado do resultado;openspec/changes/hub-interoperabilidade-v4/specs/persistencia-e-dados/spec.md;62;6aa953eadc17f0656f8318a6f4020364a8bc3bb9f86228fd5d50c2ea068628c3;REVALIDAR_EVIDENCIA;Inventário não certifica execução.
V4:DAD-04:S002;DAD-04;v4;Link temporário de provedor deve ser capturado pelo hub antes de ser considerado disponível;openspec/changes/hub-interoperabilidade-v4/specs/persistencia-e-dados/spec.md;67;d119c77b82689cf8662c7aa52c641b2f46118f551e4ff27d81be24c63bc3fe21;REVALIDAR_EVIDENCIA;Inventário não certifica execução.
V4:DAD-04:S003;DAD-04;v4;Contrato que proíbe armazenamento bloqueia publicação sem decisão explícita;openspec/changes/hub-interoperabilidade-v4/specs/persistencia-e-dados/spec.md;72;78abc84a3ed253100307e6a536f362e9b260e67ec0696d48aff7d6151c409c1c;REVALIDAR_EVIDENCIA;Inventário não certifica execução.
V4:DAD-04:S004;DAD-04;v4;"Resultado expurgado não recria o pedido e ""atualizar dados"" gera novo protocolo";openspec/changes/hub-interoperabilidade-v4/specs/persistencia-e-dados/spec.md;77;36229009d0395a21f9315334fa28528bda702d14fc173c385444ae34be610335;REVALIDAR_EVIDENCIA;Inventário não certifica execução.
V4:DAD-05:S001;DAD-05;v4;Somente objeto no estado DISPONIVEL integra pedido executável;openspec/changes/hub-interoperabilidade-v4/specs/persistencia-e-dados/spec.md;85;653be72d6f9be8913f9e1518751fed4757565f1204c480a32f68e64a9a02de29;REVALIDAR_EVIDENCIA;Inventário não certifica execução.
V4:DAD-05:S002;DAD-05;v4;Falha entre confirmação do objeto e gravação da referência gera órfão, não referência quebrada;openspec/changes/hub-interoperabilidade-v4/specs/persistencia-e-dados/spec.md;90;479a26aff4e5a727fbfc6c01db0fbf6726698963bd6313217aa386d4007a4bb6;REVALIDAR_EVIDENCIA;Inventário não certifica execução.
V4:DAD-05:S003;DAD-05;v4;Saída obrigatória indisponível impede publicação de sucesso completo;openspec/changes/hub-interoperabilidade-v4/specs/persistencia-e-dados/spec.md;95;e01b54b882884ad91dc581cf53db7ecb5761c86d4aaa5b2b574834915e1d33c9;REVALIDAR_EVIDENCIA;Inventário não certifica execução.
V4:DAD-06:S001;DAD-06;v4;Serviço não é publicado sem prazo de retenção explícito;openspec/changes/hub-interoperabilidade-v4/specs/persistencia-e-dados/spec.md;103;d51e45f71aaf1ab4c21b21869d643711ce5ac956cd7ae263bb02765816b3b4ad;REVALIDAR_EVIDENCIA;Inventário não certifica execução.
V4:DAD-06:S002;DAD-06;v4;Resultado necessário a entrega pendente não é removido antes do fim da janela contratual;openspec/changes/hub-interoperabilidade-v4/specs/persistencia-e-dados/spec.md;108;504667cd8544084f9916b828569bf23c973a671f4c2909cca3e5514c561e4f5d;REVALIDAR_EVIDENCIA;Inventário não certifica execução.
V4:DAD-06:S003;DAD-06;v4;Exclusão em conflito com preservação é decidida pelo responsável pelos dados, sem contornar via tombstone;openspec/changes/hub-interoperabilidade-v4/specs/persistencia-e-dados/spec.md;113;e5add738a80c6598846830095fba11611d177e17ccf39122288857c6f5230d94;REVALIDAR_EVIDENCIA;Inventário não certifica execução.
V4:DAD-07:S001;DAD-07;v4;Conta de aplicação não possui BYPASSRLS e papel de migração é distinto do runtime;openspec/changes/hub-interoperabilidade-v4/specs/persistencia-e-dados/spec.md;121;de9467d5b3d2eab665a289cdd71e1e6e9276af2cbdc1f7165e303e2101a35806;REVALIDAR_EVIDENCIA;Inventário não certifica execução.
V4:DAD-07:S002;DAD-07;v4;Contexto de tenant em conexão reutilizada é limpo a cada uso do pool;openspec/changes/hub-interoperabilidade-v4/specs/persistencia-e-dados/spec.md;126;806865b8460db0b2b88d1001f0b32724086681f09dabdb743088943478864021;REVALIDAR_EVIDENCIA;Inventário não certifica execução.
V4:DAD-07:S003;DAD-07;v4;Restauração bloqueia efeitos externos e reconcilia antes de retomar, sem reexecutar todo o período;openspec/changes/hub-interoperabilidade-v4/specs/persistencia-e-dados/spec.md;131;6e4f3d60ac275136e1788e8c16cb495b1a9f2587e1d5aa2e47d2e78555cb2daa;REVALIDAR_EVIDENCIA;Inventário não certifica execução.
V4:DAD-08:S001;DAD-08;v4;Deadline absoluto do protocolo não é renovado por retry, mensagem ou migração;openspec/changes/hub-interoperabilidade-v4/specs/persistencia-e-dados/spec.md;139;4f0eac0b0a9d88d329c4d46e82fa30d2b8a40187958a32f5cab87bbf5b90b228;REVALIDAR_EVIDENCIA;Inventário não certifica execução.
V4:DAD-08:S002;DAD-08;v4;Timestamp do provedor é evidência separada e não substitui o relógio autoritativo do hub;openspec/changes/hub-interoperabilidade-v4/specs/persistencia-e-dados/spec.md;144;96c0d9a48725035903358eace6e30cfb43f32ca36e3f5096ab567c0842d900c1;REVALIDAR_EVIDENCIA;Inventário não certifica execução.
V4:DAD-08:S003;DAD-08;v4;Tentativa tardia permanece vinculada à operação, mas não reabre resposta de sucesso já expirada;openspec/changes/hub-interoperabilidade-v4/specs/persistencia-e-dados/spec.md;149;4669da73fa9224c88b6e0d46c2593d94451d765304a08e0d42f06dfa9c2fc4be;REVALIDAR_EVIDENCIA;Inventário não certifica execução.
V4:DAD-08:S004;DAD-08;v4;Representação final do cliente não muda em replay de GET ou webhook;openspec/changes/hub-interoperabilidade-v4/specs/persistencia-e-dados/spec.md;154;6b5adfe8a458d220875da9d4f56a53972f341a6e31f8805f04c9fea21508cce3;REVALIDAR_EVIDENCIA;Inventário não certifica execução.
V4:DAD-09:S001;DAD-09;v4;Fronteiras síncronas obrigatórias registram seus dados antes da resposta ao cliente;openspec/changes/hub-interoperabilidade-v4/specs/persistencia-e-dados/spec.md;162;b14727464199f27b9f5dd7de162d1ab3f21c616a28ac959feb8b95f46b6da0cc;REVALIDAR_EVIDENCIA;Inventário não certifica execução.
V4:DAD-09:S002;DAD-09;v4;Commit com resposta perdida é tratado como incerto, consultando a mesma autoridade recuperada;openspec/changes/hub-interoperabilidade-v4/specs/persistencia-e-dados/spec.md;167;e3ff03289d4599e9e910516a510d6f30808459dd8324e71b23a65e8ec2199370;REVALIDAR_EVIDENCIA;Inventário não certifica execução.
V4:DAD-09:S003;DAD-09;v4;Sistema não emite aceite fictício por escrita alternativa durante falha do writer;openspec/changes/hub-interoperabilidade-v4/specs/persistencia-e-dados/spec.md;172;d7b2f87a8109ccd67411be70ba7c8e2ffac9c0a82ae34c62e8860083f2a5b6a0;REVALIDAR_EVIDENCIA;Inventário não certifica execução.
V4:DAD-10:S001;DAD-10;v4;Redis indisponível aciona bypass automático sem comprometer a corretude da leitura;openspec/changes/hub-interoperabilidade-v4/specs/persistencia-e-dados/spec.md;180;745e5cc1ab1f8b91f3041f25ed06a080968212b895320808ceea13dec328161e;REVALIDAR_EVIDENCIA;Inventário não certifica execução.
V4:DAD-10:S002;DAD-10;v4;Réplica atrasada não gera 404 definitivo nem sucesso fabricado;openspec/changes/hub-interoperabilidade-v4/specs/persistencia-e-dados/spec.md;185;c6091f9250c270ce405afc2a2266c4a8e300b615bd1c3a11eccd7630f04e0ced;REVALIDAR_EVIDENCIA;Inventário não certifica execução.
V4:DAD-10:S003;DAD-10;v4;Cache antigo de final revisável não prova atualidade para versão corrente;openspec/changes/hub-interoperabilidade-v4/specs/persistencia-e-dados/spec.md;190;f4fcd40c2abd7248d6d5a5576f994943b3eee5d3e0663a7be56336556904c7fe;REVALIDAR_EVIDENCIA;Inventário não certifica execução.
V4:DAD-10:S004;DAD-10;v4;Autorização insuficiente suspende a leitura mesmo em fallback de cache;openspec/changes/hub-interoperabilidade-v4/specs/persistencia-e-dados/spec.md;195;7e9ee7615e2b1bc916c07065dc5001b4ecb9c273c7006e35284aa47add96d733;REVALIDAR_EVIDENCIA;Inventário não certifica execução.
V4:DAD-11:S001;DAD-11;v4;Novo tenant é alocado em célula pronta sem infraestrutura exclusiva;openspec/changes/hub-interoperabilidade-v4/specs/persistencia-e-dados/spec.md;203;21044fe4ce5dbb5649d328fd7c93d9f249aec3845b38daf5577faa1cb4e4c173;REVALIDAR_EVIDENCIA;Inventário não certifica execução.
V4:DAD-11:S002;DAD-11;v4;Cliente não seleciona célula por header, e o caminho habitual não consulta diretório global;openspec/changes/hub-interoperabilidade-v4/specs/persistencia-e-dados/spec.md;208;202bb8cb03aba14bb899981e29845fa32d405d2e89c5b081352db33b33becc97;REVALIDAR_EVIDENCIA;Inventário não certifica execução.
V4:DAD-11:S003;DAD-11;v4;Migração é abortada e autoridade antiga é mantida quando o orçamento homologado não é atendido;openspec/changes/hub-interoperabilidade-v4/specs/persistencia-e-dados/spec.md;213;e3060767b62b66d1ddc6c5e1994db395227cc8027e58d673c8c0a8710d727e1c;REVALIDAR_EVIDENCIA;Inventário não certifica execução.
V4:DAD-11:S004;DAD-11;v4;Fragmentação de saldo entre múltiplas células ativas não é comportamento implícito;openspec/changes/hub-interoperabilidade-v4/specs/persistencia-e-dados/spec.md;218;1f6c5bb974b6ccd751839460d4e2ac8edadc4e5f27b58b6217877d31aeda6bf1;REVALIDAR_EVIDENCIA;Inventário não certifica execução.
V4:QUA-01:S001;QUA-01;v4;Matriz de rastreabilidade nasce com status NÃO EXECUTADO;openspec/changes/hub-interoperabilidade-v4/specs/qualidade-e-aceite/spec.md;8;fa378fd0653624a4d4c0301488fca35be8758e7e7cf4ba504a9acd87c3951915;REVALIDAR_EVIDENCIA;Inventário não certifica execução.
V4:QUA-01:S002;QUA-01;v4;Cobertura de código alta não substitui cobertura de risco;openspec/changes/hub-interoperabilidade-v4/specs/qualidade-e-aceite/spec.md;13;2b96576f1870dbdcbd27769b094f2af04f8a7197adac1d20d49067ba192a7342;REVALIDAR_EVIDENCIA;Inventário não certifica execução.
V4:QUA-01:S003;QUA-01;v4;Coleção sintética de referência contém os casos obrigatórios;openspec/changes/hub-interoperabilidade-v4/specs/qualidade-e-aceite/spec.md;18;824cd97bb9d858ab1cd208bf77bb1197a1c6fa5e97bb4d5f0961731ddb85cb83;REVALIDAR_EVIDENCIA;Inventário não certifica execução.
V4:QUA-01:S004;QUA-01;v4;Homologação usa sandbox real para capacidades não simuláveis;openspec/changes/hub-interoperabilidade-v4/specs/qualidade-e-aceite/spec.md;23;934ab65d2cb1fc951a6c792aa66a1b3d0eb04b0804aa2e34c6f446123f0cb3eb;REVALIDAR_EVIDENCIA;Inventário não certifica execução.
V4:QUA-02:S001;QUA-02;v4;Commit sem resposta ao cliente preserva idempotência;openspec/changes/hub-interoperabilidade-v4/specs/qualidade-e-aceite/spec.md;31;954c0724bfebfd373985d51fcde3924c45bec51d0fcb0ac3532ba5f671908745;REVALIDAR_EVIDENCIA;Inventário não certifica execução.
V4:QUA-02:S002;QUA-02;v4;Banco gravado com broker fora preserva o outbox;openspec/changes/hub-interoperabilidade-v4/specs/qualidade-e-aceite/spec.md;36;a669bcbe12e66ed43bfea3e913f865aa13252eab5647a57b6ddf465cf3c5b04c;REVALIDAR_EVIDENCIA;Inventário não certifica execução.
V4:QUA-02:S003;QUA-02;v4;Timeout externo ambíguo resulta em UNKNOWN sem failover indevido;openspec/changes/hub-interoperabilidade-v4/specs/qualidade-e-aceite/spec.md;41;393df96d01f78208d1f2f5e1269241b5776bd568120081d397563265b0f52926;REVALIDAR_EVIDENCIA;Inventário não certifica execução.
V4:QUA-02:S004;QUA-02;v4;Callback e polling simultâneos produzem uma única conclusão;openspec/changes/hub-interoperabilidade-v4/specs/qualidade-e-aceite/spec.md;46;3a31f24bc49d8dacd5183c37a415d8952e2da7e8a51c3edce74319a8d95479c2;REVALIDAR_EVIDENCIA;Inventário não certifica execução.
V4:QUA-02:S005;QUA-02;v4;Quota de provedor compartilhada respeita limite global sob escala horizontal;openspec/changes/hub-interoperabilidade-v4/specs/qualidade-e-aceite/spec.md;51;6e1c662cc3395ed5d046ce1f3ec2f0d299ea38e2c60b9b9d2886cb0b1726df3a;REVALIDAR_EVIDENCIA;Inventário não certifica execução.
V4:QUA-02:S006;QUA-02;v4;Saldo disputado não excede o limite estrito do contrato;openspec/changes/hub-interoperabilidade-v4/specs/qualidade-e-aceite/spec.md;56;21734a50914ac281ad588129d0958741ecf729b17b97324ddf484fad845e44d4;REVALIDAR_EVIDENCIA;Inventário não certifica execução.
V4:QUA-02:S007;QUA-02;v4;Webhook indisponível não gera reexecução indevida;openspec/changes/hub-interoperabilidade-v4/specs/qualidade-e-aceite/spec.md;61;2f99062bd5ce555ba6d428e3487ef1a208f954aa4be73c331efbf23823abd42e;REVALIDAR_EVIDENCIA;Inventário não certifica execução.
V4:QUA-02:S008;QUA-02;v4;Restauração de backup com efeitos externos já realizados bloqueia saída até reconciliar;openspec/changes/hub-interoperabilidade-v4/specs/qualidade-e-aceite/spec.md;66;7a43a0bfac761167b0a0402efc13169c49d1491284b2c24252bf021442c1c2d2;REVALIDAR_EVIDENCIA;Inventário não certifica execução.
V4:QUA-02:S009;QUA-02;v4;Casos adicionais de segurança e contrato são cobertos além da tabela principal;openspec/changes/hub-interoperabilidade-v4/specs/qualidade-e-aceite/spec.md;71;9b8738088866100c63e14a1a7ba7327e8f425d5b1e090a129f3ecfb394231dca;REVALIDAR_EVIDENCIA;Inventário não certifica execução.
V4:QUA-03:S001;QUA-03;v4;Relatório de desempenho incompleto não qualifica um SLO;openspec/changes/hub-interoperabilidade-v4/specs/qualidade-e-aceite/spec.md;79;188e9dbe99ab533a3240014057934089f2b4c3c781af9d9b4d3b69ce8b6732ed;REVALIDAR_EVIDENCIA;Inventário não certifica execução.
V4:QUA-03:S002;QUA-03;v4;"""Fila vazia"" não prova ausência de perda";openspec/changes/hub-interoperabilidade-v4/specs/qualidade-e-aceite/spec.md;84;a30251a31e1db7a0ae98efa778b8213f97c9be74ffd6c205e20f9b108a38dc3c;REVALIDAR_EVIDENCIA;Inventário não certifica execução.
V4:QUA-03:S003;QUA-03;v4;Faturamento é validado por calculadora independente antes do aceite;openspec/changes/hub-interoperabilidade-v4/specs/qualidade-e-aceite/spec.md;89;ce5560968410689c9e385af4955734de09e5f3e1e41cabb54f3e7a7853302711;REVALIDAR_EVIDENCIA;Inventário não certifica execução.
V4:QUA-03:S004;QUA-03;v4;Consulta local (GET) não gera nova chamada ao provedor;openspec/changes/hub-interoperabilidade-v4/specs/qualidade-e-aceite/spec.md;94;554de404949193698f20c54d8a72af47ed058a651c01c8128733b533e87f4424;REVALIDAR_EVIDENCIA;Inventário não certifica execução.
V4:QUA-03:S005;QUA-03;v4;Bloqueador de release não é reclassificado para cumprir prazo;openspec/changes/hub-interoperabilidade-v4/specs/qualidade-e-aceite/spec.md;99;6ef708a721c00766461f4c78d6a64e3cf82b2c756700678df7ae16eac87a9bf0;REVALIDAR_EVIDENCIA;Inventário não certifica execução.
V4:QUA-04:S001;QUA-04;v4;G0 não exige conta de produção para fatia sintética;openspec/changes/hub-interoperabilidade-v4/specs/qualidade-e-aceite/spec.md;107;ba7cfd74bc1e15e293430e61b8bcd37a8c16f3bb5493818844c866d1e5291715;REVALIDAR_EVIDENCIA;Inventário não certifica execução.
V4:QUA-04:S002;QUA-04;v4;G2 bloqueia promoção sem testes negativos entre tenants aprovados;openspec/changes/hub-interoperabilidade-v4/specs/qualidade-e-aceite/spec.md;112;7c4221143a002ebf9adab79030bc076f4bd17f2c49c13f12d77b3196dbb4c96b;REVALIDAR_EVIDENCIA;Inventário não certifica execução.
V4:QUA-04:S003;QUA-04;v4;G3 exige o mesmo artefato de produção e prova correspondente ao RPO assumido;openspec/changes/hub-interoperabilidade-v4/specs/qualidade-e-aceite/spec.md;117;751b9d22eacb39122efd40ebb4415d83bc41867f275a81f4d43afafc7e1655d7;REVALIDAR_EVIDENCIA;Inventário não certifica execução.
V4:QUA-04:S004;QUA-04;v4;"G4 não declara produção pronta com endpoints ""não implementado""";openspec/changes/hub-interoperabilidade-v4/specs/qualidade-e-aceite/spec.md;122;c769d66a0865a8491f2b40f44232d66cba7cf11c2e22822ad1af129bb3fc4a3b;REVALIDAR_EVIDENCIA;Inventário não certifica execução.
V4:QUA-04:S005;QUA-04;v4;Oferta crítica em G4 exige perfil OPE-15 e cenários QUA-06 aprovados;openspec/changes/hub-interoperabilidade-v4/specs/qualidade-e-aceite/spec.md;127;78a2d58002ae4986088ad1ffec2d43b0b2bcb1c888efffdb92db2edc82aeacb0;REVALIDAR_EVIDENCIA;Inventário não certifica execução.
V4:QUA-05:S001;QUA-05;v4;TTL contínuo mantém a mesma janela através de reinício e troca de worker;openspec/changes/hub-interoperabilidade-v4/specs/qualidade-e-aceite/spec.md;135;35d80fb84b0df6d169f5f2601a377741c9bcc06dd46cc459c3beacbec4ea86df;REVALIDAR_EVIDENCIA;Inventário não certifica execução.
V4:QUA-05:S002;QUA-05;v4;TTL zero e erro permanente não geram repetição indevida;openspec/changes/hub-interoperabilidade-v4/specs/qualidade-e-aceite/spec.md;140;0956a36610ff029cb00879b97aec7f7d574061c59e6052cdf5b73d02d55d8c58;REVALIDAR_EVIDENCIA;Inventário não certifica execução.
V4:QUA-05:S003;QUA-05;v4;Provedor lento sem falhas HTTP resulta em expiração explícita, não em sucesso tardio;openspec/changes/hub-interoperabilidade-v4/specs/qualidade-e-aceite/spec.md;145;e5e7334ceec13eb6d4c1c823701fcada15b9a670f338b755363c1227ce00bec0;REVALIDAR_EVIDENCIA;Inventário não certifica execução.
V4:QUA-05:S004;QUA-05;v4;Fronteira temporal do deadline produz um único final;openspec/changes/hub-interoperabilidade-v4/specs/qualidade-e-aceite/spec.md;150;1e165b9c9fd7497339425827f51bc66f169a5297cd8aca7c276568ca152cd49f;REVALIDAR_EVIDENCIA;Inventário não certifica execução.
V4:QUA-05:S005;QUA-05;v4;Retorno tardio com impacto financeiro não gera receita de sucesso;openspec/changes/hub-interoperabilidade-v4/specs/qualidade-e-aceite/spec.md;155;d33ce9b5279fe185042442e3d899695a53769805e7a90e52a473805ef70ccbf7;REVALIDAR_EVIDENCIA;Inventário não certifica execução.
V4:QUA-05:S006;QUA-05;v4;Pressão variável ajusta o limite efetivo sem ultrapassar o teto;openspec/changes/hub-interoperabilidade-v4/specs/qualidade-e-aceite/spec.md;160;3830f43d930663e0921244047e785ed0fb68733df349eb8ff5bd387bc1a8ac4d;REVALIDAR_EVIDENCIA;Inventário não certifica execução.
V4:QUA-05:S007;QUA-05;v4;Múltiplas réplicas do Cometa respeitam a quota agregada com fencing;openspec/changes/hub-interoperabilidade-v4/specs/qualidade-e-aceite/spec.md;165;a27584eb30f3093ccf5ead907731554a4305d3755208e9d02f82814cddb2202a;REVALIDAR_EVIDENCIA;Inventário não certifica execução.
V4:QUA-05:S008;QUA-05;v4;Cliente ruidoso não consome a reserva de outro tenant;openspec/changes/hub-interoperabilidade-v4/specs/qualidade-e-aceite/spec.md;170;fdb3f45344a85ffab3e5da7378e9b4e35e11feec1cb1ed512491cae25652cf2d;REVALIDAR_EVIDENCIA;Inventário não certifica execução.
V4:QUA-05:S009;QUA-05;v4;Administração entre tenants nega cliente e audita administrador;openspec/changes/hub-interoperabilidade-v4/specs/qualidade-e-aceite/spec.md;175;7b36cfcdb1bac5f03bd6f67fae9a38080ac638a4b309f657b71f510fb7c4d31f;REVALIDAR_EVIDENCIA;Inventário não certifica execução.
V4:QUA-05:S010;QUA-05;v4;Preservação de fatos confirmados após falha correlacionada;openspec/changes/hub-interoperabilidade-v4/specs/qualidade-e-aceite/spec.md;180;5cf6a1530f5b30a8a96d30631b83ac62cd001928756109ed9c92116c594c2e46;REVALIDAR_EVIDENCIA;Inventário não certifica execução.
V4:QUA-06:S001;QUA-06;v4;SYNC nativo conclui na mesma conexão com broker cortado;openspec/changes/hub-interoperabilidade-v4/specs/qualidade-e-aceite/spec.md;188;5fc02de868820a945ecc2ea9578a9ae6a2a245e81e2a799b43196b121c8620c1;REVALIDAR_EVIDENCIA;Inventário não certifica execução.
V4:QUA-06:S002;QUA-06;v4;UUIDv7 persiste em todo protocolo mesmo com resposta de criação perdida;openspec/changes/hub-interoperabilidade-v4/specs/qualidade-e-aceite/spec.md;193;0c9d6fce308ab1af4db53e87ac94b566645f026e040e90fbe044a1e196b52bb7;REVALIDAR_EVIDENCIA;Inventário não certifica execução.
V4:QUA-06:S003;QUA-06;v4;Redis totalmente desligado mantém o SLO qualificado sem dependência oculta;openspec/changes/hub-interoperabilidade-v4/specs/qualidade-e-aceite/spec.md;198;5600292313b266463e45b59048a83b6e25b381c1c99dd37221ccd437fec597a6;REVALIDAR_EVIDENCIA;Inventário não certifica execução.
V4:QUA-06:S004;QUA-06;v4;Writer indisponível antes do aceite impede falso aceite;openspec/changes/hub-interoperabilidade-v4/specs/qualidade-e-aceite/spec.md;203;ebe47ee1928b0f563179ee7fd174228d0ab34fa9f3d013b47fe0ea941c8c7bb1;REVALIDAR_EVIDENCIA;Inventário não certifica execução.
V4:QUA-06:S005;QUA-06;v4;Cofre quente/frio limita uso do material ao período de validade;openspec/changes/hub-interoperabilidade-v4/specs/qualidade-e-aceite/spec.md;208;34332d6006518a4360a095acc86a5032adadb163bcd64152a5fb8e5e840b874a;REVALIDAR_EVIDENCIA;Inventário não certifica execução.
V4:QUA-06:S006;QUA-06;v4;Conta e pagador permanecem corretos e segregados sob polls pagos e final tardio;openspec/changes/hub-interoperabilidade-v4/specs/qualidade-e-aceite/spec.md;213;fb806b67110767dc967d5c905ec6548b84a768c7f3998e70246c3067a6e76b84;REVALIDAR_EVIDENCIA;Inventário não certifica execução.
V4:QUA-06:S007;QUA-06;v4;Redis versus autorização nega leitura mesmo em fallback;openspec/changes/hub-interoperabilidade-v4/specs/qualidade-e-aceite/spec.md;218;5eba787b784e6429b5c59d19e0486e1f7b865252103f8cee4314e387a1092610;REVALIDAR_EVIDENCIA;Inventário não certifica execução.
V4:QUA-06:S008;QUA-06;v4;Perda regional/partição exige RPO/RTO comprovados dentro do perfil contratado;openspec/changes/hub-interoperabilidade-v4/specs/qualidade-e-aceite/spec.md;223;80668e6a0150eff9a3ed0bd12b75489c691a774da70198124b69943100f720ac;REVALIDAR_EVIDENCIA;Inventário não certifica execução.
V4:QUA-06:S009;QUA-06;v4;Dado insuficiente resulta em NÃO QUALIFICADO, não em aprovação por ausência de erro;openspec/changes/hub-interoperabilidade-v4/specs/qualidade-e-aceite/spec.md;228;aaf9d67f7b9d4482aabb03375307b510947b7eccedd9190012b7418874a65f87;REVALIDAR_EVIDENCIA;Inventário não certifica execução.
R2-SEG-01-S01;R2-SEG-01;R2;R2-SEG-01-S01 — Cliente autorizado;openspec/changes/r2-01-identidade-e-isolamento/specs/identidade-e-isolamento-operacional/spec.md;11;d984a48b07d5bfd8cd8f717be5023669bbf07d1aa1b1c3e5201de64d84be98f0;REVALIDAR_EVIDENCIA;Inventário não certifica execução.
R2-SEG-01-S02;R2-SEG-01;R2;R2-SEG-01-S02 — Tentativa entre tenants;openspec/changes/r2-01-identidade-e-isolamento/specs/identidade-e-isolamento-operacional/spec.md;17;ecb27ed21ef38aa745a4e040f7268b228b7ded35a78c73ef39ac185b89711f70;REVALIDAR_EVIDENCIA;Inventário não certifica execução.
R2-SEG-01-S03;R2-SEG-01;R2;R2-SEG-01-S03 — Token inválido;openspec/changes/r2-01-identidade-e-isolamento/specs/identidade-e-isolamento-operacional/spec.md;23;32e8aa83611bf2c9340098ac6b76e0fd4bcfb78719f2b97bbe1530370caeaed2;REVALIDAR_EVIDENCIA;Inventário não certifica execução.
R2-SEG-02-S01;R2-SEG-02;R2;R2-SEG-02-S01 — Chamada interna permitida;openspec/changes/r2-01-identidade-e-isolamento/specs/identidade-e-isolamento-operacional/spec.md;35;8df1c1611ea584dde8a9b0e97f9347255ba820283c3a5e1fc3de94cd9f2d9218;REVALIDAR_EVIDENCIA;Inventário não certifica execução.
R2-SEG-02-S02;R2-SEG-02;R2;R2-SEG-02-S02 — Bypass pela porta interna;openspec/changes/r2-01-identidade-e-isolamento/specs/identidade-e-isolamento-operacional/spec.md;41;826bfe2a5b0e566ffd5ef727a7cd8b3060d34a23307c37a79e23a16d8507b23f;REVALIDAR_EVIDENCIA;Inventário não certifica execução.
R2-SEG-02-S03;R2-SEG-02;R2;R2-SEG-02-S03 — Pool reutilizado;openspec/changes/r2-01-identidade-e-isolamento/specs/identidade-e-isolamento-operacional/spec.md;47;a1aef6e8b4f2a188467a1bb8d3e7b4cbb55eb4e7ae60dfccf2f2aca206d7fc4c;REVALIDAR_EVIDENCIA;Inventário não certifica execução.
R2-SEG-03-S01;R2-SEG-03;R2;R2-SEG-03-S01 — Diagnóstico de desenvolvedor;openspec/changes/r2-01-identidade-e-isolamento/specs/identidade-e-isolamento-operacional/spec.md;59;73fa90f82da00eab752c1ced3e036183a0092cc99baef0a930ed6912b7980f4c;REVALIDAR_EVIDENCIA;Inventário não certifica execução.
R2-SEG-03-S02;R2-SEG-03;R2;R2-SEG-03-S02 — Sem elevação implícita;openspec/changes/r2-01-identidade-e-isolamento/specs/identidade-e-isolamento-operacional/spec.md;65;e397d899e21675f00942df7df1004e88ec1b2e528c93b6d83d5c3dbfe5af73d2;REVALIDAR_EVIDENCIA;Inventário não certifica execução.
R2-SEG-03-S03;R2-SEG-03;R2;R2-SEG-03-S03 — Auditoria indisponível;openspec/changes/r2-01-identidade-e-isolamento/specs/identidade-e-isolamento-operacional/spec.md;71;777229dc3848f3c37c18876df1421a49d17e349a0a73e3c03bd8b7cbb7ec819c;REVALIDAR_EVIDENCIA;Inventário não certifica execução.
R2-SEG-04-S01;R2-SEG-04;R2;R2-SEG-04-S01 — Destino homologado;openspec/changes/r2-01-identidade-e-isolamento/specs/identidade-e-isolamento-operacional/spec.md;83;80d4441013846507989f068edc934119ecc70bb25c644d1691f94d720e96c9ad;REVALIDAR_EVIDENCIA;Inventário não certifica execução.
R2-SEG-04-S02;R2-SEG-04;R2;R2-SEG-04-S02 — SSRF e rebinding;openspec/changes/r2-01-identidade-e-isolamento/specs/identidade-e-isolamento-operacional/spec.md;89;1b17290725178ec6bb9123f1dce9bb09a937b6d71f40619a7539b084a6bf9487;REVALIDAR_EVIDENCIA;Inventário não certifica execução.
R2-SEG-04-S03;R2-SEG-04;R2;R2-SEG-04-S03 — Rede privada legítima;openspec/changes/r2-01-identidade-e-isolamento/specs/identidade-e-isolamento-operacional/spec.md;95;0c6570083e25f1dbabfa9a729b516a5efa7e625123241be3ab7d0f04a68bda4c;REVALIDAR_EVIDENCIA;Inventário não certifica execução.
R2-SEG-05-S01;R2-SEG-05;R2;R2-SEG-05-S01 — Alteração atribuível;openspec/changes/r2-01-identidade-e-isolamento/specs/identidade-e-isolamento-operacional/spec.md;107;908a3a31e6654d3fbb799ce7091683ac84d0b2d0ca3d51961df407e8a295b528;REVALIDAR_EVIDENCIA;Inventário não certifica execução.
R2-SEG-05-S02;R2-SEG-05;R2;R2-SEG-05-S02 — Sessão termina;openspec/changes/r2-01-identidade-e-isolamento/specs/identidade-e-isolamento-operacional/spec.md;113;1df9e4314cd110bf8645048dd44a366a6269cbe02394456fefef7fbcbcc8aa86;REVALIDAR_EVIDENCIA;Inventário não certifica execução.
R2-SEG-05-S03;R2-SEG-05;R2;R2-SEG-05-S03 — Falha de backend;openspec/changes/r2-01-identidade-e-isolamento/specs/identidade-e-isolamento-operacional/spec.md;119;683150146778f39d606c168328e79839a82d54cc25497fd17e299295975e0277;REVALIDAR_EVIDENCIA;Inventário não certifica execução.
R2-EXE-01-S01;R2-EXE-01;R2;R2-EXE-01-S01 — Crash após aceite;openspec/changes/r2-02-execucao-duravel-e-resultados/specs/execucao-duravel-e-resultados/spec.md;11;2d9b0e40d780978fde5aef9cb6c2c1f2ff8637dd6644524954647bcc99420956;REVALIDAR_EVIDENCIA;Inventário não certifica execução.
R2-EXE-01-S02;R2-EXE-01;R2;R2-EXE-01-S02 — Broker indisponível;openspec/changes/r2-02-execucao-duravel-e-resultados/specs/execucao-duravel-e-resultados/spec.md;17;2397fb92d17b5194934fb32a56e0b7996f7a441382c9a4153d02a2ea50a2ee6b;REVALIDAR_EVIDENCIA;Inventário não certifica execução.
R2-EXE-01-S03;R2-EXE-01;R2;R2-EXE-01-S03 — Commit incerto;openspec/changes/r2-02-execucao-duravel-e-resultados/specs/execucao-duravel-e-resultados/spec.md;23;4383f601e6479bd22dfea5da5afdfa2fa72658219470fb0659fc58691e5e280b;REVALIDAR_EVIDENCIA;Inventário não certifica execução.
R2-EXE-02-S01;R2-EXE-02;R2;R2-EXE-02-S01 — Concorrência real;openspec/changes/r2-02-execucao-duravel-e-resultados/specs/execucao-duravel-e-resultados/spec.md;35;27a1fe17835e6108168ce82c6dabe804b8f9f72d4da1cd6a64638f0296e47bf7;REVALIDAR_EVIDENCIA;Inventário não certifica execução.
R2-EXE-02-S02;R2-EXE-02;R2;R2-EXE-02-S02 — Chave divergente;openspec/changes/r2-02-execucao-duravel-e-resultados/specs/execucao-duravel-e-resultados/spec.md;41;a6bdbc3fe1f65defffe8ffe50da0a97d4e553cb34209996be4b6447899e7cf12;REVALIDAR_EVIDENCIA;Inventário não certifica execução.
R2-EXE-02-S03;R2-EXE-02;R2;R2-EXE-02-S03 — Erro após aceite;openspec/changes/r2-02-execucao-duravel-e-resultados/specs/execucao-duravel-e-resultados/spec.md;47;75d6bd75ab7444c7cc4e7c4252acdd93de5b357a8613765cdf821ee94de54fed;REVALIDAR_EVIDENCIA;Inventário não certifica execução.
R2-EXE-03-S01;R2-EXE-03;R2;R2-EXE-03-S01 — Dois executores;openspec/changes/r2-02-execucao-duravel-e-resultados/specs/execucao-duravel-e-resultados/spec.md;59;f7e623cc1aa745e2db6e004d856c5b48093629960e15e414fd677346c30b3bcf;REVALIDAR_EVIDENCIA;Inventário não certifica execução.
R2-EXE-03-S02;R2-EXE-03;R2;R2-EXE-03-S02 — Crash após envio;openspec/changes/r2-02-execucao-duravel-e-resultados/specs/execucao-duravel-e-resultados/spec.md;65;91ec9d47c44e1fdde00e200561feff95dfc336e3f7c62975126f9ce07418bf6e;REVALIDAR_EVIDENCIA;Inventário não certifica execução.
R2-EXE-03-S03;R2-EXE-03;R2;R2-EXE-03-S03 — Fencing antigo;openspec/changes/r2-02-execucao-duravel-e-resultados/specs/execucao-duravel-e-resultados/spec.md;71;efd85ac875fcf1ff8a55c387cc77aa380a4f7691b4e45e59bd837bde432907ad;REVALIDAR_EVIDENCIA;Inventário não certifica execução.
R2-EXE-04-S01;R2-EXE-04;R2;R2-EXE-04-S01 — Conteúdo real;openspec/changes/r2-02-execucao-duravel-e-resultados/specs/execucao-duravel-e-resultados/spec.md;83;6bc584d5a75251696d8f1c20c10a4cc4423f6d3684b6474569274a86969b4eff;REVALIDAR_EVIDENCIA;Inventário não certifica execução.
R2-EXE-04-S02;R2-EXE-04;R2;R2-EXE-04-S02 — Resposta inválida;openspec/changes/r2-02-execucao-duravel-e-resultados/specs/execucao-duravel-e-resultados/spec.md;89;10a242e857c595b5589536350392d4f5ba551fe2a652fd5d1f61569660c94b14;REVALIDAR_EVIDENCIA;Inventário não certifica execução.
R2-EXE-04-S03;R2-EXE-04;R2;R2-EXE-04-S03 — Commit falha;openspec/changes/r2-02-execucao-duravel-e-resultados/specs/execucao-duravel-e-resultados/spec.md;95;d1b8d6f035a479709f581b44dd80e65658d5b1d6607feb68b7826a88f69158b1;REVALIDAR_EVIDENCIA;Inventário não certifica execução.
R2-EXE-05-S01;R2-EXE-05;R2;R2-EXE-05-S01 — Efeito falha;openspec/changes/r2-02-execucao-duravel-e-resultados/specs/execucao-duravel-e-resultados/spec.md;107;a9c328f6321305cef700d748cc44e9ae74bc2afdbd808bcd8a6615f6d37b6e01;REVALIDAR_EVIDENCIA;Inventário não certifica execução.
R2-EXE-05-S02;R2-EXE-05;R2;R2-EXE-05-S02 — Reentrega após commit;openspec/changes/r2-02-execucao-duravel-e-resultados/specs/execucao-duravel-e-resultados/spec.md;113;54b43bd97865b313747b4cb1f40b50262f78edb943d5a62cf5e556c9a3746abb;REVALIDAR_EVIDENCIA;Inventário não certifica execução.
R2-EXE-05-S03;R2-EXE-05;R2;R2-EXE-05-S03 — Schema desconhecido;openspec/changes/r2-02-execucao-duravel-e-resultados/specs/execucao-duravel-e-resultados/spec.md;119;c2fb276bd92da6e9f5d049a8377bed656305df2a3710e98c861d5766a3bd34d3;REVALIDAR_EVIDENCIA;Inventário não certifica execução.
R2-EXE-06-S01;R2-EXE-06;R2;R2-EXE-06-S01 — Timer atrasado;openspec/changes/r2-02-execucao-duravel-e-resultados/specs/execucao-duravel-e-resultados/spec.md;131;71cefecdc05d973eef039329cacc6f6a02081d8952169b6b91cacb61912a46e9;REVALIDAR_EVIDENCIA;Inventário não certifica execução.
R2-EXE-06-S02;R2-EXE-06;R2;R2-EXE-06-S02 — Commit cruza o limite;openspec/changes/r2-02-execucao-duravel-e-resultados/specs/execucao-duravel-e-resultados/spec.md;137;44123a99ac43fe431a37bca65657661c55ed49b6c93d58b04a49e69aa05fa8de;REVALIDAR_EVIDENCIA;Inventário não certifica execução.
R2-EXE-06-S03;R2-EXE-06;R2;R2-EXE-06-S03 — Final e expiração concorrentes;openspec/changes/r2-02-execucao-duravel-e-resultados/specs/execucao-duravel-e-resultados/spec.md;143;b9294fb545dd068ca82db33a1ef6e9629980d523958be0bceabe83b5d69e9e2d;REVALIDAR_EVIDENCIA;Inventário não certifica execução.
R2-EXE-06-S04;R2-EXE-06;R2;R2-EXE-06-S04 — Resultado tardio custoso;openspec/changes/r2-02-execucao-duravel-e-resultados/specs/execucao-duravel-e-resultados/spec.md;149;44ce0c556985ee55c7b2185eb922fe8f3f224eb9ac0a3f1d8c76f9d5e302cbb0;REVALIDAR_EVIDENCIA;Inventário não certifica execução.
R2-EXE-07-S01;R2-EXE-07;R2;R2-EXE-07-S01 — SYNC com broker parado;openspec/changes/r2-02-execucao-duravel-e-resultados/specs/execucao-duravel-e-resultados/spec.md;161;6884a024f3c1285d4870c855f1fed84a6fc5a0a5ad1b6fe63c289897cf8d8cd3;REVALIDAR_EVIDENCIA;Inventário não certifica execução.
R2-EXE-07-S02;R2-EXE-07;R2;R2-EXE-07-S02 — Natureza incompatível;openspec/changes/r2-02-execucao-duravel-e-resultados/specs/execucao-duravel-e-resultados/spec.md;167;e23b163539326d3e1c87ec4de3cd95a48c8d0720302e7fbab405bfabd755b92d;REVALIDAR_EVIDENCIA;Inventário não certifica execução.
R2-EXE-07-S03;R2-EXE-07;R2;R2-EXE-07-S03 — AUTO rápido e lento;openspec/changes/r2-02-execucao-duravel-e-resultados/specs/execucao-duravel-e-resultados/spec.md;173;da7a8d23f1bfd5a50e428876520566a8c7c437a3b25acd79a588787014b3d0eb;REVALIDAR_EVIDENCIA;Inventário não certifica execução.
R2-EXE-07-S04;R2-EXE-07;R2;R2-EXE-07-S04 — Cliente desconecta;openspec/changes/r2-02-execucao-duravel-e-resultados/specs/execucao-duravel-e-resultados/spec.md;179;ded274a225fb4c3fb8c4bc6e7b72f07661c834cfa139f391a109845950e41dad;REVALIDAR_EVIDENCIA;Inventário não certifica execução.
R2-EXE-08-S01;R2-EXE-08;R2;R2-EXE-08-S01 — Igualdade completa;openspec/changes/r2-02-execucao-duravel-e-resultados/specs/execucao-duravel-e-resultados/spec.md;191;98c84a46acd1a3e241a87b031c7cb25642746144b686a9a89aec222456faa253;REVALIDAR_EVIDENCIA;Inventário não certifica execução.
R2-EXE-08-S02;R2-EXE-08;R2;R2-EXE-08-S02 — Upgrade e mudança de contrato;openspec/changes/r2-02-execucao-duravel-e-resultados/specs/execucao-duravel-e-resultados/spec.md;197;34748c7257e5cd1934c3aeaddca235514ef47e830d258c669b728ef24e11811a;REVALIDAR_EVIDENCIA;Inventário não certifica execução.
R2-EXE-08-S03;R2-EXE-08;R2;R2-EXE-08-S03 — Resultado pendente ou expirado;openspec/changes/r2-02-execucao-duravel-e-resultados/specs/execucao-duravel-e-resultados/spec.md;203;4ecbec8480a3341ba526e4070437534f447f2dfc9248796b24cba0a44a3aa623;REVALIDAR_EVIDENCIA;Inventário não certifica execução.
R2-EXE-09-S01;R2-EXE-09;R2;R2-EXE-09-S01 — Protocolo órfão de despacho;openspec/changes/r2-02-execucao-duravel-e-resultados/specs/execucao-duravel-e-resultados/spec.md;215;062d5455af7439e780ad4506da39091658e8e61047b6b2b0937d647ab53e5726;REVALIDAR_EVIDENCIA;Inventário não certifica execução.
R2-EXE-09-S02;R2-EXE-09;R2;R2-EXE-09-S02 — Parceiro sem consulta idempotente;openspec/changes/r2-02-execucao-duravel-e-resultados/specs/execucao-duravel-e-resultados/spec.md;221;c5949ec1773874aab647afea5ed9b09e56e42f2ec5ae65e7b637c0942bf9d1a3;REVALIDAR_EVIDENCIA;Inventário não certifica execução.
R2-EXE-09-S03;R2-EXE-09;R2;R2-EXE-09-S03 — Callback antes da associação;openspec/changes/r2-02-execucao-duravel-e-resultados/specs/execucao-duravel-e-resultados/spec.md;227;46fff766710fe43f6ab8b49b2b1980d90531de55ec7f53ded8619bcd6872d136;REVALIDAR_EVIDENCIA;Inventário não certifica execução.
R2-INT-01-S01;R2-INT-01;R2;R2-INT-01-S01 — REST real distinto do simulador;openspec/changes/r2-03-integracoes-credenciais-e-pressao/specs/integracoes-credenciais-e-pressao/spec.md;11;a01ab8a5b630994548b1140ac7cb228148f5a25be1e129a15fd0b7feeb34ce80;REVALIDAR_EVIDENCIA;Inventário não certifica execução.
R2-INT-01-S02;R2-INT-01;R2;R2-INT-01-S02 — Capacidade ausente;openspec/changes/r2-03-integracoes-credenciais-e-pressao/specs/integracoes-credenciais-e-pressao/spec.md;17;5e8a27fa8286d5e2bdcaf5ea815a00e25f378c8b874f3d6a370a0da2768d58c4;REVALIDAR_EVIDENCIA;Inventário não certifica execução.
R2-INT-01-S03;R2-INT-01;R2;R2-INT-01-S03 — Protocolo especializado;openspec/changes/r2-03-integracoes-credenciais-e-pressao/specs/integracoes-credenciais-e-pressao/spec.md;23;b338d3f837e3c74f816dd8bc37433c8130758cb9499dd8cddf17af13dcd13837;REVALIDAR_EVIDENCIA;Inventário não certifica execução.
R2-INT-02-S01;R2-INT-02;R2;R2-INT-02-S01 — Dois clientes na mesma conta;openspec/changes/r2-03-integracoes-credenciais-e-pressao/specs/integracoes-credenciais-e-pressao/spec.md;35;cdf0fe3b8de86b72272ba97fd300048fc5cc92a75e6814e496a7c1224744071d;REVALIDAR_EVIDENCIA;Inventário não certifica execução.
R2-INT-02-S02;R2-INT-02;R2;R2-INT-02-S02 — Vínculo dedicado indisponível;openspec/changes/r2-03-integracoes-credenciais-e-pressao/specs/integracoes-credenciais-e-pressao/spec.md;41;3c10a97921b381c0757c28a082d15a5f6a6ec4475a0c2cbe6f11bd81502b624c;REVALIDAR_EVIDENCIA;Inventário não certifica execução.
R2-INT-02-S03;R2-INT-02;R2;R2-INT-02-S03 — Rotação e cache;openspec/changes/r2-03-integracoes-credenciais-e-pressao/specs/integracoes-credenciais-e-pressao/spec.md;47;fa4d93b55aa674d1e57e0d0f99c2064b2925738ecec19c6327f66374f47f78cf;REVALIDAR_EVIDENCIA;Inventário não certifica execução.
R2-INT-03-S01;R2-INT-03;R2;R2-INT-03-S01 — mTLS comprovado;openspec/changes/r2-03-integracoes-credenciais-e-pressao/specs/integracoes-credenciais-e-pressao/spec.md;59;19d381d51aba9ca69697ad39097df63f0da0b94503fe404dc9dee20ed3d84f03;REVALIDAR_EVIDENCIA;Inventário não certifica execução.
R2-INT-03-S02;R2-INT-03;R2;R2-INT-03-S02 — Redis ausente;openspec/changes/r2-03-integracoes-credenciais-e-pressao/specs/integracoes-credenciais-e-pressao/spec.md;65;dcf46a08b0bfa064f6b523e2dd5f0303428b5a00e9a7a745c2928c0eef7f8860;REVALIDAR_EVIDENCIA;Inventário não certifica execução.
R2-INT-03-S03;R2-INT-03;R2;R2-INT-03-S03 — Cofre indisponível;openspec/changes/r2-03-integracoes-credenciais-e-pressao/specs/integracoes-credenciais-e-pressao/spec.md;71;bafa941793c30363fa0c99a6eaa0a3dc29d5c2ec3739a06af62384d3183ce735;REVALIDAR_EVIDENCIA;Inventário não certifica execução.
R2-INT-04-S01;R2-INT-04;R2;R2-INT-04-S01 — Ativação de polling;openspec/changes/r2-03-integracoes-credenciais-e-pressao/specs/integracoes-credenciais-e-pressao/spec.md;83;eb4fc71e8b14e8c26e784d28e4425cb87ded0521a6c31b4a104740dcae14efb4;REVALIDAR_EVIDENCIA;Inventário não certifica execução.
R2-INT-04-S02;R2-INT-04;R2;R2-INT-04-S02 — Resposta pendente saudável;openspec/changes/r2-03-integracoes-credenciais-e-pressao/specs/integracoes-credenciais-e-pressao/spec.md;89;8137df83d19314114e821e683c7c50c464d0e1447fc2dc7bc2a64eb88c33b529;REVALIDAR_EVIDENCIA;Inventário não certifica execução.
R2-INT-04-S03;R2-INT-04;R2;R2-INT-04-S03 — Polling e callback concorrentes;openspec/changes/r2-03-integracoes-credenciais-e-pressao/specs/integracoes-credenciais-e-pressao/spec.md;95;15a6d52f6b7345f8d7c19d7fcda6a9f87cc65316cd322514bfbf13f7091430f8;REVALIDAR_EVIDENCIA;Inventário não certifica execução.
R2-INT-04-S04;R2-INT-04;R2;R2-INT-04-S04 — Falha de recibo;openspec/changes/r2-03-integracoes-credenciais-e-pressao/specs/integracoes-credenciais-e-pressao/spec.md;101;f0ccccef415e1c128951bb6a464315c3c92b527607d7515c48b7a854bbce8035;REVALIDAR_EVIDENCIA;Inventário não certifica execução.
R2-INT-05-S01;R2-INT-05;R2;R2-INT-05-S01 — TTL zero;openspec/changes/r2-03-integracoes-credenciais-e-pressao/specs/integracoes-credenciais-e-pressao/spec.md;113;59fb2a9ed643d86ac4e243b7ccbfd62dc6171f11c58779dbfb9a92f049a20efb;REVALIDAR_EVIDENCIA;Inventário não certifica execução.
R2-INT-05-S02;R2-INT-05;R2;R2-INT-05-S02 — Reinício no meio da janela;openspec/changes/r2-03-integracoes-credenciais-e-pressao/specs/integracoes-credenciais-e-pressao/spec.md;119;c6258d65c3aa082c202871a919a852eea2c484b8d0496ed5427fdaf7babdf946;REVALIDAR_EVIDENCIA;Inventário não certifica execução.
R2-INT-05-S03;R2-INT-05;R2;R2-INT-05-S03 — 429 com espera incompatível;openspec/changes/r2-03-integracoes-credenciais-e-pressao/specs/integracoes-credenciais-e-pressao/spec.md;125;ea7f002d7294b25ff7a9679a8cc5ee8c685c6176e67eb2a1b1e24ac6fb9f653b;REVALIDAR_EVIDENCIA;Inventário não certifica execução.
R2-INT-05-S04;R2-INT-05;R2;R2-INT-05-S04 — Timeout após envio;openspec/changes/r2-03-integracoes-credenciais-e-pressao/specs/integracoes-credenciais-e-pressao/spec.md;131;8bc5b32da2e1d2a392f9a52b69c414263878e3a26a830351bff4fb2fbea55a01;REVALIDAR_EVIDENCIA;Inventário não certifica execução.
R2-INT-06-S01;R2-INT-06;R2;R2-INT-06-S01 — Provedor degrada;openspec/changes/r2-03-integracoes-credenciais-e-pressao/specs/integracoes-credenciais-e-pressao/spec.md;143;58ef7f856b80d4d56c2edb2cfeb8ccb8a5385615552293aedd60d3c1c9b5482b;REVALIDAR_EVIDENCIA;Inventário não certifica execução.
R2-INT-06-S02;R2-INT-06;R2;R2-INT-06-S02 — Provedor escala;openspec/changes/r2-03-integracoes-credenciais-e-pressao/specs/integracoes-credenciais-e-pressao/spec.md;149;5c0b84d25eebea5996d61e1d47edea029b28e86c4d0886a2153d3c32235c177a;REVALIDAR_EVIDENCIA;Inventário não certifica execução.
R2-INT-06-S03;R2-INT-06;R2;R2-INT-06-S03 — Três réplicas e partição;openspec/changes/r2-03-integracoes-credenciais-e-pressao/specs/integracoes-credenciais-e-pressao/spec.md;155;a06c708f4cc4703b761f83dfdbebc7872ebda4731a60025897cafa3f55015521;REVALIDAR_EVIDENCIA;Inventário não certifica execução.
R2-INT-06-S04;R2-INT-06;R2;R2-INT-06-S04 — Ruído de cliente;openspec/changes/r2-03-integracoes-credenciais-e-pressao/specs/integracoes-credenciais-e-pressao/spec.md;161;2051ba0a454bff9f516221b266dda192cdada0277345a8383605709c6b4fc11f;REVALIDAR_EVIDENCIA;Inventário não certifica execução.
R2-INT-07-S01;R2-INT-07;R2;R2-INT-07-S01 — Mesma URL em dois tenants;openspec/changes/r2-03-integracoes-credenciais-e-pressao/specs/integracoes-credenciais-e-pressao/spec.md;173;d33447618c84c6cfbe323b3c8b28fc2563e99e5b7d867faa47b1d63cd608c14b;REVALIDAR_EVIDENCIA;Inventário não certifica execução.
R2-INT-07-S02;R2-INT-07;R2;R2-INT-07-S02 — Rotação e replay;openspec/changes/r2-03-integracoes-credenciais-e-pressao/specs/integracoes-credenciais-e-pressao/spec.md;179;aa86e5211e8bf7a9ec89d0d9e246581632c9e74f5e18bd514cf9a76078635104;REVALIDAR_EVIDENCIA;Inventário não certifica execução.
R2-INT-07-S03;R2-INT-07;R2;R2-INT-07-S03 — Destino lento ou indisponível;openspec/changes/r2-03-integracoes-credenciais-e-pressao/specs/integracoes-credenciais-e-pressao/spec.md;185;3ed600f838f82235a0805c7127d7af4448ac9384f9fff23726d862e749e8ad77;REVALIDAR_EVIDENCIA;Inventário não certifica execução.
R2-INT-07-S04;R2-INT-07;R2;R2-INT-07-S04 — Duplicata no receptor;openspec/changes/r2-03-integracoes-credenciais-e-pressao/specs/integracoes-credenciais-e-pressao/spec.md;191;a57cc7fd776d962b3b3a829f707b4c2b3ff6e861314a00f2b478bfa39e5403f3;REVALIDAR_EVIDENCIA;Inventário não certifica execução.
R2-INT-08-S01;R2-INT-08;R2;R2-INT-08-S01 — Violação apenas do provedor;openspec/changes/r2-03-integracoes-credenciais-e-pressao/specs/integracoes-credenciais-e-pressao/spec.md;203;8ab93e04b0ebd4b0a953cdcfdc58edefab42ea182ad0616e0ce358949a0ed2ed;REVALIDAR_EVIDENCIA;Inventário não certifica execução.
R2-INT-08-S02;R2-INT-08;R2;R2-INT-08-S02 — Rejeição contratada;openspec/changes/r2-03-integracoes-credenciais-e-pressao/specs/integracoes-credenciais-e-pressao/spec.md;209;b6d5078e24a208b481c7642252a02cdffc2af913d4b0c5d4107b4a8dd389273a;REVALIDAR_EVIDENCIA;Inventário não certifica execução.
R2-INT-08-S03;R2-INT-08;R2;R2-INT-08-S03 — Coorte ainda aberta;openspec/changes/r2-03-integracoes-credenciais-e-pressao/specs/integracoes-credenciais-e-pressao/spec.md;215;d2758352cf2014bc0f37d99d4a3d279e2df78d22a20946b5ffd8ca7c113c597d;REVALIDAR_EVIDENCIA;Inventário não certifica execução.
R2-CAT-01-S01;R2-CAT-01;R2;R2-CAT-01-S01 — Publicação válida;openspec/changes/r2-04-catalogo-produtos-e-contratos/specs/catalogo-produtos-e-contratos-versionados/spec.md;11;8f92ca10be045075168b1483938c9eb979ac7e62cc7b8ff091ded80351bb0512;REVALIDAR_EVIDENCIA;Inventário não certifica execução.
R2-CAT-01-S02;R2-CAT-01;R2;R2-CAT-01-S02 — Sobrescrita de publicado;openspec/changes/r2-04-catalogo-produtos-e-contratos/specs/catalogo-produtos-e-contratos-versionados/spec.md;17;83d6d56c6c398271c50ec251776d0e0c259c9eb586b0d7fc024df8b178f445b6;REVALIDAR_EVIDENCIA;Inventário não certifica execução.
R2-CAT-01-S03;R2-CAT-01;R2;R2-CAT-01-S03 — Edição concorrente;openspec/changes/r2-04-catalogo-produtos-e-contratos/specs/catalogo-produtos-e-contratos-versionados/spec.md;23;069a54c95a562c57e960652dfc3fb2af388dfd69385bc0dff1609778f9de832c;REVALIDAR_EVIDENCIA;Inventário não certifica execução.
R2-CAT-02-S01;R2-CAT-02;R2;R2-CAT-02-S01 — Seleção elegível;openspec/changes/r2-04-catalogo-produtos-e-contratos/specs/catalogo-produtos-e-contratos-versionados/spec.md;35;50858311cebcc67ee8fab4219671aec8e1ad5baaa1680305a9f2c8cb0ca9fe16;REVALIDAR_EVIDENCIA;Inventário não certifica execução.
R2-CAT-02-S02;R2-CAT-02;R2;R2-CAT-02-S02 — Conta escolhida pelo cliente;openspec/changes/r2-04-catalogo-produtos-e-contratos/specs/catalogo-produtos-e-contratos-versionados/spec.md;41;a8b2aec7c417bcf698858e272a1a13dd78b01ae5a16c3664f165a020f116352e;REVALIDAR_EVIDENCIA;Inventário não certifica execução.
R2-CAT-02-S03;R2-CAT-02;R2;R2-CAT-02-S03 — Sem combinação de SLA viável;openspec/changes/r2-04-catalogo-produtos-e-contratos/specs/catalogo-produtos-e-contratos-versionados/spec.md;47;9f0945b76e693eeb9dd24439afeda9e6faed693b39c2afcaa8be2d883a0e93a4;REVALIDAR_EVIDENCIA;Inventário não certifica execução.
R2-CAT-03-S01;R2-CAT-03;R2;R2-CAT-03-S01 — A e B independentes;openspec/changes/r2-04-catalogo-produtos-e-contratos/specs/catalogo-produtos-e-contratos-versionados/spec.md;59;c0a8c8320b85f5e6d14d3c2cfe6370ac31c96b43096cc0a905b5ac19d0be8096;REVALIDAR_EVIDENCIA;Inventário não certifica execução.
R2-CAT-03-S02;R2-CAT-03;R2;R2-CAT-03-S02 — Passo opcional falha;openspec/changes/r2-04-catalogo-produtos-e-contratos/specs/catalogo-produtos-e-contratos-versionados/spec.md;65;c489272322a0527fcdfc88a838feaac9c98e7bf14516139356956c618f82c2eb;REVALIDAR_EVIDENCIA;Inventário não certifica execução.
R2-CAT-03-S03;R2-CAT-03;R2;R2-CAT-03-S03 — Fan-out abusivo;openspec/changes/r2-04-catalogo-produtos-e-contratos/specs/catalogo-produtos-e-contratos-versionados/spec.md;71;81d8b923a0131056b82072ec047d090f41af7468f78055dc67849ab91dacbec5;REVALIDAR_EVIDENCIA;Inventário não certifica execução.
R2-CAT-04-S01;R2-CAT-04;R2;R2-CAT-04-S01 — Dependência C;openspec/changes/r2-04-catalogo-produtos-e-contratos/specs/catalogo-produtos-e-contratos-versionados/spec.md;83;64d6cb58e05c6b9879dd76c881572a2025eba8d19c3fb9c92a8782bb63d546c8;REVALIDAR_EVIDENCIA;Inventário não certifica execução.
R2-CAT-04-S02;R2-CAT-04;R2;R2-CAT-04-S02 — Ciclo ou referência inválida;openspec/changes/r2-04-catalogo-produtos-e-contratos/specs/catalogo-produtos-e-contratos-versionados/spec.md;89;ad650d3f70450404b3c84e92d34055b5df6b8304ab3965c701250e3de94328a3;REVALIDAR_EVIDENCIA;Inventário não certifica execução.
R2-CAT-04-S03;R2-CAT-04;R2;R2-CAT-04-S03 — Compensação incompleta;openspec/changes/r2-04-catalogo-produtos-e-contratos/specs/catalogo-produtos-e-contratos-versionados/spec.md;95;ca91b7fbcce7595fba06f8ece1cf9db8acf340d3ff0852c80df2644bf4e1f462;REVALIDAR_EVIDENCIA;Inventário não certifica execução.
R2-CAT-05-S01;R2-CAT-05;R2;R2-CAT-05-S01 — Dois contratos legados;openspec/changes/r2-04-catalogo-produtos-e-contratos/specs/catalogo-produtos-e-contratos-versionados/spec.md;107;218d98e67cd729930d65ee9da6e7de338c09eee92fd525bcd5442b5a7dd48d8e;REVALIDAR_EVIDENCIA;Inventário não certifica execução.
R2-CAT-05-S02;R2-CAT-05;R2;R2-CAT-05-S02 — Transformação inválida;openspec/changes/r2-04-catalogo-produtos-e-contratos/specs/catalogo-produtos-e-contratos-versionados/spec.md;113;818ac77cd39f845d8a0abad80bd1dab5268b575d3319e9fd04b56bec9f8b74f7;REVALIDAR_EVIDENCIA;Inventário não certifica execução.
R2-CAT-05-S03;R2-CAT-05;R2;R2-CAT-05-S03 — Upgrade de schema;openspec/changes/r2-04-catalogo-produtos-e-contratos/specs/catalogo-produtos-e-contratos-versionados/spec.md;119;473c3d2408f590abe63af043c4c674944281c4aec316a210776ecec354eeba23;REVALIDAR_EVIDENCIA;Inventário não certifica execução.
R2-CAT-06-S01;R2-CAT-06;R2;R2-CAT-06-S01 — Contrato muda durante processamento;openspec/changes/r2-04-catalogo-produtos-e-contratos/specs/catalogo-produtos-e-contratos-versionados/spec.md;131;7a4c29d237ac4e9a83216d9aa857bfe627d2ccc9056cb6b43efeca9494e05e38;REVALIDAR_EVIDENCIA;Inventário não certifica execução.
R2-CAT-06-S02;R2-CAT-06;R2;R2-CAT-06-S02 — Atlas parado;openspec/changes/r2-04-catalogo-produtos-e-contratos/specs/catalogo-produtos-e-contratos-versionados/spec.md;137;6af7b08ede316bb011366d8e67533254c49a52a194d426f22be92c0bed818534;REVALIDAR_EVIDENCIA;Inventário não certifica execução.
R2-CAT-06-S03;R2-CAT-06;R2;R2-CAT-06-S03 — Revogação de segurança;openspec/changes/r2-04-catalogo-produtos-e-contratos/specs/catalogo-produtos-e-contratos-versionados/spec.md;143;44c77f0cc749c3cf7caaa25c97d500da2c3d45a4f46c8566d976d5bdc37477d5;REVALIDAR_EVIDENCIA;Inventário não certifica execução.
R2-CAT-07-S01;R2-CAT-07;R2;R2-CAT-07-S01 — Reimportação idempotente;openspec/changes/r2-04-catalogo-produtos-e-contratos/specs/catalogo-produtos-e-contratos-versionados/spec.md;155;e720121a6dbb157fc9fe2a34a7772e3a45340af8b2b36af1db9acbf8074c64c6;REVALIDAR_EVIDENCIA;Inventário não certifica execução.
R2-CAT-07-S02;R2-CAT-07;R2;R2-CAT-07-S02 — Falha no meio do lote;openspec/changes/r2-04-catalogo-produtos-e-contratos/specs/catalogo-produtos-e-contratos-versionados/spec.md;161;d470132f5cacc5524ffd80bd1632846f84f19a1e1ac49193bda8e7e659f68cca;REVALIDAR_EVIDENCIA;Inventário não certifica execução.
R2-CAT-07-S03;R2-CAT-07;R2;R2-CAT-07-S03 — Credenciais na collection;openspec/changes/r2-04-catalogo-produtos-e-contratos/specs/catalogo-produtos-e-contratos-versionados/spec.md;167;1515704223a40c8d3e65e6af796a95216156680bbf231d47329091a427ceb21c;REVALIDAR_EVIDENCIA;Inventário não certifica execução.
R2-CAT-08-S01;R2-CAT-08;R2;R2-CAT-08-S01 — Milhares de registros;openspec/changes/r2-04-catalogo-produtos-e-contratos/specs/catalogo-produtos-e-contratos-versionados/spec.md;179;c6839d8e52d7226d62e10027632b3b49f8e8d9c62c875c19e3d7b68d3556b14a;REVALIDAR_EVIDENCIA;Inventário não certifica execução.
R2-CAT-08-S02;R2-CAT-08;R2;R2-CAT-08-S02 — Refresh e outro operador;openspec/changes/r2-04-catalogo-produtos-e-contratos/specs/catalogo-produtos-e-contratos-versionados/spec.md;185;643d85b456239cb146489d060af3d91fcd7514179411183a038fef2ce60b887a;REVALIDAR_EVIDENCIA;Inventário não certifica execução.
R2-CAT-08-S03;R2-CAT-08;R2;R2-CAT-08-S03 — Capacidade insuficiente;openspec/changes/r2-04-catalogo-produtos-e-contratos/specs/catalogo-produtos-e-contratos-versionados/spec.md;191;c81a5d3314b5fdf06efd660798d96a15059ac54c5c59d062f9573c1cda6f65bd;REVALIDAR_EVIDENCIA;Inventário não certifica execução.
R2-ADM-01-S01;R2-ADM-01;R2;R2-ADM-01-S01 — Entrada autorizada;openspec/changes/r2-05-console-administrativo/specs/console-administrativo-operavel/spec.md;11;8271877bcdbf9170b561a38cd801afc6356c85eb411adcb8fe17c451a1137610;REVALIDAR_EVIDENCIA;Inventário não certifica execução.
R2-ADM-01-S02;R2-ADM-01;R2;R2-ADM-01-S02 — URL sem permissão;openspec/changes/r2-05-console-administrativo/specs/console-administrativo-operavel/spec.md;17;ad305e76a972434dd63c08a6fba8897c647145aa1d69a9f53b6843b27319e93d;REVALIDAR_EVIDENCIA;Inventário não certifica execução.
R2-ADM-01-S03;R2-ADM-01;R2;R2-ADM-01-S03 — Logout;openspec/changes/r2-05-console-administrativo/specs/console-administrativo-operavel/spec.md;23;493231be921c956aa0eacbf552e87bc7a8af3120ed1916b628c38b939346ec40;REVALIDAR_EVIDENCIA;Inventário não certifica execução.
R2-ADM-02-S01;R2-ADM-02;R2;R2-ADM-02-S01 — Catálogo populoso;openspec/changes/r2-05-console-administrativo/specs/console-administrativo-operavel/spec.md;35;3201e6914291e82f27897ca655dcdf8c10b992b1a73ac292352c6c76b1cb520c;REVALIDAR_EVIDENCIA;Inventário não certifica execução.
R2-ADM-02-S02;R2-ADM-02;R2;R2-ADM-02-S02 — Lista falha;openspec/changes/r2-05-console-administrativo/specs/console-administrativo-operavel/spec.md;41;eff3b8293ed1181392d32f4e6ffc8638e0ff7b2e6fd0b4f45ae5ae5e773d20b9;REVALIDAR_EVIDENCIA;Inventário não certifica execução.
R2-ADM-02-S03;R2-ADM-02;R2;R2-ADM-02-S03 — Conflito de edição;openspec/changes/r2-05-console-administrativo/specs/console-administrativo-operavel/spec.md;47;d33c69855402df0d29b87973f72524ebbec1703199192646900f2556957c15b5;REVALIDAR_EVIDENCIA;Inventário não certifica execução.
R2-ADM-03-S01;R2-ADM-03;R2;R2-ADM-03-S01 — Novo cliente;openspec/changes/r2-05-console-administrativo/specs/console-administrativo-operavel/spec.md;59;4cd33c3b0203653fb2927c05f1b90fbb3f0a12b93456d7126f1fcea6e468bbe4;REVALIDAR_EVIDENCIA;Inventário não certifica execução.
R2-ADM-03-S02;R2-ADM-03;R2;R2-ADM-03-S02 — Pendência visível;openspec/changes/r2-05-console-administrativo/specs/console-administrativo-operavel/spec.md;65;4c735e608e7d6e335d7c9e628d32c586c535ea06651a14bfb5a6535f2e52b909;REVALIDAR_EVIDENCIA;Inventário não certifica execução.
R2-ADM-03-S03;R2-ADM-03;R2;R2-ADM-03-S03 — Suspensão;openspec/changes/r2-05-console-administrativo/specs/console-administrativo-operavel/spec.md;71;a58d26d2b52833636c6c3fb5b0023f890074ab56bd93699bacabab9e5297d99b;REVALIDAR_EVIDENCIA;Inventário não certifica execução.
R2-ADM-04-S01;R2-ADM-04;R2;R2-ADM-04-S01 — Importação por preview;openspec/changes/r2-05-console-administrativo/specs/console-administrativo-operavel/spec.md;83;0c98fca94795e4961e1d4e9a18b645bc4d0966142261e256e5fefeee5a0c83d3;REVALIDAR_EVIDENCIA;Inventário não certifica execução.
R2-ADM-04-S02;R2-ADM-04;R2;R2-ADM-04-S02 — Serviço validado;openspec/changes/r2-05-console-administrativo/specs/console-administrativo-operavel/spec.md;89;a76389e8b3be45a4e63f66e02e0fd7cc8108ef551cd02ba25f8c56619083b5ec;REVALIDAR_EVIDENCIA;Inventário não certifica execução.
R2-ADM-04-S03;R2-ADM-04;R2;R2-ADM-04-S03 — Sem adapter;openspec/changes/r2-05-console-administrativo/specs/console-administrativo-operavel/spec.md;95;382cbeec4eb92a2d513903cb57f084fe201fc0ff8d5361e2523eb20e7b5e1001;REVALIDAR_EVIDENCIA;Inventário não certifica execução.
R2-ADM-05-S01;R2-ADM-05;R2;R2-ADM-05-S01 — Editor de composição;openspec/changes/r2-05-console-administrativo/specs/console-administrativo-operavel/spec.md;107;453487ae58c98f4d9534127b0c5dc3d1de93a1afbe04bc400d21c0fa60c23ce7;REVALIDAR_EVIDENCIA;Inventário não certifica execução.
R2-ADM-05-S02;R2-ADM-05;R2;R2-ADM-05-S02 — Ciclo detectado;openspec/changes/r2-05-console-administrativo/specs/console-administrativo-operavel/spec.md;113;ee4541da4af2eda1a38463365f8980af989dc017b3af3e0eccc3e38f5648f160;REVALIDAR_EVIDENCIA;Inventário não certifica execução.
R2-ADM-05-S03;R2-ADM-05;R2;R2-ADM-05-S03 — Simulação sem efeitos;openspec/changes/r2-05-console-administrativo/specs/console-administrativo-operavel/spec.md;119;090851f6bbb6bcf5f8d099436936219c2efaa16a93a2dff579dda979b773dbe3;REVALIDAR_EVIDENCIA;Inventário não certifica execução.
R2-ADM-06-S01;R2-ADM-06;R2;R2-ADM-06-S01 — Diagnóstico de binding;openspec/changes/r2-05-console-administrativo/specs/console-administrativo-operavel/spec.md;131;a9d50549257815beb1509cc3059eec6b87726a62ed09ce5d9ead619647be710f;REVALIDAR_EVIDENCIA;Inventário não certifica execução.
R2-ADM-06-S02;R2-ADM-06;R2;R2-ADM-06-S02 — Rotação;openspec/changes/r2-05-console-administrativo/specs/console-administrativo-operavel/spec.md;137;c2d209ff3493feea64a94e053becbda28613b2df9329c16928327d3928d1f775;REVALIDAR_EVIDENCIA;Inventário não certifica execução.
R2-ADM-06-S03;R2-ADM-06;R2;R2-ADM-06-S03 — Pressão reduzida;openspec/changes/r2-05-console-administrativo/specs/console-administrativo-operavel/spec.md;143;bbf9f4b81ee0cbe9cf67faed49fea0244b82d4123d822ec1a6fe5686f45ec207;REVALIDAR_EVIDENCIA;Inventário não certifica execução.
R2-ADM-07-S01;R2-ADM-07;R2;R2-ADM-07-S01 — Contrato legado;openspec/changes/r2-05-console-administrativo/specs/console-administrativo-operavel/spec.md;155;e3aa63aab5784b800746f21ae5d1368d3d8459b0720c3815e22f2030cd2cc668;REVALIDAR_EVIDENCIA;Inventário não certifica execução.
R2-ADM-07-S02;R2-ADM-07;R2;R2-ADM-07-S02 — TTL versus SLA;openspec/changes/r2-05-console-administrativo/specs/console-administrativo-operavel/spec.md;161;a870c0ce991757f99fb5dccf5da07db56a66922b8fe9c0dbabd5d329aed51ff5;REVALIDAR_EVIDENCIA;Inventário não certifica execução.
R2-ADM-07-S03;R2-ADM-07;R2;R2-ADM-07-S03 — SYNC incompatível;openspec/changes/r2-05-console-administrativo/specs/console-administrativo-operavel/spec.md;167;8f55ef92773f70b48a4f2d77ca6a173c66aaa765bbf50b524c973676ca3fdb97;REVALIDAR_EVIDENCIA;Inventário não certifica execução.
R2-ADM-08-S01;R2-ADM-08;R2;R2-ADM-08-S01 — Diagnóstico completo;openspec/changes/r2-05-console-administrativo/specs/console-administrativo-operavel/spec.md;179;2dcecd71dcee406107da85f85a5a649055985e777dad8e98726630a9f1a0ec3f;REVALIDAR_EVIDENCIA;Inventário não certifica execução.
R2-ADM-08-S02;R2-ADM-08;R2;R2-ADM-08-S02 — Resultado custodiado;openspec/changes/r2-05-console-administrativo/specs/console-administrativo-operavel/spec.md;185;b459244431988d1a5e36343efc9cbb7875ad65aeb41ff403715cdcad2e89a156;REVALIDAR_EVIDENCIA;Inventário não certifica execução.
R2-ADM-08-S03;R2-ADM-08;R2;R2-ADM-08-S03 — Filtro entre tenants;openspec/changes/r2-05-console-administrativo/specs/console-administrativo-operavel/spec.md;191;c61157cb7149d86d392d594d008f9450a1be3315c66b55d387c85b8c45cf9ffd;REVALIDAR_EVIDENCIA;Inventário não certifica execução.
R2-ADM-09-S01;R2-ADM-09;R2;R2-ADM-09-S01 — Webhook esgotado;openspec/changes/r2-05-console-administrativo/specs/console-administrativo-operavel/spec.md;203;b1d6b4c0aa718337e5ed2ae6fe50dd77e48ce44ad565fb058cd7cf2181d1d371;REVALIDAR_EVIDENCIA;Inventário não certifica execução.
R2-ADM-09-S02;R2-ADM-09;R2;R2-ADM-09-S02 — UNKNOWN externo;openspec/changes/r2-05-console-administrativo/specs/console-administrativo-operavel/spec.md;209;8171820cbd56e6b24b1dc26ce4c5c588bd80784dc8337ec9a16aeba2f0f11b00;REVALIDAR_EVIDENCIA;Inventário não certifica execução.
R2-ADM-09-S03;R2-ADM-09;R2;R2-ADM-09-S03 — Leitor administrativo;openspec/changes/r2-05-console-administrativo/specs/console-administrativo-operavel/spec.md;215;8ae5bc731004a3fa1b2b5c0f2468c933f9f50e71dd9fa82243ad659cc17c6547;REVALIDAR_EVIDENCIA;Inventário não certifica execução.
R2-ADM-10-S01;R2-ADM-10;R2;R2-ADM-10-S01 — Apuração de quebra;openspec/changes/r2-05-console-administrativo/specs/console-administrativo-operavel/spec.md;227;66d779e46aa827bf469f7042034172b61d06e0884fc9fc393c21c94280d5e4fb;REVALIDAR_EVIDENCIA;Inventário não certifica execução.
R2-ADM-10-S02;R2-ADM-10;R2;R2-ADM-10-S02 — Dados desatualizados;openspec/changes/r2-05-console-administrativo/specs/console-administrativo-operavel/spec.md;233;34fe1a8c291e7784254dfb90c07aa41213de89f426dcdd6ccf285a0cb5b64368;REVALIDAR_EVIDENCIA;Inventário não certifica execução.
R2-ADM-10-S03;R2-ADM-10;R2;R2-ADM-10-S03 — Consulta limitada;openspec/changes/r2-05-console-administrativo/specs/console-administrativo-operavel/spec.md;239;d37158fa34bb5af8fdb118589f1c1f3fc6ce2ed3bd786faa82c336bb25c0c7ba;REVALIDAR_EVIDENCIA;Inventário não certifica execução.
R2-ADM-11-S01;R2-ADM-11;R2;R2-ADM-11-S01 — Extrato explicável;openspec/changes/r2-05-console-administrativo/specs/console-administrativo-operavel/spec.md;251;5264f3e588390efaea4171a7fad428c4178241e2e70733c27d94744d63fe8819;REVALIDAR_EVIDENCIA;Inventário não certifica execução.
R2-ADM-11-S02;R2-ADM-11;R2;R2-ADM-11-S02 — Fechamento incompleto;openspec/changes/r2-05-console-administrativo/specs/console-administrativo-operavel/spec.md;257;ba1b37f36f1178155276bf808cf73c3894a2b24aab1dd83bf46d30aebe2fbcc6;REVALIDAR_EVIDENCIA;Inventário não certifica execução.
R2-ADM-11-S03;R2-ADM-11;R2;R2-ADM-11-S03 — Estorno;openspec/changes/r2-05-console-administrativo/specs/console-administrativo-operavel/spec.md;263;77fc89b97a8dde48160401cd413e6ca0c5c7075a4edf3bb8eaa4ddede401c68f;REVALIDAR_EVIDENCIA;Inventário não certifica execução.
R2-ADM-12-S01;R2-ADM-12;R2;R2-ADM-12-S01 — Teclado e erro;openspec/changes/r2-05-console-administrativo/specs/console-administrativo-operavel/spec.md;275;d995c024879623f4d342fbae3b59a928d154086a2e48bd0ee7ce2cb822c6829c;REVALIDAR_EVIDENCIA;Inventário não certifica execução.
R2-ADM-12-S02;R2-ADM-12;R2;R2-ADM-12-S02 — Falha de rede ou 409;openspec/changes/r2-05-console-administrativo/specs/console-administrativo-operavel/spec.md;281;3a805a4ce11b24357e84d68e22ee1683bcd048c96c8233b5de29a7ebd69878b4;REVALIDAR_EVIDENCIA;Inventário não certifica execução.
R2-ADM-12-S03;R2-ADM-12;R2;R2-ADM-12-S03 — Jornada integrada;openspec/changes/r2-05-console-administrativo/specs/console-administrativo-operavel/spec.md;287;2b1f5d9bb3fecfab4a5503ae810972cf4c8edcc5e75cd09dc2bf83f6fac52ad0;REVALIDAR_EVIDENCIA;Inventário não certifica execução.
R2-FIN-01-S01;R2-FIN-01;R2;R2-FIN-01-S01 — Preço muda antes de consumir;openspec/changes/r2-06-financeiro-auditavel/specs/financeiro-auditavel-e-conciliacao/spec.md;11;e1dbb9a2581de89825b1400795f7a459d35ef3e664096f3f2d8463b345b1d59d;REVALIDAR_EVIDENCIA;Inventário não certifica execução.
R2-FIN-01-S02;R2-FIN-01;R2;R2-FIN-01-S02 — Cliente paga diretamente;openspec/changes/r2-06-financeiro-auditavel/specs/financeiro-auditavel-e-conciliacao/spec.md;17;cc0c4d94bc3b5462252dbbe203ca95b7c9071b7d59d4b13fc10f637b157bf3b7;REVALIDAR_EVIDENCIA;Inventário não certifica execução.
R2-FIN-01-S03;R2-FIN-01;R2;R2-FIN-01-S03 — Compra por submit;openspec/changes/r2-06-financeiro-auditavel/specs/financeiro-auditavel-e-conciliacao/spec.md;23;698cf904e8444d2e55dfcc74fb180adc64069c3e7dab3c493fa6a363ad39321a;REVALIDAR_EVIDENCIA;Inventário não certifica execução.
R2-FIN-02-S01;R2-FIN-02;R2;R2-FIN-02-S01 — Dois passos custosos;openspec/changes/r2-06-financeiro-auditavel/specs/financeiro-auditavel-e-conciliacao/spec.md;35;b10629bc47cbc6ae3e5511b6eaae6e540b0c4cb1bf0e23bb8b60a5f0d83e18a3;REVALIDAR_EVIDENCIA;Inventário não certifica execução.
R2-FIN-02-S02;R2-FIN-02;R2;R2-FIN-02-S02 — Polling tarifado;openspec/changes/r2-06-financeiro-auditavel/specs/financeiro-auditavel-e-conciliacao/spec.md;41;bf88192b3e3ba750854f8707b8a7900ce04f71d4dfa4f02ba7008d3cd3808233;REVALIDAR_EVIDENCIA;Inventário não certifica execução.
R2-FIN-02-S03;R2-FIN-02;R2;R2-FIN-02-S03 — Precisão;openspec/changes/r2-06-financeiro-auditavel/specs/financeiro-auditavel-e-conciliacao/spec.md;47;34b038b59e04b63b41f3211d2701962b5ed6d6a06677a213e3758572f3a5b851;REVALIDAR_EVIDENCIA;Inventário não certifica execução.
R2-FIN-03-S01;R2-FIN-03;R2;R2-FIN-03-S01 — Limite cumulativo;openspec/changes/r2-06-financeiro-auditavel/specs/financeiro-auditavel-e-conciliacao/spec.md;59;85e823988a9298d5e209bd812c79d76e1cde5773189cac8d9ed94cc482620e0e;REVALIDAR_EVIDENCIA;Inventário não certifica execução.
R2-FIN-03-S02;R2-FIN-03;R2;R2-FIN-03-S02 — Concorrência pelo último saldo;openspec/changes/r2-06-financeiro-auditavel/specs/financeiro-auditavel-e-conciliacao/spec.md;65;4a4e73d5c78382164db0874bcf472feccc7c73707624f4174a40f22891ee5fce;REVALIDAR_EVIDENCIA;Inventário não certifica execução.
R2-FIN-03-S03;R2-FIN-03;R2;R2-FIN-03-S03 — Limite não configurado;openspec/changes/r2-06-financeiro-auditavel/specs/financeiro-auditavel-e-conciliacao/spec.md;71;9c28e327d2f6a22e9a4bea8f9b8970f22f5e37c943dba0b0383fc37cd4433796;REVALIDAR_EVIDENCIA;Inventário não certifica execução.
R2-FIN-03-S04;R2-FIN-03;R2;R2-FIN-03-S04 — Timeout com efeito incerto;openspec/changes/r2-06-financeiro-auditavel/specs/financeiro-auditavel-e-conciliacao/spec.md;77;79b727fdb246d723b69b4b45afde567f60495d30bb203132b91c03aaabc68a6e;REVALIDAR_EVIDENCIA;Inventário não certifica execução.
R2-FIN-04-S01;R2-FIN-04;R2;R2-FIN-04-S01 — Faixa marginal;openspec/changes/r2-06-financeiro-auditavel/specs/financeiro-auditavel-e-conciliacao/spec.md;89;65311a5daad58f00c82d9a4709a52a58a9916c1e50921b42fce9dd3a6f59fa60;REVALIDAR_EVIDENCIA;Inventário não certifica execução.
R2-FIN-04-S02;R2-FIN-04;R2;R2-FIN-04-S02 — Pacote versus soma;openspec/changes/r2-06-financeiro-auditavel/specs/financeiro-auditavel-e-conciliacao/spec.md;95;19d1b43adad656728792948c67e81c3df3592f183137896d7f596c4a423366a0;REVALIDAR_EVIDENCIA;Inventário não certifica execução.
R2-FIN-04-S03;R2-FIN-04;R2;R2-FIN-04-S03 — Franquia final concorrente;openspec/changes/r2-06-financeiro-auditavel/specs/financeiro-auditavel-e-conciliacao/spec.md;101;9b10fb005d7756aa5e14c8e4906a048955ebaeaf7593df60c65f1a7e6907e5c5;REVALIDAR_EVIDENCIA;Inventário não certifica execução.
R2-FIN-05-S01;R2-FIN-05;R2;R2-FIN-05-S01 — Partidas balanceadas;openspec/changes/r2-06-financeiro-auditavel/specs/financeiro-auditavel-e-conciliacao/spec.md;113;0698ca366d0d9c504408483ff1779622b73741bb61c5854374e7af63dfb0cba3;REVALIDAR_EVIDENCIA;Inventário não certifica execução.
R2-FIN-05-S02;R2-FIN-05;R2;R2-FIN-05-S02 — Reprocessamento;openspec/changes/r2-06-financeiro-auditavel/specs/financeiro-auditavel-e-conciliacao/spec.md;119;94dfa359ea39ce52c01c211816a912a75582d04ee02735178624d23c57f4b005;REVALIDAR_EVIDENCIA;Inventário não certifica execução.
R2-FIN-05-S03;R2-FIN-05;R2;R2-FIN-05-S03 — Estorno autorizado;openspec/changes/r2-06-financeiro-auditavel/specs/financeiro-auditavel-e-conciliacao/spec.md;125;909d5314facf2760320ba4c8d2e1b1fcb162b34cc7ff2f0325fcc525d07a6e5a;REVALIDAR_EVIDENCIA;Inventário não certifica execução.
R2-FIN-06-S01;R2-FIN-06;R2;R2-FIN-06-S01 — Fato atrasado;openspec/changes/r2-06-financeiro-auditavel/specs/financeiro-auditavel-e-conciliacao/spec.md;137;b71751d59772bb670de2344a571db8b306d1480b22fd9bc9eeffe2a337f4299d;REVALIDAR_EVIDENCIA;Inventário não certifica execução.
R2-FIN-06-S02;R2-FIN-06;R2;R2-FIN-06-S02 — Exportação repetida;openspec/changes/r2-06-financeiro-auditavel/specs/financeiro-auditavel-e-conciliacao/spec.md;143;5ff6d356a3c01ebde33ff194728bdbbe24321131394cd3d433273f0007e299fb;REVALIDAR_EVIDENCIA;Inventário não certifica execução.
R2-FIN-06-S03;R2-FIN-06;R2;R2-FIN-06-S03 — Contestação de SLA;openspec/changes/r2-06-financeiro-auditavel/specs/financeiro-auditavel-e-conciliacao/spec.md;149;d4167427b6304c91e2a309c9c62292a2cb6f8524e674e8815c2b7cd5495bfb05;REVALIDAR_EVIDENCIA;Inventário não certifica execução.
R2-DAD-01-S01;R2-DAD-01;R2;R2-DAD-01-S01 — Arquivo elegível;openspec/changes/r2-07-objetos-dados-e-retencao/specs/objetos-dados-e-retencao/spec.md;11;8c2fc889c69c0320f8305c5b344462cddb2712287a69a88d5368f4bf1e6f2b0c;REVALIDAR_EVIDENCIA;Inventário não certifica execução.
R2-DAD-01-S02;R2-DAD-01;R2;R2-DAD-01-S02 — Objeto de outro cliente;openspec/changes/r2-07-objetos-dados-e-retencao/specs/objetos-dados-e-retencao/spec.md;17;2b2cdaf646fed6dcd6cf2074bfb9cc004bacf2ddd3ecdf4aab51241eb953cbb4;REVALIDAR_EVIDENCIA;Inventário não certifica execução.
R2-DAD-01-S03;R2-DAD-01;R2;R2-DAD-01-S03 — Multipart incompleto;openspec/changes/r2-07-objetos-dados-e-retencao/specs/objetos-dados-e-retencao/spec.md;23;ccf1536f399827af76eb65fc8f2299c78f0a80aa97a967a5d7eec400d71ee1b4;REVALIDAR_EVIDENCIA;Inventário não certifica execução.
R2-DAD-02-S01;R2-DAD-02;R2;R2-DAD-02-S01 — Resultado grande;openspec/changes/r2-07-objetos-dados-e-retencao/specs/objetos-dados-e-retencao/spec.md;35;b0b503ad37371a3d4f501e7f75dc24108ccdb42c21ba812a9a0fbd70bbebc488;REVALIDAR_EVIDENCIA;Inventário não certifica execução.
R2-DAD-02-S02;R2-DAD-02;R2;R2-DAD-02-S02 — S3 falha;openspec/changes/r2-07-objetos-dados-e-retencao/specs/objetos-dados-e-retencao/spec.md;41;c409cd4df9f1a048874e7a6b6a654859da183a5c05e1f329acb52a862fed373f;REVALIDAR_EVIDENCIA;Inventário não certifica execução.
R2-DAD-02-S03;R2-DAD-02;R2;R2-DAD-02-S03 — Objeto sem commit do protocolo;openspec/changes/r2-07-objetos-dados-e-retencao/specs/objetos-dados-e-retencao/spec.md;47;fc58d37ca7eb67610d34f23f3f59170ab174fda2885b48612b46ac80b5968d6b;REVALIDAR_EVIDENCIA;Inventário não certifica execução.
R2-DAD-03-S01;R2-DAD-03;R2;R2-DAD-03-S01 — Expurgo elegível;openspec/changes/r2-07-objetos-dados-e-retencao/specs/objetos-dados-e-retencao/spec.md;59;f8a18fbce6879f045af99c2ef2ff46e639a76769e21536f28e90601c9178b57a;REVALIDAR_EVIDENCIA;Inventário não certifica execução.
R2-DAD-03-S02;R2-DAD-03;R2;R2-DAD-03-S02 — Entrega pendente;openspec/changes/r2-07-objetos-dados-e-retencao/specs/objetos-dados-e-retencao/spec.md;65;f13a78ba8fc6b81ce8b50b82a4953afd355a1516eccd996bce9cd1aecf758bb3;REVALIDAR_EVIDENCIA;Inventário não certifica execução.
R2-DAD-03-S03;R2-DAD-03;R2;R2-DAD-03-S03 — Mensagem antiga;openspec/changes/r2-07-objetos-dados-e-retencao/specs/objetos-dados-e-retencao/spec.md;71;8665b56e326b8b93bbb87d72654cb793323df97f04f2b09f93cb91f9b250a5a3;REVALIDAR_EVIDENCIA;Inventário não certifica execução.
R2-DAD-04-S01;R2-DAD-04;R2;R2-DAD-04-S01 — Writer indisponível com final válido;openspec/changes/r2-07-objetos-dados-e-retencao/specs/objetos-dados-e-retencao/spec.md;83;d8d84feef748f8d3a0bac4e8844f904001927db870b17e91cac15ba6ae445a7b;REVALIDAR_EVIDENCIA;Inventário não certifica execução.
R2-DAD-04-S02;R2-DAD-04;R2;R2-DAD-04-S02 — Réplica atrasada;openspec/changes/r2-07-objetos-dados-e-retencao/specs/objetos-dados-e-retencao/spec.md;89;63a918e2f190e3d45dbb96fc2d7ab1d17a13f492fbce95ae39d77f9c3f448422;REVALIDAR_EVIDENCIA;Inventário não certifica execução.
R2-DAD-04-S03;R2-DAD-04;R2;R2-DAD-04-S03 — Isolamento de domínio;openspec/changes/r2-07-objetos-dados-e-retencao/specs/objetos-dados-e-retencao/spec.md;95;0b39b4d9b9df8f5a837c686fde85e80813c45ab2117b08662c3341ec305e9ca8;REVALIDAR_EVIDENCIA;Inventário não certifica execução.
R2-DAD-05-S01;R2-DAD-05;R2;R2-DAD-05-S01 — Restore controlado;openspec/changes/r2-07-objetos-dados-e-retencao/specs/objetos-dados-e-retencao/spec.md;107;8ce57bddd7b32992ad266184ebeae722f6783ff879bece7165a89e53d543692c;REVALIDAR_EVIDENCIA;Inventário não certifica execução.
R2-DAD-05-S02;R2-DAD-05;R2;R2-DAD-05-S02 — Operação após backup;openspec/changes/r2-07-objetos-dados-e-retencao/specs/objetos-dados-e-retencao/spec.md;113;f947bdcd4d2b8a0987b9963cebcb1bf27538467016612ec0a32fd7492859699e;REVALIDAR_EVIDENCIA;Inventário não certifica execução.
R2-DAD-05-S03;R2-DAD-05;R2;R2-DAD-05-S03 — Falha regional;openspec/changes/r2-07-objetos-dados-e-retencao/specs/objetos-dados-e-retencao/spec.md;119;521b371b7eba5e0fc9701db47a58648ca3769444349514a901d204fb2991cac5;REVALIDAR_EVIDENCIA;Inventário não certifica execução.
R2-OPE-01-S01;R2-OPE-01;R2;R2-OPE-01-S01 — Primeira instalação;openspec/changes/r2-08-operacao-elastica-e-observavel/specs/operacao-elastica-e-observavel/spec.md;11;40296507c24b1dedab4cd476ad89230ee121720c31f78c31506ba90f06cef922;REVALIDAR_EVIDENCIA;Inventário não certifica execução.
R2-OPE-01-S02;R2-OPE-01;R2;R2-OPE-01-S02 — Recriação sem reset;openspec/changes/r2-08-operacao-elastica-e-observavel/specs/operacao-elastica-e-observavel/spec.md;17;7894f99b56ce08bc330882fc3ffa33500acb37bef1132a9c9f7d34c0c1e0a27f;REVALIDAR_EVIDENCIA;Inventário não certifica execução.
R2-OPE-01-S03;R2-OPE-01;R2;R2-OPE-01-S03 — Cache desligado;openspec/changes/r2-08-operacao-elastica-e-observavel/specs/operacao-elastica-e-observavel/spec.md;23;21b9ce227d6cc129a7e94525f0b711d0a85fd19fede8651690f9caf54ea05a40;REVALIDAR_EVIDENCIA;Inventário não certifica execução.
R2-OPE-02-S01;R2-OPE-02;R2;R2-OPE-02-S01 — Overlay aplicável;openspec/changes/r2-08-operacao-elastica-e-observavel/specs/operacao-elastica-e-observavel/spec.md;35;507bafaa9101f148ceb43c32a0df590dd02d1b88e2c530d3e96047a57f541406;REVALIDAR_EVIDENCIA;Inventário não certifica execução.
R2-OPE-02-S02;R2-OPE-02;R2;R2-OPE-02-S02 — Separação ambiental;openspec/changes/r2-08-operacao-elastica-e-observavel/specs/operacao-elastica-e-observavel/spec.md;41;f1cce80e97fb5c290a3c8ebfce44efc4f6e491358a531649ecc8d24674aaa5da;REVALIDAR_EVIDENCIA;Inventário não certifica execução.
R2-OPE-02-S03;R2-OPE-02;R2;R2-OPE-02-S03 — Produção sem perfil;openspec/changes/r2-08-operacao-elastica-e-observavel/specs/operacao-elastica-e-observavel/spec.md;47;4e86f19f019dc6c68c385415bed0a35b48af1f06a480a36fba1bd64f6fc6eb64;REVALIDAR_EVIDENCIA;Inventário não certifica execução.
R2-OPE-03-S01;R2-OPE-03;R2;R2-OPE-03-S01 — Dependência opcional falha;openspec/changes/r2-08-operacao-elastica-e-observavel/specs/operacao-elastica-e-observavel/spec.md;59;edd4c23a42f82245bf174a0b027057e03dff90be241380bcccce095191b73d9e;REVALIDAR_EVIDENCIA;Inventário não certifica execução.
R2-OPE-03-S02;R2-OPE-03;R2;R2-OPE-03-S02 — Rolling update;openspec/changes/r2-08-operacao-elastica-e-observavel/specs/operacao-elastica-e-observavel/spec.md;65;c1a09a537166e14d645092aa464ddfadb52e9624e80d9f5c70cd1438cf796db7;REVALIDAR_EVIDENCIA;Inventário não certifica execução.
R2-OPE-03-S03;R2-OPE-03;R2;R2-OPE-03-S03 — Provedor fora;openspec/changes/r2-08-operacao-elastica-e-observavel/specs/operacao-elastica-e-observavel/spec.md;71;08c9cd219ab1154dc2d055f8f7b4a3fd3dab9ea153504fa1613ca1c7307c915d;REVALIDAR_EVIDENCIA;Inventário não certifica execução.
R2-OPE-04-S01;R2-OPE-04;R2;R2-OPE-04-S01 — Fila cresce com CPU baixa;openspec/changes/r2-08-operacao-elastica-e-observavel/specs/operacao-elastica-e-observavel/spec.md;83;c48edc1c7739965f45d2736a79be37c1f57c2451bee963dcccced0ddb01d4e62;REVALIDAR_EVIDENCIA;Inventário não certifica execução.
R2-OPE-04-S02;R2-OPE-04;R2;R2-OPE-04-S02 — Célula próxima do envelope;openspec/changes/r2-08-operacao-elastica-e-observavel/specs/operacao-elastica-e-observavel/spec.md;89;9287b2ad0f390e353234a0a5425f2772854f465a8d69d4289572568434a90da4;REVALIDAR_EVIDENCIA;Inventário não certifica execução.
R2-OPE-04-S03;R2-OPE-04;R2;R2-OPE-04-S03 — Quota esgotada;openspec/changes/r2-08-operacao-elastica-e-observavel/specs/operacao-elastica-e-observavel/spec.md;95;80b12c34059593587e1ed041f44958e093e87cf050b9253fb84f288d481c9854;REVALIDAR_EVIDENCIA;Inventário não certifica execução.
R2-OPE-05-S01;R2-OPE-05;R2;R2-OPE-05-S01 — Cliente realocado;openspec/changes/r2-08-operacao-elastica-e-observavel/specs/operacao-elastica-e-observavel/spec.md;107;cb4e10bfd1069b2b5f0a1fb4f1d3fbb77c3c2f6e8bf00b2777a2d71026bb0e55;REVALIDAR_EVIDENCIA;Inventário não certifica execução.
R2-OPE-05-S02;R2-OPE-05;R2;R2-OPE-05-S02 — Dois ambientes/células;openspec/changes/r2-08-operacao-elastica-e-observavel/specs/operacao-elastica-e-observavel/spec.md;113;b6c92a7fadc190de0c60ce57d1c0c40b31f096cd9b34424ca94a49fb5c5b3365;REVALIDAR_EVIDENCIA;Inventário não certifica execução.
R2-OPE-05-S03;R2-OPE-05;R2;R2-OPE-05-S03 — Falha parcial de provisionamento;openspec/changes/r2-08-operacao-elastica-e-observavel/specs/operacao-elastica-e-observavel/spec.md;119;81b19b3bf967728f5d3469d533f35571e746f76c0e966ab7c1001c6a0a33b1fe;REVALIDAR_EVIDENCIA;Inventário não certifica execução.
R2-OPE-06-S01;R2-OPE-06;R2;R2-OPE-06-S01 — Reinício com broker fora;openspec/changes/r2-08-operacao-elastica-e-observavel/specs/operacao-elastica-e-observavel/spec.md;131;aa8c8e41ecc76e85169a45379f90b89e85cec7c8688e483f8368e8f6ebff09bf;REVALIDAR_EVIDENCIA;Inventário não certifica execução.
R2-OPE-06-S02;R2-OPE-06;R2;R2-OPE-06-S02 — Redis lenta;openspec/changes/r2-08-operacao-elastica-e-observavel/specs/operacao-elastica-e-observavel/spec.md;137;3ba2323ed28834ef66902652f59661ccb60c47f0f284467da08aea9bb814e5c4;REVALIDAR_EVIDENCIA;Inventário não certifica execução.
R2-OPE-06-S03;R2-OPE-06;R2;R2-OPE-06-S03 — Todas cópias autoritativas indisponíveis;openspec/changes/r2-08-operacao-elastica-e-observavel/specs/operacao-elastica-e-observavel/spec.md;143;3bff1edd9b96c751f60b1a71b4bd4c2d8929b0e2cdfdb03f16ad5cf9e5ed5068;REVALIDAR_EVIDENCIA;Inventário não certifica execução.
R2-OPE-07-S01;R2-OPE-07;R2;R2-OPE-07-S01 — Fluxo rastreável;openspec/changes/r2-08-operacao-elastica-e-observavel/specs/operacao-elastica-e-observavel/spec.md;155;e0e73b48b061135698a41d77f908d394c6950802d61d4a24bb6a5bc16d947576;REVALIDAR_EVIDENCIA;Inventário não certifica execução.
R2-OPE-07-S02;R2-OPE-07;R2;R2-OPE-07-S02 — Alerta exercitado;openspec/changes/r2-08-operacao-elastica-e-observavel/specs/operacao-elastica-e-observavel/spec.md;161;fb4ad93d05395cd0e837b90189a2ff32bfc3c2a29a3aa2ae2a429b8934fafd1d;REVALIDAR_EVIDENCIA;Inventário não certifica execução.
R2-OPE-07-S03;R2-OPE-07;R2;R2-OPE-07-S03 — Backend de observabilidade fora;openspec/changes/r2-08-operacao-elastica-e-observavel/specs/operacao-elastica-e-observavel/spec.md;167;f0d2bb7e8efbc0fb93809bc2950daf7e26c5136b010aad72eec3bf355ec4f222;REVALIDAR_EVIDENCIA;Inventário não certifica execução.
R2-OPE-08-S01;R2-OPE-08;R2;R2-OPE-08-S01 — AWS real;openspec/changes/r2-08-operacao-elastica-e-observavel/specs/operacao-elastica-e-observavel/spec.md;179;26bcb601d5669c609501e9389815a883189318c7648e72fa34f53efbd54a17cb;REVALIDAR_EVIDENCIA;Inventário não certifica execução.
R2-OPE-08-S02;R2-OPE-08;R2;R2-OPE-08-S02 — IAM insuficiente;openspec/changes/r2-08-operacao-elastica-e-observavel/specs/operacao-elastica-e-observavel/spec.md;185;8419b5a62553fa25869933af91c73fd6e636aaa76d14b522a024c1850a2c1a1c;REVALIDAR_EVIDENCIA;Inventário não certifica execução.
R2-OPE-08-S03;R2-OPE-08;R2;R2-OPE-08-S03 — Atualização de dependência;openspec/changes/r2-08-operacao-elastica-e-observavel/specs/operacao-elastica-e-observavel/spec.md;191;598afee7b4c1d373c0a26893800aa5ad9d9701bcd6472fc23e115ac45162e134;REVALIDAR_EVIDENCIA;Inventário não certifica execução.
R2-OPE-09-S01;R2-OPE-09;R2;R2-OPE-09-S01 — Perfil de referência;openspec/changes/r2-08-operacao-elastica-e-observavel/specs/operacao-elastica-e-observavel/spec.md;203;5504aa9657105ea54e5ce794524bba7d921d95a4ea881112ab538d7f02071f74;REVALIDAR_EVIDENCIA;Inventário não certifica execução.
R2-OPE-09-S02;R2-OPE-09;R2;R2-OPE-09-S02 — Manutenção e ruído;openspec/changes/r2-08-operacao-elastica-e-observavel/specs/operacao-elastica-e-observavel/spec.md;209;b90b007cb0164ce7f456252112dc3a63534ee7b1af09c629b77945412607da09;REVALIDAR_EVIDENCIA;Inventário não certifica execução.
R2-OPE-09-S03;R2-OPE-09;R2;R2-OPE-09-S03 — Uso crítico;openspec/changes/r2-08-operacao-elastica-e-observavel/specs/operacao-elastica-e-observavel/spec.md;215;eb739088cc6b9562951f79790964e3f8edfd959a097fe1e78b95bf5d676a1d1e;REVALIDAR_EVIDENCIA;Inventário não certifica execução.
R2-QUA-01-S01;R2-QUA-01;R2;R2-QUA-01-S01 — Novo requisito implementado;openspec/changes/r2-09-qualificacao-e-rastreabilidade/specs/qualificacao-integrada-r2/spec.md;11;a202bf18a2dc3edbcfcf044f47233988b0c1e679de404a63d2f15116d69e1406;REVALIDAR_EVIDENCIA;Inventário não certifica execução.
R2-QUA-01-S02;R2-QUA-01;R2;R2-QUA-01-S02 — Evidência incompatível;openspec/changes/r2-09-qualificacao-e-rastreabilidade/specs/qualificacao-integrada-r2/spec.md;17;80bfa81f8bbd6695b135802a80558bf5c40afb3389cd068017a3703792eec72d;REVALIDAR_EVIDENCIA;Inventário não certifica execução.
R2-QUA-01-S03;R2-QUA-01;R2;R2-QUA-01-S03 — Decisão ainda pendente;openspec/changes/r2-09-qualificacao-e-rastreabilidade/specs/qualificacao-integrada-r2/spec.md;23;0b940ab8a56b07a6c5d2b925d8bfc27c2f7732b76ddb1fecfff1a84da2e4a892;REVALIDAR_EVIDENCIA;Inventário não certifica execução.
R2-QUA-02-S01;R2-QUA-02;R2;R2-QUA-02-S01 — Ambiente limpo;openspec/changes/r2-09-qualificacao-e-rastreabilidade/specs/qualificacao-integrada-r2/spec.md;35;1f42c8a09f221f481ef8fa1329677608ef1c3a3787610b8b2c0f51730e0f5216;REVALIDAR_EVIDENCIA;Inventário não certifica execução.
R2-QUA-02-S02;R2-QUA-02;R2;R2-QUA-02-S02 — Regressão do eco;openspec/changes/r2-09-qualificacao-e-rastreabilidade/specs/qualificacao-integrada-r2/spec.md;41;865c3d201959d8ce52f7ff58b6eb30e03117a394d215eede2149462d52b0e118;REVALIDAR_EVIDENCIA;Inventário não certifica execução.
R2-QUA-02-S03;R2-QUA-02;R2;R2-QUA-02-S03 — Regressão financeira;openspec/changes/r2-09-qualificacao-e-rastreabilidade/specs/qualificacao-integrada-r2/spec.md;47;781b08e7f394d790845c5868a575a3ae32048e619fafdc82b47950e29eaa918f;REVALIDAR_EVIDENCIA;Inventário não certifica execução.
R2-QUA-03-S01;R2-QUA-03;R2;R2-QUA-03-S01 — PR de backend;openspec/changes/r2-09-qualificacao-e-rastreabilidade/specs/qualificacao-integrada-r2/spec.md;59;383d2f3bf6419cc92526f0a7160c2c84f0c17c7caa237ff8a6e00d533c132176;REVALIDAR_EVIDENCIA;Inventário não certifica execução.
R2-QUA-03-S02;R2-QUA-03;R2;R2-QUA-03-S02 — UI sem backend;openspec/changes/r2-09-qualificacao-e-rastreabilidade/specs/qualificacao-integrada-r2/spec.md;65;993d86209ea9567cb91b09fab7ddef4566d10a003c3d3cafa192756435f39974;REVALIDAR_EVIDENCIA;Inventário não certifica execução.
R2-QUA-03-S03;R2-QUA-03;R2;R2-QUA-03-S03 — P0 reaberto;openspec/changes/r2-09-qualificacao-e-rastreabilidade/specs/qualificacao-integrada-r2/spec.md;71;c04acf16b0debedc7b2b0fa5d2e93b3ec21c16395635267e4a574c10d25c6c9f;REVALIDAR_EVIDENCIA;Inventário não certifica execução.
R2-QUA-04-S01;R2-QUA-04;R2;R2-QUA-04-S01 — Importação deste pacote;openspec/changes/r2-09-qualificacao-e-rastreabilidade/specs/qualificacao-integrada-r2/spec.md;83;af1f3ef70db088c50943d7a6ebe86ba4903467e6ca360e8eee692493279d0dd9;REVALIDAR_EVIDENCIA;Inventário não certifica execução.
R2-QUA-04-S02;R2-QUA-04;R2;R2-QUA-04-S02 — Mudança R2 concluída;openspec/changes/r2-09-qualificacao-e-rastreabilidade/specs/qualificacao-integrada-r2/spec.md;89;49cb0fb20bb8603812c650712ce9955fc2d349209f914f34a83429fad3dc257c;REVALIDAR_EVIDENCIA;Inventário não certifica execução.
R2-QUA-04-S03;R2-QUA-04;R2;R2-QUA-04-S03 — Regressão posterior;openspec/changes/r2-09-qualificacao-e-rastreabilidade/specs/qualificacao-integrada-r2/spec.md;95;8521e4d1f2f61577358b7c3d2677e1c15784624758f1bbd6366a97ffb2664e0c;REVALIDAR_EVIDENCIA;Inventário não certifica execução.
R3-EXE-01-S01;R3-EXE-01;R3;R3-EXE-01-S01 — conta REST homologada com API Key;openspec/changes/r3-01-custodia-e-integracao-externa/specs/01-custodia-e-integracao-externa/spec.md;8;1af554c2d37d1ef58ee47de0309b19823371ed7c18720e9eb30ad8ecbcb45076;REVALIDAR_EVIDENCIA;Inventário não certifica execução.
R3-EXE-01-S02;R3-EXE-01;R3;R3-EXE-01-S02 — adapter ausente ou autenticação incompleta;openspec/changes/r3-01-custodia-e-integracao-externa/specs/01-custodia-e-integracao-externa/spec.md;13;59f67a1340543959be4195a2bb08eabac3cb087098ee84fdd55624497eda2807;REVALIDAR_EVIDENCIA;Inventário não certifica execução.
R3-EXE-01-S03;R3-EXE-01;R3;R3-EXE-01-S03 — dois tenants com bindings específicos;openspec/changes/r3-01-custodia-e-integracao-externa/specs/01-custodia-e-integracao-externa/spec.md;18;70e766517236fe8cd8c6bef35de66301150766e1d8d5fcf1ba1b2e5d7977db48;REVALIDAR_EVIDENCIA;Inventário não certifica execução.
R3-EXE-02-S01;R3-EXE-02;R3;R3-EXE-02-S01 — callback válido de operação conhecida;openspec/changes/r3-01-custodia-e-integracao-externa/specs/01-custodia-e-integracao-externa/spec.md;26;c4da4a1e32a3155c9c01b9d19f04ef7e896d7ad45b7bda7da648c90f52dc8fdd;REVALIDAR_EVIDENCIA;Inventário não certifica execução.
R3-EXE-02-S02;R3-EXE-02;R3;R3-EXE-02-S02 — banco indisponível ou assinatura inválida;openspec/changes/r3-01-custodia-e-integracao-externa/specs/01-custodia-e-integracao-externa/spec.md;31;bf88af87d9001d3464d802fc6de892a373d467edc1b2acc22a919917f942846f;REVALIDAR_EVIDENCIA;Inventário não certifica execução.
R3-EXE-02-S03;R3-EXE-02;R3;R3-EXE-02-S03 — callback anterior à correlação e outro após final;openspec/changes/r3-01-custodia-e-integracao-externa/specs/01-custodia-e-integracao-externa/spec.md;36;2fe63665d7dbd1fd6efdd8d3064be328a5567322f26938b4ce8ce5014407e08e;REVALIDAR_EVIDENCIA;Inventário não certifica execução.
R3-EXE-03-S01;R3-EXE-03;R3;R3-EXE-03-S01 — queda após intenção antes do HTTP;openspec/changes/r3-01-custodia-e-integracao-externa/specs/01-custodia-e-integracao-externa/spec.md;44;f745fedb31e778c0d1d2311b2b57b42b1d2363084843ebe1e17a81e726ce278d;REVALIDAR_EVIDENCIA;Inventário não certifica execução.
R3-EXE-03-S02;R3-EXE-03;R3;R3-EXE-03-S02 — provedor executou e a resposta se perdeu;openspec/changes/r3-01-custodia-e-integracao-externa/specs/01-custodia-e-integracao-externa/spec.md;49;95a3a87ed88b36a7097d3034498e5d1e01cca42fd9dc07cbf7e70714147c4b9e;REVALIDAR_EVIDENCIA;Inventário não certifica execução.
R3-EXE-03-S03;R3-EXE-03;R3;R3-EXE-03-S03 — owner antigo ou replay com aplicação/hash distintos;openspec/changes/r3-01-custodia-e-integracao-externa/specs/01-custodia-e-integracao-externa/spec.md;54;655d32d30ccb6e4fc491836f2e24e4a5ea4895d64e908124674d707823e58b7a;REVALIDAR_EVIDENCIA;Inventário não certifica execução.
R3-EXE-04-S01;R3-EXE-04;R3;R3-EXE-04-S01 — provedor saudável demora com polling e callback ativos;openspec/changes/r3-01-custodia-e-integracao-externa/specs/01-custodia-e-integracao-externa/spec.md;62;64a6f680cd93f0021fb6b84e16319e2df0e81f4a04c2cb6ff2a9df4aeaa2e4c6;REVALIDAR_EVIDENCIA;Inventário não certifica execução.
R3-EXE-04-S02;R3-EXE-04;R3;R3-EXE-04-S02 — primeira falha em t1 com TTL 30 segundos;openspec/changes/r3-01-custodia-e-integracao-externa/specs/01-custodia-e-integracao-externa/spec.md;67;71ab6d2d1ded0e72d6c35d5913917a59a78e7209cc4d1ba7163be0854711ec18;REVALIDAR_EVIDENCIA;Inventário não certifica execução.
R3-EXE-04-S03;R3-EXE-04;R3;R3-EXE-04-S03 — pausa entre decisão e commit atravessa SLA;openspec/changes/r3-01-custodia-e-integracao-externa/specs/01-custodia-e-integracao-externa/spec.md;72;b7d4e9dbd16920ab112cf48098926b5756f697270b1ab1b0604d626901728bcd;REVALIDAR_EVIDENCIA;Inventário não certifica execução.
R3-EXE-05-S01;R3-EXE-05;R3;R3-EXE-05-S01 — primeira inicialização sem assinatura financeira;openspec/changes/r3-01-custodia-e-integracao-externa/specs/01-custodia-e-integracao-externa/spec.md;80;17a62c9fcc45a0435e2507f3cb0eaba43b0c3e929d517f31dde9cbb767e4d0cd;REVALIDAR_EVIDENCIA;Inventário não certifica execução.
R3-EXE-05-S02;R3-EXE-05;R3;R3-EXE-05-S02 — envelope inválido ou versão desconhecida;openspec/changes/r3-01-custodia-e-integracao-externa/specs/01-custodia-e-integracao-externa/spec.md;85;3183d6d301acd11a904fb21dc6a84488517f0fd2ed71cbda29b902ca0c4b1039;REVALIDAR_EVIDENCIA;Inventário não certifica execução.
R3-EXE-05-S03;R3-EXE-05;R3;R3-EXE-05-S03 — broker cai e retorna;openspec/changes/r3-01-custodia-e-integracao-externa/specs/01-custodia-e-integracao-externa/spec.md;90;1d6b3f33c8724488fa46cd6567b8d1fe7dc624d5718ca5214ff426f322c45c05;REVALIDAR_EVIDENCIA;Inventário não certifica execução.
R3-CAT-01-S01;R3-CAT-01;R3;R3-CAT-01-S01 — inteiro 9007199254740993 e decimal exato;openspec/changes/r3-02-portfolio-e-contratos-efetivos/specs/02-portfolio-e-contratos-efetivos/spec.md;8;82722f7ff161bd5b8bbb27c80de913f0fe206fcfdf4ce1c1699941cdb7e54f6b;REVALIDAR_EVIDENCIA;Inventário não certifica execução.
R3-CAT-01-S02;R3-CAT-01;R3;R3-CAT-01-S02 — enum, nested schema ou additionalProperties violados;openspec/changes/r3-02-portfolio-e-contratos-efetivos/specs/02-portfolio-e-contratos-efetivos/spec.md;13;13af1ad1b84533c315fbe0750d5a46994139c95e5e7ed51aa137d4f871507ab6;REVALIDAR_EVIDENCIA;Inventário não certifica execução.
R3-CAT-01-S03;R3-CAT-01;R3;R3-CAT-01-S03 — payload abusivo A e cliente B saudável;openspec/changes/r3-02-portfolio-e-contratos-efetivos/specs/02-portfolio-e-contratos-efetivos/spec.md;18;fc616e1160c7ff69df9dda18c47686b1bb2c37ca09dc636c331c0d0c5b3482c6;REVALIDAR_EVIDENCIA;Inventário não certifica execução.
R3-CAT-02-S01;R3-CAT-02;R3;R3-CAT-02-S01 — mesmo serviço com dois perfis e SLAs;openspec/changes/r3-02-portfolio-e-contratos-efetivos/specs/02-portfolio-e-contratos-efetivos/spec.md;26;d91351f050aad94a627680678f836f489cecc0ec48ce82c2f98f0850e211b87f;REVALIDAR_EVIDENCIA;Inventário não certifica execução.
R3-CAT-02-S02;R3-CAT-02;R3;R3-CAT-02-S02 — versão não ofertada ou override inválido;openspec/changes/r3-02-portfolio-e-contratos-efetivos/specs/02-portfolio-e-contratos-efetivos/spec.md;31;44f3d75ab4a82f14a15264a485e0810366a6c73c20140c919808e94bcc42ac66;REVALIDAR_EVIDENCIA;Inventário não certifica execução.
R3-CAT-02-S03;R3-CAT-02;R3;R3-CAT-02-S03 — nova publicação durante execução;openspec/changes/r3-02-portfolio-e-contratos-efetivos/specs/02-portfolio-e-contratos-efetivos/spec.md;36;7291e6b297705826e03e2923fe07c06759d0e5c6239bd1b7e123d3cd8ac86a49;REVALIDAR_EVIDENCIA;Inventário não certifica execução.
R3-CAT-03-S01;R3-CAT-03;R3;R3-CAT-03-S01 — A/B independentes e C depende de ambos;openspec/changes/r3-02-portfolio-e-contratos-efetivos/specs/02-portfolio-e-contratos-efetivos/spec.md;44;60408a35f4ab53c46a47ecf627aea78874c2cb488bc383d8df84affd75accac8;REVALIDAR_EVIDENCIA;Inventário não certifica execução.
R3-CAT-03-S02;R3-CAT-03;R3;R3-CAT-03-S02 — ciclo ou contrato incompatível entre etapas;openspec/changes/r3-02-portfolio-e-contratos-efetivos/specs/02-portfolio-e-contratos-efetivos/spec.md;49;a34a67e8526298f79d5d2388198a87f589eb9795c8fb00900c604643bf78b566;REVALIDAR_EVIDENCIA;Inventário não certifica execução.
R3-CAT-03-S03;R3-CAT-03;R3;R3-CAT-03-S03 — queda após A e falha B;openspec/changes/r3-02-portfolio-e-contratos-efetivos/specs/02-portfolio-e-contratos-efetivos/spec.md;54;de4545001e612888686f4fe6aeb4de5a148f24b525749d054647233ed1433877;REVALIDAR_EVIDENCIA;Inventário não certifica execução.
R3-CAT-04-S01;R3-CAT-04;R3;R3-CAT-04-S01 — tenant com 150 ofertas;openspec/changes/r3-02-portfolio-e-contratos-efetivos/specs/02-portfolio-e-contratos-efetivos/spec.md;62;d78557cc91fda40b79f921e0a319ebd9319a9977ca92481c650b08d334ef7309;REVALIDAR_EVIDENCIA;Inventário não certifica execução.
R3-CAT-04-S02;R3-CAT-04;R3;R3-CAT-04-S02 — Atlas e Redis indisponíveis com projeção válida;openspec/changes/r3-02-portfolio-e-contratos-efetivos/specs/02-portfolio-e-contratos-efetivos/spec.md;67;c800a521ac321d4deb0b740f4ced98a5973df0ac56667ac0aa89d93677126c22;REVALIDAR_EVIDENCIA;Inventário não certifica execução.
R3-CAT-04-S03;R3-CAT-04;R3;R3-CAT-04-S03 — snapshot vencido ou revogado;openspec/changes/r3-02-portfolio-e-contratos-efetivos/specs/02-portfolio-e-contratos-efetivos/spec.md;72;4588ec30940f241c050e4df09fbb12fe242f8e6e3ea5f94e0e43d39345e5b6e3;REVALIDAR_EVIDENCIA;Inventário não certifica execução.
R3-INT-01-S01;R3-INT-01;R3;R3-INT-01-S01 — provedor aumenta capacidade sob demanda;openspec/changes/r3-03-capacidade-credenciais-e-latencia/specs/03-capacidade-credenciais-e-latencia/spec.md;8;10b869b1f1be5750febe7c999d9ded51cc4a43d860b6c810058ac0c1ed4304a5;REVALIDAR_EVIDENCIA;Inventário não certifica execução.
R3-INT-01-S02;R3-INT-01;R3;R3-INT-01-S02 — provedor retorna 429/timeouts;openspec/changes/r3-03-capacidade-credenciais-e-latencia/specs/03-capacidade-credenciais-e-latencia/spec.md;13;2cb313bec920904c63e3cc66ab7ebce4cb247cf27beb5d7be593af79181e7e57;REVALIDAR_EVIDENCIA;Inventário não certifica execução.
R3-INT-01-S03;R3-INT-01;R3;R3-INT-01-S03 — vários pods e tenants na conta compartilhada;openspec/changes/r3-03-capacidade-credenciais-e-latencia/specs/03-capacidade-credenciais-e-latencia/spec.md;18;8771e7ef197daba958d46ab7207f1a27751aee3936005e4544e55a77dadfc918;REVALIDAR_EVIDENCIA;Inventário não certifica execução.
R3-INT-02-S01;R3-INT-02;R3;R3-INT-02-S01 — L1 válido e Redis/cofre temporariamente fora;openspec/changes/r3-03-capacidade-credenciais-e-latencia/specs/03-capacidade-credenciais-e-latencia/spec.md;26;36b5d29c4998e7ac0f509516c08a62831d95f56b86948366ea1c59f28d0e880f;REVALIDAR_EVIDENCIA;Inventário não certifica execução.
R3-INT-02-S02;R3-INT-02;R3;R3-INT-02-S02 — token expirado/revogado e cofre indisponível;openspec/changes/r3-03-capacidade-credenciais-e-latencia/specs/03-capacidade-credenciais-e-latencia/spec.md;31;2b436205497dc5194d885afe1a2394971f770bf32fe175f5a7463813539d4e2f;REVALIDAR_EVIDENCIA;Inventário não certifica execução.
R3-INT-02-S03;R3-INT-02;R3;R3-INT-02-S03 — OAuth da conta A lento e B saudável;openspec/changes/r3-03-capacidade-credenciais-e-latencia/specs/03-capacidade-credenciais-e-latencia/spec.md;36;536bde68d027b6073d3d2416aa1af62f6113264ea2c9d08db22dea31edac0be9;REVALIDAR_EVIDENCIA;Inventário não certifica execução.
R3-INT-03-S01;R3-INT-03;R3;R3-INT-03-S01 — milhares de chamadas à origem;openspec/changes/r3-03-capacidade-credenciais-e-latencia/specs/03-capacidade-credenciais-e-latencia/spec.md;44;a22b6ae21e24cd28d04a4fd70c33fa10be0093cdbe476e9f84907f967e7efbf7;REVALIDAR_EVIDENCIA;Inventário não certifica execução.
R3-INT-03-S02;R3-INT-03;R3;R3-INT-03-S02 — certificado mTLS muda de versão;openspec/changes/r3-03-capacidade-credenciais-e-latencia/specs/03-capacidade-credenciais-e-latencia/spec.md;49;7393ae22ebb95d4ac61e1d604604b7834a4f9aa3e6c19cf84dba6a293ecf4ef8;REVALIDAR_EVIDENCIA;Inventário não certifica execução.
R3-INT-03-S03;R3-INT-03;R3;R3-INT-03-S03 — provedor A lento e B saudável;openspec/changes/r3-03-capacidade-credenciais-e-latencia/specs/03-capacidade-credenciais-e-latencia/spec.md;54;e322e2da5fd1841916ac7cb63221276ceb3af2089e8496c21049b610e7290c9b;REVALIDAR_EVIDENCIA;Inventário não certifica execução.
R3-ADM-01-S01;R3-ADM-01;R3;R3-ADM-01-S01 — operador nominal global com MFA;openspec/changes/r3-04-console-e-autorizacao/specs/04-console-e-autorizacao/spec.md;8;fbf7c0486c478341651daf426386418ec946d8570228c9013d6ca2c9926d9fde;REVALIDAR_EVIDENCIA;Inventário não certifica execução.
R3-ADM-01-S02;R3-ADM-01;R3;R3-ADM-01-S02 — token consumidor aplicação A;openspec/changes/r3-04-console-e-autorizacao/specs/04-console-e-autorizacao/spec.md;13;d19ae3ed86676533213b1f9062fa8cb0347071cf262563fc59774161bb49212d;REVALIDAR_EVIDENCIA;Inventário não certifica execução.
R3-ADM-01-S03;R3-ADM-01;R3;R3-ADM-01-S03 — papel revogado durante paginação;openspec/changes/r3-04-console-e-autorizacao/specs/04-console-e-autorizacao/spec.md;18;d75d89382fbeb634f595f75fbf0822d7e14db5cb95495bc87f6c6097367b0e2a;REVALIDAR_EVIDENCIA;Inventário não certifica execução.
R3-ADM-02-S01;R3-ADM-02;R3;R3-ADM-02-S01 — duas entregas do mesmo protocolo;openspec/changes/r3-04-console-e-autorizacao/specs/04-console-e-autorizacao/spec.md;26;1e9d0c47b337c3a86633d4449983d31b6ab6209daa932059ea170fa8d373c6d1;REVALIDAR_EVIDENCIA;Inventário não certifica execução.
R3-ADM-02-S02;R3-ADM-02;R3;R3-ADM-02-S02 — API retorna 401/403/409/503 ou JSON inválido;openspec/changes/r3-04-console-e-autorizacao/specs/04-console-e-autorizacao/spec.md;31;9ac35340f7986d410ff07c9dc48bdf4de2a6a053252f1bd3431700ef8ecc3df9;REVALIDAR_EVIDENCIA;Inventário não certifica execução.
R3-ADM-02-S03;R3-ADM-02;R3;R3-ADM-02-S03 — operador reconcilia e consulta SLA;openspec/changes/r3-04-console-e-autorizacao/specs/04-console-e-autorizacao/spec.md;36;442d3105b3ce43bbdeeab9a0f926e4abc794bd629a77491d56796e1f0d247586;REVALIDAR_EVIDENCIA;Inventário não certifica execução.
R3-ADM-03-S01;R3-ADM-03;R3;R3-ADM-03-S01 — operador autorizado seleciona tenant B;openspec/changes/r3-04-console-e-autorizacao/specs/04-console-e-autorizacao/spec.md;44;0fcc7bb45b808457c5a95e54f22ae211880b620ce1a9ae8e4554e8f20e1fc66d;REVALIDAR_EVIDENCIA;Inventário não certifica execução.
R3-ADM-03-S02;R3-ADM-03;R3;R3-ADM-03-S02 — resposta se perde após commit;openspec/changes/r3-04-console-e-autorizacao/specs/04-console-e-autorizacao/spec.md;49;b35e3206cb26aa1ceb7b8d01dd427391d0b5e3d7dce1280cbfa276209ef5f207;REVALIDAR_EVIDENCIA;Inventário não certifica execução.
R3-ADM-03-S03;R3-ADM-03;R3;R3-ADM-03-S03 — autor tenta autoaprovação ou altera tenant;openspec/changes/r3-04-console-e-autorizacao/specs/04-console-e-autorizacao/spec.md;54;fa9fdb3520c6f6d2d440f7eabeb077853d6f75809ea57fa187bc98c13977723f;REVALIDAR_EVIDENCIA;Inventário não certifica execução.
R3-ADM-04-S01;R3-ADM-04;R3;R3-ADM-04-S01 — oferta SYNC+ASYNC+AUTO e contas OAuth/API Key/mTLS;openspec/changes/r3-04-console-e-autorizacao/specs/04-console-e-autorizacao/spec.md;62;8a0537134cd429b056fd11f7a393753721e38a1a8461ea53d41cb63fddef0522;REVALIDAR_EVIDENCIA;Inventário não certifica execução.
R3-ADM-04-S02;R3-ADM-04;R3;R3-ADM-04-S02 — UTC aberto em America/Sao_Paulo e referência além da centena;openspec/changes/r3-04-console-e-autorizacao/specs/04-console-e-autorizacao/spec.md;67;df3220b9dc86dd30404cf266187b2c93d84940689f820e9b092527d94311bf5e;REVALIDAR_EVIDENCIA;Inventário não certifica execução.
R3-ADM-04-S03;R3-ADM-04;R3;R3-ADM-04-S03 — JSON inválido em 200 ou erro de campo;openspec/changes/r3-04-console-e-autorizacao/specs/04-console-e-autorizacao/spec.md;72;1b0b80a93862746f28e7726e0b9828c6b65813754a0162e5a963caedde3f5215;REVALIDAR_EVIDENCIA;Inventário não certifica execução.
R3-FIN-01-S01;R3-FIN-01;R3;R3-FIN-01-S01 — tarifa efetiva 2 e reserva inicial 1;openspec/changes/r3-05-financeiro-e-entregas/specs/05-financeiro-e-entregas/spec.md;8;1795cfdb17165d99508b92bc7871b155f958ce1730f01689bfecf9a8013ff2c6;REVALIDAR_EVIDENCIA;Inventário não certifica execução.
R3-FIN-01-S02;R3-FIN-01;R3;R3-FIN-01-S02 — franquia DENY esgotada e admissões concorrentes;openspec/changes/r3-05-financeiro-e-entregas/specs/05-financeiro-e-entregas/spec.md;13;cd72543de86e405bb1a541b7a4edaaebdbd5b3d9054a8dd382d82397ba243df8;REVALIDAR_EVIDENCIA;Inventário não certifica execução.
R3-FIN-01-S03;R3-FIN-01;R3;R3-FIN-01-S03 — UNKNOWN seguido de prova de execução/ausência;openspec/changes/r3-05-financeiro-e-entregas/specs/05-financeiro-e-entregas/spec.md;18;21c268ec2a9b7e82461191df1952123b244f7644a391e390071162c38c0260cf;REVALIDAR_EVIDENCIA;Inventário não certifica execução.
R3-FIN-02-S01;R3-FIN-02;R3;R3-FIN-02-S01 — contrato cobra cada STATUS e receita só no sucesso;openspec/changes/r3-05-financeiro-e-entregas/specs/05-financeiro-e-entregas/spec.md;26;c71e4b828b34969de4912bb94b3c73f634780644cbaccee72d65e42be37b420c;REVALIDAR_EVIDENCIA;Inventário não certifica execução.
R3-FIN-02-S02;R3-FIN-02;R3;R3-FIN-02-S02 — fato faltante ou disputa aberta;openspec/changes/r3-05-financeiro-e-entregas/specs/05-financeiro-e-entregas/spec.md;31;c8d587901cb1c3ee7c5343d9ba38ab1b27cbaff0d7333d205ae35c8bdb72ed3e;REVALIDAR_EVIDENCIA;Inventário não certifica execução.
R3-FIN-02-S03;R3-FIN-02;R3;R3-FIN-02-S03 — duplicata ou fato após período fechado;openspec/changes/r3-05-financeiro-e-entregas/specs/05-financeiro-e-entregas/spec.md;36;f109df504a8263bd9a8ec4487e6b10c4f8a22943492fffb40e1594ffbf6da0f6;REVALIDAR_EVIDENCIA;Inventário não certifica execução.
R3-FIN-03-S01;R3-FIN-03;R3;R3-FIN-03-S01 — destino v1 no aceite e v2 antes do final;openspec/changes/r3-05-financeiro-e-entregas/specs/05-financeiro-e-entregas/spec.md;44;6a3d6adc6821bc6c0f4dd0f46e8adbfa0ac8a5ebe33f1dff9b5a4fc0bb665295;REVALIDAR_EVIDENCIA;Inventário não certifica execução.
R3-FIN-03-S02;R3-FIN-03;R3;R3-FIN-03-S02 — aplicações A/B do mesmo tenant com destinos diferentes;openspec/changes/r3-05-financeiro-e-entregas/specs/05-financeiro-e-entregas/spec.md;49;66a7d127a6c06c82186bdf80a572ee259400c03ec7d3eab4166e0c70da78c5c6;REVALIDAR_EVIDENCIA;Inventário não certifica execução.
R3-FIN-03-S03;R3-FIN-03;R3;R3-FIN-03-S03 — queda após envio e redelivery manual;openspec/changes/r3-05-financeiro-e-entregas/specs/05-financeiro-e-entregas/spec.md;54;3b84ff18b3f79881852f88054358b0996e0c89fa37f52321f0cabeab7082d960;REVALIDAR_EVIDENCIA;Inventário não certifica execução.
R3-OPE-01-S01;R3-OPE-01;R3;R3-OPE-01-S01 — entrada/saída volumosas;openspec/changes/r3-06-dados-plataforma-e-continuidade/specs/06-dados-plataforma-e-continuidade/spec.md;8;87e748af0dfd329871fcee03fcb284e549e2f5f9e9952314a8a9e4ad517f00bf;REVALIDAR_EVIDENCIA;Inventário não certifica execução.
R3-OPE-01-S02;R3-OPE-01;R3;R3-OPE-01-S02 — falha entre upload e final ou limpeza concorrente;openspec/changes/r3-06-dados-plataforma-e-continuidade/specs/06-dados-plataforma-e-continuidade/spec.md;13;d24d6741ff2e2aac3131135bb010ebe06c54310729b3dccc9f7890b5e1415798;REVALIDAR_EVIDENCIA;Inventário não certifica execução.
R3-OPE-01-S03;R3-OPE-01;R3;R3-OPE-01-S03 — outro tenant usa FileRef ou retenção vence com disputa;openspec/changes/r3-06-dados-plataforma-e-continuidade/specs/06-dados-plataforma-e-continuidade/spec.md;18;698201c288e9fc9ff3413a512fd2ffb35a0ce1de9b38b65b9724a7e04b012d91;REVALIDAR_EVIDENCIA;Inventário não certifica execução.
R3-OPE-02-S01;R3-OPE-02;R3;R3-OPE-02-S01 — máquina limpa com pré-requisitos;openspec/changes/r3-06-dados-plataforma-e-continuidade/specs/06-dados-plataforma-e-continuidade/spec.md;26;30f8760cfb8856a0ee4565f92605b14bba607f074fe04329037f3636a6daa90d;REVALIDAR_EVIDENCIA;Inventário não certifica execução.
R3-OPE-02-S02;R3-OPE-02;R3;R3-OPE-02-S02 — recriação de containers/nós;openspec/changes/r3-06-dados-plataforma-e-continuidade/specs/06-dados-plataforma-e-continuidade/spec.md;31;6e23e181d3c07304c857f7e4fea2699971572c2823da5db4076a262bdfd8044a;REVALIDAR_EVIDENCIA;Inventário não certifica execução.
R3-OPE-02-S03;R3-OPE-02;R3;R3-OPE-02-S03 — overlays dev/hom/ppd/prd;openspec/changes/r3-06-dados-plataforma-e-continuidade/specs/06-dados-plataforma-e-continuidade/spec.md;36;5cdaf7b331b4cb5dd1810d00e1b5a5d2a5bf9f690f311dba112623870168e5ac;REVALIDAR_EVIDENCIA;Inventário não certifica execução.
R3-OPE-03-S01;R3-OPE-03;R3;R3-OPE-03-S01 — crescimento dentro do envelope;openspec/changes/r3-06-dados-plataforma-e-continuidade/specs/06-dados-plataforma-e-continuidade/spec.md;44;658e24fc2151d2ffa81c674835990b90e77f6ea27559d931ac9c348ca6141e7c;REVALIDAR_EVIDENCIA;Inventário não certifica execução.
R3-OPE-03-S02;R3-OPE-03;R3;R3-OPE-03-S02 — rollout ou perda de zona;openspec/changes/r3-06-dados-plataforma-e-continuidade/specs/06-dados-plataforma-e-continuidade/spec.md;49;046ab9383e1c6fc6a1df5b344b9188d20c568b54f3fb00619ba05e3177d37ce7;REVALIDAR_EVIDENCIA;Inventário não certifica execução.
R3-OPE-03-S03;R3-OPE-03;R3;R3-OPE-03-S03 — quota esgotada ou autoridade indisponível;openspec/changes/r3-06-dados-plataforma-e-continuidade/specs/06-dados-plataforma-e-continuidade/spec.md;54;d6705761d1ac71b4a6425dad860d2df43df7fe5abc7aed30633e645f3abc5c30;REVALIDAR_EVIDENCIA;Inventário não certifica execução.
R3-OPE-04-S01;R3-OPE-04;R3;R3-OPE-04-S01 — papel runtime sem ownership e pool reutilizado;openspec/changes/r3-06-dados-plataforma-e-continuidade/specs/06-dados-plataforma-e-continuidade/spec.md;62;40d395738698564f5ea28feef684f1021c1d5e714680c6db5e60c93e9c585915;REVALIDAR_EVIDENCIA;Inventário não certifica execução.
R3-OPE-04-S02;R3-OPE-04;R3;R3-OPE-04-S02 — Redis fora e manutenção de réplica PostgreSQL;openspec/changes/r3-06-dados-plataforma-e-continuidade/specs/06-dados-plataforma-e-continuidade/spec.md;67;3daa2abe984038c88d2fd4e596e77f394dfe18d83b6fcf8026d0d7f4c32cfa58;REVALIDAR_EVIDENCIA;Inventário não certifica execução.
R3-OPE-04-S03;R3-OPE-04;R3;R3-OPE-04-S03 — restore anterior a efeitos já realizados;openspec/changes/r3-06-dados-plataforma-e-continuidade/specs/06-dados-plataforma-e-continuidade/spec.md;72;bf05a3c4440b15a29ab304699719cc7b7b66a25cd47b39253a75e38c7dc1a9b1;REVALIDAR_EVIDENCIA;Inventário não certifica execução.
R3-OPE-05-S01;R3-OPE-05;R3;R3-OPE-05-S01 — um resultado tempestivo e outro tardio;openspec/changes/r3-06-dados-plataforma-e-continuidade/specs/06-dados-plataforma-e-continuidade/spec.md;80;6548a93b35cbea10b08269f5beeeafc60dfaa305544e198b729e4f2abc0603a0;REVALIDAR_EVIDENCIA;Inventário não certifica execução.
R3-OPE-05-S02;R3-OPE-05;R3;R3-OPE-05-S02 — obrigação parada e provedor degradado;openspec/changes/r3-06-dados-plataforma-e-continuidade/specs/06-dados-plataforma-e-continuidade/spec.md;85;33f1c021382bf1ebd65808aa612c599f2729b2add061b0019d22ad2909e1c546;REVALIDAR_EVIDENCIA;Inventário não certifica execução.
R3-OPE-05-S03;R3-OPE-05;R3;R3-OPE-05-S03 — payload secreto e muitos protocolos;openspec/changes/r3-06-dados-plataforma-e-continuidade/specs/06-dados-plataforma-e-continuidade/spec.md;90;20efb75318c4ed507aec587a874efcaead1dde8ecbf46eee6bb80d338462b99e;REVALIDAR_EVIDENCIA;Inventário não certifica execução.
R3-QUA-01-S01;R3-QUA-01;R3;R3-QUA-01-S01 — checkout limpo e imagens do SHA;openspec/changes/r3-07-qualificacao-integral/specs/07-qualificacao-integral/spec.md;8;9d0731bc9c87355ea92a7c20ebd810b084bb0919f6f0aeb6ddc860c6444d2cc3;REVALIDAR_EVIDENCIA;Inventário não certifica execução.
R3-QUA-01-S02;R3-QUA-01;R3;R3-QUA-01-S02 — dependência de fixture ausente;openspec/changes/r3-07-qualificacao-integral/specs/07-qualificacao-integral/spec.md;13;0de28eaf85869b35be168318ec6fbe8f11d8f4bc71ffdbecaaa72eb2f45e5726;REVALIDAR_EVIDENCIA;Inventário não certifica execução.
R3-QUA-01-S03;R3-QUA-01;R3;R3-QUA-01-S03 — um achado corrigido e baseline pendente;openspec/changes/r3-07-qualificacao-integral/specs/07-qualificacao-integral/spec.md;18;339afd9b1c5566f4058add6ad0e0d65384e0e212e6c09c8c6a97f8edc5243b33;REVALIDAR_EVIDENCIA;Inventário não certifica execução.
R4-CBK-01-S01;R4-CBK-01;R4;R4-CBK-01-S01 — provedor homologado com credencial própria e callback conhecido;openspec/changes/r4-01-callbacks-autenticados-e-recuperaveis/specs/r4-01-callbacks-autenticados-e-recuperaveis/spec.md;8;3a4bd8ec1545f0411a42165302f1db96257eed4bd4de30d749ef36a38f2d5349;REVALIDAR_EVIDENCIA;Inventário não certifica execução.
R4-CBK-01-S02;R4-CBK-01;R4;R4-CBK-01-S02 — token ausente/inválido ou identidade de outra conta;openspec/changes/r4-01-callbacks-autenticados-e-recuperaveis/specs/r4-01-callbacks-autenticados-e-recuperaveis/spec.md;13;aa0f4bd5cde92f06f92394c894994186a70b332714f6fd7c6c831d34d1a51810;REVALIDAR_EVIDENCIA;Inventário não certifica execução.
R4-CBK-01-S03;R4-CBK-01;R4;R4-CBK-01-S03 — rotação de segredo e observação repetida;openspec/changes/r4-01-callbacks-autenticados-e-recuperaveis/specs/r4-01-callbacks-autenticados-e-recuperaveis/spec.md;18;e82b975fc9b8754633314dd4881fb094a02436029feeaaf8524361656f6e8848;REVALIDAR_EVIDENCIA;Inventário não certifica execução.
R4-CBK-02-S01;R4-CBK-02;R4;R4-CBK-02-S01 — callback autenticado anterior à correlação;openspec/changes/r4-01-callbacks-autenticados-e-recuperaveis/specs/r4-01-callbacks-autenticados-e-recuperaveis/spec.md;26;91182f68007f06e2d954197f7e6a2222de790e9aa9efa6d3d58cc699fe4ceace;REVALIDAR_EVIDENCIA;Inventário não certifica execução.
R4-CBK-02-S02;R4-CBK-02;R4;R4-CBK-02-S02 — tentativa de token incorreto seguida de correto para mesmo ID/body;openspec/changes/r4-01-callbacks-autenticados-e-recuperaveis/specs/r4-01-callbacks-autenticados-e-recuperaveis/spec.md;31;b67517d9afe4a1c9d9349c40bdd50dee289a2c8575bc251e743b8584f88a5597;REVALIDAR_EVIDENCIA;Inventário não certifica execução.
R4-CBK-02-S03;R4-CBK-02;R4;R4-CBK-02-S03 — origem excede quota ou tenta outro tenant;openspec/changes/r4-01-callbacks-autenticados-e-recuperaveis/specs/r4-01-callbacks-autenticados-e-recuperaveis/spec.md;36;e9b25fac22b863eb01a73ae8d30f517c18f3d6426f2dbb3e5d2b300197cf3988;REVALIDAR_EVIDENCIA;Inventário não certifica execução.
R4-CBK-03-S01;R4-CBK-03;R4;R4-CBK-03-S01 — órfão admitido e correlação criada sem novo callback;openspec/changes/r4-01-callbacks-autenticados-e-recuperaveis/specs/r4-01-callbacks-autenticados-e-recuperaveis/spec.md;44;f25a8b8800233282c77f0829283e50238ae34fe49de41a2e7173356338e657d5;REVALIDAR_EVIDENCIA;Inventário não certifica execução.
R4-CBK-03-S02;R4-CBK-03;R4;R4-CBK-03-S02 — item defeituoso antecede recibo válido de outro tenant;openspec/changes/r4-01-callbacks-autenticados-e-recuperaveis/specs/r4-01-callbacks-autenticados-e-recuperaveis/spec.md;49;a3946af79d6701627c8969661097972dc1ae13779d732b3e352352a6f4097b4e;REVALIDAR_EVIDENCIA;Inventário não certifica execução.
R4-CBK-03-S03;R4-CBK-03;R4;R4-CBK-03-S03 — dois workers e pool SQL pequeno com perda de lease;openspec/changes/r4-01-callbacks-autenticados-e-recuperaveis/specs/r4-01-callbacks-autenticados-e-recuperaveis/spec.md;54;7996332aed8f85379529caefb5a37fa3f7a79178e2bbc6a20f68bce47ed2bf8c;REVALIDAR_EVIDENCIA;Inventário não certifica execução.
R4-CBK-04-S01;R4-CBK-04;R4;R4-CBK-04-S01 — mesmo resultado recebido por SYNC, poll e callback;openspec/changes/r4-01-callbacks-autenticados-e-recuperaveis/specs/r4-01-callbacks-autenticados-e-recuperaveis/spec.md;62;0565bb568bec4b48951ab98e5bff5727b0e3da6fdbef28879f45810138afa575;REVALIDAR_EVIDENCIA;Inventário não certifica execução.
R4-CBK-04-S02;R4-CBK-04;R4;R4-CBK-04-S02 — callback com ID de provedor divergente ou schema inválido;openspec/changes/r4-01-callbacks-autenticados-e-recuperaveis/specs/r4-01-callbacks-autenticados-e-recuperaveis/spec.md;67;ff53b11b71668543c75f9244ce8b34a80e6c6117223f11bc30ae79dbbd05fc9f;REVALIDAR_EVIDENCIA;Inventário não certifica execução.
R4-CBK-04-S03;R4-CBK-04;R4;R4-CBK-04-S03 — resultado válido depois do final do cliente;openspec/changes/r4-01-callbacks-autenticados-e-recuperaveis/specs/r4-01-callbacks-autenticados-e-recuperaveis/spec.md;72;00c7f465d2d7d062c82b0bc0b01295658286f801920a30fd1b8cc80fa7489648;REVALIDAR_EVIDENCIA;Inventário não certifica execução.
R4-CTR-01-S01;R4-CTR-01;R4;R4-CTR-01-S01 — objeto com inteiro 9007199254740993 e string legítima;openspec/changes/r4-02-contratos-json-estritos/specs/r4-02-contratos-json-estritos/spec.md;8;09863a2947097101815e6140dd01f1f4667e02b5709ad1e9a6753ed2a1016423;REVALIDAR_EVIDENCIA;Inventário não certifica execução.
R4-CTR-01-S02;R4-CTR-01;R4;"R4-CTR-01-S02 — null para string ou ""123"" para integer";openspec/changes/r4-02-contratos-json-estritos/specs/r4-02-contratos-json-estritos/spec.md;13;09485ed9533cc8a6c57e4f2e0cfe18b070d386e4ead7ceb32ee44c79457caaff;REVALIDAR_EVIDENCIA;Inventário não certifica execução.
R4-CTR-01-S03;R4-CTR-01;R4;R4-CTR-01-S03 — segundo documento ou lixo após objeto válido;openspec/changes/r4-02-contratos-json-estritos/specs/r4-02-contratos-json-estritos/spec.md;18;24c2dfe1226abab4bb9f62ec45741729653ff3b3f6583b1889e7764071bd80fc;REVALIDAR_EVIDENCIA;Inventário não certifica execução.
R4-CTR-02-S01;R4-CTR-02;R4;R4-CTR-02-S01 — minimum/maximum/enum suportados ou explicitamente não suportados;openspec/changes/r4-02-contratos-json-estritos/specs/r4-02-contratos-json-estritos/spec.md;26;c9cbf440ba982df1a679c0fe2f14b4b18cb0ca2e50b3d04508a43a7497fe56db;REVALIDAR_EVIDENCIA;Inventário não certifica execução.
R4-CTR-02-S02;R4-CTR-02;R4;R4-CTR-02-S02 — valores 1, 1.0 e 1e0 no dialeto JSON Schema escolhido;openspec/changes/r4-02-contratos-json-estritos/specs/r4-02-contratos-json-estritos/spec.md;31;8cbab745fc764a53e4ee38c9ef2dae262e4173a975c8e053ef6ee47535a78672;REVALIDAR_EVIDENCIA;Inventário não certifica execução.
R4-CTR-02-S03;R4-CTR-02;R4;R4-CTR-02-S03 — keyword desconhecida aninhada ou schema excessivamente profundo;openspec/changes/r4-02-contratos-json-estritos/specs/r4-02-contratos-json-estritos/spec.md;36;27e59d1ca6ea99cc6e4e43156fa58d7491f770b9970724aaeb551aad861e4b5e;REVALIDAR_EVIDENCIA;Inventário não certifica execução.
R4-OPE-01-S01;R4-OPE-01;R4;R4-OPE-01-S01 — token válido e versão ainda autorizada em L1 com cofre fora;openspec/changes/r4-03-upgrade-cache-e-crescimento/specs/r4-03-upgrade-cache-e-crescimento/spec.md;8;52311371bde2540d291390c2a3f79ffb1857997bd2451912acfc2af9d396bbe7;REVALIDAR_EVIDENCIA;Inventário não certifica execução.
R4-OPE-01-S02;R4-OPE-01;R4;R4-OPE-01-S02 — token vencido/revogado ou binding distinto;openspec/changes/r4-03-upgrade-cache-e-crescimento/specs/r4-03-upgrade-cache-e-crescimento/spec.md;13;fe1b27414a59a800e6ff0188c489b1ec91e9522718b90b083c3e5f018598e604;REVALIDAR_EVIDENCIA;Inventário não certifica execução.
R4-OPE-01-S03;R4-OPE-01;R4;R4-OPE-01-S03 — muitas rotações e chamadas canceladas aguardando refresh;openspec/changes/r4-03-upgrade-cache-e-crescimento/specs/r4-03-upgrade-cache-e-crescimento/spec.md;18;a3317cb3e471dde66b06f9ead69a45f58a37a156f073ff2ceae791612c5ec270;REVALIDAR_EVIDENCIA;Inventário não certifica execução.
R4-OPE-02-S01;R4-OPE-02;R4;R4-OPE-02-S01 — banco R2 com checksum histórico e dados;openspec/changes/r4-03-upgrade-cache-e-crescimento/specs/r4-03-upgrade-cache-e-crescimento/spec.md;26;fd0820de90122bcab6af29a218e2ad35af9edbd153cf3be84ffec79204c24c74;REVALIDAR_EVIDENCIA;Inventário não certifica execução.
R4-OPE-02-S02;R4-OPE-02;R4;R4-OPE-02-S02 — banco limpo e banco criado com variante R3 conhecida;openspec/changes/r4-03-upgrade-cache-e-crescimento/specs/r4-03-upgrade-cache-e-crescimento/spec.md;31;fadc4d49409fce8f2676aa553833bc728c59d1f87dacd379353219b8aefb77ab;REVALIDAR_EVIDENCIA;Inventário não certifica execução.
R4-OPE-02-S03;R4-OPE-02;R4;R4-OPE-02-S03 — checksum desconhecido/adulterado;openspec/changes/r4-03-upgrade-cache-e-crescimento/specs/r4-03-upgrade-cache-e-crescimento/spec.md;36;1278d1da800ce73cd2c70f21e5fb7dd2ac18eb2e32082e83810206b4b421128c;REVALIDAR_EVIDENCIA;Inventário não certifica execução.
R4-OPE-03-S01;R4-OPE-03;R4;R4-OPE-03-S01 — milhares de ofertas não relacionadas e uma elegível;openspec/changes/r4-03-upgrade-cache-e-crescimento/specs/r4-03-upgrade-cache-e-crescimento/spec.md;44;1e93bce92d4dc7a316e3c23f1feb2a3d89627f81b6a3d3e5714ab8ee6638e3af;REVALIDAR_EVIDENCIA;Inventário não certifica execução.
R4-OPE-03-S02;R4-OPE-03;R4;R4-OPE-03-S02 — duas ofertas realmente elegíveis e vigentes;openspec/changes/r4-03-upgrade-cache-e-crescimento/specs/r4-03-upgrade-cache-e-crescimento/spec.md;49;f1807eb75dbf9a2dce56dd2c8cdb141eb2cd3e59d063f220eec7e75bd5a923ff;REVALIDAR_EVIDENCIA;Inventário não certifica execução.
R4-OPE-03-S03;R4-OPE-03;R4;R4-OPE-03-S03 — Atlas fora com projeção válida versus projeção vencida;openspec/changes/r4-03-upgrade-cache-e-crescimento/specs/r4-03-upgrade-cache-e-crescimento/spec.md;54;d1866222d402b4226bcfb2d7ce7348d214517d3f82f13ac8729d4ef8b71722b9;REVALIDAR_EVIDENCIA;Inventário não certifica execução.
R4-QUA-01-S01;R4-QUA-01;R4;R4-QUA-01-S01 — specs atuais e pacote R4;openspec/changes/r4-04-conclusao-integrada-da-baseline/specs/r4-04-conclusao-integrada-da-baseline/spec.md;8;43111e494c0191843db22744732c7aa56e92aa47473c662731f93b1296c2105f;REVALIDAR_EVIDENCIA;Inventário não certifica execução.
R4-QUA-01-S02;R4-QUA-01;R4;R4-QUA-01-S02 — código muda após teste ou relatório contradiz checkpoint;openspec/changes/r4-04-conclusao-integrada-da-baseline/specs/r4-04-conclusao-integrada-da-baseline/spec.md;13;a063dfb2b6b507b3e9b0bc2beeb3e5ae4466437f7a548e68db2647661f9c4227;REVALIDAR_EVIDENCIA;Inventário não certifica execução.
R4-QUA-01-S03;R4-QUA-01;R4;R4-QUA-01-S03 — correção pontual com requisito integral pendente;openspec/changes/r4-04-conclusao-integrada-da-baseline/specs/r4-04-conclusao-integrada-da-baseline/spec.md;18;9ba54c47434b50df1d5a03e20d021f49ba5704c8f035712bd14503e1a86610ad;REVALIDAR_EVIDENCIA;Inventário não certifica execução.
R4-QUA-02-S01;R4-QUA-02;R4;R4-QUA-02-S01 — operador faz catálogo→execução→consulta→entrega→financeiro;openspec/changes/r4-04-conclusao-integrada-da-baseline/specs/r4-04-conclusao-integrada-da-baseline/spec.md;26;51a94fe1aac347605f835199afc4d1fbca9c95cdfea98c45b7c74627155b6493;REVALIDAR_EVIDENCIA;Inventário não certifica execução.
R4-QUA-02-S02;R4-QUA-02;R4;R4-QUA-02-S02 — duas entregas do mesmo protocolo, erro financeiro e token consumidor;openspec/changes/r4-04-conclusao-integrada-da-baseline/specs/r4-04-conclusao-integrada-da-baseline/spec.md;31;d4de6b74411db29d2ea0b6a26ae1806d0e4a7948885e72bd9cc934bc27e1585c;REVALIDAR_EVIDENCIA;Inventário não certifica execução.
R4-QUA-02-S03;R4-QUA-02;R4;R4-QUA-02-S03 — helper ou menu implementado sem conexão real;openspec/changes/r4-04-conclusao-integrada-da-baseline/specs/r4-04-conclusao-integrada-da-baseline/spec.md;36;e88e2bdbc8e50136df8f1458c380b2d33e53167edc26f6e535e71f994d7bf1aa;REVALIDAR_EVIDENCIA;Inventário não certifica execução.
R4-QUA-03-S01;R4-QUA-03;R4;R4-QUA-03-S01 — ambiente com ecossistema Hub existente;openspec/changes/r4-04-conclusao-integrada-da-baseline/specs/r4-04-conclusao-integrada-da-baseline/spec.md;44;9c5a3945a1adfff6741bc880a6bef7b287d9c68feee1b2ee0aec78d40775c5f7;REVALIDAR_EVIDENCIA;Inventário não certifica execução.
R4-QUA-03-S02;R4-QUA-03;R4;R4-QUA-03-S02 — dependência integrada ausente ou teste t.Skip;openspec/changes/r4-04-conclusao-integrada-da-baseline/specs/r4-04-conclusao-integrada-da-baseline/spec.md;49;58656b316abf60f16e5c60d855b375fcfb7002a2a19adf429782ef2df2234bed;REVALIDAR_EVIDENCIA;Inventário não certifica execução.
R4-QUA-03-S03;R4-QUA-03;R4;R4-QUA-03-S03 — Compose e kind preparados com imagens do conteúdo atual;openspec/changes/r4-04-conclusao-integrada-da-baseline/specs/r4-04-conclusao-integrada-da-baseline/spec.md;54;50061059bd336e2a0ccc6e0b4ca000f451d5c5281791a63a0f7a17a0d50b8b1f;REVALIDAR_EVIDENCIA;Inventário não certifica execução.
R5-SEG-01-S01;R5-SEG-01;R5;R5-SEG-01-S01 — operação desconhecida e assinatura falsa não vazia;openspec/changes/r5-01-fronteiras-de-autorizacao/specs/r5-01-fronteiras-de-autorizacao/spec.md;8;778dcfc686abfd8a0d9e165fdcb9afeea617cb3e6167143da410a25af7470d85;REVALIDAR_EVIDENCIA;Inventário não certifica execução.
R5-SEG-01-S02;R5-SEG-01;R5;R5-SEG-01-S02 — callback autêntico precede correlação e há rotação da chave;openspec/changes/r5-01-fronteiras-de-autorizacao/specs/r5-01-fronteiras-de-autorizacao/spec.md;13;420db741f1c496b32f8480b9245ad1f22ab1516f1262e230714d8a9cdb93928c;REVALIDAR_EVIDENCIA;Inventário não certifica execução.
R5-SEG-01-S03;R5-SEG-01;R5;R5-SEG-01-S03 — conta agressora envia órfãos e repete evento com timestamp novo;openspec/changes/r5-01-fronteiras-de-autorizacao/specs/r5-01-fronteiras-de-autorizacao/spec.md;18;5ea57de4ec51b26b1a4a81334c68b03ba31f9196cc7ad795ef996c18bd65f810;REVALIDAR_EVIDENCIA;Inventário não certifica execução.
R5-SEG-02-S01;R5-SEG-02;R5;R5-SEG-02-S01 — oferta em cache e Atlas retorna 403 ou 409;openspec/changes/r5-01-fronteiras-de-autorizacao/specs/r5-01-fronteiras-de-autorizacao/spec.md;26;547d02c429b334850aeb8201616201c4ebf12e0f19b7a03a334157186e513db7;REVALIDAR_EVIDENCIA;Inventário não certifica execução.
R5-SEG-02-S02;R5-SEG-02;R5;R5-SEG-02-S02 — projeção elegível e Atlas temporariamente indisponível;openspec/changes/r5-01-fronteiras-de-autorizacao/specs/r5-01-fronteiras-de-autorizacao/spec.md;31;d9edb2e0655479dbf75dc759af17a248a6cea9d3dc7a4818263818dbfcd7215d;REVALIDAR_EVIDENCIA;Inventário não certifica execução.
R5-SEG-02-S03;R5-SEG-02;R5;R5-SEG-02-S03 — oferta suspensa e cache em múltiplas réplicas;openspec/changes/r5-01-fronteiras-de-autorizacao/specs/r5-01-fronteiras-de-autorizacao/spec.md;36;434052dc43454388af23012b41be47c5158e01b7fd987de7065883cdbc34cedd;REVALIDAR_EVIDENCIA;Inventário não certifica execução.
R5-SEG-03-S01;R5-SEG-03;R5;R5-SEG-03-S01 — dados A/B existentes e credencial runtime real;openspec/changes/r5-01-fronteiras-de-autorizacao/specs/r5-01-fronteiras-de-autorizacao/spec.md;44;a694f2a4cffe5dd808a723da4103860ea9c37b76ba5f921b7b98b67aa1893205;REVALIDAR_EVIDENCIA;Inventário não certifica execução.
R5-SEG-03-S02;R5-SEG-03;R5;R5-SEG-03-S02 — pool reutilizado e worker executando tenant alternado;openspec/changes/r5-01-fronteiras-de-autorizacao/specs/r5-01-fronteiras-de-autorizacao/spec.md;49;769f4b1906c3388a276e8cd82b8d67141ae9041838cdd6c0825d2d1cbc354ddf;REVALIDAR_EVIDENCIA;Inventário não certifica execução.
R5-SEG-03-S03;R5-SEG-03;R5;R5-SEG-03-S03 — operador com leitura local e operador global autorizado;openspec/changes/r5-01-fronteiras-de-autorizacao/specs/r5-01-fronteiras-de-autorizacao/spec.md;54;1932045a1144a761067601d2b82f204662965a5182559b7bfbb751229f9c1d45;REVALIDAR_EVIDENCIA;Inventário não certifica execução.
R5-EXE-01-S01;R5-EXE-01;R5;R5-EXE-01-S01 — retry_until vencido e upstream voltou;openspec/changes/r5-02-produtos-e-prazos-duraveis/specs/r5-02-produtos-e-prazos-duraveis/spec.md;8;27a4aa279acc8427fe711e030d8122a16a7db647807fa63460406dd8a68ecc2b;REVALIDAR_EVIDENCIA;Inventário não certifica execução.
R5-EXE-01-S02;R5-EXE-01;R5;R5-EXE-01-S02 — polling saudável demora além do SLA e callback chega depois;openspec/changes/r5-02-produtos-e-prazos-duraveis/specs/r5-02-produtos-e-prazos-duraveis/spec.md;13;3bf8db2eb7ee4fd0b44ef3b4758e0df9e3c2a52e420f1ceb6d1a0ebb2e247935;REVALIDAR_EVIDENCIA;Inventário não certifica execução.
R5-EXE-01-S03;R5-EXE-01;R5;R5-EXE-01-S03 — pausa após claim, lease expirada e comando legado sem novo campo;openspec/changes/r5-02-produtos-e-prazos-duraveis/specs/r5-02-produtos-e-prazos-duraveis/spec.md;18;c9cab995ffda4235f8b58e63923f76e7b57cbc52b8b95c3c01fe52411a2b7856;REVALIDAR_EVIDENCIA;Inventário não certifica execução.
R5-EXE-02-S01;R5-EXE-02;R5;R5-EXE-02-S01 — max_parallel=1 e dois publishers simultâneos;openspec/changes/r5-02-produtos-e-prazos-duraveis/specs/r5-02-produtos-e-prazos-duraveis/spec.md;26;27f16f432ec33da924eaa7ecef11649887fd13a34ed97fbc573a99fd272b906d;REVALIDAR_EVIDENCIA;Inventário não certifica execução.
R5-EXE-02-S02;R5-EXE-02;R5;R5-EXE-02-S02 — crash após marcar RUNNING e antes de publicar;openspec/changes/r5-02-produtos-e-prazos-duraveis/specs/r5-02-produtos-e-prazos-duraveis/spec.md;31;de40f4edff6bc882793b7e53377f784ea4968b1033520a9e8e16a84b3b12f29e;REVALIDAR_EVIDENCIA;Inventário não certifica execução.
R5-EXE-02-S03;R5-EXE-02;R5;R5-EXE-02-S03 — cancelamento ou final antes de novo I/O;openspec/changes/r5-02-produtos-e-prazos-duraveis/specs/r5-02-produtos-e-prazos-duraveis/spec.md;36;ee62ca3acc0a379a3910b907aac59518214cad3482d8b9688cf7aed2fbccc569;REVALIDAR_EVIDENCIA;Inventário não certifica execução.
R5-EXE-03-S01;R5-EXE-03;R5;R5-EXE-03-S01 — produto com serviços de dois provedores e bindings diferentes;openspec/changes/r5-02-produtos-e-prazos-duraveis/specs/r5-02-produtos-e-prazos-duraveis/spec.md;44;8f63a9d23048bccd12a48c6702e3c1465f9b5a46864e2b0889373c7f16acb039;REVALIDAR_EVIDENCIA;Inventário não certifica execução.
R5-EXE-03-S02;R5-EXE-03;R5;R5-EXE-03-S02 — catálogo/rota mudam depois do aceite;openspec/changes/r5-02-produtos-e-prazos-duraveis/specs/r5-02-produtos-e-prazos-duraveis/spec.md;49;04af96ac54067cbf78df627fdb6aa613fbf8453281c6c48532ac0a71039e4fcd;REVALIDAR_EVIDENCIA;Inventário não certifica execução.
R5-EXE-03-S03;R5-EXE-03;R5;R5-EXE-03-S03 — serviço ou contrato da etapa não é elegível;openspec/changes/r5-02-produtos-e-prazos-duraveis/specs/r5-02-produtos-e-prazos-duraveis/spec.md;54;fce8d6b0d0f91c2f8c5fbcdda6d1c5ad49fcd259b217d11dece1649360472551;REVALIDAR_EVIDENCIA;Inventário não certifica execução.
R5-EXE-04-S01;R5-EXE-04;R5;R5-EXE-04-S01 — A precede B e etapa posterior falha;openspec/changes/r5-02-produtos-e-prazos-duraveis/specs/r5-02-produtos-e-prazos-duraveis/spec.md;62;352ad7bce58a04975e7e17d1e2064a62f775f81f1f5833a453c82f7c66949823;REVALIDAR_EVIDENCIA;Inventário não certifica execução.
R5-EXE-04-S02;R5-EXE-04;R5;R5-EXE-04-S02 — cliente expira com compensação pendente;openspec/changes/r5-02-produtos-e-prazos-duraveis/specs/r5-02-produtos-e-prazos-duraveis/spec.md;67;d569c617604a9bf3b58992cb590331910dd73c92612dc1d4b9a5da00ca2d8fbd;REVALIDAR_EVIDENCIA;Inventário não certifica execução.
R5-EXE-04-S03;R5-EXE-04;R5;R5-EXE-04-S03 — compensação falha após possível efeito;openspec/changes/r5-02-produtos-e-prazos-duraveis/specs/r5-02-produtos-e-prazos-duraveis/spec.md;72;96b4c0393cb5046e0747edee5ae94e77e018b773c8ae289bfd1088cbff4b8c44;REVALIDAR_EVIDENCIA;Inventário não certifica execução.
R5-EXE-05-S01;R5-EXE-05;R5;R5-EXE-05-S01 — ambiente limpo e consumidor financeiro inicia por último;openspec/changes/r5-02-produtos-e-prazos-duraveis/specs/r5-02-produtos-e-prazos-duraveis/spec.md;80;4c4afef3cceb0cae7b9c41ceb31452bf0fbb0f4c20fdbc0c1a86772e59e3403c;REVALIDAR_EVIDENCIA;Inventário não certifica execução.
R5-EXE-05-S02;R5-EXE-05;R5;R5-EXE-05-S02 — assinatura removida ou policy incorreta durante execução;openspec/changes/r5-02-produtos-e-prazos-duraveis/specs/r5-02-produtos-e-prazos-duraveis/spec.md;85;c10c9531644340464401284bb45890af9688d635d9fbee14ea63f9c5163e96ec;REVALIDAR_EVIDENCIA;Inventário não certifica execução.
R5-EXE-05-S03;R5-EXE-05;R5;R5-EXE-05-S03 — broker recupera e processos reiniciam fora de ordem;openspec/changes/r5-02-produtos-e-prazos-duraveis/specs/r5-02-produtos-e-prazos-duraveis/spec.md;90;abf4acd3aabe423078f61740c724422bc67dd020ec85a80e286d368b1c105894;REVALIDAR_EVIDENCIA;Inventário não certifica execução.
R5-DAD-01-S01;R5-DAD-01;R5;R5-DAD-01-S01 — resultado contém inteiro 9007199254740993 e decimal exato;openspec/changes/r5-03-integridade-e-reconciliacao/specs/r5-03-integridade-e-reconciliacao/spec.md;8;afdf911418c0ce37647acd1cbb5d3984f942b17a0f22b79289740f7c53620279;REVALIDAR_EVIDENCIA;Inventário não certifica execução.
R5-DAD-01-S02;R5-DAD-01;R5;R5-DAD-01-S02 — ID financeiro maior que inteiro seguro JS;openspec/changes/r5-03-integridade-e-reconciliacao/specs/r5-03-integridade-e-reconciliacao/spec.md;13;eef27a6b482d9b93bc0873d65b4b64c4c505afab28ca803f754854068f7d6579;REVALIDAR_EVIDENCIA;Inventário não certifica execução.
R5-DAD-01-S03;R5-DAD-01;R5;R5-DAD-01-S03 — campos não numéricos e schema rejeitado;openspec/changes/r5-03-integridade-e-reconciliacao/specs/r5-03-integridade-e-reconciliacao/spec.md;18;381be8fda5add18a81bdf7473f2b4e0e72bf34e4358684c926759c853fe067af;REVALIDAR_EVIDENCIA;Inventário não certifica execução.
R5-DAD-02-S01;R5-DAD-02;R5;R5-DAD-02-S01 — backup contém produto em trânsito, UNKNOWN, reserva e versões de arquivo;openspec/changes/r5-03-integridade-e-reconciliacao/specs/r5-03-integridade-e-reconciliacao/spec.md;26;d432527146600bce296072e2d5da305c1c90a645ce078ce1cb8c7b0926729a09;REVALIDAR_EVIDENCIA;Inventário não certifica execução.
R5-DAD-02-S02;R5-DAD-02;R5;R5-DAD-02-S02 — faltam versão de objeto ou etapa do plano;openspec/changes/r5-03-integridade-e-reconciliacao/specs/r5-03-integridade-e-reconciliacao/spec.md;31;84273c8fc142de4719cdfe58cf227b4d1a4b70d028ae391d0b87cb434b0a218b;REVALIDAR_EVIDENCIA;Inventário não certifica execução.
R5-DAD-02-S03;R5-DAD-02;R5;R5-DAD-02-S03 — falha regional ou restauração de ponto anterior ao efeito externo;openspec/changes/r5-03-integridade-e-reconciliacao/specs/r5-03-integridade-e-reconciliacao/spec.md;36;127f5e424d238f3bf921c60e09a2d05f9b7b5dd32d9667bb173231c877b26df8;REVALIDAR_EVIDENCIA;Inventário não certifica execução.
R5-DAD-03-S01;R5-DAD-03;R5;R5-DAD-03-S01 — reserva 100 e consumo final 30;openspec/changes/r5-03-integridade-e-reconciliacao/specs/r5-03-integridade-e-reconciliacao/spec.md;44;762df8dfa3b474fcadd17c67ca47de29e75c9e40b9520e0f22b205a2ddf85545;REVALIDAR_EVIDENCIA;Inventário não certifica execução.
R5-DAD-03-S02;R5-DAD-03;R5;R5-DAD-03-S02 — produtor/outbox atrasado e operador pede fechamento;openspec/changes/r5-03-integridade-e-reconciliacao/specs/r5-03-integridade-e-reconciliacao/spec.md;49;d43ccdc83799a48394c5b71acc089de05a8c4701fa91eaa0c01e0fb17cdf4479;REVALIDAR_EVIDENCIA;Inventário não certifica execução.
R5-DAD-03-S03;R5-DAD-03;R5;R5-DAD-03-S03 — fato tardio após exportação fechada;openspec/changes/r5-03-integridade-e-reconciliacao/specs/r5-03-integridade-e-reconciliacao/spec.md;54;335858d1cb69832df987a6b45afa92fe5918fdfabc0862974ea1380ddbf7e960;REVALIDAR_EVIDENCIA;Inventário não certifica execução.
R5-DAD-04-S01;R5-DAD-04;R5;R5-DAD-04-S01 — evento financeiro inválido com bytes originais;openspec/changes/r5-03-integridade-e-reconciliacao/specs/r5-03-integridade-e-reconciliacao/spec.md;62;9357db6fc25fe94a7f5c67bb14fc0a75bb24cc0ea8d51cc841dddc30bbe1fb51;REVALIDAR_EVIDENCIA;Inventário não certifica execução.
R5-DAD-04-S02;R5-DAD-04;R5;R5-DAD-04-S02 — falha da persistência de quarentena;openspec/changes/r5-03-integridade-e-reconciliacao/specs/r5-03-integridade-e-reconciliacao/spec.md;67;3973cda63ba84685b991188f2cad928dc6bc0b18db90eeb6a518951f4a22aa10;REVALIDAR_EVIDENCIA;Inventário não certifica execução.
R5-DAD-04-S03;R5-DAD-04;R5;R5-DAD-04-S03 — contrato corrigido e operador autorizado pede replay;openspec/changes/r5-03-integridade-e-reconciliacao/specs/r5-03-integridade-e-reconciliacao/spec.md;72;0a2147ec908e36902ee6ed6e8074195b9c1101fe1f93fbd68572da8ce4bb56a4;REVALIDAR_EVIDENCIA;Inventário não certifica execução.
R5-OPE-01-S01;R5-OPE-01;R5;R5-OPE-01-S01 — rota ativa sem política ou controller;openspec/changes/r5-04-capacidade-e-promocao-verificaveis/specs/r5-04-capacidade-e-promocao-verificaveis/spec.md;8;a83d9489f8ce3f802755eaf247af4e08231f0174a61ca80e475d5a30f70de7fa;REVALIDAR_EVIDENCIA;Inventário não certifica execução.
R5-OPE-01-S02;R5-OPE-01;R5;R5-OPE-01-S02 — queda após efeito ou durante settlement de permit;openspec/changes/r5-04-capacidade-e-promocao-verificaveis/specs/r5-04-capacidade-e-promocao-verificaveis/spec.md;13;0689bd381494fbc7baf2830a79f8b0d61950152213ec5a423e83d5de1cc209e2;REVALIDAR_EVIDENCIA;Inventário não certifica execução.
R5-OPE-01-S03;R5-OPE-01;R5;R5-OPE-01-S03 — histórico grande, tenant agressor e provedor que escala;openspec/changes/r5-04-capacidade-e-promocao-verificaveis/specs/r5-04-capacidade-e-promocao-verificaveis/spec.md;18;9d361cec8c31446f7cb1df9e3e9782bdbbde4636cd73183e3da7492f2ec7f625;REVALIDAR_EVIDENCIA;Inventário não certifica execução.
R5-OPE-02-S01;R5-OPE-02;R5;R5-OPE-02-S01 — prd sem manifesto e variáveis textuais PASS;openspec/changes/r5-04-capacidade-e-promocao-verificaveis/specs/r5-04-capacidade-e-promocao-verificaveis/spec.md;26;27454979aecd5734c69ef391ed0f39ba1d6b38e2d7864faa3b196f9ace18a08c;REVALIDAR_EVIDENCIA;Inventário não certifica execução.
R5-OPE-02-S02;R5-OPE-02;R5;R5-OPE-02-S02 — manifesto válido pertence a outro SHA ou digest;openspec/changes/r5-04-capacidade-e-promocao-verificaveis/specs/r5-04-capacidade-e-promocao-verificaveis/spec.md;31;0c656f337b2a304893791437ee20566aec6ba0a838b27d710f67bbc3798c0c98;REVALIDAR_EVIDENCIA;Inventário não certifica execução.
R5-OPE-02-S03;R5-OPE-02;R5;R5-OPE-02-S03 — artefato qualificado e aprovações autênticas do ambiente;openspec/changes/r5-04-capacidade-e-promocao-verificaveis/specs/r5-04-capacidade-e-promocao-verificaveis/spec.md;36;390667faa9eefc5b376407be9d133634f55de13d7fd43cbe96eb6b4b206d974b;REVALIDAR_EVIDENCIA;Inventário não certifica execução.
R5-OPE-03-S01;R5-OPE-03;R5;R5-OPE-03-S01 — novo cliente e carga dentro do envelope aprovado;openspec/changes/r5-04-capacidade-e-promocao-verificaveis/specs/r5-04-capacidade-e-promocao-verificaveis/spec.md;44;5141803af58396dcaff1445918150ba03c8be4829a96d0f82c086a533d2b26db;REVALIDAR_EVIDENCIA;Inventário não certifica execução.
R5-OPE-03-S02;R5-OPE-03;R5;R5-OPE-03-S02 — perda de nó/zona com tráfego e obrigações em trânsito;openspec/changes/r5-04-capacidade-e-promocao-verificaveis/specs/r5-04-capacidade-e-promocao-verificaveis/spec.md;49;05cbce0b7d7c049ba7687ab55fa009ab75774c4d78ea5e3a4d16984894cfc2f0;REVALIDAR_EVIDENCIA;Inventário não certifica execução.
R5-OPE-03-S03;R5-OPE-03;R5;R5-OPE-03-S03 — credencial/fixture local em configuração prd;openspec/changes/r5-04-capacidade-e-promocao-verificaveis/specs/r5-04-capacidade-e-promocao-verificaveis/spec.md;54;fb8b9a11b6543d523e81ddf2d731729d0b2aa322f6f9fc4f7fc3a161e1ec664a;REVALIDAR_EVIDENCIA;Inventário não certifica execução.
R5-UX-01-S01;R5-UX-01;R5;R5-UX-01-S01 — catálogo possui mais de 1000 itens e referência fora da primeira página;openspec/changes/r5-05-console-escalavel-e-contratual/specs/r5-05-console-escalavel-e-contratual/spec.md;8;0840c355705561e5ed39c57d95e1b581061c084890f89c8b616445bfc75d5722;REVALIDAR_EVIDENCIA;Inventário não certifica execução.
R5-UX-01-S02;R5-UX-01;R5;"R5-UX-01-S02 — comando persiste e duas respostas se perdem; usuário recarrega";openspec/changes/r5-05-console-escalavel-e-contratual/specs/r5-05-console-escalavel-e-contratual/spec.md;13;083aa8f560ee5c82221ca9214fa306256a289c5f4e146b470afa8d73e19b3bf6;REVALIDAR_EVIDENCIA;Inventário não certifica execução.
R5-UX-01-S03;R5-UX-01;R5;R5-UX-01-S03 — API responde objeto de formato errado ou usuário sem escopo;openspec/changes/r5-05-console-escalavel-e-contratual/specs/r5-05-console-escalavel-e-contratual/spec.md;18;a657303e8d453b7a3dc87bab438d227bec2611cdaa8fed987af27bdd94ea09fe;REVALIDAR_EVIDENCIA;Inventário não certifica execução.
R5-QUA-01-S01;R5-QUA-01;R5;R5-QUA-01-S01 — baseline remota 201/732 e quatro obrigações R4 ausentes;openspec/changes/r5-06-baseline-e-evidencia-integral/specs/r5-06-baseline-e-evidencia-integral/spec.md;8;6c3f458eecfc47723286b4d5c0b4307cbd25880fd6ff47aac2a0d218a6b30b6b;REVALIDAR_EVIDENCIA;Inventário não certifica execução.
R5-QUA-01-S02;R5-QUA-01;R5;R5-QUA-01-S02 — cenário ou código muda após execução;openspec/changes/r5-06-baseline-e-evidencia-integral/specs/r5-06-baseline-e-evidencia-integral/spec.md;13;b3dbaf2a04ff61bbdc9140b569c62c1dbbd0e17525fb123b53bf5cf1daff7ab2;REVALIDAR_EVIDENCIA;Inventário não certifica execução.
R5-QUA-01-S03;R5-QUA-01;R5;R5-QUA-01-S03 — log histórico, smoke exploratório e teste integrado atual;openspec/changes/r5-06-baseline-e-evidencia-integral/specs/r5-06-baseline-e-evidencia-integral/spec.md;18;e2c9d3c0111012a22b59a86779dafa66e69446faebfd2ab65f02c7a2c8d0738b;REVALIDAR_EVIDENCIA;Inventário não certifica execução.
R6-SEG-01-S01;R6-SEG-01;R6;R6-SEG-01-S01 — fixtures A e B confirmadas e role runtime;openspec/changes/r6-01-isolamento-e-custodia/specs/r6-01-isolamento-e-custodia/spec.md;8;0493592b6d85056da87bb92afadc13c81c59bb2fc5ff1622cb60a40d5043348c;NOT_RUN;Inventário não certifica execução.
R6-SEG-01-S02;R6-SEG-01;R6;R6-SEG-01-S02 — pool de uma conexão e A/B alternados;openspec/changes/r6-01-isolamento-e-custodia/specs/r6-01-isolamento-e-custodia/spec.md;13;bdc10bd8a5e6f157f8235ded2c8365df55b4ae7c3466ca6bcd246d87cc33331f;NOT_RUN;Inventário não certifica execução.
R6-SEG-01-S03;R6-SEG-01;R6;R6-SEG-01-S03 — worker de múltiplos tenants e administrador nominal;openspec/changes/r6-01-isolamento-e-custodia/specs/r6-01-isolamento-e-custodia/spec.md;18;e7f46413314fb777e7ad5536a117cbea606bd19252ce8832cd7347d913b4f1ad;NOT_RUN;Inventário não certifica execução.
R6-SEG-02-S01;R6-SEG-02;R6;R6-SEG-02-S01 — callback legítimo aceito antes da correlação;openspec/changes/r6-01-isolamento-e-custodia/specs/r6-01-isolamento-e-custodia/spec.md;26;7fda3898fc40cb15e42c176af2943c5b8d21e2d6f65ca63b33142a622ee78389;NOT_RUN;Inventário não certifica execução.
R6-SEG-02-S02;R6-SEG-02;R6;R6-SEG-02-S02 — três falhas transitórias no apply de callback aceito;openspec/changes/r6-01-isolamento-e-custodia/specs/r6-01-isolamento-e-custodia/spec.md;31;1d6d37f6555e05775b8f14e4395cd19b8dc1bceaa81deacd24843861d6f59c05;NOT_RUN;Inventário não certifica execução.
R6-SEG-02-S03;R6-SEG-02;R6;R6-SEG-02-S03 — muitos órfãos de uma conta e conta saudável;openspec/changes/r6-01-isolamento-e-custodia/specs/r6-01-isolamento-e-custodia/spec.md;36;a4db357cb5bb0ef37fbdb24fbbed7a9717261a2b1c9c758776183d66e1237540;NOT_RUN;Inventário não certifica execução.
R6-EXE-01-S01;R6-EXE-01;R6;R6-EXE-01-S01 — produto com serviços de A e B e credenciais distintas;openspec/changes/r6-02-execucao-coerente-de-produtos/specs/r6-02-execucao-coerente-de-produtos/spec.md;8;2fa32f8b1b0323b16d88bc63f889d18ecf0f7341bc53f5fc4a8db1d982eae733;NOT_RUN;Inventário não certifica execução.
R6-EXE-01-S02;R6-EXE-01;R6;R6-EXE-01-S02 — referência da conta B ausente ou inelegível;openspec/changes/r6-02-execucao-coerente-de-produtos/specs/r6-02-execucao-coerente-de-produtos/spec.md;13;57f872d7ec8abbc64840a5ab7fa183953607667bc0eb8d78974da895eb410410;NOT_RUN;Inventário não certifica execução.
R6-EXE-01-S03;R6-EXE-01;R6;R6-EXE-01-S03 — produto aceito e catálogo alterado;openspec/changes/r6-02-execucao-coerente-de-produtos/specs/r6-02-execucao-coerente-de-produtos/spec.md;18;ccbdf88aa9bea5393b269124ff1d096cc7b497867d3c8d3ac39f5b5e723960e5;NOT_RUN;Inventário não certifica execução.
R6-EXE-02-S01;R6-EXE-02;R6;R6-EXE-02-S01 — DIRECT READY com retry_until vencido e SLA cliente futuro;openspec/changes/r6-02-execucao-coerente-de-produtos/specs/r6-02-execucao-coerente-de-produtos/spec.md;26;eaf2206dd6a4f0809c1001112f24a6ca77b63119dfd29e5ba11959d3f6d70c75;NOT_RUN;Inventário não certifica execução.
R6-EXE-02-S02;R6-EXE-02;R6;R6-EXE-02-S02 — DIRECT perdeu resposta depois de efeito externo;openspec/changes/r6-02-execucao-coerente-de-produtos/specs/r6-02-execucao-coerente-de-produtos/spec.md;31;1c5b123e3868644f223605c93fd2d153e3acf3fe350c5b010a6627324d166012;NOT_RUN;Inventário não certifica execução.
R6-EXE-02-S03;R6-EXE-02;R6;R6-EXE-02-S03 — QUEUED, DIRECT e polling saudável sob relógio controlado;openspec/changes/r6-02-execucao-coerente-de-produtos/specs/r6-02-execucao-coerente-de-produtos/spec.md;36;c4958ce14e7e084106488a883de06868adb8981743b1590f867b1db681083192;NOT_RUN;Inventário não certifica execução.
R6-EXE-03-S01;R6-EXE-03;R6;R6-EXE-03-S01 — A→B concluídos e C falha, cliente expira;openspec/changes/r6-02-execucao-coerente-de-produtos/specs/r6-02-execucao-coerente-de-produtos/spec.md;44;df19e402dc9d0ddd9027edf8f9a194923e5c7ed449cc1c64497028e2530584cc;NOT_RUN;Inventário não certifica execução.
R6-EXE-03-S02;R6-EXE-03;R6;R6-EXE-03-S02 — cancelamento após efeito conhecido;openspec/changes/r6-02-execucao-coerente-de-produtos/specs/r6-02-execucao-coerente-de-produtos/spec.md;49;8903f26cdf53552cbeaa127ee8b45ce975ebf28117069f1e25518d07e9e690e5;NOT_RUN;Inventário não certifica execução.
R6-EXE-03-S03;R6-EXE-03;R6;R6-EXE-03-S03 — compensação apresenta UNKNOWN ou falha definitiva;openspec/changes/r6-02-execucao-coerente-de-produtos/specs/r6-02-execucao-coerente-de-produtos/spec.md;54;84874a9b70e0761f80610f61588a42473a9f692c702b35f72c696465bfaeb2e0;NOT_RUN;Inventário não certifica execução.
R6-EXE-04-S01;R6-EXE-04;R6;R6-EXE-04-S01 — intent de produto falha quando retry expira;openspec/changes/r6-02-execucao-coerente-de-produtos/specs/r6-02-execucao-coerente-de-produtos/spec.md;62;c5d319d7be3fd34696a87dfc8e04aaf623011da5260185bf0d0acd72120b99d7;NOT_RUN;Inventário não certifica execução.
R6-EXE-04-S02;R6-EXE-04;R6;R6-EXE-04-S02 — dois publishers e um fato final concorrentes;openspec/changes/r6-02-execucao-coerente-de-produtos/specs/r6-02-execucao-coerente-de-produtos/spec.md;67;50d8aa99c4d0e6b00ff0e970ed6427335be4450cad71351e1c6911c90beca353;NOT_RUN;Inventário não certifica execução.
R6-EXE-04-S03;R6-EXE-04;R6;R6-EXE-04-S03 — lease RUNNING expira após crash pré-publicação;openspec/changes/r6-02-execucao-coerente-de-produtos/specs/r6-02-execucao-coerente-de-produtos/spec.md;72;678c0189c751b47b10dfc615f3433c7c97dd46dc090686c98ea47ba474f0a997;NOT_RUN;Inventário não certifica execução.
R6-FIN-01-S01;R6-FIN-01;R6;R6-FIN-01-S01 — quarentena cujo payload continua inválido;openspec/changes/r6-03-reconciliacao-financeira/specs/r6-03-reconciliacao-financeira/spec.md;8;2088fa7eeb3ca42d711a3f269bb4e947b67f53d2986f9fdadb0f26dbe0b79153;NOT_RUN;Inventário não certifica execução.
R6-FIN-01-S02;R6-FIN-01;R6;R6-FIN-01-S02 — fato tardio após período fechado;openspec/changes/r6-03-reconciliacao-financeira/specs/r6-03-reconciliacao-financeira/spec.md;13;2c54e00cd5022bc6452aec4dc434ec16e8fddda0d7616a93b56f5dea13422603;NOT_RUN;Inventário não certifica execução.
R6-FIN-01-S03;R6-FIN-01;R6;R6-FIN-01-S03 — crash após aplicação e antes da confirmação do replay;openspec/changes/r6-03-reconciliacao-financeira/specs/r6-03-reconciliacao-financeira/spec.md;18;26b95aac74047c3ff4d4465ca7fe366e96ef77da9679b28fce34af0e730d5347;NOT_RUN;Inventário não certifica execução.
R6-FIN-02-S01;R6-FIN-02;R6;R6-FIN-02-S01 — fatos fora de ordem e um produtor atrasado;openspec/changes/r6-03-reconciliacao-financeira/specs/r6-03-reconciliacao-financeira/spec.md;26;45a76374334989d2f21cead7ac5519811357fba318c1b159499180dac46757ff;NOT_RUN;Inventário não certifica execução.
R6-FIN-02-S02;R6-FIN-02;R6;R6-FIN-02-S02 — reserva 10 e consumo efetivo 7, com duplicata;openspec/changes/r6-03-reconciliacao-financeira/specs/r6-03-reconciliacao-financeira/spec.md;31;c6402949609674ce0a36e69bd80fa5fb177e20d04b6535e06ffea5f487bf75d4;NOT_RUN;Inventário não certifica execução.
R6-FIN-02-S03;R6-FIN-02;R6;R6-FIN-02-S03 — fato econômico chega depois de exportação;openspec/changes/r6-03-reconciliacao-financeira/specs/r6-03-reconciliacao-financeira/spec.md;36;3e686e24232a39491473723386ed1c0c1fd6d11c7aae730a1b2c7efb4cb6f217;NOT_RUN;Inventário não certifica execução.
R6-OPE-01-S01;R6-OPE-01;R6;R6-OPE-01-S01 — manifesto de um cenário, SHA falso e status prefixado PASS;openspec/changes/r6-04-qualificacao-operacional/specs/r6-04-qualificacao-operacional/spec.md;8;63d0e32b42a55ec3a629851a7bd49983c14b9d019b61a975dfb3b40dbfe45054;NOT_RUN;Inventário não certifica execução.
R6-OPE-01-S02;R6-OPE-01;R6;R6-OPE-01-S02 — manifesto completo de execução autorizada e artefato idêntico;openspec/changes/r6-04-qualificacao-operacional/specs/r6-04-qualificacao-operacional/spec.md;13;8c2950c78ddb441facbedc11016392b9b946d13db4cdd028eefc9e7a27f02f29;NOT_RUN;Inventário não certifica execução.
R6-OPE-01-S03;R6-OPE-01;R6;R6-OPE-01-S03 — manifesto contém skip obrigatório ou aprovação não autenticada;openspec/changes/r6-04-qualificacao-operacional/specs/r6-04-qualificacao-operacional/spec.md;18;71bec8de2ff0d3bfa7ccb7e4a17c2694c3674fe1c996beaf3a4bb78dce0ff5ec;NOT_RUN;Inventário não certifica execução.
R6-OPE-02-S01;R6-OPE-02;R6;R6-OPE-02-S01 — backup com etapas pendentes, UNKNOWN e duas versões referenciadas;openspec/changes/r6-04-qualificacao-operacional/specs/r6-04-qualificacao-operacional/spec.md;26;4a5426bea27e1d8a93bbcb14dcb8a4a28463eb7c18f220388bd0a10d43b553f4;NOT_RUN;Inventário não certifica execução.
R6-OPE-02-S02;R6-OPE-02;R6;R6-OPE-02-S02 — restore completo e fronteira de I/O cercada;openspec/changes/r6-04-qualificacao-operacional/specs/r6-04-qualificacao-operacional/spec.md;31;ee06fb68e717863cc3c42e8b32a278e826fbcf17e54a67f056feab685ef11651;NOT_RUN;Inventário não certifica execução.
R6-OPE-02-S03;R6-OPE-02;R6;R6-OPE-02-S03 — backup vazio ou versão de objeto ausente;openspec/changes/r6-04-qualificacao-operacional/specs/r6-04-qualificacao-operacional/spec.md;36;d1d5679cb0ed2cdbd22b0d71b8bb0ff2ff53f1b1a9f2547869a43cb42c61257d;NOT_RUN;Inventário não certifica execução.
R6-OPE-03-S01;R6-OPE-03;R6;R6-OPE-03-S01 — aumento de tenants dentro do envelope de capacidade;openspec/changes/r6-04-qualificacao-operacional/specs/r6-04-qualificacao-operacional/spec.md;44;3a626333b15ff68e7fe09c482903f3531b59e6ee19e398f1b4b421e1486be2ed;NOT_RUN;Inventário não certifica execução.
R6-OPE-03-S02;R6-OPE-03;R6;R6-OPE-03-S02 — rolling update e falha de pod/nó com obrigações aceitas;openspec/changes/r6-04-qualificacao-operacional/specs/r6-04-qualificacao-operacional/spec.md;49;f025dfc8f5fddd21e2dcff6ac37585ed6824fbb67dd83dc50bfc27f642d72b45;NOT_RUN;Inventário não certifica execução.
R6-OPE-03-S03;R6-OPE-03;R6;R6-OPE-03-S03 — assinatura obrigatória removida após bootstrap;openspec/changes/r6-04-qualificacao-operacional/specs/r6-04-qualificacao-operacional/spec.md;54;4eb3336728917ad4b1af5314e498adc3f9e98aefb896ffa7c18a8af959847713;NOT_RUN;Inventário não certifica execução.
R6-OPE-04-S01;R6-OPE-04;R6;R6-OPE-04-S01 — rota sem domínio de capacidade ou política vencida;openspec/changes/r6-04-qualificacao-operacional/specs/r6-04-qualificacao-operacional/spec.md;62;19bd96b5bf390a9c90e36a7a50d784ed4f6a7c8e941701164951b324a3b87bfd;NOT_RUN;Inventário não certifica execução.
R6-OPE-04-S02;R6-OPE-04;R6;R6-OPE-04-S02 — provedor reduz capacidade e depois escala;openspec/changes/r6-04-qualificacao-operacional/specs/r6-04-qualificacao-operacional/spec.md;67;c62251f73497cd2226a4a581281ccb83e2b072d8ed4fedb66b20659be4916697;NOT_RUN;Inventário não certifica execução.
R6-OPE-04-S03;R6-OPE-04;R6;R6-OPE-04-S03 — settlement falha e lease vence;openspec/changes/r6-04-qualificacao-operacional/specs/r6-04-qualificacao-operacional/spec.md;72;2768fc6173d8462f45f1e0252d28631775942feebc640d2bea17510d6491dd78;NOT_RUN;Inventário não certifica execução.
R6-UX-01-S01;R6-UX-01;R6;R6-UX-01-S01 — mais de 50 serviços/contas/bindings elegíveis;openspec/changes/r6-05-console-operavel/specs/r6-05-console-operavel/spec.md;8;62792f4bdad6eb8c1b36614dfe928361c3e67976708a4feae37682dee26289b9;NOT_RUN;Inventário não certifica execução.
R6-UX-01-S02;R6-UX-01;R6;R6-UX-01-S02 — item já selecionado fora da primeira página;openspec/changes/r6-05-console-operavel/specs/r6-05-console-operavel/spec.md;13;2b7b2012f85233719185132133652a9eb49a6bf56243ddd06f70e96a3df6311b;NOT_RUN;Inventário não certifica execução.
R6-UX-01-S03;R6-UX-01;R6;R6-UX-01-S03 — tenant muda com busca em voo;openspec/changes/r6-05-console-operavel/specs/r6-05-console-operavel/spec.md;18;47bb64925f69c05ae8f97e655ea9951478f2210de34bc30b80be01364e10d623;NOT_RUN;Inventário não certifica execução.
R6-UX-02-S01;R6-UX-02;R6;R6-UX-02-S01 — mapping editado para JSON inválido;openspec/changes/r6-05-console-operavel/specs/r6-05-console-operavel/spec.md;26;fbdef37fd7be5db847785f37fbe6a1957bc1660ef1de984ae6d2a1ffff199e91;NOT_RUN;Inventário não certifica execução.
R6-UX-02-S02;R6-UX-02;R6;R6-UX-02-S02 — servidor confirma mutação mas duas respostas se perdem;openspec/changes/r6-05-console-operavel/specs/r6-05-console-operavel/spec.md;31;ff54683d976f668af5d365506d930a1d6f0501130a0f74f9ac4301c7a8c6565b;NOT_RUN;Inventário não certifica execução.
R6-UX-02-S03;R6-UX-02;R6;R6-UX-02-S03 — detalhe ou retorno de mutação fora do contrato;openspec/changes/r6-05-console-operavel/specs/r6-05-console-operavel/spec.md;36;a7434d24cf81d97556c0b7e428dc50746fda18a906627cd57d924e352fb1497f;NOT_RUN;Inventário não certifica execução.
R6-QUA-01-S01;R6-QUA-01;R6;R6-QUA-01-S01 — specs vigentes e resultados parciais antigos;openspec/changes/r6-06-evidencia-consolidada/specs/r6-06-evidencia-consolidada/spec.md;8;b4ac3784ff076e77f7d4a57a11213d703e69973eebb83cc39b54eb47705516de;NOT_RUN;Inventário não certifica execução.
R6-QUA-01-S02;R6-QUA-01;R6;R6-QUA-01-S02 — teste altera subcasos e SHA muda;openspec/changes/r6-06-evidencia-consolidada/specs/r6-06-evidencia-consolidada/spec.md;13;a2cc672745bcdf039e109bbcf3f997c407350ed77357187200d3788f27f8833e;NOT_RUN;Inventário não certifica execução.
R6-QUA-01-S03;R6-QUA-01;R6;R6-QUA-01-S03 — dependência obrigatória indisponível;openspec/changes/r6-06-evidencia-consolidada/specs/r6-06-evidencia-consolidada/spec.md;18;3bc9d73d5649758260ce910d269f8f40132099fb903f65a9bd4f873bf00bcc32;NOT_RUN;Inventário não certifica execução.
