change,spec_file,requirement_id,scenario_id,scenario_title,result,evidence
hub-interoperabilidade-v4,openspec/changes/hub-interoperabilidade-v4/specs/arquitetura-e-comunicacao/spec.md,ARQ-01,Portal,Portal não orquestra nem precifica,NOT_RUN,
hub-interoperabilidade-v4,openspec/changes/hub-interoperabilidade-v4/specs/arquitetura-e-comunicacao/spec.md,ARQ-01,Órbita,Órbita delega execução externa a Cometa sem manter segredos,NOT_RUN,
hub-interoperabilidade-v4,openspec/changes/hub-interoperabilidade-v4/specs/arquitetura-e-comunicacao/spec.md,ARQ-01,Libra,Libra não infere consumo apenas de logs nem fatura todo evento técnico,NOT_RUN,
hub-interoperabilidade-v4,openspec/changes/hub-interoperabilidade-v4/specs/arquitetura-e-comunicacao/spec.md,ARQ-01,Isolamento,Isolamento de adaptador ou temporizador apenas por critério explícito,NOT_RUN,
hub-interoperabilidade-v4,openspec/changes/hub-interoperabilidade-v4/specs/arquitetura-e-comunicacao/spec.md,ARQ-02,SYNC,SYNC persiste o fato externo via resposta HTTPS sem depender da fila,NOT_RUN,
hub-interoperabilidade-v4,openspec/changes/hub-interoperabilidade-v4/specs/arquitetura-e-comunicacao/spec.md,ARQ-02,ASYNC,ASYNC usa fila e mantém os mesmos invariantes com deduplicação de eventos posteriores,NOT_RUN,
hub-interoperabilidade-v4,openspec/changes/hub-interoperabilidade-v4/specs/arquitetura-e-comunicacao/spec.md,ARQ-02,Cada,Cada domínio grava somente seu próprio estado no core compartilhado,NOT_RUN,
hub-interoperabilidade-v4,openspec/changes/hub-interoperabilidade-v4/specs/arquitetura-e-comunicacao/spec.md,ARQ-02,Tráfego,Tráfego estabelecido não consulta Atlas/Crossplane a cada pedido,NOT_RUN,
hub-interoperabilidade-v4,openspec/changes/hub-interoperabilidade-v4/specs/arquitetura-e-comunicacao/spec.md,ARQ-03,PostgreSQL,PostgreSQL é a escolha para o banco transacional por célula,NOT_RUN,
hub-interoperabilidade-v4,openspec/changes/hub-interoperabilidade-v4/specs/arquitetura-e-comunicacao/spec.md,ARQ-03,SNS,SNS + SQS Standard é a escolha para o barramento sem presumir ordem,NOT_RUN,
hub-interoperabilidade-v4,openspec/changes/hub-interoperabilidade-v4/specs/arquitetura-e-comunicacao/spec.md,ARQ-03,Cache,Cache funciona e cumpre o SLO qualificado sem Redis,NOT_RUN,
hub-interoperabilidade-v4,openspec/changes/hub-interoperabilidade-v4/specs/arquitetura-e-comunicacao/spec.md,ARQ-03,Operar,Operar sem serviços AWS exige nova decisão de arquitetura,NOT_RUN,
hub-interoperabilidade-v4,openspec/changes/hub-interoperabilidade-v4/specs/arquitetura-e-comunicacao/spec.md,ARQ-04,Atlas,"Atlas API usa Go pela uniformidade de toolchain, não pela velocidade de CRUD",NOT_RUN,
hub-interoperabilidade-v4,openspec/changes/hub-interoperabilidade-v4/specs/arquitetura-e-comunicacao/spec.md,ARQ-04,Espera,"Espera de rede suportada libera a thread, mas bloqueio evitável no caminho crítico é proibido",NOT_RUN,
hub-interoperabilidade-v4,openspec/changes/hub-interoperabilidade-v4/specs/arquitetura-e-comunicacao/spec.md,ARQ-04,Interface,Interface de Atlas em TypeScript/React não processa pedidos de clientes,NOT_RUN,
hub-interoperabilidade-v4,openspec/changes/hub-interoperabilidade-v4/specs/arquitetura-e-comunicacao/spec.md,ARQ-04,Comparação,Comparação de desempenho entre Go e outras linguagens exige equivalência de condições,NOT_RUN,
hub-interoperabilidade-v4,openspec/changes/hub-interoperabilidade-v4/specs/arquitetura-e-comunicacao/spec.md,ARQ-05,PostgreSQL,PostgreSQL compartilhado entre células é separado por célula,NOT_RUN,
hub-interoperabilidade-v4,openspec/changes/hub-interoperabilidade-v4/specs/arquitetura-e-comunicacao/spec.md,ARQ-05,Dependência,"Dependência de produção exige versão fixada, plano de atualização, licença e proprietário",NOT_RUN,
hub-interoperabilidade-v4,openspec/changes/hub-interoperabilidade-v4/specs/arquitetura-e-comunicacao/spec.md,ARQ-05,Mesh,Mesh ou Envoy não são adotados automaticamente para o controle adaptativo do Cometa,NOT_RUN,
hub-interoperabilidade-v4,openspec/changes/hub-interoperabilidade-v4/specs/arquitetura-e-comunicacao/spec.md,ARQ-05,Traces,Traces do OpenTelemetry/Tempo não servem como fonte contábil ou única evidência de SLA,NOT_RUN,
hub-interoperabilidade-v4,openspec/changes/hub-interoperabilidade-v4/specs/arquitetura-e-comunicacao/spec.md,ARQ-06,KEDA,KEDA é o único proprietário do HPA de um Deployment de worker,NOT_RUN,
hub-interoperabilidade-v4,openspec/changes/hub-interoperabilidade-v4/specs/arquitetura-e-comunicacao/spec.md,ARQ-06,Crossplane,Crossplane reconcilia recursos mas não decide quando expandir,NOT_RUN,
hub-interoperabilidade-v4,openspec/changes/hub-interoperabilidade-v4/specs/arquitetura-e-comunicacao/spec.md,ARQ-06,Redução,Redução de pods ou nós não apaga dados protegidos,NOT_RUN,
hub-interoperabilidade-v4,openspec/changes/hub-interoperabilidade-v4/specs/arquitetura-e-comunicacao/spec.md,ARQ-06,Perda,Perda do plano de gestão impede novas expansões mas não desliga células prontas,NOT_RUN,
hub-interoperabilidade-v4,openspec/changes/hub-interoperabilidade-v4/specs/arquitetura-e-comunicacao/spec.md,COM-01,SYNC,SYNC entre Órbita e Cometa dispensa broker no percurso obrigatório,NOT_RUN,
hub-interoperabilidade-v4,openspec/changes/hub-interoperabilidade-v4/specs/arquitetura-e-comunicacao/spec.md,COM-01,Retorno,Retorno HTTP interno perdido não autoriza nova operação,NOT_RUN,
hub-interoperabilidade-v4,openspec/changes/hub-interoperabilidade-v4/specs/arquitetura-e-comunicacao/spec.md,COM-01,gRPC,gRPC e request/reply sobre broker não são adotados como padrão do caminho SYNC,NOT_RUN,
hub-interoperabilidade-v4,openspec/changes/hub-interoperabilidade-v4/specs/arquitetura-e-comunicacao/spec.md,COM-01,Pulsar,Pulsar consulta Órbita por HTTPS autenticado sem acesso direto ao banco,NOT_RUN,
hub-interoperabilidade-v4,openspec/changes/hub-interoperabilidade-v4/specs/arquitetura-e-comunicacao/spec.md,COM-02,REST/JSON,REST/JSON por HTTPS é disponibilizado mediante OpenAPI e schemas homologados,NOT_RUN,
hub-interoperabilidade-v4,openspec/changes/hub-interoperabilidade-v4/specs/arquitetura-e-comunicacao/spec.md,COM-02,SFTP,SFTP e gRPC/Protobuf não são aceitos automaticamente na v4,NOT_RUN,
hub-interoperabilidade-v4,openspec/changes/hub-interoperabilidade-v4/specs/arquitetura-e-comunicacao/spec.md,COM-02,Conexão,Conexão direta do cliente ao banco é recusada independentemente do catálogo,NOT_RUN,
hub-interoperabilidade-v4,openspec/changes/hub-interoperabilidade-v4/specs/arquitetura-e-comunicacao/spec.md,COM-02,Integração,Integração via broker externo do parceiro exige ADR explícito,NOT_RUN,
hub-interoperabilidade-v4,openspec/changes/hub-interoperabilidade-v4/specs/arquitetura-e-comunicacao/spec.md,COM-03,Publicação,Publicação usa outbox na mesma transação do estado local,NOT_RUN,
hub-interoperabilidade-v4,openspec/changes/hub-interoperabilidade-v4/specs/arquitetura-e-comunicacao/spec.md,COM-03,Ack,Ack ao broker ocorre somente após o commit do inbox,NOT_RUN,
hub-interoperabilidade-v4,openspec/changes/hub-interoperabilidade-v4/specs/arquitetura-e-comunicacao/spec.md,COM-03,Chave,Chave semântica reconhece fatos econômicos equivalentes com event_ids distintos,NOT_RUN,
hub-interoperabilidade-v4,openspec/changes/hub-interoperabilidade-v4/specs/arquitetura-e-comunicacao/spec.md,COM-03,Evento,Evento antigo não regride estado e gera pendência de reconciliação,NOT_RUN,
hub-interoperabilidade-v4,openspec/changes/hub-interoperabilidade-v4/specs/arquitetura-e-comunicacao/spec.md,COM-04,Mudança,Mudança aditiva sem alteração de significado mantém compatibilidade,NOT_RUN,
hub-interoperabilidade-v4,openspec/changes/hub-interoperabilidade-v4/specs/arquitetura-e-comunicacao/spec.md,COM-04,Remoção,Remoção de campo ou mudança de unidade exige nova versão,NOT_RUN,
hub-interoperabilidade-v4,openspec/changes/hub-interoperabilidade-v4/specs/arquitetura-e-comunicacao/spec.md,COM-04,Consumidor,Consumidor desconhecendo a versão obrigatória coloca a mensagem em quarentena,NOT_RUN,
hub-interoperabilidade-v4,openspec/changes/hub-interoperabilidade-v4/specs/arquitetura-e-comunicacao/spec.md,COM-04,Campo,Campo crítico ausente rejeita a mensagem,NOT_RUN,
hub-interoperabilidade-v4,openspec/changes/hub-interoperabilidade-v4/specs/arquitetura-e-comunicacao/spec.md,COM-05,GET,"GET e webhook entregam o mesmo corpo final, diferindo apenas em cabeçalhos de transporte",NOT_RUN,
hub-interoperabilidade-v4,openspec/changes/hub-interoperabilidade-v4/specs/arquitetura-e-comunicacao/spec.md,COM-05,GET,GET pendente retorna 200 com a variante pendente sem ser evento final,NOT_RUN,
hub-interoperabilidade-v4,openspec/changes/hub-interoperabilidade-v4/specs/arquitetura-e-comunicacao/spec.md,COM-05,Protocolo,Protocolo EXPIRED usa representação de erro prevista e não envia resultado tardio,NOT_RUN,
hub-interoperabilidade-v4,openspec/changes/hub-interoperabilidade-v4/specs/arquitetura-e-comunicacao/spec.md,COM-05,URL,URL pré-assinada de arquivo não é injetada no corpo final congelado,NOT_RUN,
hub-interoperabilidade-v4,openspec/changes/hub-interoperabilidade-v4/specs/arquitetura-e-comunicacao/spec.md,COM-06,Fato,Fato final externo durável permite finalizar sucesso no mesmo HTTP público,NOT_RUN,
hub-interoperabilidade-v4,openspec/changes/hub-interoperabilidade-v4/specs/arquitetura-e-comunicacao/spec.md,COM-06,HTTP,HTTP 200 sem fato conservado não é tratado como final válido,NOT_RUN,
hub-interoperabilidade-v4,openspec/changes/hub-interoperabilidade-v4/specs/arquitetura-e-comunicacao/spec.md,COM-06,Timeout,Timeout de rede não autoriza retry automático de negócio fora de Órbita/Cometa,NOT_RUN,
hub-interoperabilidade-v4,openspec/changes/hub-interoperabilidade-v4/specs/arquitetura-e-comunicacao/spec.md,COM-06,Intenção,Intenção ASYNC marcada DIRECT não é tratada como comando QUEUED,NOT_RUN,
hub-interoperabilidade-v4,openspec/changes/hub-interoperabilidade-v4/specs/catalogo-e-portfolio/spec.md,CAT-01,Publicação,Publicação de versão com metadados completos e vínculo homologado,NOT_RUN,
hub-interoperabilidade-v4,openspec/changes/hub-interoperabilidade-v4/specs/catalogo-e-portfolio/spec.md,CAT-01,Entrada,Entrada incompatível é recusada antes da execução,NOT_RUN,
hub-interoperabilidade-v4,openspec/changes/hub-interoperabilidade-v4/specs/catalogo-e-portfolio/spec.md,CAT-01,Consulta,Consulta histórica de versão descontinuada preserva semântica original,NOT_RUN,
hub-interoperabilidade-v4,openspec/changes/hub-interoperabilidade-v4/specs/catalogo-e-portfolio/spec.md,CAT-02,Cliente,Cliente visualiza apenas ofertas contratadas e autorizadas,NOT_RUN,
hub-interoperabilidade-v4,openspec/changes/hub-interoperabilidade-v4/specs/catalogo-e-portfolio/spec.md,CAT-02,Oferta,Oferta publicada mas não contratada é negada mesmo com token válido,NOT_RUN,
hub-interoperabilidade-v4,openspec/changes/hub-interoperabilidade-v4/specs/catalogo-e-portfolio/spec.md,CAT-02,Suspensão,Suspensão de novas vendas não afeta pedidos já aceitos,NOT_RUN,
hub-interoperabilidade-v4,openspec/changes/hub-interoperabilidade-v4/specs/catalogo-e-portfolio/spec.md,CAT-03,Agregação,Agregação bem-sucedida com seções obrigatória e opcionais presentes,NOT_RUN,
hub-interoperabilidade-v4,openspec/changes/hub-interoperabilidade-v4/specs/catalogo-e-portfolio/spec.md,CAT-03,Falha,Falha da parte obrigatória impede anúncio de sucesso completo,NOT_RUN,
hub-interoperabilidade-v4,openspec/changes/hub-interoperabilidade-v4/specs/catalogo-e-portfolio/spec.md,CAT-03,Resposta,Resposta opcional ausente é declarada explicitamente,NOT_RUN,
hub-interoperabilidade-v4,openspec/changes/hub-interoperabilidade-v4/specs/catalogo-e-portfolio/spec.md,CAT-04,Composição,Composição publicada com grafo acíclico válido,NOT_RUN,
hub-interoperabilidade-v4,openspec/changes/hub-interoperabilidade-v4/specs/catalogo-e-portfolio/spec.md,CAT-04,Geocodificação,Geocodificação com múltiplas opções segue política do contrato,NOT_RUN,
hub-interoperabilidade-v4,openspec/changes/hub-interoperabilidade-v4/specs/catalogo-e-portfolio/spec.md,CAT-04,Publicação,Publicação recusada por ciclo ou ausência de política de falha,NOT_RUN,
hub-interoperabilidade-v4,openspec/changes/hub-interoperabilidade-v4/specs/catalogo-e-portfolio/spec.md,CAT-05,Consolidação,Consolidação por quórum sem cancelar trabalho em voo,NOT_RUN,
hub-interoperabilidade-v4,openspec/changes/hub-interoperabilidade-v4/specs/catalogo-e-portfolio/spec.md,CAT-05,Falha,Falha parcial não gera rollback universal,NOT_RUN,
hub-interoperabilidade-v4,openspec/changes/hub-interoperabilidade-v4/specs/catalogo-e-portfolio/spec.md,CAT-05,Produto,Produto com efeito irreversível oferece opção de resultado parcial,NOT_RUN,
hub-interoperabilidade-v4,openspec/changes/hub-interoperabilidade-v4/specs/catalogo-e-portfolio/spec.md,CAT-06,Seleção,Seleção de provedor elegível ordenado por regra versionada com decisão persistida,NOT_RUN,
hub-interoperabilidade-v4,openspec/changes/hub-interoperabilidade-v4/specs/catalogo-e-portfolio/spec.md,CAT-06,Failover,Failover recusado sem prova de segurança após timeout,NOT_RUN,
hub-interoperabilidade-v4,openspec/changes/hub-interoperabilidade-v4/specs/catalogo-e-portfolio/spec.md,CAT-06,Hedging,Hedging permanece desabilitado,NOT_RUN,
hub-interoperabilidade-v4,openspec/changes/hub-interoperabilidade-v4/specs/catalogo-e-portfolio/spec.md,CAT-07,Pacote,Pacote com três passos gera receita única e discrimina custos sem triplicar preço,NOT_RUN,
hub-interoperabilidade-v4,openspec/changes/hub-interoperabilidade-v4/specs/catalogo-e-portfolio/spec.md,CAT-07,Configuração,Configuração impede cobrança simultânea de pacote e componentes,NOT_RUN,
hub-interoperabilidade-v4,openspec/changes/hub-interoperabilidade-v4/specs/catalogo-e-portfolio/spec.md,CAT-07,Oferta,Oferta não liberada sem contrato válido para todos os passos,NOT_RUN,
hub-interoperabilidade-v4,openspec/changes/hub-interoperabilidade-v4/specs/catalogo-e-portfolio/spec.md,CAT-08,Resposta,Resposta final e apuração financeira reconstruídas a partir de evidências persistidas,NOT_RUN,
hub-interoperabilidade-v4,openspec/changes/hub-interoperabilidade-v4/specs/catalogo-e-portfolio/spec.md,CAT-08,Passo,Passo compartilhado executa uma única vez quando declarado pelo produto,NOT_RUN,
hub-interoperabilidade-v4,openspec/changes/hub-interoperabilidade-v4/specs/catalogo-e-portfolio/spec.md,CAT-08,Pedidos,Pedidos distintos com payload coincidente não são deduplicados globalmente,NOT_RUN,
hub-interoperabilidade-v4,openspec/changes/hub-interoperabilidade-v4/specs/catalogo-e-portfolio/spec.md,CAT-09,Contrato,"Contrato técnico do cliente valida entrada, traduz e valida saída antes da conclusão",NOT_RUN,
hub-interoperabilidade-v4,openspec/changes/hub-interoperabilidade-v4/specs/catalogo-e-portfolio/spec.md,CAT-09,Erro,Erro de transformação impede sucesso e preserva evidência canônica,NOT_RUN,
hub-interoperabilidade-v4,openspec/changes/hub-interoperabilidade-v4/specs/catalogo-e-portfolio/spec.md,CAT-09,Cliente,Cliente não pode selecionar tenant ou transformação arbitrária no pedido,NOT_RUN,
hub-interoperabilidade-v4,openspec/changes/hub-interoperabilidade-v4/specs/catalogo-e-portfolio/spec.md,CAT-09,Alteração,Alteração de configuração não afeta protocolo em voo nem histórico,NOT_RUN,
hub-interoperabilidade-v4,openspec/changes/hub-interoperabilidade-v4/specs/catalogo-e-portfolio/spec.md,CAT-10,Oferta,Oferta com prazo compatível com caminho crítico qualificado,NOT_RUN,
hub-interoperabilidade-v4,openspec/changes/hub-interoperabilidade-v4/specs/catalogo-e-portfolio/spec.md,CAT-10,Timeout,Timeout não é convertido automaticamente em sucesso parcial,NOT_RUN,
hub-interoperabilidade-v4,openspec/changes/hub-interoperabilidade-v4/specs/catalogo-e-portfolio/spec.md,CAT-10,Classe,Classe compartilhada não é anunciada como isolamento físico total,NOT_RUN,
hub-interoperabilidade-v4,openspec/changes/hub-interoperabilidade-v4/specs/catalogo-e-portfolio/spec.md,CAT-11,Integração,"Integração de novo cliente por configuração, sem alteração de código",NOT_RUN,
hub-interoperabilidade-v4,openspec/changes/hub-interoperabilidade-v4/specs/catalogo-e-portfolio/spec.md,CAT-11,Ativação,Ativação recusada explicitamente por falta de capacidade homologada,NOT_RUN,
hub-interoperabilidade-v4,openspec/changes/hub-interoperabilidade-v4/specs/catalogo-e-portfolio/spec.md,CAT-11,AUTO,AUTO nunca é conversão silenciosa de SYNC,NOT_RUN,
hub-interoperabilidade-v4,openspec/changes/hub-interoperabilidade-v4/specs/configuracao-e-seguranca/spec.md,CFG-01,Reconfiguração,Reconfiguração de integração existente sem deploy,NOT_RUN,
hub-interoperabilidade-v4,openspec/changes/hub-interoperabilidade-v4/specs/configuracao-e-seguranca/spec.md,CFG-01,Tentativa,Tentativa de introduzir transformação fora do conjunto seguro é recusada,NOT_RUN,
hub-interoperabilidade-v4,openspec/changes/hub-interoperabilidade-v4/specs/configuracao-e-seguranca/spec.md,CFG-01,Tela,"Tela de cadastro expõe campos obrigatórios, faixa válida e impacto",NOT_RUN,
hub-interoperabilidade-v4,openspec/changes/hub-interoperabilidade-v4/specs/configuracao-e-seguranca/spec.md,CFG-02,Publicação,Publicação parcial de conjunto inconsistente é recusada,NOT_RUN,
hub-interoperabilidade-v4,openspec/changes/hub-interoperabilidade-v4/specs/configuracao-e-seguranca/spec.md,CFG-02,Nó,Nó desatualizado recusa novas admissões em vez de misturar versões,NOT_RUN,
hub-interoperabilidade-v4,openspec/changes/hub-interoperabilidade-v4/specs/configuracao-e-seguranca/spec.md,CFG-02,Revogação,Revogação emergencial é distribuída independentemente da interface humana,NOT_RUN,
hub-interoperabilidade-v4,openspec/changes/hub-interoperabilidade-v4/specs/configuracao-e-seguranca/spec.md,CFG-02,Evidência,Evidência de autorização vencida bloqueia apenas o escopo afetado,NOT_RUN,
hub-interoperabilidade-v4,openspec/changes/hub-interoperabilidade-v4/specs/configuracao-e-seguranca/spec.md,CFG-03,Acesso,Acesso a payload sensível exige acesso excepcional auditado,NOT_RUN,
hub-interoperabilidade-v4,openspec/changes/hub-interoperabilidade-v4/specs/configuracao-e-seguranca/spec.md,CFG-03,Reexecução,Reexecução gera novo protocolo enquanto replay técnico preserva identidade,NOT_RUN,
hub-interoperabilidade-v4,openspec/changes/hub-interoperabilidade-v4/specs/configuracao-e-seguranca/spec.md,CFG-03,Ação,Ação de reprocessamento em massa não está disponível,NOT_RUN,
hub-interoperabilidade-v4,openspec/changes/hub-interoperabilidade-v4/specs/configuracao-e-seguranca/spec.md,SEG-01,Gateway,Gateway elimina cabeçalho de identidade forjado pelo cliente,NOT_RUN,
hub-interoperabilidade-v4,openspec/changes/hub-interoperabilidade-v4/specs/configuracao-e-seguranca/spec.md,SEG-01,Serviço,Serviço interno não confia apenas na origem de rede interna,NOT_RUN,
hub-interoperabilidade-v4,openspec/changes/hub-interoperabilidade-v4/specs/configuracao-e-seguranca/spec.md,SEG-01,Operador,Operador de runtime não pode editar ledger publicado,NOT_RUN,
hub-interoperabilidade-v4,openspec/changes/hub-interoperabilidade-v4/specs/configuracao-e-seguranca/spec.md,SEG-02,Registro,Registro de destino em rede de metadados é bloqueado,NOT_RUN,
hub-interoperabilidade-v4,openspec/changes/hub-interoperabilidade-v4/specs/configuracao-e-seguranca/spec.md,SEG-02,Redirecionamento,Redirecionamento para destino não validado não é seguido,NOT_RUN,
hub-interoperabilidade-v4,openspec/changes/hub-interoperabilidade-v4/specs/configuracao-e-seguranca/spec.md,SEG-02,Conteúdo,Conteúdo XML com entidade externa é rejeitado,NOT_RUN,
hub-interoperabilidade-v4,openspec/changes/hub-interoperabilidade-v4/specs/configuracao-e-seguranca/spec.md,SEG-02,Segredo,"Segredo não aparece em log, evento ou arquivo versionado",NOT_RUN,
hub-interoperabilidade-v4,openspec/changes/hub-interoperabilidade-v4/specs/configuracao-e-seguranca/spec.md,SEG-03,Tentativa,Tentativa de acesso cross-tenant por troca de ID é negada,NOT_RUN,
hub-interoperabilidade-v4,openspec/changes/hub-interoperabilidade-v4/specs/configuracao-e-seguranca/spec.md,SEG-03,Ação,Ação sensível gera registro de auditoria completo,NOT_RUN,
hub-interoperabilidade-v4,openspec/changes/hub-interoperabilidade-v4/specs/configuracao-e-seguranca/spec.md,SEG-03,Expurgo,Expurgo de logs Loki não elimina evidência de cobrança,NOT_RUN,
hub-interoperabilidade-v4,openspec/changes/hub-interoperabilidade-v4/specs/configuracao-e-seguranca/spec.md,CFG-04,Publicação,Publicação recusa configuração de retry com max_attempts inválido,NOT_RUN,
hub-interoperabilidade-v4,openspec/changes/hub-interoperabilidade-v4/specs/configuracao-e-seguranca/spec.md,CFG-04,Portal,Portal exibe origem do valor resolvido e impede override silencioso,NOT_RUN,
hub-interoperabilidade-v4,openspec/changes/hub-interoperabilidade-v4/specs/configuracao-e-seguranca/spec.md,CFG-04,Alteração,Alteração em voo não estende deadline do pedido,NOT_RUN,
hub-interoperabilidade-v4,openspec/changes/hub-interoperabilidade-v4/specs/configuracao-e-seguranca/spec.md,CFG-04,Retomada,Retomada após limite emergencial começa conservadoramente,NOT_RUN,
hub-interoperabilidade-v4,openspec/changes/hub-interoperabilidade-v4/specs/configuracao-e-seguranca/spec.md,SEG-04,Tentativa,Tentativa de acesso cross-tenant por cliente é negada sem revelar existência,NOT_RUN,
hub-interoperabilidade-v4,openspec/changes/hub-interoperabilidade-v4/specs/configuracao-e-seguranca/spec.md,SEG-04,hub_protocol_reader,hub_protocol_reader consulta protocolo de outro tenant com dados mascarados e auditados,NOT_RUN,
hub-interoperabilidade-v4,openspec/changes/hub-interoperabilidade-v4/specs/configuracao-e-seguranca/spec.md,SEG-04,Privilégio,Privilégio administrativo não é aceito por flag em JWT de cliente,NOT_RUN,
hub-interoperabilidade-v4,openspec/changes/hub-interoperabilidade-v4/specs/configuracao-e-seguranca/spec.md,SEG-04,Portal,Portal administrativo não usa superusuário PostgreSQL nem desativa RLS globalmente,NOT_RUN,
hub-interoperabilidade-v4,openspec/changes/hub-interoperabilidade-v4/specs/configuracao-e-seguranca/spec.md,SEG-04,Resposta,Resposta parcial quando apenas parte das células responde,NOT_RUN,
hub-interoperabilidade-v4,openspec/changes/hub-interoperabilidade-v4/specs/configuracao-e-seguranca/spec.md,CFG-05,Interface,Interface não permite leitura de segredo em claro,NOT_RUN,
hub-interoperabilidade-v4,openspec/changes/hub-interoperabilidade-v4/specs/configuracao-e-seguranca/spec.md,CFG-05,Ausência,Ausência de endpoint de teste não autoriza execução real invisível,NOT_RUN,
hub-interoperabilidade-v4,openspec/changes/hub-interoperabilidade-v4/specs/configuracao-e-seguranca/spec.md,CFG-05,Cliente,Cliente não pode escolher secret_ref arbitrário nem ler cofre do Hub,NOT_RUN,
hub-interoperabilidade-v4,openspec/changes/hub-interoperabilidade-v4/specs/configuracao-e-seguranca/spec.md,CFG-05,Suspensão,Suspensão de vínculo afeta apenas os protocolos daquele vínculo,NOT_RUN,
hub-interoperabilidade-v4,openspec/changes/hub-interoperabilidade-v4/specs/configuracao-e-seguranca/spec.md,CFG-06,Reserva,Reserva de capacidade concorrente e idempotente evita dupla promessa,NOT_RUN,
hub-interoperabilidade-v4,openspec/changes/hub-interoperabilidade-v4/specs/configuracao-e-seguranca/spec.md,CFG-06,Onboarding,Onboarding retomado após crash não duplica recursos nem publica rota prematuramente,NOT_RUN,
hub-interoperabilidade-v4,openspec/changes/hub-interoperabilidade-v4/specs/configuracao-e-seguranca/spec.md,CFG-06,Orçamento,Orçamento esgotado aparece como impedimento explícito antes da saturação,NOT_RUN,
hub-interoperabilidade-v4,openspec/changes/hub-interoperabilidade-v4/specs/configuracao-e-seguranca/spec.md,CFG-06,Desativação,Desativação de cliente drena obrigações sem destruir recursos compartilhados,NOT_RUN,
hub-interoperabilidade-v4,openspec/changes/hub-interoperabilidade-v4/specs/configuracao-e-seguranca/spec.md,SEG-05,Credencial,Credencial dedicada indisponível não recorre a fallback compartilhado ou de outro tenant,NOT_RUN,
hub-interoperabilidade-v4,openspec/changes/hub-interoperabilidade-v4/specs/configuracao-e-seguranca/spec.md,SEG-05,Rotação,Rotação de segredo mantém sobreposição controlada e preserva operações em voo,NOT_RUN,
hub-interoperabilidade-v4,openspec/changes/hub-interoperabilidade-v4/specs/configuracao-e-seguranca/spec.md,SEG-05,Cofre,Cofre indisponível limita uso do material cacheado ao menor limite de validade,NOT_RUN,
hub-interoperabilidade-v4,openspec/changes/hub-interoperabilidade-v4/specs/configuracao-e-seguranca/spec.md,SEG-05,Perfil,Perfil hub_protocol_reader não obtém valor secreto,NOT_RUN,
hub-interoperabilidade-v4,openspec/changes/hub-interoperabilidade-v4/specs/configuracao-e-seguranca/spec.md,SEG-05,Revogação,Revogação emergencial prevalece sobre TTL de retry em voo,NOT_RUN,
hub-interoperabilidade-v4,openspec/changes/hub-interoperabilidade-v4/specs/contratos-e-financeiro/spec.md,FIN-01,Conta,Conta de provedor vinculada a contrato de compra completo,NOT_RUN,
hub-interoperabilidade-v4,openspec/changes/hub-interoperabilidade-v4/specs/contratos-e-financeiro/spec.md,FIN-01,Tabela,"Tabela ausente ou ambígua bloqueia publicação, não é custo zero",NOT_RUN,
hub-interoperabilidade-v4,openspec/changes/hub-interoperabilidade-v4/specs/contratos-e-financeiro/spec.md,FIN-01,Contrato,Contrato vencido bloqueia novas operações mas respeita continuidade acordada,NOT_RUN,
hub-interoperabilidade-v4,openspec/changes/hub-interoperabilidade-v4/specs/contratos-e-financeiro/spec.md,FIN-01,Versão,Versão de aquisição registrada por operação orienta polls posteriores,NOT_RUN,
hub-interoperabilidade-v4,openspec/changes/hub-interoperabilidade-v4/specs/contratos-e-financeiro/spec.md,FIN-02,Contrato,Contrato de venda com todos os campos exigidos,NOT_RUN,
hub-interoperabilidade-v4,openspec/changes/hub-interoperabilidade-v4/specs/contratos-e-financeiro/spec.md,FIN-02,Configuração,Configuração diferencia faixa progressiva marginal de faixa por volume total,NOT_RUN,
hub-interoperabilidade-v4,openspec/changes/hub-interoperabilidade-v4/specs/contratos-e-financeiro/spec.md,FIN-02,Franquia,Franquia sem rollover e sem devolução automática por default,NOT_RUN,
hub-interoperabilidade-v4,openspec/changes/hub-interoperabilidade-v4/specs/contratos-e-financeiro/spec.md,FIN-02,Quota,Quota de tráfego não é confundida com franquia financeira,NOT_RUN,
hub-interoperabilidade-v4,openspec/changes/hub-interoperabilidade-v4/specs/contratos-e-financeiro/spec.md,FIN-03,Snapshot,"Snapshot fixa contrato, versão da oferta e instantes do fato",NOT_RUN,
hub-interoperabilidade-v4,openspec/changes/hub-interoperabilidade-v4/specs/contratos-e-financeiro/spec.md,FIN-03,Alteração,Alteração de tabela não reprifica protocolos em voo,NOT_RUN,
hub-interoperabilidade-v4,openspec/changes/hub-interoperabilidade-v4/specs/contratos-e-financeiro/spec.md,FIN-03,Exceção,Exceção temporal para polls cobrados pela tabela vigente no instante da consulta,NOT_RUN,
hub-interoperabilidade-v4,openspec/changes/hub-interoperabilidade-v4/specs/contratos-e-financeiro/spec.md,FIN-03,Contratos,Contratos sobrepostos exigem prioridade explícita,NOT_RUN,
hub-interoperabilidade-v4,openspec/changes/hub-interoperabilidade-v4/specs/contratos-e-financeiro/spec.md,FIN-03,Aditivo,Aditivo retroativo preserva cálculo original com lançamento de ajuste,NOT_RUN,
hub-interoperabilidade-v4,openspec/changes/hub-interoperabilidade-v4/specs/contratos-e-financeiro/spec.md,FIN-03,Revogação,Revogação de segurança gera evidência sem reescrever contrato ou custo incorrido,NOT_RUN,
hub-interoperabilidade-v4,openspec/changes/hub-interoperabilidade-v4/specs/contratos-e-financeiro/spec.md,FIN-04,Libra,"Libra aplica contrato a partir de fatos duráveis, não de logs técnicos",NOT_RUN,
hub-interoperabilidade-v4,openspec/changes/hub-interoperabilidade-v4/specs/contratos-e-financeiro/spec.md,FIN-04,Receita,Receita por produto é uma unidade elegível apesar de múltiplos passos,NOT_RUN,
hub-interoperabilidade-v4,openspec/changes/hub-interoperabilidade-v4/specs/contratos-e-financeiro/spec.md,FIN-04,Custo,Custo por operação preserva identidade entre retransmissões,NOT_RUN,
hub-interoperabilidade-v4,openspec/changes/hub-interoperabilidade-v4/specs/contratos-e-financeiro/spec.md,FIN-04,Custo,"Custo incerto é registrado como provisão, nunca como zero definitivo",NOT_RUN,
hub-interoperabilidade-v4,openspec/changes/hub-interoperabilidade-v4/specs/contratos-e-financeiro/spec.md,FIN-05,Pedido,Pedido recusado antes do aceite não gera receita nem custo,NOT_RUN,
hub-interoperabilidade-v4,openspec/changes/hub-interoperabilidade-v4/specs/contratos-e-financeiro/spec.md,FIN-05,Pedido,Pedido aceito ainda pendente segue o marco contratado sem presumir final,NOT_RUN,
hub-interoperabilidade-v4,openspec/changes/hub-interoperabilidade-v4/specs/contratos-e-financeiro/spec.md,FIN-05,Sucesso,Sucesso válido gera receita pelo medidor previsto e custo comprovado,NOT_RUN,
hub-interoperabilidade-v4,openspec/changes/hub-interoperabilidade-v4/specs/contratos-e-financeiro/spec.md,FIN-05,"""Não","""Não encontrado"" válido segue a semântica do serviço mesmo sem dados",NOT_RUN,
hub-interoperabilidade-v4,openspec/changes/hub-interoperabilidade-v4/specs/contratos-e-financeiro/spec.md,FIN-05,Falha,"Falha técnica conhecida não gera receita de sucesso por default, mas pode gerar custo",NOT_RUN,
hub-interoperabilidade-v4,openspec/changes/hub-interoperabilidade-v4/specs/contratos-e-financeiro/spec.md,FIN-05,Resultado,Resultado parcial de produto usa preço de parcialidade publicado,NOT_RUN,
hub-interoperabilidade-v4,openspec/changes/hub-interoperabilidade-v4/specs/contratos-e-financeiro/spec.md,FIN-05,Falha,Falha ou reentrega de webhook não altera receita nem reexecuta o provedor,NOT_RUN,
hub-interoperabilidade-v4,openspec/changes/hub-interoperabilidade-v4/specs/contratos-e-financeiro/spec.md,FIN-05,GET,GET de resultado armazenado não gera nova receita nem nova chamada externa,NOT_RUN,
hub-interoperabilidade-v4,openspec/changes/hub-interoperabilidade-v4/specs/contratos-e-financeiro/spec.md,FIN-05,Callback,Callback e polling do mesmo final geram uma única unidade de receita,NOT_RUN,
hub-interoperabilidade-v4,openspec/changes/hub-interoperabilidade-v4/specs/contratos-e-financeiro/spec.md,FIN-05,Failover,Failover autorizado após incerteza contabiliza ambos os custos comprovados,NOT_RUN,
hub-interoperabilidade-v4,openspec/changes/hub-interoperabilidade-v4/specs/contratos-e-financeiro/spec.md,FIN-05,Cancelamento,Cancelamento ou compensação segue regra de estorno explícita sem eliminar custo original,NOT_RUN,
hub-interoperabilidade-v4,openspec/changes/hub-interoperabilidade-v4/specs/contratos-e-financeiro/spec.md,FIN-05,Resultado,Resultado corrigido gera ajuste rastreável sem assumir cancelamento do custo original,NOT_RUN,
hub-interoperabilidade-v4,openspec/changes/hub-interoperabilidade-v4/specs/contratos-e-financeiro/spec.md,FIN-05,Final,Final tardio após EXPIRED/SLA_EXCEEDED não gera receita de sucesso,NOT_RUN,
hub-interoperabilidade-v4,openspec/changes/hub-interoperabilidade-v4/specs/contratos-e-financeiro/spec.md,FIN-05,Contrato,Contrato omitindo linha aplicável não é habilitado para faturamento automático,NOT_RUN,
hub-interoperabilidade-v4,openspec/changes/hub-interoperabilidade-v4/specs/contratos-e-financeiro/spec.md,FIN-06,Reserva,Reserva atômica obrigatória antes de qualquer efeito externo em teto estrito,NOT_RUN,
hub-interoperabilidade-v4,openspec/changes/hub-interoperabilidade-v4/specs/contratos-e-financeiro/spec.md,FIN-06,Libra,"Libra indisponível mantém pendência até o prazo, negação exige falha conhecida",NOT_RUN,
hub-interoperabilidade-v4,openspec/changes/hub-interoperabilidade-v4/specs/contratos-e-financeiro/spec.md,FIN-06,Reserva,Reserva cobre o máximo autorizável ou o contrato não é oferecido como teto estrito,NOT_RUN,
hub-interoperabilidade-v4,openspec/changes/hub-interoperabilidade-v4/specs/contratos-e-financeiro/spec.md,FIN-06,Expiração,Expiração de reserva não libera saldo de operação em voo sem reconciliar,NOT_RUN,
hub-interoperabilidade-v4,openspec/changes/hub-interoperabilidade-v4/specs/contratos-e-financeiro/spec.md,FIN-06,Pós-pago,Pós-pago sem teto estrito continua processando dentro do limite de risco aprovado,NOT_RUN,
hub-interoperabilidade-v4,openspec/changes/hub-interoperabilidade-v4/specs/contratos-e-financeiro/spec.md,FIN-07,Receita,Receita a receber e obrigação a pagar são lançamentos distintos,NOT_RUN,
hub-interoperabilidade-v4,openspec/changes/hub-interoperabilidade-v4/specs/contratos-e-financeiro/spec.md,FIN-07,Arredondamento,Arredondamento declarado e totais reproduzem o mesmo cálculo sem ponto flutuante monetário,NOT_RUN,
hub-interoperabilidade-v4,openspec/changes/hub-interoperabilidade-v4/specs/contratos-e-financeiro/spec.md,FIN-07,Moedas,Moedas distintas não são somadas sem câmbio explícito,NOT_RUN,
hub-interoperabilidade-v4,openspec/changes/hub-interoperabilidade-v4/specs/contratos-e-financeiro/spec.md,FIN-07,Lançamento,"Lançamento publicado é imutável, correção usa lançamento inverso ou ajuste vinculado",NOT_RUN,
hub-interoperabilidade-v4,openspec/changes/hub-interoperabilidade-v4/specs/contratos-e-financeiro/spec.md,FIN-07,Fechamento,Fechamento não deixa fato elegível silenciosamente não apurado,NOT_RUN,
hub-interoperabilidade-v4,openspec/changes/hub-interoperabilidade-v4/specs/contratos-e-financeiro/spec.md,FIN-08,Ciclo,Ciclo de venda segue os estados definidos sem marcar PAGO/RECEBIDO na exportação,NOT_RUN,
hub-interoperabilidade-v4,openspec/changes/hub-interoperabilidade-v4/specs/contratos-e-financeiro/spec.md,FIN-08,Agregação,"Agregação sem granularidade suficiente abre divergência, não casamento aproximado",NOT_RUN,
hub-interoperabilidade-v4,openspec/changes/hub-interoperabilidade-v4/specs/contratos-e-financeiro/spec.md,FIN-08,Fato,Fato tardio após fechamento não altera fatura emitida silenciosamente,NOT_RUN,
hub-interoperabilidade-v4,openspec/changes/hub-interoperabilidade-v4/specs/contratos-e-financeiro/spec.md,FIN-08,Transferência,Transferência bancária automática e emissão fiscal não estão autorizadas,NOT_RUN,
hub-interoperabilidade-v4,openspec/changes/hub-interoperabilidade-v4/specs/contratos-e-financeiro/spec.md,FIN-08,Ajuste,"Ajuste manual, aprovação e confirmação de pagamento exigem segregação de funções",NOT_RUN,
hub-interoperabilidade-v4,openspec/changes/hub-interoperabilidade-v4/specs/contratos-e-financeiro/spec.md,FIN-09,Produto,Produto em pacote reconhece receita e custo compostos sem alteração por GET/callback,NOT_RUN,
hub-interoperabilidade-v4,openspec/changes/hub-interoperabilidade-v4/specs/contratos-e-financeiro/spec.md,FIN-09,Franquia,Franquia mensal com excedente calcula parcelas distintas,NOT_RUN,
hub-interoperabilidade-v4,openspec/changes/hub-interoperabilidade-v4/specs/contratos-e-financeiro/spec.md,FIN-09,Faixa,Faixa progressiva marginal aplica preço apenas à parcela dentro de cada faixa,NOT_RUN,
hub-interoperabilidade-v4,openspec/changes/hub-interoperabilidade-v4/specs/contratos-e-financeiro/spec.md,FIN-09,Faixa,Faixa por volume total aplica a faixa atingida a todo o volume elegível,NOT_RUN,
hub-interoperabilidade-v4,openspec/changes/hub-interoperabilidade-v4/specs/contratos-e-financeiro/spec.md,FIN-09,Incerteza,Incerteza com failover autorizado contabiliza o custo dos dois provedores comprovados,NOT_RUN,
hub-interoperabilidade-v4,openspec/changes/hub-interoperabilidade-v4/specs/contratos-e-financeiro/spec.md,FIN-09,Correção,Correção de cobrança indevida gera estorno vinculado com lote balanceado,NOT_RUN,
hub-interoperabilidade-v4,openspec/changes/hub-interoperabilidade-v4/specs/contratos-e-financeiro/spec.md,FIN-10,EXPIRED,EXPIRED por SLA não gera receita de sucesso mesmo com conclusão tardia do provedor,NOT_RUN,
hub-interoperabilidade-v4,openspec/changes/hub-interoperabilidade-v4/specs/contratos-e-financeiro/spec.md,FIN-10,Custo,Custo do provedor não é eliminado automaticamente pela rejeição no hub,NOT_RUN,
hub-interoperabilidade-v4,openspec/changes/hub-interoperabilidade-v4/specs/contratos-e-financeiro/spec.md,FIN-10,Crédito,Crédito prometido não confirmado não reduz obrigação sem regra aprovada,NOT_RUN,
hub-interoperabilidade-v4,openspec/changes/hub-interoperabilidade-v4/specs/contratos-e-financeiro/spec.md,FIN-10,Diagnósticos,"Diagnósticos de desenvolvedores não alteram ledger, ajuste ou liquidação",NOT_RUN,
hub-interoperabilidade-v4,openspec/changes/hub-interoperabilidade-v4/specs/contratos-e-financeiro/spec.md,FIN-10,Controle,Controle adaptativo registra retries extras sem alterar preço ou unidade contratada,NOT_RUN,
hub-interoperabilidade-v4,openspec/changes/hub-interoperabilidade-v4/specs/contratos-e-financeiro/spec.md,FIN-11,Settlement_party,"Settlement_party é explícito por vínculo, não inferido pelo nome do segredo",NOT_RUN,
hub-interoperabilidade-v4,openspec/changes/hub-interoperabilidade-v4/specs/contratos-e-financeiro/spec.md,FIN-11,SHARED_HUB,SHARED_HUB comprado pelo Hub segrega consumo e mantém venda independente,NOT_RUN,
hub-interoperabilidade-v4,openspec/changes/hub-interoperabilidade-v4/specs/contratos-e-financeiro/spec.md,FIN-11,TENANT_DEDICATED,TENANT_DEDICATED comprado pelo Hub não elimina obrigação de compra,NOT_RUN,
hub-interoperabilidade-v4,openspec/changes/hub-interoperabilidade-v4/specs/contratos-e-financeiro/spec.md,FIN-11,TENANT_DEDICATED,TENANT_DEDICATED com compra direta do cliente não gera conta a pagar pelo Hub,NOT_RUN,
hub-interoperabilidade-v4,openspec/changes/hub-interoperabilidade-v4/specs/contratos-e-financeiro/spec.md,FIN-11,Rotação,"Rotação de segredo não reinicia medidor, quota ou franquia",NOT_RUN,
hub-interoperabilidade-v4,openspec/changes/hub-interoperabilidade-v4/specs/contratos-e-financeiro/spec.md,FIN-11,Fato,Fato de consumo conserva identificadores completos sem expor valor do segredo,NOT_RUN,
hub-interoperabilidade-v4,openspec/changes/hub-interoperabilidade-v4/specs/contratos-e-financeiro/spec.md,FIN-11,Falha,Falha de Libra não autoriza fallback automático de credencial ou pagador,NOT_RUN,
hub-interoperabilidade-v4,openspec/changes/hub-interoperabilidade-v4/specs/decisoes-e-governanca/spec.md,DEC-01,ADR-04,ADR-04 mantém a custódia do resultado no Hub,NOT_RUN,
hub-interoperabilidade-v4,openspec/changes/hub-interoperabilidade-v4/specs/decisoes-e-governanca/spec.md,DEC-01,ADR-06,ADR-06 recusa promessa de exactly-once sem suporte externo,NOT_RUN,
hub-interoperabilidade-v4,openspec/changes/hub-interoperabilidade-v4/specs/decisoes-e-governanca/spec.md,DEC-01,ADR-05,ADR-05 mantém deadline rígido e TTL sem renovação,NOT_RUN,
hub-interoperabilidade-v4,openspec/changes/hub-interoperabilidade-v4/specs/decisoes-e-governanca/spec.md,DEC-01,Pendências,Pendências de implantação não decididas por ADR ficam registradas em DEC-02,NOT_RUN,
hub-interoperabilidade-v4,openspec/changes/hub-interoperabilidade-v4/specs/decisoes-e-governanca/spec.md,DEC-02,P-08,P-08 bloqueia a promessa de ausência de perda regional até desenho e prova de recuperação,NOT_RUN,
hub-interoperabilidade-v4,openspec/changes/hub-interoperabilidade-v4/specs/decisoes-e-governanca/spec.md,DEC-02,P-10,P-10 bloqueia oferta com impacto em vida/segurança até perfil de criticidade aprovado,NOT_RUN,
hub-interoperabilidade-v4,openspec/changes/hub-interoperabilidade-v4/specs/decisoes-e-governanca/spec.md,DEC-02,P-11,P-11 bloqueia o gate ppd de expansão automática até envelopes e quotas aprovados,NOT_RUN,
hub-interoperabilidade-v4,openspec/changes/hub-interoperabilidade-v4/specs/decisoes-e-governanca/spec.md,DEC-02,P-01,P-01 bloqueia IaC remota e o gate ppd até a topologia de plataforma ser aprovada,NOT_RUN,
hub-interoperabilidade-v4,openspec/changes/hub-interoperabilidade-v4/specs/decisoes-e-governanca/spec.md,DEC-02,P-09,P-09 bloqueia o gate G0 da fatia até responsáveis e aprovação da v4 registrados,NOT_RUN,
hub-interoperabilidade-v4,openspec/changes/hub-interoperabilidade-v4/specs/decisoes-e-governanca/spec.md,DEC-03,ADR-12,ADR-12 impede que retorno tardio após EXPIRED por SLA vire sucesso,NOT_RUN,
hub-interoperabilidade-v4,openspec/changes/hub-interoperabilidade-v4/specs/decisoes-e-governanca/spec.md,DEC-03,ADR-18,ADR-18 mantém o compromisso regional de RPO zero bloqueado até desenho adequado,NOT_RUN,
hub-interoperabilidade-v4,openspec/changes/hub-interoperabilidade-v4/specs/decisoes-e-governanca/spec.md,DEC-03,Consulta,Consulta de resultado pendente usa representação unificada (200) herdada da correção v2→v3,NOT_RUN,
hub-interoperabilidade-v4,openspec/changes/hub-interoperabilidade-v4/specs/decisoes-e-governanca/spec.md,DEC-03,A,A antiga meta regional de RPO de 15 minutos não é mais padrão implícito,NOT_RUN,
hub-interoperabilidade-v4,openspec/changes/hub-interoperabilidade-v4/specs/decisoes-e-governanca/spec.md,DEC-03,IDs,IDs de ADR-11 a ADR-18 permanecem estáveis para rastreabilidade entre capítulos,NOT_RUN,
hub-interoperabilidade-v4,openspec/changes/hub-interoperabilidade-v4/specs/decisoes-e-governanca/spec.md,DEC-04,ADR-19,ADR-19 retira a fila obrigatória do caminho SYNC sem fallback silencioso,NOT_RUN,
hub-interoperabilidade-v4,openspec/changes/hub-interoperabilidade-v4/specs/decisoes-e-governanca/spec.md,DEC-04,ADR-20,ADR-20 recupera protocolo perdido por HTTP via idempotência com UUIDv7 universal,NOT_RUN,
hub-interoperabilidade-v4,openspec/changes/hub-interoperabilidade-v4/specs/decisoes-e-governanca/spec.md,DEC-04,ADR-21,ADR-21 proíbe fallback implícito de credencial entre SHARED_HUB e TENANT_DEDICATED,NOT_RUN,
hub-interoperabilidade-v4,openspec/changes/hub-interoperabilidade-v4/specs/decisoes-e-governanca/spec.md,DEC-04,ADR-22,ADR-22 dispensa broker/Atlas/cofre por pedido quando material válido já existe,NOT_RUN,
hub-interoperabilidade-v4,openspec/changes/hub-interoperabilidade-v4/specs/decisoes-e-governanca/spec.md,DEC-04,ADR-25,ADR-25 exige prova específica de RTO e perda de região para uso com impacto em vida/segurança,NOT_RUN,
hub-interoperabilidade-v4,openspec/changes/hub-interoperabilidade-v4/specs/decisoes-e-governanca/spec.md,DEC-05,GAP-02,GAP-02 (Crítica) permanece com qualificação pendente até crash/duplicata/UNKNOWN comprovados,NOT_RUN,
hub-interoperabilidade-v4,openspec/changes/hub-interoperabilidade-v4/specs/decisoes-e-governanca/spec.md,DEC-05,GAP-09,GAP-09 (Crítica) exige limite de corte dentro do SLA sem split-brain antes de fechar migração de célula,NOT_RUN,
hub-interoperabilidade-v4,openspec/changes/hub-interoperabilidade-v4/specs/decisoes-e-governanca/spec.md,DEC-05,GAP-12,GAP-12 (Crítica) mantém a referência atual sem qualificar RPO zero regional,NOT_RUN,
hub-interoperabilidade-v4,openspec/changes/hub-interoperabilidade-v4/specs/decisoes-e-governanca/spec.md,DEC-05,GAP-05,"GAP-05 (Crítica) impede que ""banco opcional"" confirme pedido ou final sem prova de custódia",NOT_RUN,
hub-interoperabilidade-v4,openspec/changes/hub-interoperabilidade-v4/specs/decisoes-e-governanca/spec.md,DEC-05,GAP-13,GAP-13 (Crítica) restringe oferta de garantia externa que o provedor não sustenta,NOT_RUN,
hub-interoperabilidade-v4,openspec/changes/hub-interoperabilidade-v4/specs/decisoes-e-governanca/spec.md,DEC-05,GAP-15,GAP-15 (Crítica) impede confundir texto completo com disponibilidade comprovada,NOT_RUN,
hub-interoperabilidade-v4,openspec/changes/hub-interoperabilidade-v4/specs/desempenho-e-operacao/spec.md,OPE-01,Cálculo,Cálculo de operações pendentes e custo de polling,NOT_RUN,
hub-interoperabilidade-v4,openspec/changes/hub-interoperabilidade-v4/specs/desempenho-e-operacao/spec.md,OPE-01,Qualificação,Qualificação por perfil misto de carga,NOT_RUN,
hub-interoperabilidade-v4,openspec/changes/hub-interoperabilidade-v4/specs/desempenho-e-operacao/spec.md,OPE-01,Ensaio,Ensaio isolado de arquivos grandes,NOT_RUN,
hub-interoperabilidade-v4,openspec/changes/hub-interoperabilidade-v4/specs/desempenho-e-operacao/spec.md,OPE-02,Consultas,Consultas finais usam fonte autoritativa sem provedor,NOT_RUN,
hub-interoperabilidade-v4,openspec/changes/hub-interoperabilidade-v4/specs/desempenho-e-operacao/spec.md,OPE-02,Cache,Cache opcional não vira fonte única de correlação,NOT_RUN,
hub-interoperabilidade-v4,openspec/changes/hub-interoperabilidade-v4/specs/desempenho-e-operacao/spec.md,OPE-02,Orçamento,Orçamento justo de conexões sob autoscaling,NOT_RUN,
hub-interoperabilidade-v4,openspec/changes/hub-interoperabilidade-v4/specs/desempenho-e-operacao/spec.md,OPE-03,Disponibilidade,Disponibilidade de admissão e GET local,NOT_RUN,
hub-interoperabilidade-v4,openspec/changes/hub-interoperabilidade-v4/specs/desempenho-e-operacao/spec.md,OPE-03,Latência,Latência de aceite ASYNC e consulta de resultado local,NOT_RUN,
hub-interoperabilidade-v4,openspec/changes/hub-interoperabilidade-v4/specs/desempenho-e-operacao/spec.md,OPE-03,Final,"Final ASYNC, primeira tentativa de webhook e atualidade financeira",NOT_RUN,
hub-interoperabilidade-v4,openspec/changes/hub-interoperabilidade-v4/specs/desempenho-e-operacao/spec.md,OPE-03,RTO,RTO de zona e de região não substituem qualificação crítica,NOT_RUN,
hub-interoperabilidade-v4,openspec/changes/hub-interoperabilidade-v4/specs/desempenho-e-operacao/spec.md,OPE-04,Dependências,Dependências gerenciadas com HA real antes do gate ppd,NOT_RUN,
hub-interoperabilidade-v4,openspec/changes/hub-interoperabilidade-v4/specs/desempenho-e-operacao/spec.md,OPE-04,Kind,Kind e emulação local não substituem serviços gerenciados,NOT_RUN,
hub-interoperabilidade-v4,openspec/changes/hub-interoperabilidade-v4/specs/desempenho-e-operacao/spec.md,OPE-04,Isolamento,Isolamento por célula complementa e não substitui separação de ambiente,NOT_RUN,
hub-interoperabilidade-v4,openspec/changes/hub-interoperabilidade-v4/specs/desempenho-e-operacao/spec.md,OPE-05,Readiness,Readiness por capacidade evita que falha de envio derrube leitura saudável,NOT_RUN,
hub-interoperabilidade-v4,openspec/changes/hub-interoperabilidade-v4/specs/desempenho-e-operacao/spec.md,OPE-05,Escala,Escala de workers por backlog e idade da obrigação,NOT_RUN,
hub-interoperabilidade-v4,openspec/changes/hub-interoperabilidade-v4/specs/desempenho-e-operacao/spec.md,OPE-05,Drenagem,Drenagem preserva UNKNOWN em chamada externa incerta,NOT_RUN,
hub-interoperabilidade-v4,openspec/changes/hub-interoperabilidade-v4/specs/desempenho-e-operacao/spec.md,OPE-06,Alerta,Alerta de outbox envelhecida preserva pendência,NOT_RUN,
hub-interoperabilidade-v4,openspec/changes/hub-interoperabilidade-v4/specs/desempenho-e-operacao/spec.md,OPE-06,Divergência,Divergência financeira bloqueia fechamento incompleto,NOT_RUN,
hub-interoperabilidade-v4,openspec/changes/hub-interoperabilidade-v4/specs/desempenho-e-operacao/spec.md,OPE-06,Auditoria,Auditoria de negócio não depende de amostragem de trace,NOT_RUN,
hub-interoperabilidade-v4,openspec/changes/hub-interoperabilidade-v4/specs/desempenho-e-operacao/spec.md,OPE-07,Redução,Redução multiplicativa sob 429 e Retry-After,NOT_RUN,
hub-interoperabilidade-v4,openspec/changes/hub-interoperabilidade-v4/specs/desempenho-e-operacao/spec.md,OPE-07,Aumento,Aumento gradual em janela saudável,NOT_RUN,
hub-interoperabilidade-v4,openspec/changes/hub-interoperabilidade-v4/specs/desempenho-e-operacao/spec.md,OPE-07,Falha,Falha funcional não reduz capacidade global,NOT_RUN,
hub-interoperabilidade-v4,openspec/changes/hub-interoperabilidade-v4/specs/desempenho-e-operacao/spec.md,OPE-07,Coordenação,Coordenação distribuída em mudança de líder,NOT_RUN,
hub-interoperabilidade-v4,openspec/changes/hub-interoperabilidade-v4/specs/desempenho-e-operacao/spec.md,OPE-08,Classe,Classe Compartilhada protegida impõe limites por tenant,NOT_RUN,
hub-interoperabilidade-v4,openspec/changes/hub-interoperabilidade-v4/specs/desempenho-e-operacao/spec.md,OPE-08,Célula,Célula dedicada isola deployments e bancos,NOT_RUN,
hub-interoperabilidade-v4,openspec/changes/hub-interoperabilidade-v4/specs/desempenho-e-operacao/spec.md,OPE-08,Dedicada,Dedicada estrita não elimina falha externa global,NOT_RUN,
hub-interoperabilidade-v4,openspec/changes/hub-interoperabilidade-v4/specs/desempenho-e-operacao/spec.md,OPE-08,Teste,Teste de ruído entre tenants,NOT_RUN,
hub-interoperabilidade-v4,openspec/changes/hub-interoperabilidade-v4/specs/desempenho-e-operacao/spec.md,OPE-09,Percentis,Percentis ponta a ponta medidos no mesmo conjunto de requisições,NOT_RUN,
hub-interoperabilidade-v4,openspec/changes/hub-interoperabilidade-v4/specs/desempenho-e-operacao/spec.md,OPE-09,SYNC,SYNC remove fila obrigatória sem remover outbox de fatos,NOT_RUN,
hub-interoperabilidade-v4,openspec/changes/hub-interoperabilidade-v4/specs/desempenho-e-operacao/spec.md,OPE-09,Reserva,Reserva de finalização considera prazo e capacidade mínimos,NOT_RUN,
hub-interoperabilidade-v4,openspec/changes/hub-interoperabilidade-v4/specs/desempenho-e-operacao/spec.md,OPE-10,Taxa,Taxa de quebra usa população elegível da coorte,NOT_RUN,
hub-interoperabilidade-v4,openspec/changes/hub-interoperabilidade-v4/specs/desempenho-e-operacao/spec.md,OPE-10,Evidência,Evidência de SLA durável e independente de amostragem,NOT_RUN,
hub-interoperabilidade-v4,openspec/changes/hub-interoperabilidade-v4/specs/desempenho-e-operacao/spec.md,OPE-10,Alerta,Alerta preventivo de orçamento não é violação confirmada,NOT_RUN,
hub-interoperabilidade-v4,openspec/changes/hub-interoperabilidade-v4/specs/desempenho-e-operacao/spec.md,OPE-11,Reconciliação,Reconciliação identifica lacuna como incidente,NOT_RUN,
hub-interoperabilidade-v4,openspec/changes/hub-interoperabilidade-v4/specs/desempenho-e-operacao/spec.md,OPE-11,RPO,RPO zero regional exige persistência síncrona confirmada,NOT_RUN,
hub-interoperabilidade-v4,openspec/changes/hub-interoperabilidade-v4/specs/desempenho-e-operacao/spec.md,OPE-11,Operação,Operação ambígua preserva UNKNOWN sem inventar resultado,NOT_RUN,
hub-interoperabilidade-v4,openspec/changes/hub-interoperabilidade-v4/specs/desempenho-e-operacao/spec.md,OPE-12,Expansão,Expansão antecipa saturação de banco/célula,NOT_RUN,
hub-interoperabilidade-v4,openspec/changes/hub-interoperabilidade-v4/specs/desempenho-e-operacao/spec.md,OPE-12,Controller,Controller de expansão indisponível não retira capacidade ativa,NOT_RUN,
hub-interoperabilidade-v4,openspec/changes/hub-interoperabilidade-v4/specs/desempenho-e-operacao/spec.md,OPE-12,Falha,Falha da autoridade de orçamento admite apenas concessões válidas,NOT_RUN,
hub-interoperabilidade-v4,openspec/changes/hub-interoperabilidade-v4/specs/desempenho-e-operacao/spec.md,OPE-13,Indisponibilidade,Indisponibilidade do Redis usa bypass sem informação crítica exclusiva,NOT_RUN,
hub-interoperabilidade-v4,openspec/changes/hub-interoperabilidade-v4/specs/desempenho-e-operacao/spec.md,OPE-13,Atlas,Atlas indisponível mantém rotas conhecidas e bloqueia novo onboarding,NOT_RUN,
hub-interoperabilidade-v4,openspec/changes/hub-interoperabilidade-v4/specs/desempenho-e-operacao/spec.md,OPE-13,PostgreSQL,PostgreSQL core writer indisponível preserva finais confirmados sem novos efeitos sem posse,NOT_RUN,
hub-interoperabilidade-v4,openspec/changes/hub-interoperabilidade-v4/specs/desempenho-e-operacao/spec.md,OPE-13,Banco,Banco financeiro indisponível restringe reservas estritas,NOT_RUN,
hub-interoperabilidade-v4,openspec/changes/hub-interoperabilidade-v4/specs/desempenho-e-operacao/spec.md,OPE-13,SNS/SQS,SNS/SQS indisponível recusa ASYNC sem slot durável,NOT_RUN,
hub-interoperabilidade-v4,openspec/changes/hub-interoperabilidade-v4/specs/desempenho-e-operacao/spec.md,OPE-13,S3,S3 indisponível não finaliza sucesso com referência não confirmada,NOT_RUN,
hub-interoperabilidade-v4,openspec/changes/hub-interoperabilidade-v4/specs/desempenho-e-operacao/spec.md,OPE-13,Cofre/KMS,Cofre/KMS indisponível bloqueia apenas o binding afetado,NOT_RUN,
hub-interoperabilidade-v4,openspec/changes/hub-interoperabilidade-v4/specs/desempenho-e-operacao/spec.md,OPE-13,IdP,IdP indisponível não emite nova identidade por conta própria,NOT_RUN,
hub-interoperabilidade-v4,openspec/changes/hub-interoperabilidade-v4/specs/desempenho-e-operacao/spec.md,OPE-13,Controlador,Controlador de quota externa em partição nega novos tokens,NOT_RUN,
hub-interoperabilidade-v4,openspec/changes/hub-interoperabilidade-v4/specs/desempenho-e-operacao/spec.md,OPE-13,Provedor,Provedor específico indisponível isola apenas o vínculo afetado,NOT_RUN,
hub-interoperabilidade-v4,openspec/changes/hub-interoperabilidade-v4/specs/desempenho-e-operacao/spec.md,OPE-13,Webhook,Webhook do cliente indisponível preserva obrigação sem reexecutar produto,NOT_RUN,
hub-interoperabilidade-v4,openspec/changes/hub-interoperabilidade-v4/specs/desempenho-e-operacao/spec.md,OPE-13,Observabilidade,Observabilidade indisponível não bloqueia auditoria de negócio,NOT_RUN,
hub-interoperabilidade-v4,openspec/changes/hub-interoperabilidade-v4/specs/desempenho-e-operacao/spec.md,OPE-13,Kubernetes,Kubernetes API/Crossplane/Karpenter indisponíveis mantêm workloads saudáveis,NOT_RUN,
hub-interoperabilidade-v4,openspec/changes/hub-interoperabilidade-v4/specs/desempenho-e-operacao/spec.md,OPE-14,Canary/rolling,Canary/rolling de APIs e workers preserva intenção,NOT_RUN,
hub-interoperabilidade-v4,openspec/changes/hub-interoperabilidade-v4/specs/desempenho-e-operacao/spec.md,OPE-14,Manutenção,"Manutenção de PostgreSQL demonstra RTO real, não apenas ""multi-AZ""",NOT_RUN,
hub-interoperabilidade-v4,openspec/changes/hub-interoperabilidade-v4/specs/desempenho-e-operacao/spec.md,OPE-14,Manutenção,Manutenção que excede orçamento síncrono é falha de disponibilidade,NOT_RUN,
hub-interoperabilidade-v4,openspec/changes/hub-interoperabilidade-v4/specs/desempenho-e-operacao/spec.md,OPE-15,"99,99%","99,99% mensal não prova adequação a impacto crítico",NOT_RUN,
hub-interoperabilidade-v4,openspec/changes/hub-interoperabilidade-v4/specs/desempenho-e-operacao/spec.md,OPE-15,Perda,Perda de região com RPO zero exige autoridade transacional qualificada,NOT_RUN,
hub-interoperabilidade-v4,openspec/changes/hub-interoperabilidade-v4/specs/desempenho-e-operacao/spec.md,OPE-15,Durante,Durante partição regional apenas um lado aceita efeitos,NOT_RUN,
hub-interoperabilidade-v4,openspec/changes/hub-interoperabilidade-v4/specs/desempenho-e-operacao/spec.md,OPE-15,Contrato,Contrato de contingência do consumidor define uso de resultado antigo,NOT_RUN,
hub-interoperabilidade-v4,openspec/changes/hub-interoperabilidade-v4/specs/execucao-e-integracoes/spec.md,EXE-01,Mesma,Mesma chave e mesmo hash recuperam o protocolo existente,NOT_RUN,
hub-interoperabilidade-v4,openspec/changes/hub-interoperabilidade-v4/specs/execucao-e-integracoes/spec.md,EXE-01,Mesma,Mesma chave com payload diferente retorna conflito,NOT_RUN,
hub-interoperabilidade-v4,openspec/changes/hub-interoperabilidade-v4/specs/execucao-e-integracoes/spec.md,EXE-01,Resposta,Resposta perdida após commit é recuperada pela repetição da mesma chave,NOT_RUN,
hub-interoperabilidade-v4,openspec/changes/hub-interoperabilidade-v4/specs/execucao-e-integracoes/spec.md,EXE-01,Ausência,Ausência de banco de admissão impede confirmar aceite em memória,NOT_RUN,
hub-interoperabilidade-v4,openspec/changes/hub-interoperabilidade-v4/specs/execucao-e-integracoes/spec.md,EXE-02,Provedor,Provedor síncrono em SYNC não converte para 202,NOT_RUN,
hub-interoperabilidade-v4,openspec/changes/hub-interoperabilidade-v4/specs/execucao-e-integracoes/spec.md,EXE-02,Provedor,Provedor síncrono em AUTO aguarda fila sem equivaler a SYNC,NOT_RUN,
hub-interoperabilidade-v4,openspec/changes/hub-interoperabilidade-v4/specs/execucao-e-integracoes/spec.md,EXE-02,Prazo,Prazo SYNC esgotado retorna 504 com final de expiração já persistido,NOT_RUN,
hub-interoperabilidade-v4,openspec/changes/hub-interoperabilidade-v4/specs/execucao-e-integracoes/spec.md,EXE-02,Provedor,Provedor assíncrono em SYNC não é ofertado sem nova decisão,NOT_RUN,
hub-interoperabilidade-v4,openspec/changes/hub-interoperabilidade-v4/specs/execucao-e-integracoes/spec.md,EXE-03,Cometa,"Cometa decide o fato externo, Órbita decide a conclusão do passo",NOT_RUN,
hub-interoperabilidade-v4,openspec/changes/hub-interoperabilidade-v4/specs/execucao-e-integracoes/spec.md,EXE-03,UNKNOWN,UNKNOWN não vira FAILED por conveniência,NOT_RUN,
hub-interoperabilidade-v4,openspec/changes/hub-interoperabilidade-v4/specs/execucao-e-integracoes/spec.md,EXE-03,CANCELLED,CANCELLED exige inexistência comprovada de efeitos pendentes,NOT_RUN,
hub-interoperabilidade-v4,openspec/changes/hub-interoperabilidade-v4/specs/execucao-e-integracoes/spec.md,EXE-03,Evento,Evento intermediário atrasado não regride estado final,NOT_RUN,
hub-interoperabilidade-v4,openspec/changes/hub-interoperabilidade-v4/specs/execucao-e-integracoes/spec.md,EXE-04,Callback,"Callback sem correlação vira UNCORRELATED, não associado por heurística",NOT_RUN,
hub-interoperabilidade-v4,openspec/changes/hub-interoperabilidade-v4/specs/execucao-e-integracoes/spec.md,EXE-04,Troca,Troca autorizada de provedor cria nova operação vinculada ao mesmo passo,NOT_RUN,
hub-interoperabilidade-v4,openspec/changes/hub-interoperabilidade-v4/specs/execucao-e-integracoes/spec.md,EXE-04,Crash,"Crash após envio sem resposta persistida exige reconstrução, não invenção de final",NOT_RUN,
hub-interoperabilidade-v4,openspec/changes/hub-interoperabilidade-v4/specs/execucao-e-integracoes/spec.md,EXE-05,Defaults,Defaults propostos não se aplicam sem aprovação do vínculo,NOT_RUN,
hub-interoperabilidade-v4,openspec/changes/hub-interoperabilidade-v4/specs/execucao-e-integracoes/spec.md,EXE-05,Retry-After,"Retry-After respeitado dentro do prazo, expiração tratada além do deadline",NOT_RUN,
hub-interoperabilidade-v4,openspec/changes/hub-interoperabilidade-v4/specs/execucao-e-integracoes/spec.md,EXE-05,Worker,Worker reclama trabalho de forma exclusiva sem manter transação dormindo,NOT_RUN,
hub-interoperabilidade-v4,openspec/changes/hub-interoperabilidade-v4/specs/execucao-e-integracoes/spec.md,EXE-05,Pausar,Pausar polling não cancela a operação nem apaga o prazo,NOT_RUN,
hub-interoperabilidade-v4,openspec/changes/hub-interoperabilidade-v4/specs/execucao-e-integracoes/spec.md,EXE-06,Callback,Callback e polling com o mesmo final aplicam transição única,NOT_RUN,
hub-interoperabilidade-v4,openspec/changes/hub-interoperabilidade-v4/specs/execucao-e-integracoes/spec.md,EXE-06,Finais,Finais conflitantes preservam ambos e marcam CONFLICT,NOT_RUN,
hub-interoperabilidade-v4,openspec/changes/hub-interoperabilidade-v4/specs/execucao-e-integracoes/spec.md,EXE-06,"""Não","""Não encontrado"" logo após submit usa janela documentada, sem reiniciar às cegas",NOT_RUN,
hub-interoperabilidade-v4,openspec/changes/hub-interoperabilidade-v4/specs/execucao-e-integracoes/spec.md,EXE-07,Consultar,Consultar resultado expurgado retorna 410 sem nova busca externa,NOT_RUN,
hub-interoperabilidade-v4,openspec/changes/hub-interoperabilidade-v4/specs/execucao-e-integracoes/spec.md,EXE-07,Solicitar,Solicitar cancelamento registra intenção durável sem afirmar conclusão externa,NOT_RUN,
hub-interoperabilidade-v4,openspec/changes/hub-interoperabilidade-v4/specs/execucao-e-integracoes/spec.md,EXE-07,Consultas,Consultas públicas não incrementam o medidor de execução do provedor,NOT_RUN,
hub-interoperabilidade-v4,openspec/changes/hub-interoperabilidade-v4/specs/execucao-e-integracoes/spec.md,EXE-07,Atualizar/reexecutar,Atualizar/reexecutar cria novo protocolo com referência ao anterior,NOT_RUN,
hub-interoperabilidade-v4,openspec/changes/hub-interoperabilidade-v4/specs/execucao-e-integracoes/spec.md,EXE-08,Recibo,Recibo é persistido antes da resposta 2xx ao provedor,NOT_RUN,
hub-interoperabilidade-v4,openspec/changes/hub-interoperabilidade-v4/specs/execucao-e-integracoes/spec.md,EXE-08,Destino,"Destino de webhook precisa estar previamente cadastrado, sem URL arbitrária por pedido",NOT_RUN,
hub-interoperabilidade-v4,openspec/changes/hub-interoperabilidade-v4/specs/execucao-e-integracoes/spec.md,EXE-08,Erros,Erros de entrega são classificados por família de status HTTP,NOT_RUN,
hub-interoperabilidade-v4,openspec/changes/hub-interoperabilidade-v4/specs/execucao-e-integracoes/spec.md,EXE-08,Esgotamento,"Esgotamento das tentativas gera EXHAUSTED e alerta, resultado permanece disponível",NOT_RUN,
hub-interoperabilidade-v4,openspec/changes/hub-interoperabilidade-v4/specs/execucao-e-integracoes/spec.md,EXE-09,Falha,Falha anterior ao envio permite retry seguro,NOT_RUN,
hub-interoperabilidade-v4,openspec/changes/hub-interoperabilidade-v4/specs/execucao-e-integracoes/spec.md,EXE-09,Falha,Falha após envio possível exige UNKNOWN e consulta/reenvio idempotente ou reconciliação manual,NOT_RUN,
hub-interoperabilidade-v4,openspec/changes/hub-interoperabilidade-v4/specs/execucao-e-integracoes/spec.md,EXE-09,Resultado,Resultado tardio após encerramento por SLA não reabre o protocolo,NOT_RUN,
hub-interoperabilidade-v4,openspec/changes/hub-interoperabilidade-v4/specs/execucao-e-integracoes/spec.md,EXE-09,DLQ,"DLQ é diagnóstico, não encerramento da obrigação",NOT_RUN,
hub-interoperabilidade-v4,openspec/changes/hub-interoperabilidade-v4/specs/execucao-e-integracoes/spec.md,EXE-10,Exemplo,Exemplo numérico de retry_until com TTL 60s e reserva final 5s,NOT_RUN,
hub-interoperabilidade-v4,openspec/changes/hub-interoperabilidade-v4/specs/execucao-e-integracoes/spec.md,EXE-10,Zero,Zero desabilita retry de falha transitória,NOT_RUN,
hub-interoperabilidade-v4,openspec/changes/hub-interoperabilidade-v4/specs/execucao-e-integracoes/spec.md,EXE-10,Reinício,Reinício ou troca de provedor não redefine first_transient_at,NOT_RUN,
hub-interoperabilidade-v4,openspec/changes/hub-interoperabilidade-v4/specs/execucao-e-integracoes/spec.md,EXE-10,Falha,Falha sem efeito até esgotar TTL antes do deadline resulta em FAILED com motivo específico,NOT_RUN,
hub-interoperabilidade-v4,openspec/changes/hub-interoperabilidade-v4/specs/execucao-e-integracoes/spec.md,EXE-10,Fim,"Fim do TTL não é, sozinho, causa de término quando o provedor volta a aceitar",NOT_RUN,
hub-interoperabilidade-v4,openspec/changes/hub-interoperabilidade-v4/specs/execucao-e-integracoes/spec.md,EXE-11,Temporizador,Temporizador encerra o protocolo no deadline mesmo com polling saudável,NOT_RUN,
hub-interoperabilidade-v4,openspec/changes/hub-interoperabilidade-v4/specs/execucao-e-integracoes/spec.md,EXE-11,Igualdade,Igualdade exata ao deadline é tratada como atraso,NOT_RUN,
hub-interoperabilidade-v4,openspec/changes/hub-interoperabilidade-v4/specs/execucao-e-integracoes/spec.md,EXE-11,Infraestrutura,Infraestrutura incapaz de confirmar elegibilidade temporal não emite sucesso,NOT_RUN,
hub-interoperabilidade-v4,openspec/changes/hub-interoperabilidade-v4/specs/execucao-e-integracoes/spec.md,EXE-11,MONITOR_ONLY,MONITOR_ONLY e REJECT_LATE aplicam políticas distintas sem afetar o deadline do cliente,NOT_RUN,
hub-interoperabilidade-v4,openspec/changes/hub-interoperabilidade-v4/specs/execucao-e-integracoes/spec.md,EXE-12,Retorno,Retorno tardio é persistido como REJECTED_LATE_SLA sem substituir o erro final,NOT_RUN,
hub-interoperabilidade-v4,openspec/changes/hub-interoperabilidade-v4/specs/execucao-e-integracoes/spec.md,EXE-12,Recusa,Recusa pode responder 2xx ao provedor sem significar aceitação,NOT_RUN,
hub-interoperabilidade-v4,openspec/changes/hub-interoperabilidade-v4/specs/execucao-e-integracoes/spec.md,EXE-12,Reexecução,"Reexecução solicitada cria novo protocolo, não reutiliza conteúdo rejeitado",NOT_RUN,
hub-interoperabilidade-v4,openspec/changes/hub-interoperabilidade-v4/specs/execucao-e-integracoes/spec.md,EXE-12,GET,GET e webhook de encerramento continuam devolvendo a representação de erro original,NOT_RUN,
hub-interoperabilidade-v4,openspec/changes/hub-interoperabilidade-v4/specs/execucao-e-integracoes/spec.md,EXE-13,Passos,Passos READY sem dependências pendentes são agendados em paralelo dentro de limites,NOT_RUN,
hub-interoperabilidade-v4,openspec/changes/hub-interoperabilidade-v4/specs/execucao-e-integracoes/spec.md,EXE-13,Espera,"Espera de polling/retry usa timers persistidos, não thread dedicada",NOT_RUN,
hub-interoperabilidade-v4,openspec/changes/hub-interoperabilidade-v4/specs/execucao-e-integracoes/spec.md,EXE-13,Cancelar,Cancelar espera local não prova que o provedor cancelou a operação,NOT_RUN,
hub-interoperabilidade-v4,openspec/changes/hub-interoperabilidade-v4/specs/execucao-e-integracoes/spec.md,EXE-14,Pedido,Pedido pode reduzir mas não ampliar connection_deadline_at,NOT_RUN,
hub-interoperabilidade-v4,openspec/changes/hub-interoperabilidade-v4/specs/execucao-e-integracoes/spec.md,EXE-14,SYNC,"SYNC não retorna 202 diante de fila, provedor lento ou banco em failover",NOT_RUN,
hub-interoperabilidade-v4,openspec/changes/hub-interoperabilidade-v4/specs/execucao-e-integracoes/spec.md,EXE-14,Aceite,Aceite que já consome o orçamento útil é recusado antes de efeito externo,NOT_RUN,
hub-interoperabilidade-v4,openspec/changes/hub-interoperabilidade-v4/specs/execucao-e-integracoes/spec.md,EXE-14,Fechamento,Fechamento da conexão interrompe espera local sem provar cancelamento do provedor,NOT_RUN,
hub-interoperabilidade-v4,openspec/changes/hub-interoperabilidade-v4/specs/execucao-e-integracoes/spec.md,EXE-14,Mesmo,"Mesmo corpo final é retornado na criação SYNC, no GET e no webhook",NOT_RUN,
hub-interoperabilidade-v4,openspec/changes/hub-interoperabilidade-v4/specs/execucao-e-integracoes/spec.md,EXE-15,Intenção,Intenção DIRECT não é duplicada como comando de execução em SQS,NOT_RUN,
hub-interoperabilidade-v4,openspec/changes/hub-interoperabilidade-v4/specs/execucao-e-integracoes/spec.md,EXE-15,Lease,Lease expirado sozinho não torna seguro um segundo submit,NOT_RUN,
hub-interoperabilidade-v4,openspec/changes/hub-interoperabilidade-v4/specs/execucao-e-integracoes/spec.md,EXE-15,Transferência,Transferência para fila conserva command_id/operation_id sem mudar modo ou estender deadline,NOT_RUN,
hub-interoperabilidade-v4,openspec/changes/hub-interoperabilidade-v4/specs/execucao-e-integracoes/spec.md,EXE-15,Crash,Crash após final do Cometa e antes da resposta direta é resolvido por leitura da operação existente,NOT_RUN,
hub-interoperabilidade-v4,openspec/changes/hub-interoperabilidade-v4/specs/execucao-e-integracoes/spec.md,EXE-15,Em,"Em SYNC com conexão perdida, a obrigação durável continua sem prometer resposta à conexão encerrada",NOT_RUN,
hub-interoperabilidade-v4,openspec/changes/hub-interoperabilidade-v4/specs/execucao-e-integracoes/spec.md,EXE-16,Repetição,Repetição da mesma Idempotency-Key recupera o mesmo UUID mesmo sem resposta anterior recebida,NOT_RUN,
hub-interoperabilidade-v4,openspec/changes/hub-interoperabilidade-v4/specs/execucao-e-integracoes/spec.md,EXE-16,Componente,Componente temporal do UUIDv7 não prova autorização nem commit,NOT_RUN,
hub-interoperabilidade-v4,openspec/changes/hub-interoperabilidade-v4/specs/execucao-e-integracoes/spec.md,EXE-16,Nenhuma,Nenhuma credencial de cliente consulta outro tenant por conhecer o UUID,NOT_RUN,
hub-interoperabilidade-v4,openspec/changes/hub-interoperabilidade-v4/specs/execucao-e-integracoes/spec.md,EXE-16,Request_id,Request_id técnico de pedido recusado antes do commit não é anunciado como protocolo aceito,NOT_RUN,
hub-interoperabilidade-v4,openspec/changes/hub-interoperabilidade-v4/specs/persistencia-e-dados/spec.md,DAD-01,Isolamento,"Isolamento entre domínios impede join, escrita cruzada e chave estrangeira",NOT_RUN,
hub-interoperabilidade-v4,openspec/changes/hub-interoperabilidade-v4/specs/persistencia-e-dados/spec.md,DAD-01,Contrato,Contrato de saldo estrito mantém uma única autoridade financeira ativa,NOT_RUN,
hub-interoperabilidade-v4,openspec/changes/hub-interoperabilidade-v4/specs/persistencia-e-dados/spec.md,DAD-01,Ausência,Ausência em réplica atrasada não é tratada como inexistência do registro,NOT_RUN,
hub-interoperabilidade-v4,openspec/changes/hub-interoperabilidade-v4/specs/persistencia-e-dados/spec.md,DAD-02,Unicidade,Unicidade de idempotência do Protocolo é preservada sob concorrência,NOT_RUN,
hub-interoperabilidade-v4,openspec/changes/hub-interoperabilidade-v4/specs/persistencia-e-dados/spec.md,DAD-02,Resultado,Resultado é imutável por versão e só o ponteiro atual muda com auditoria,NOT_RUN,
hub-interoperabilidade-v4,openspec/changes/hub-interoperabilidade-v4/specs/persistencia-e-dados/spec.md,DAD-02,Campos,Campos de negócio consultados com frequência não ficam escondidos apenas em JSON,NOT_RUN,
hub-interoperabilidade-v4,openspec/changes/hub-interoperabilidade-v4/specs/persistencia-e-dados/spec.md,DAD-03,Admissão,"Admissão persiste protocolo, idempotência, pedido e intenção em uma única transação",NOT_RUN,
hub-interoperabilidade-v4,openspec/changes/hub-interoperabilidade-v4/specs/persistencia-e-dados/spec.md,DAD-03,Sistema,Sistema não mantém transação aberta esperando resposta externa,NOT_RUN,
hub-interoperabilidade-v4,openspec/changes/hub-interoperabilidade-v4/specs/persistencia-e-dados/spec.md,DAD-03,Atualização,"Atualização concorrente de estado é arbitrada por versão, e lease não neutraliza chamada já enviada ao provedor",NOT_RUN,
hub-interoperabilidade-v4,openspec/changes/hub-interoperabilidade-v4/specs/persistencia-e-dados/spec.md,DAD-04,GET,"GET do cliente nunca aciona consulta ao provedor, em qualquer estado do resultado",NOT_RUN,
hub-interoperabilidade-v4,openspec/changes/hub-interoperabilidade-v4/specs/persistencia-e-dados/spec.md,DAD-04,Link,Link temporário de provedor deve ser capturado pelo hub antes de ser considerado disponível,NOT_RUN,
hub-interoperabilidade-v4,openspec/changes/hub-interoperabilidade-v4/specs/persistencia-e-dados/spec.md,DAD-04,Contrato,Contrato que proíbe armazenamento bloqueia publicação sem decisão explícita,NOT_RUN,
hub-interoperabilidade-v4,openspec/changes/hub-interoperabilidade-v4/specs/persistencia-e-dados/spec.md,DAD-04,Resultado,"Resultado expurgado não recria o pedido e ""atualizar dados"" gera novo protocolo",NOT_RUN,
hub-interoperabilidade-v4,openspec/changes/hub-interoperabilidade-v4/specs/persistencia-e-dados/spec.md,DAD-05,Somente,Somente objeto no estado DISPONIVEL integra pedido executável,NOT_RUN,
hub-interoperabilidade-v4,openspec/changes/hub-interoperabilidade-v4/specs/persistencia-e-dados/spec.md,DAD-05,Falha,"Falha entre confirmação do objeto e gravação da referência gera órfão, não referência quebrada",NOT_RUN,
hub-interoperabilidade-v4,openspec/changes/hub-interoperabilidade-v4/specs/persistencia-e-dados/spec.md,DAD-05,Saída,Saída obrigatória indisponível impede publicação de sucesso completo,NOT_RUN,
hub-interoperabilidade-v4,openspec/changes/hub-interoperabilidade-v4/specs/persistencia-e-dados/spec.md,DAD-06,Serviço,Serviço não é publicado sem prazo de retenção explícito,NOT_RUN,
hub-interoperabilidade-v4,openspec/changes/hub-interoperabilidade-v4/specs/persistencia-e-dados/spec.md,DAD-06,Resultado,Resultado necessário a entrega pendente não é removido antes do fim da janela contratual,NOT_RUN,
hub-interoperabilidade-v4,openspec/changes/hub-interoperabilidade-v4/specs/persistencia-e-dados/spec.md,DAD-06,Exclusão,"Exclusão em conflito com preservação é decidida pelo responsável pelos dados, sem contornar via tombstone",NOT_RUN,
hub-interoperabilidade-v4,openspec/changes/hub-interoperabilidade-v4/specs/persistencia-e-dados/spec.md,DAD-07,Conta,Conta de aplicação não possui BYPASSRLS e papel de migração é distinto do runtime,NOT_RUN,
hub-interoperabilidade-v4,openspec/changes/hub-interoperabilidade-v4/specs/persistencia-e-dados/spec.md,DAD-07,Contexto,Contexto de tenant em conexão reutilizada é limpo a cada uso do pool,NOT_RUN,
hub-interoperabilidade-v4,openspec/changes/hub-interoperabilidade-v4/specs/persistencia-e-dados/spec.md,DAD-07,Restauração,"Restauração bloqueia efeitos externos e reconcilia antes de retomar, sem reexecutar todo o período",NOT_RUN,
hub-interoperabilidade-v4,openspec/changes/hub-interoperabilidade-v4/specs/persistencia-e-dados/spec.md,DAD-08,Deadline,"Deadline absoluto do protocolo não é renovado por retry, mensagem ou migração",NOT_RUN,
hub-interoperabilidade-v4,openspec/changes/hub-interoperabilidade-v4/specs/persistencia-e-dados/spec.md,DAD-08,Timestamp,Timestamp do provedor é evidência separada e não substitui o relógio autoritativo do hub,NOT_RUN,
hub-interoperabilidade-v4,openspec/changes/hub-interoperabilidade-v4/specs/persistencia-e-dados/spec.md,DAD-08,Tentativa,"Tentativa tardia permanece vinculada à operação, mas não reabre resposta de sucesso já expirada",NOT_RUN,
hub-interoperabilidade-v4,openspec/changes/hub-interoperabilidade-v4/specs/persistencia-e-dados/spec.md,DAD-08,Representação,Representação final do cliente não muda em replay de GET ou webhook,NOT_RUN,
hub-interoperabilidade-v4,openspec/changes/hub-interoperabilidade-v4/specs/persistencia-e-dados/spec.md,DAD-09,Fronteiras,Fronteiras síncronas obrigatórias registram seus dados antes da resposta ao cliente,NOT_RUN,
hub-interoperabilidade-v4,openspec/changes/hub-interoperabilidade-v4/specs/persistencia-e-dados/spec.md,DAD-09,Commit,"Commit com resposta perdida é tratado como incerto, consultando a mesma autoridade recuperada",NOT_RUN,
hub-interoperabilidade-v4,openspec/changes/hub-interoperabilidade-v4/specs/persistencia-e-dados/spec.md,DAD-09,Sistema,Sistema não emite aceite fictício por escrita alternativa durante falha do writer,NOT_RUN,
hub-interoperabilidade-v4,openspec/changes/hub-interoperabilidade-v4/specs/persistencia-e-dados/spec.md,DAD-10,Redis,Redis indisponível aciona bypass automático sem comprometer a corretude da leitura,NOT_RUN,
hub-interoperabilidade-v4,openspec/changes/hub-interoperabilidade-v4/specs/persistencia-e-dados/spec.md,DAD-10,Réplica,Réplica atrasada não gera 404 definitivo nem sucesso fabricado,NOT_RUN,
hub-interoperabilidade-v4,openspec/changes/hub-interoperabilidade-v4/specs/persistencia-e-dados/spec.md,DAD-10,Cache,Cache antigo de final revisável não prova atualidade para versão corrente,NOT_RUN,
hub-interoperabilidade-v4,openspec/changes/hub-interoperabilidade-v4/specs/persistencia-e-dados/spec.md,DAD-10,Autorização,Autorização insuficiente suspende a leitura mesmo em fallback de cache,NOT_RUN,
hub-interoperabilidade-v4,openspec/changes/hub-interoperabilidade-v4/specs/persistencia-e-dados/spec.md,DAD-11,Novo,Novo tenant é alocado em célula pronta sem infraestrutura exclusiva,NOT_RUN,
hub-interoperabilidade-v4,openspec/changes/hub-interoperabilidade-v4/specs/persistencia-e-dados/spec.md,DAD-11,Cliente,"Cliente não seleciona célula por header, e o caminho habitual não consulta diretório global",NOT_RUN,
hub-interoperabilidade-v4,openspec/changes/hub-interoperabilidade-v4/specs/persistencia-e-dados/spec.md,DAD-11,Migração,Migração é abortada e autoridade antiga é mantida quando o orçamento homologado não é atendido,NOT_RUN,
hub-interoperabilidade-v4,openspec/changes/hub-interoperabilidade-v4/specs/persistencia-e-dados/spec.md,DAD-11,Fragmentação,Fragmentação de saldo entre múltiplas células ativas não é comportamento implícito,NOT_RUN,
hub-interoperabilidade-v4,openspec/changes/hub-interoperabilidade-v4/specs/qualidade-e-aceite/spec.md,QUA-01,Matriz,Matriz de rastreabilidade nasce com status NÃO EXECUTADO,NOT_RUN,
hub-interoperabilidade-v4,openspec/changes/hub-interoperabilidade-v4/specs/qualidade-e-aceite/spec.md,QUA-01,Cobertura,Cobertura de código alta não substitui cobertura de risco,NOT_RUN,
hub-interoperabilidade-v4,openspec/changes/hub-interoperabilidade-v4/specs/qualidade-e-aceite/spec.md,QUA-01,Coleção,Coleção sintética de referência contém os casos obrigatórios,NOT_RUN,
hub-interoperabilidade-v4,openspec/changes/hub-interoperabilidade-v4/specs/qualidade-e-aceite/spec.md,QUA-01,Homologação,Homologação usa sandbox real para capacidades não simuláveis,NOT_RUN,
hub-interoperabilidade-v4,openspec/changes/hub-interoperabilidade-v4/specs/qualidade-e-aceite/spec.md,QUA-02,Commit,Commit sem resposta ao cliente preserva idempotência,NOT_RUN,
hub-interoperabilidade-v4,openspec/changes/hub-interoperabilidade-v4/specs/qualidade-e-aceite/spec.md,QUA-02,Banco,Banco gravado com broker fora preserva o outbox,NOT_RUN,
hub-interoperabilidade-v4,openspec/changes/hub-interoperabilidade-v4/specs/qualidade-e-aceite/spec.md,QUA-02,Timeout,Timeout externo ambíguo resulta em UNKNOWN sem failover indevido,NOT_RUN,
hub-interoperabilidade-v4,openspec/changes/hub-interoperabilidade-v4/specs/qualidade-e-aceite/spec.md,QUA-02,Callback,Callback e polling simultâneos produzem uma única conclusão,NOT_RUN,
hub-interoperabilidade-v4,openspec/changes/hub-interoperabilidade-v4/specs/qualidade-e-aceite/spec.md,QUA-02,Quota,Quota de provedor compartilhada respeita limite global sob escala horizontal,NOT_RUN,
hub-interoperabilidade-v4,openspec/changes/hub-interoperabilidade-v4/specs/qualidade-e-aceite/spec.md,QUA-02,Saldo,Saldo disputado não excede o limite estrito do contrato,NOT_RUN,
hub-interoperabilidade-v4,openspec/changes/hub-interoperabilidade-v4/specs/qualidade-e-aceite/spec.md,QUA-02,Webhook,Webhook indisponível não gera reexecução indevida,NOT_RUN,
hub-interoperabilidade-v4,openspec/changes/hub-interoperabilidade-v4/specs/qualidade-e-aceite/spec.md,QUA-02,Restauração,Restauração de backup com efeitos externos já realizados bloqueia saída até reconciliar,NOT_RUN,
hub-interoperabilidade-v4,openspec/changes/hub-interoperabilidade-v4/specs/qualidade-e-aceite/spec.md,QUA-02,Casos,Casos adicionais de segurança e contrato são cobertos além da tabela principal,NOT_RUN,
hub-interoperabilidade-v4,openspec/changes/hub-interoperabilidade-v4/specs/qualidade-e-aceite/spec.md,QUA-03,Relatório,Relatório de desempenho incompleto não qualifica um SLO,NOT_RUN,
hub-interoperabilidade-v4,openspec/changes/hub-interoperabilidade-v4/specs/qualidade-e-aceite/spec.md,QUA-03,"""Fila","""Fila vazia"" não prova ausência de perda",NOT_RUN,
hub-interoperabilidade-v4,openspec/changes/hub-interoperabilidade-v4/specs/qualidade-e-aceite/spec.md,QUA-03,Faturamento,Faturamento é validado por calculadora independente antes do aceite,NOT_RUN,
hub-interoperabilidade-v4,openspec/changes/hub-interoperabilidade-v4/specs/qualidade-e-aceite/spec.md,QUA-03,Consulta,Consulta local (GET) não gera nova chamada ao provedor,NOT_RUN,
hub-interoperabilidade-v4,openspec/changes/hub-interoperabilidade-v4/specs/qualidade-e-aceite/spec.md,QUA-03,Bloqueador,Bloqueador de release não é reclassificado para cumprir prazo,NOT_RUN,
hub-interoperabilidade-v4,openspec/changes/hub-interoperabilidade-v4/specs/qualidade-e-aceite/spec.md,QUA-04,G0,G0 não exige conta de produção para fatia sintética,NOT_RUN,
hub-interoperabilidade-v4,openspec/changes/hub-interoperabilidade-v4/specs/qualidade-e-aceite/spec.md,QUA-04,G2,G2 bloqueia promoção sem testes negativos entre tenants aprovados,NOT_RUN,
hub-interoperabilidade-v4,openspec/changes/hub-interoperabilidade-v4/specs/qualidade-e-aceite/spec.md,QUA-04,G3,G3 exige o mesmo artefato de produção e prova correspondente ao RPO assumido,NOT_RUN,
hub-interoperabilidade-v4,openspec/changes/hub-interoperabilidade-v4/specs/qualidade-e-aceite/spec.md,QUA-04,G4,"G4 não declara produção pronta com endpoints ""não implementado""",NOT_RUN,
hub-interoperabilidade-v4,openspec/changes/hub-interoperabilidade-v4/specs/qualidade-e-aceite/spec.md,QUA-04,Oferta,Oferta crítica em G4 exige perfil OPE-15 e cenários QUA-06 aprovados,NOT_RUN,
hub-interoperabilidade-v4,openspec/changes/hub-interoperabilidade-v4/specs/qualidade-e-aceite/spec.md,QUA-05,TTL,TTL contínuo mantém a mesma janela através de reinício e troca de worker,NOT_RUN,
hub-interoperabilidade-v4,openspec/changes/hub-interoperabilidade-v4/specs/qualidade-e-aceite/spec.md,QUA-05,TTL,TTL zero e erro permanente não geram repetição indevida,NOT_RUN,
hub-interoperabilidade-v4,openspec/changes/hub-interoperabilidade-v4/specs/qualidade-e-aceite/spec.md,QUA-05,Provedor,"Provedor lento sem falhas HTTP resulta em expiração explícita, não em sucesso tardio",NOT_RUN,
hub-interoperabilidade-v4,openspec/changes/hub-interoperabilidade-v4/specs/qualidade-e-aceite/spec.md,QUA-05,Fronteira,Fronteira temporal do deadline produz um único final,NOT_RUN,
hub-interoperabilidade-v4,openspec/changes/hub-interoperabilidade-v4/specs/qualidade-e-aceite/spec.md,QUA-05,Retorno,Retorno tardio com impacto financeiro não gera receita de sucesso,NOT_RUN,
hub-interoperabilidade-v4,openspec/changes/hub-interoperabilidade-v4/specs/qualidade-e-aceite/spec.md,QUA-05,Pressão,Pressão variável ajusta o limite efetivo sem ultrapassar o teto,NOT_RUN,
hub-interoperabilidade-v4,openspec/changes/hub-interoperabilidade-v4/specs/qualidade-e-aceite/spec.md,QUA-05,Múltiplas,Múltiplas réplicas do Cometa respeitam a quota agregada com fencing,NOT_RUN,
hub-interoperabilidade-v4,openspec/changes/hub-interoperabilidade-v4/specs/qualidade-e-aceite/spec.md,QUA-05,Cliente,Cliente ruidoso não consome a reserva de outro tenant,NOT_RUN,
hub-interoperabilidade-v4,openspec/changes/hub-interoperabilidade-v4/specs/qualidade-e-aceite/spec.md,QUA-05,Administração,Administração entre tenants nega cliente e audita administrador,NOT_RUN,
hub-interoperabilidade-v4,openspec/changes/hub-interoperabilidade-v4/specs/qualidade-e-aceite/spec.md,QUA-05,Preservação,Preservação de fatos confirmados após falha correlacionada,NOT_RUN,
hub-interoperabilidade-v4,openspec/changes/hub-interoperabilidade-v4/specs/qualidade-e-aceite/spec.md,QUA-06,SYNC,SYNC nativo conclui na mesma conexão com broker cortado,NOT_RUN,
hub-interoperabilidade-v4,openspec/changes/hub-interoperabilidade-v4/specs/qualidade-e-aceite/spec.md,QUA-06,UUIDv7,UUIDv7 persiste em todo protocolo mesmo com resposta de criação perdida,NOT_RUN,
hub-interoperabilidade-v4,openspec/changes/hub-interoperabilidade-v4/specs/qualidade-e-aceite/spec.md,QUA-06,Redis,Redis totalmente desligado mantém o SLO qualificado sem dependência oculta,NOT_RUN,
hub-interoperabilidade-v4,openspec/changes/hub-interoperabilidade-v4/specs/qualidade-e-aceite/spec.md,QUA-06,Writer,Writer indisponível antes do aceite impede falso aceite,NOT_RUN,
hub-interoperabilidade-v4,openspec/changes/hub-interoperabilidade-v4/specs/qualidade-e-aceite/spec.md,QUA-06,Cofre,Cofre quente/frio limita uso do material ao período de validade,NOT_RUN,
hub-interoperabilidade-v4,openspec/changes/hub-interoperabilidade-v4/specs/qualidade-e-aceite/spec.md,QUA-06,Conta,Conta e pagador permanecem corretos e segregados sob polls pagos e final tardio,NOT_RUN,
hub-interoperabilidade-v4,openspec/changes/hub-interoperabilidade-v4/specs/qualidade-e-aceite/spec.md,QUA-06,Redis,Redis versus autorização nega leitura mesmo em fallback,NOT_RUN,
hub-interoperabilidade-v4,openspec/changes/hub-interoperabilidade-v4/specs/qualidade-e-aceite/spec.md,QUA-06,Perda,Perda regional/partição exige RPO/RTO comprovados dentro do perfil contratado,NOT_RUN,
hub-interoperabilidade-v4,openspec/changes/hub-interoperabilidade-v4/specs/qualidade-e-aceite/spec.md,QUA-06,Dado,"Dado insuficiente resulta em NÃO QUALIFICADO, não em aprovação por ausência de erro",NOT_RUN,
r2-01-identidade-e-isolamento,openspec/changes/r2-01-identidade-e-isolamento/specs/identidade-e-isolamento-operacional/spec.md,R2-SEG-01,R2-SEG-01-S01,R2-SEG-01-S01 — Cliente autorizado,NOT_RUN,
r2-01-identidade-e-isolamento,openspec/changes/r2-01-identidade-e-isolamento/specs/identidade-e-isolamento-operacional/spec.md,R2-SEG-01,R2-SEG-01-S02,R2-SEG-01-S02 — Tentativa entre tenants,NOT_RUN,
r2-01-identidade-e-isolamento,openspec/changes/r2-01-identidade-e-isolamento/specs/identidade-e-isolamento-operacional/spec.md,R2-SEG-01,R2-SEG-01-S03,R2-SEG-01-S03 — Token inválido,NOT_RUN,
r2-01-identidade-e-isolamento,openspec/changes/r2-01-identidade-e-isolamento/specs/identidade-e-isolamento-operacional/spec.md,R2-SEG-02,R2-SEG-02-S01,R2-SEG-02-S01 — Chamada interna permitida,NOT_RUN,
r2-01-identidade-e-isolamento,openspec/changes/r2-01-identidade-e-isolamento/specs/identidade-e-isolamento-operacional/spec.md,R2-SEG-02,R2-SEG-02-S02,R2-SEG-02-S02 — Bypass pela porta interna,NOT_RUN,
r2-01-identidade-e-isolamento,openspec/changes/r2-01-identidade-e-isolamento/specs/identidade-e-isolamento-operacional/spec.md,R2-SEG-02,R2-SEG-02-S03,R2-SEG-02-S03 — Pool reutilizado,NOT_RUN,
r2-01-identidade-e-isolamento,openspec/changes/r2-01-identidade-e-isolamento/specs/identidade-e-isolamento-operacional/spec.md,R2-SEG-03,R2-SEG-03-S01,R2-SEG-03-S01 — Diagnóstico de desenvolvedor,NOT_RUN,
r2-01-identidade-e-isolamento,openspec/changes/r2-01-identidade-e-isolamento/specs/identidade-e-isolamento-operacional/spec.md,R2-SEG-03,R2-SEG-03-S02,R2-SEG-03-S02 — Sem elevação implícita,NOT_RUN,
r2-01-identidade-e-isolamento,openspec/changes/r2-01-identidade-e-isolamento/specs/identidade-e-isolamento-operacional/spec.md,R2-SEG-03,R2-SEG-03-S03,R2-SEG-03-S03 — Auditoria indisponível,NOT_RUN,
r2-01-identidade-e-isolamento,openspec/changes/r2-01-identidade-e-isolamento/specs/identidade-e-isolamento-operacional/spec.md,R2-SEG-04,R2-SEG-04-S01,R2-SEG-04-S01 — Destino homologado,NOT_RUN,
r2-01-identidade-e-isolamento,openspec/changes/r2-01-identidade-e-isolamento/specs/identidade-e-isolamento-operacional/spec.md,R2-SEG-04,R2-SEG-04-S02,R2-SEG-04-S02 — SSRF e rebinding,NOT_RUN,
r2-01-identidade-e-isolamento,openspec/changes/r2-01-identidade-e-isolamento/specs/identidade-e-isolamento-operacional/spec.md,R2-SEG-04,R2-SEG-04-S03,R2-SEG-04-S03 — Rede privada legítima,NOT_RUN,
r2-01-identidade-e-isolamento,openspec/changes/r2-01-identidade-e-isolamento/specs/identidade-e-isolamento-operacional/spec.md,R2-SEG-05,R2-SEG-05-S01,R2-SEG-05-S01 — Alteração atribuível,NOT_RUN,
r2-01-identidade-e-isolamento,openspec/changes/r2-01-identidade-e-isolamento/specs/identidade-e-isolamento-operacional/spec.md,R2-SEG-05,R2-SEG-05-S02,R2-SEG-05-S02 — Sessão termina,NOT_RUN,
r2-01-identidade-e-isolamento,openspec/changes/r2-01-identidade-e-isolamento/specs/identidade-e-isolamento-operacional/spec.md,R2-SEG-05,R2-SEG-05-S03,R2-SEG-05-S03 — Falha de backend,NOT_RUN,
r2-02-execucao-duravel-e-resultados,openspec/changes/r2-02-execucao-duravel-e-resultados/specs/execucao-duravel-e-resultados/spec.md,R2-EXE-01,R2-EXE-01-S01,R2-EXE-01-S01 — Crash após aceite,NOT_RUN,
r2-02-execucao-duravel-e-resultados,openspec/changes/r2-02-execucao-duravel-e-resultados/specs/execucao-duravel-e-resultados/spec.md,R2-EXE-01,R2-EXE-01-S02,R2-EXE-01-S02 — Broker indisponível,NOT_RUN,
r2-02-execucao-duravel-e-resultados,openspec/changes/r2-02-execucao-duravel-e-resultados/specs/execucao-duravel-e-resultados/spec.md,R2-EXE-01,R2-EXE-01-S03,R2-EXE-01-S03 — Commit incerto,NOT_RUN,
r2-02-execucao-duravel-e-resultados,openspec/changes/r2-02-execucao-duravel-e-resultados/specs/execucao-duravel-e-resultados/spec.md,R2-EXE-02,R2-EXE-02-S01,R2-EXE-02-S01 — Concorrência real,NOT_RUN,
r2-02-execucao-duravel-e-resultados,openspec/changes/r2-02-execucao-duravel-e-resultados/specs/execucao-duravel-e-resultados/spec.md,R2-EXE-02,R2-EXE-02-S02,R2-EXE-02-S02 — Chave divergente,NOT_RUN,
r2-02-execucao-duravel-e-resultados,openspec/changes/r2-02-execucao-duravel-e-resultados/specs/execucao-duravel-e-resultados/spec.md,R2-EXE-02,R2-EXE-02-S03,R2-EXE-02-S03 — Erro após aceite,NOT_RUN,
r2-02-execucao-duravel-e-resultados,openspec/changes/r2-02-execucao-duravel-e-resultados/specs/execucao-duravel-e-resultados/spec.md,R2-EXE-03,R2-EXE-03-S01,R2-EXE-03-S01 — Dois executores,NOT_RUN,
r2-02-execucao-duravel-e-resultados,openspec/changes/r2-02-execucao-duravel-e-resultados/specs/execucao-duravel-e-resultados/spec.md,R2-EXE-03,R2-EXE-03-S02,R2-EXE-03-S02 — Crash após envio,NOT_RUN,
r2-02-execucao-duravel-e-resultados,openspec/changes/r2-02-execucao-duravel-e-resultados/specs/execucao-duravel-e-resultados/spec.md,R2-EXE-03,R2-EXE-03-S03,R2-EXE-03-S03 — Fencing antigo,NOT_RUN,
r2-02-execucao-duravel-e-resultados,openspec/changes/r2-02-execucao-duravel-e-resultados/specs/execucao-duravel-e-resultados/spec.md,R2-EXE-04,R2-EXE-04-S01,R2-EXE-04-S01 — Conteúdo real,NOT_RUN,
r2-02-execucao-duravel-e-resultados,openspec/changes/r2-02-execucao-duravel-e-resultados/specs/execucao-duravel-e-resultados/spec.md,R2-EXE-04,R2-EXE-04-S02,R2-EXE-04-S02 — Resposta inválida,NOT_RUN,
r2-02-execucao-duravel-e-resultados,openspec/changes/r2-02-execucao-duravel-e-resultados/specs/execucao-duravel-e-resultados/spec.md,R2-EXE-04,R2-EXE-04-S03,R2-EXE-04-S03 — Commit falha,NOT_RUN,
r2-02-execucao-duravel-e-resultados,openspec/changes/r2-02-execucao-duravel-e-resultados/specs/execucao-duravel-e-resultados/spec.md,R2-EXE-05,R2-EXE-05-S01,R2-EXE-05-S01 — Efeito falha,NOT_RUN,
r2-02-execucao-duravel-e-resultados,openspec/changes/r2-02-execucao-duravel-e-resultados/specs/execucao-duravel-e-resultados/spec.md,R2-EXE-05,R2-EXE-05-S02,R2-EXE-05-S02 — Reentrega após commit,NOT_RUN,
r2-02-execucao-duravel-e-resultados,openspec/changes/r2-02-execucao-duravel-e-resultados/specs/execucao-duravel-e-resultados/spec.md,R2-EXE-05,R2-EXE-05-S03,R2-EXE-05-S03 — Schema desconhecido,NOT_RUN,
r2-02-execucao-duravel-e-resultados,openspec/changes/r2-02-execucao-duravel-e-resultados/specs/execucao-duravel-e-resultados/spec.md,R2-EXE-06,R2-EXE-06-S01,R2-EXE-06-S01 — Timer atrasado,NOT_RUN,
r2-02-execucao-duravel-e-resultados,openspec/changes/r2-02-execucao-duravel-e-resultados/specs/execucao-duravel-e-resultados/spec.md,R2-EXE-06,R2-EXE-06-S02,R2-EXE-06-S02 — Commit cruza o limite,NOT_RUN,
r2-02-execucao-duravel-e-resultados,openspec/changes/r2-02-execucao-duravel-e-resultados/specs/execucao-duravel-e-resultados/spec.md,R2-EXE-06,R2-EXE-06-S03,R2-EXE-06-S03 — Final e expiração concorrentes,NOT_RUN,
r2-02-execucao-duravel-e-resultados,openspec/changes/r2-02-execucao-duravel-e-resultados/specs/execucao-duravel-e-resultados/spec.md,R2-EXE-06,R2-EXE-06-S04,R2-EXE-06-S04 — Resultado tardio custoso,NOT_RUN,
r2-02-execucao-duravel-e-resultados,openspec/changes/r2-02-execucao-duravel-e-resultados/specs/execucao-duravel-e-resultados/spec.md,R2-EXE-07,R2-EXE-07-S01,R2-EXE-07-S01 — SYNC com broker parado,NOT_RUN,
r2-02-execucao-duravel-e-resultados,openspec/changes/r2-02-execucao-duravel-e-resultados/specs/execucao-duravel-e-resultados/spec.md,R2-EXE-07,R2-EXE-07-S02,R2-EXE-07-S02 — Natureza incompatível,NOT_RUN,
r2-02-execucao-duravel-e-resultados,openspec/changes/r2-02-execucao-duravel-e-resultados/specs/execucao-duravel-e-resultados/spec.md,R2-EXE-07,R2-EXE-07-S03,R2-EXE-07-S03 — AUTO rápido e lento,NOT_RUN,
r2-02-execucao-duravel-e-resultados,openspec/changes/r2-02-execucao-duravel-e-resultados/specs/execucao-duravel-e-resultados/spec.md,R2-EXE-07,R2-EXE-07-S04,R2-EXE-07-S04 — Cliente desconecta,NOT_RUN,
r2-02-execucao-duravel-e-resultados,openspec/changes/r2-02-execucao-duravel-e-resultados/specs/execucao-duravel-e-resultados/spec.md,R2-EXE-08,R2-EXE-08-S01,R2-EXE-08-S01 — Igualdade completa,NOT_RUN,
r2-02-execucao-duravel-e-resultados,openspec/changes/r2-02-execucao-duravel-e-resultados/specs/execucao-duravel-e-resultados/spec.md,R2-EXE-08,R2-EXE-08-S02,R2-EXE-08-S02 — Upgrade e mudança de contrato,NOT_RUN,
r2-02-execucao-duravel-e-resultados,openspec/changes/r2-02-execucao-duravel-e-resultados/specs/execucao-duravel-e-resultados/spec.md,R2-EXE-08,R2-EXE-08-S03,R2-EXE-08-S03 — Resultado pendente ou expirado,NOT_RUN,
r2-02-execucao-duravel-e-resultados,openspec/changes/r2-02-execucao-duravel-e-resultados/specs/execucao-duravel-e-resultados/spec.md,R2-EXE-09,R2-EXE-09-S01,R2-EXE-09-S01 — Protocolo órfão de despacho,NOT_RUN,
r2-02-execucao-duravel-e-resultados,openspec/changes/r2-02-execucao-duravel-e-resultados/specs/execucao-duravel-e-resultados/spec.md,R2-EXE-09,R2-EXE-09-S02,R2-EXE-09-S02 — Parceiro sem consulta idempotente,NOT_RUN,
r2-02-execucao-duravel-e-resultados,openspec/changes/r2-02-execucao-duravel-e-resultados/specs/execucao-duravel-e-resultados/spec.md,R2-EXE-09,R2-EXE-09-S03,R2-EXE-09-S03 — Callback antes da associação,NOT_RUN,
r2-03-integracoes-credenciais-e-pressao,openspec/changes/r2-03-integracoes-credenciais-e-pressao/specs/integracoes-credenciais-e-pressao/spec.md,R2-INT-01,R2-INT-01-S01,R2-INT-01-S01 — REST real distinto do simulador,NOT_RUN,
r2-03-integracoes-credenciais-e-pressao,openspec/changes/r2-03-integracoes-credenciais-e-pressao/specs/integracoes-credenciais-e-pressao/spec.md,R2-INT-01,R2-INT-01-S02,R2-INT-01-S02 — Capacidade ausente,NOT_RUN,
r2-03-integracoes-credenciais-e-pressao,openspec/changes/r2-03-integracoes-credenciais-e-pressao/specs/integracoes-credenciais-e-pressao/spec.md,R2-INT-01,R2-INT-01-S03,R2-INT-01-S03 — Protocolo especializado,NOT_RUN,
r2-03-integracoes-credenciais-e-pressao,openspec/changes/r2-03-integracoes-credenciais-e-pressao/specs/integracoes-credenciais-e-pressao/spec.md,R2-INT-02,R2-INT-02-S01,R2-INT-02-S01 — Dois clientes na mesma conta,NOT_RUN,
r2-03-integracoes-credenciais-e-pressao,openspec/changes/r2-03-integracoes-credenciais-e-pressao/specs/integracoes-credenciais-e-pressao/spec.md,R2-INT-02,R2-INT-02-S02,R2-INT-02-S02 — Vínculo dedicado indisponível,NOT_RUN,
r2-03-integracoes-credenciais-e-pressao,openspec/changes/r2-03-integracoes-credenciais-e-pressao/specs/integracoes-credenciais-e-pressao/spec.md,R2-INT-02,R2-INT-02-S03,R2-INT-02-S03 — Rotação e cache,NOT_RUN,
r2-03-integracoes-credenciais-e-pressao,openspec/changes/r2-03-integracoes-credenciais-e-pressao/specs/integracoes-credenciais-e-pressao/spec.md,R2-INT-03,R2-INT-03-S01,R2-INT-03-S01 — mTLS comprovado,NOT_RUN,
r2-03-integracoes-credenciais-e-pressao,openspec/changes/r2-03-integracoes-credenciais-e-pressao/specs/integracoes-credenciais-e-pressao/spec.md,R2-INT-03,R2-INT-03-S02,R2-INT-03-S02 — Redis ausente,NOT_RUN,
r2-03-integracoes-credenciais-e-pressao,openspec/changes/r2-03-integracoes-credenciais-e-pressao/specs/integracoes-credenciais-e-pressao/spec.md,R2-INT-03,R2-INT-03-S03,R2-INT-03-S03 — Cofre indisponível,NOT_RUN,
r2-03-integracoes-credenciais-e-pressao,openspec/changes/r2-03-integracoes-credenciais-e-pressao/specs/integracoes-credenciais-e-pressao/spec.md,R2-INT-04,R2-INT-04-S01,R2-INT-04-S01 — Ativação de polling,NOT_RUN,
r2-03-integracoes-credenciais-e-pressao,openspec/changes/r2-03-integracoes-credenciais-e-pressao/specs/integracoes-credenciais-e-pressao/spec.md,R2-INT-04,R2-INT-04-S02,R2-INT-04-S02 — Resposta pendente saudável,NOT_RUN,
r2-03-integracoes-credenciais-e-pressao,openspec/changes/r2-03-integracoes-credenciais-e-pressao/specs/integracoes-credenciais-e-pressao/spec.md,R2-INT-04,R2-INT-04-S03,R2-INT-04-S03 — Polling e callback concorrentes,NOT_RUN,
r2-03-integracoes-credenciais-e-pressao,openspec/changes/r2-03-integracoes-credenciais-e-pressao/specs/integracoes-credenciais-e-pressao/spec.md,R2-INT-04,R2-INT-04-S04,R2-INT-04-S04 — Falha de recibo,NOT_RUN,
r2-03-integracoes-credenciais-e-pressao,openspec/changes/r2-03-integracoes-credenciais-e-pressao/specs/integracoes-credenciais-e-pressao/spec.md,R2-INT-05,R2-INT-05-S01,R2-INT-05-S01 — TTL zero,NOT_RUN,
r2-03-integracoes-credenciais-e-pressao,openspec/changes/r2-03-integracoes-credenciais-e-pressao/specs/integracoes-credenciais-e-pressao/spec.md,R2-INT-05,R2-INT-05-S02,R2-INT-05-S02 — Reinício no meio da janela,NOT_RUN,
r2-03-integracoes-credenciais-e-pressao,openspec/changes/r2-03-integracoes-credenciais-e-pressao/specs/integracoes-credenciais-e-pressao/spec.md,R2-INT-05,R2-INT-05-S03,R2-INT-05-S03 — 429 com espera incompatível,NOT_RUN,
r2-03-integracoes-credenciais-e-pressao,openspec/changes/r2-03-integracoes-credenciais-e-pressao/specs/integracoes-credenciais-e-pressao/spec.md,R2-INT-05,R2-INT-05-S04,R2-INT-05-S04 — Timeout após envio,NOT_RUN,
r2-03-integracoes-credenciais-e-pressao,openspec/changes/r2-03-integracoes-credenciais-e-pressao/specs/integracoes-credenciais-e-pressao/spec.md,R2-INT-06,R2-INT-06-S01,R2-INT-06-S01 — Provedor degrada,NOT_RUN,
r2-03-integracoes-credenciais-e-pressao,openspec/changes/r2-03-integracoes-credenciais-e-pressao/specs/integracoes-credenciais-e-pressao/spec.md,R2-INT-06,R2-INT-06-S02,R2-INT-06-S02 — Provedor escala,NOT_RUN,
r2-03-integracoes-credenciais-e-pressao,openspec/changes/r2-03-integracoes-credenciais-e-pressao/specs/integracoes-credenciais-e-pressao/spec.md,R2-INT-06,R2-INT-06-S03,R2-INT-06-S03 — Três réplicas e partição,NOT_RUN,
r2-03-integracoes-credenciais-e-pressao,openspec/changes/r2-03-integracoes-credenciais-e-pressao/specs/integracoes-credenciais-e-pressao/spec.md,R2-INT-06,R2-INT-06-S04,R2-INT-06-S04 — Ruído de cliente,NOT_RUN,
r2-03-integracoes-credenciais-e-pressao,openspec/changes/r2-03-integracoes-credenciais-e-pressao/specs/integracoes-credenciais-e-pressao/spec.md,R2-INT-07,R2-INT-07-S01,R2-INT-07-S01 — Mesma URL em dois tenants,NOT_RUN,
r2-03-integracoes-credenciais-e-pressao,openspec/changes/r2-03-integracoes-credenciais-e-pressao/specs/integracoes-credenciais-e-pressao/spec.md,R2-INT-07,R2-INT-07-S02,R2-INT-07-S02 — Rotação e replay,NOT_RUN,
r2-03-integracoes-credenciais-e-pressao,openspec/changes/r2-03-integracoes-credenciais-e-pressao/specs/integracoes-credenciais-e-pressao/spec.md,R2-INT-07,R2-INT-07-S03,R2-INT-07-S03 — Destino lento ou indisponível,NOT_RUN,
r2-03-integracoes-credenciais-e-pressao,openspec/changes/r2-03-integracoes-credenciais-e-pressao/specs/integracoes-credenciais-e-pressao/spec.md,R2-INT-07,R2-INT-07-S04,R2-INT-07-S04 — Duplicata no receptor,NOT_RUN,
r2-03-integracoes-credenciais-e-pressao,openspec/changes/r2-03-integracoes-credenciais-e-pressao/specs/integracoes-credenciais-e-pressao/spec.md,R2-INT-08,R2-INT-08-S01,R2-INT-08-S01 — Violação apenas do provedor,NOT_RUN,
r2-03-integracoes-credenciais-e-pressao,openspec/changes/r2-03-integracoes-credenciais-e-pressao/specs/integracoes-credenciais-e-pressao/spec.md,R2-INT-08,R2-INT-08-S02,R2-INT-08-S02 — Rejeição contratada,NOT_RUN,
r2-03-integracoes-credenciais-e-pressao,openspec/changes/r2-03-integracoes-credenciais-e-pressao/specs/integracoes-credenciais-e-pressao/spec.md,R2-INT-08,R2-INT-08-S03,R2-INT-08-S03 — Coorte ainda aberta,NOT_RUN,
r2-04-catalogo-produtos-e-contratos,openspec/changes/r2-04-catalogo-produtos-e-contratos/specs/catalogo-produtos-e-contratos-versionados/spec.md,R2-CAT-01,R2-CAT-01-S01,R2-CAT-01-S01 — Publicação válida,NOT_RUN,
r2-04-catalogo-produtos-e-contratos,openspec/changes/r2-04-catalogo-produtos-e-contratos/specs/catalogo-produtos-e-contratos-versionados/spec.md,R2-CAT-01,R2-CAT-01-S02,R2-CAT-01-S02 — Sobrescrita de publicado,NOT_RUN,
r2-04-catalogo-produtos-e-contratos,openspec/changes/r2-04-catalogo-produtos-e-contratos/specs/catalogo-produtos-e-contratos-versionados/spec.md,R2-CAT-01,R2-CAT-01-S03,R2-CAT-01-S03 — Edição concorrente,NOT_RUN,
r2-04-catalogo-produtos-e-contratos,openspec/changes/r2-04-catalogo-produtos-e-contratos/specs/catalogo-produtos-e-contratos-versionados/spec.md,R2-CAT-02,R2-CAT-02-S01,R2-CAT-02-S01 — Seleção elegível,NOT_RUN,
r2-04-catalogo-produtos-e-contratos,openspec/changes/r2-04-catalogo-produtos-e-contratos/specs/catalogo-produtos-e-contratos-versionados/spec.md,R2-CAT-02,R2-CAT-02-S02,R2-CAT-02-S02 — Conta escolhida pelo cliente,NOT_RUN,
r2-04-catalogo-produtos-e-contratos,openspec/changes/r2-04-catalogo-produtos-e-contratos/specs/catalogo-produtos-e-contratos-versionados/spec.md,R2-CAT-02,R2-CAT-02-S03,R2-CAT-02-S03 — Sem combinação de SLA viável,NOT_RUN,
r2-04-catalogo-produtos-e-contratos,openspec/changes/r2-04-catalogo-produtos-e-contratos/specs/catalogo-produtos-e-contratos-versionados/spec.md,R2-CAT-03,R2-CAT-03-S01,R2-CAT-03-S01 — A e B independentes,NOT_RUN,
r2-04-catalogo-produtos-e-contratos,openspec/changes/r2-04-catalogo-produtos-e-contratos/specs/catalogo-produtos-e-contratos-versionados/spec.md,R2-CAT-03,R2-CAT-03-S02,R2-CAT-03-S02 — Passo opcional falha,NOT_RUN,
r2-04-catalogo-produtos-e-contratos,openspec/changes/r2-04-catalogo-produtos-e-contratos/specs/catalogo-produtos-e-contratos-versionados/spec.md,R2-CAT-03,R2-CAT-03-S03,R2-CAT-03-S03 — Fan-out abusivo,NOT_RUN,
r2-04-catalogo-produtos-e-contratos,openspec/changes/r2-04-catalogo-produtos-e-contratos/specs/catalogo-produtos-e-contratos-versionados/spec.md,R2-CAT-04,R2-CAT-04-S01,R2-CAT-04-S01 — Dependência C,NOT_RUN,
r2-04-catalogo-produtos-e-contratos,openspec/changes/r2-04-catalogo-produtos-e-contratos/specs/catalogo-produtos-e-contratos-versionados/spec.md,R2-CAT-04,R2-CAT-04-S02,R2-CAT-04-S02 — Ciclo ou referência inválida,NOT_RUN,
r2-04-catalogo-produtos-e-contratos,openspec/changes/r2-04-catalogo-produtos-e-contratos/specs/catalogo-produtos-e-contratos-versionados/spec.md,R2-CAT-04,R2-CAT-04-S03,R2-CAT-04-S03 — Compensação incompleta,NOT_RUN,
r2-04-catalogo-produtos-e-contratos,openspec/changes/r2-04-catalogo-produtos-e-contratos/specs/catalogo-produtos-e-contratos-versionados/spec.md,R2-CAT-05,R2-CAT-05-S01,R2-CAT-05-S01 — Dois contratos legados,NOT_RUN,
r2-04-catalogo-produtos-e-contratos,openspec/changes/r2-04-catalogo-produtos-e-contratos/specs/catalogo-produtos-e-contratos-versionados/spec.md,R2-CAT-05,R2-CAT-05-S02,R2-CAT-05-S02 — Transformação inválida,NOT_RUN,
r2-04-catalogo-produtos-e-contratos,openspec/changes/r2-04-catalogo-produtos-e-contratos/specs/catalogo-produtos-e-contratos-versionados/spec.md,R2-CAT-05,R2-CAT-05-S03,R2-CAT-05-S03 — Upgrade de schema,NOT_RUN,
r2-04-catalogo-produtos-e-contratos,openspec/changes/r2-04-catalogo-produtos-e-contratos/specs/catalogo-produtos-e-contratos-versionados/spec.md,R2-CAT-06,R2-CAT-06-S01,R2-CAT-06-S01 — Contrato muda durante processamento,NOT_RUN,
r2-04-catalogo-produtos-e-contratos,openspec/changes/r2-04-catalogo-produtos-e-contratos/specs/catalogo-produtos-e-contratos-versionados/spec.md,R2-CAT-06,R2-CAT-06-S02,R2-CAT-06-S02 — Atlas parado,NOT_RUN,
r2-04-catalogo-produtos-e-contratos,openspec/changes/r2-04-catalogo-produtos-e-contratos/specs/catalogo-produtos-e-contratos-versionados/spec.md,R2-CAT-06,R2-CAT-06-S03,R2-CAT-06-S03 — Revogação de segurança,NOT_RUN,
r2-04-catalogo-produtos-e-contratos,openspec/changes/r2-04-catalogo-produtos-e-contratos/specs/catalogo-produtos-e-contratos-versionados/spec.md,R2-CAT-07,R2-CAT-07-S01,R2-CAT-07-S01 — Reimportação idempotente,NOT_RUN,
r2-04-catalogo-produtos-e-contratos,openspec/changes/r2-04-catalogo-produtos-e-contratos/specs/catalogo-produtos-e-contratos-versionados/spec.md,R2-CAT-07,R2-CAT-07-S02,R2-CAT-07-S02 — Falha no meio do lote,NOT_RUN,
r2-04-catalogo-produtos-e-contratos,openspec/changes/r2-04-catalogo-produtos-e-contratos/specs/catalogo-produtos-e-contratos-versionados/spec.md,R2-CAT-07,R2-CAT-07-S03,R2-CAT-07-S03 — Credenciais na collection,NOT_RUN,
r2-04-catalogo-produtos-e-contratos,openspec/changes/r2-04-catalogo-produtos-e-contratos/specs/catalogo-produtos-e-contratos-versionados/spec.md,R2-CAT-08,R2-CAT-08-S01,R2-CAT-08-S01 — Milhares de registros,NOT_RUN,
r2-04-catalogo-produtos-e-contratos,openspec/changes/r2-04-catalogo-produtos-e-contratos/specs/catalogo-produtos-e-contratos-versionados/spec.md,R2-CAT-08,R2-CAT-08-S02,R2-CAT-08-S02 — Refresh e outro operador,NOT_RUN,
r2-04-catalogo-produtos-e-contratos,openspec/changes/r2-04-catalogo-produtos-e-contratos/specs/catalogo-produtos-e-contratos-versionados/spec.md,R2-CAT-08,R2-CAT-08-S03,R2-CAT-08-S03 — Capacidade insuficiente,NOT_RUN,
r2-05-console-administrativo,openspec/changes/r2-05-console-administrativo/specs/console-administrativo-operavel/spec.md,R2-ADM-01,R2-ADM-01-S01,R2-ADM-01-S01 — Entrada autorizada,NOT_RUN,
r2-05-console-administrativo,openspec/changes/r2-05-console-administrativo/specs/console-administrativo-operavel/spec.md,R2-ADM-01,R2-ADM-01-S02,R2-ADM-01-S02 — URL sem permissão,NOT_RUN,
r2-05-console-administrativo,openspec/changes/r2-05-console-administrativo/specs/console-administrativo-operavel/spec.md,R2-ADM-01,R2-ADM-01-S03,R2-ADM-01-S03 — Logout,NOT_RUN,
r2-05-console-administrativo,openspec/changes/r2-05-console-administrativo/specs/console-administrativo-operavel/spec.md,R2-ADM-02,R2-ADM-02-S01,R2-ADM-02-S01 — Catálogo populoso,NOT_RUN,
r2-05-console-administrativo,openspec/changes/r2-05-console-administrativo/specs/console-administrativo-operavel/spec.md,R2-ADM-02,R2-ADM-02-S02,R2-ADM-02-S02 — Lista falha,NOT_RUN,
r2-05-console-administrativo,openspec/changes/r2-05-console-administrativo/specs/console-administrativo-operavel/spec.md,R2-ADM-02,R2-ADM-02-S03,R2-ADM-02-S03 — Conflito de edição,NOT_RUN,
r2-05-console-administrativo,openspec/changes/r2-05-console-administrativo/specs/console-administrativo-operavel/spec.md,R2-ADM-03,R2-ADM-03-S01,R2-ADM-03-S01 — Novo cliente,NOT_RUN,
r2-05-console-administrativo,openspec/changes/r2-05-console-administrativo/specs/console-administrativo-operavel/spec.md,R2-ADM-03,R2-ADM-03-S02,R2-ADM-03-S02 — Pendência visível,NOT_RUN,
r2-05-console-administrativo,openspec/changes/r2-05-console-administrativo/specs/console-administrativo-operavel/spec.md,R2-ADM-03,R2-ADM-03-S03,R2-ADM-03-S03 — Suspensão,NOT_RUN,
r2-05-console-administrativo,openspec/changes/r2-05-console-administrativo/specs/console-administrativo-operavel/spec.md,R2-ADM-04,R2-ADM-04-S01,R2-ADM-04-S01 — Importação por preview,NOT_RUN,
r2-05-console-administrativo,openspec/changes/r2-05-console-administrativo/specs/console-administrativo-operavel/spec.md,R2-ADM-04,R2-ADM-04-S02,R2-ADM-04-S02 — Serviço validado,NOT_RUN,
r2-05-console-administrativo,openspec/changes/r2-05-console-administrativo/specs/console-administrativo-operavel/spec.md,R2-ADM-04,R2-ADM-04-S03,R2-ADM-04-S03 — Sem adapter,NOT_RUN,
r2-05-console-administrativo,openspec/changes/r2-05-console-administrativo/specs/console-administrativo-operavel/spec.md,R2-ADM-05,R2-ADM-05-S01,R2-ADM-05-S01 — Editor de composição,NOT_RUN,
r2-05-console-administrativo,openspec/changes/r2-05-console-administrativo/specs/console-administrativo-operavel/spec.md,R2-ADM-05,R2-ADM-05-S02,R2-ADM-05-S02 — Ciclo detectado,NOT_RUN,
r2-05-console-administrativo,openspec/changes/r2-05-console-administrativo/specs/console-administrativo-operavel/spec.md,R2-ADM-05,R2-ADM-05-S03,R2-ADM-05-S03 — Simulação sem efeitos,NOT_RUN,
r2-05-console-administrativo,openspec/changes/r2-05-console-administrativo/specs/console-administrativo-operavel/spec.md,R2-ADM-06,R2-ADM-06-S01,R2-ADM-06-S01 — Diagnóstico de binding,NOT_RUN,
r2-05-console-administrativo,openspec/changes/r2-05-console-administrativo/specs/console-administrativo-operavel/spec.md,R2-ADM-06,R2-ADM-06-S02,R2-ADM-06-S02 — Rotação,NOT_RUN,
r2-05-console-administrativo,openspec/changes/r2-05-console-administrativo/specs/console-administrativo-operavel/spec.md,R2-ADM-06,R2-ADM-06-S03,R2-ADM-06-S03 — Pressão reduzida,NOT_RUN,
r2-05-console-administrativo,openspec/changes/r2-05-console-administrativo/specs/console-administrativo-operavel/spec.md,R2-ADM-07,R2-ADM-07-S01,R2-ADM-07-S01 — Contrato legado,NOT_RUN,
r2-05-console-administrativo,openspec/changes/r2-05-console-administrativo/specs/console-administrativo-operavel/spec.md,R2-ADM-07,R2-ADM-07-S02,R2-ADM-07-S02 — TTL versus SLA,NOT_RUN,
r2-05-console-administrativo,openspec/changes/r2-05-console-administrativo/specs/console-administrativo-operavel/spec.md,R2-ADM-07,R2-ADM-07-S03,R2-ADM-07-S03 — SYNC incompatível,NOT_RUN,
r2-05-console-administrativo,openspec/changes/r2-05-console-administrativo/specs/console-administrativo-operavel/spec.md,R2-ADM-08,R2-ADM-08-S01,R2-ADM-08-S01 — Diagnóstico completo,NOT_RUN,
r2-05-console-administrativo,openspec/changes/r2-05-console-administrativo/specs/console-administrativo-operavel/spec.md,R2-ADM-08,R2-ADM-08-S02,R2-ADM-08-S02 — Resultado custodiado,NOT_RUN,
r2-05-console-administrativo,openspec/changes/r2-05-console-administrativo/specs/console-administrativo-operavel/spec.md,R2-ADM-08,R2-ADM-08-S03,R2-ADM-08-S03 — Filtro entre tenants,NOT_RUN,
r2-05-console-administrativo,openspec/changes/r2-05-console-administrativo/specs/console-administrativo-operavel/spec.md,R2-ADM-09,R2-ADM-09-S01,R2-ADM-09-S01 — Webhook esgotado,NOT_RUN,
r2-05-console-administrativo,openspec/changes/r2-05-console-administrativo/specs/console-administrativo-operavel/spec.md,R2-ADM-09,R2-ADM-09-S02,R2-ADM-09-S02 — UNKNOWN externo,NOT_RUN,
r2-05-console-administrativo,openspec/changes/r2-05-console-administrativo/specs/console-administrativo-operavel/spec.md,R2-ADM-09,R2-ADM-09-S03,R2-ADM-09-S03 — Leitor administrativo,NOT_RUN,
r2-05-console-administrativo,openspec/changes/r2-05-console-administrativo/specs/console-administrativo-operavel/spec.md,R2-ADM-10,R2-ADM-10-S01,R2-ADM-10-S01 — Apuração de quebra,NOT_RUN,
r2-05-console-administrativo,openspec/changes/r2-05-console-administrativo/specs/console-administrativo-operavel/spec.md,R2-ADM-10,R2-ADM-10-S02,R2-ADM-10-S02 — Dados desatualizados,NOT_RUN,
r2-05-console-administrativo,openspec/changes/r2-05-console-administrativo/specs/console-administrativo-operavel/spec.md,R2-ADM-10,R2-ADM-10-S03,R2-ADM-10-S03 — Consulta limitada,NOT_RUN,
r2-05-console-administrativo,openspec/changes/r2-05-console-administrativo/specs/console-administrativo-operavel/spec.md,R2-ADM-11,R2-ADM-11-S01,R2-ADM-11-S01 — Extrato explicável,NOT_RUN,
r2-05-console-administrativo,openspec/changes/r2-05-console-administrativo/specs/console-administrativo-operavel/spec.md,R2-ADM-11,R2-ADM-11-S02,R2-ADM-11-S02 — Fechamento incompleto,NOT_RUN,
r2-05-console-administrativo,openspec/changes/r2-05-console-administrativo/specs/console-administrativo-operavel/spec.md,R2-ADM-11,R2-ADM-11-S03,R2-ADM-11-S03 — Estorno,NOT_RUN,
r2-05-console-administrativo,openspec/changes/r2-05-console-administrativo/specs/console-administrativo-operavel/spec.md,R2-ADM-12,R2-ADM-12-S01,R2-ADM-12-S01 — Teclado e erro,NOT_RUN,
r2-05-console-administrativo,openspec/changes/r2-05-console-administrativo/specs/console-administrativo-operavel/spec.md,R2-ADM-12,R2-ADM-12-S02,R2-ADM-12-S02 — Falha de rede ou 409,NOT_RUN,
r2-05-console-administrativo,openspec/changes/r2-05-console-administrativo/specs/console-administrativo-operavel/spec.md,R2-ADM-12,R2-ADM-12-S03,R2-ADM-12-S03 — Jornada integrada,NOT_RUN,
r2-06-financeiro-auditavel,openspec/changes/r2-06-financeiro-auditavel/specs/financeiro-auditavel-e-conciliacao/spec.md,R2-FIN-01,R2-FIN-01-S01,R2-FIN-01-S01 — Preço muda antes de consumir,NOT_RUN,
r2-06-financeiro-auditavel,openspec/changes/r2-06-financeiro-auditavel/specs/financeiro-auditavel-e-conciliacao/spec.md,R2-FIN-01,R2-FIN-01-S02,R2-FIN-01-S02 — Cliente paga diretamente,NOT_RUN,
r2-06-financeiro-auditavel,openspec/changes/r2-06-financeiro-auditavel/specs/financeiro-auditavel-e-conciliacao/spec.md,R2-FIN-01,R2-FIN-01-S03,R2-FIN-01-S03 — Compra por submit,NOT_RUN,
r2-06-financeiro-auditavel,openspec/changes/r2-06-financeiro-auditavel/specs/financeiro-auditavel-e-conciliacao/spec.md,R2-FIN-02,R2-FIN-02-S01,R2-FIN-02-S01 — Dois passos custosos,NOT_RUN,
r2-06-financeiro-auditavel,openspec/changes/r2-06-financeiro-auditavel/specs/financeiro-auditavel-e-conciliacao/spec.md,R2-FIN-02,R2-FIN-02-S02,R2-FIN-02-S02 — Polling tarifado,NOT_RUN,
r2-06-financeiro-auditavel,openspec/changes/r2-06-financeiro-auditavel/specs/financeiro-auditavel-e-conciliacao/spec.md,R2-FIN-02,R2-FIN-02-S03,R2-FIN-02-S03 — Precisão,NOT_RUN,
r2-06-financeiro-auditavel,openspec/changes/r2-06-financeiro-auditavel/specs/financeiro-auditavel-e-conciliacao/spec.md,R2-FIN-03,R2-FIN-03-S01,R2-FIN-03-S01 — Limite cumulativo,NOT_RUN,
r2-06-financeiro-auditavel,openspec/changes/r2-06-financeiro-auditavel/specs/financeiro-auditavel-e-conciliacao/spec.md,R2-FIN-03,R2-FIN-03-S02,R2-FIN-03-S02 — Concorrência pelo último saldo,NOT_RUN,
r2-06-financeiro-auditavel,openspec/changes/r2-06-financeiro-auditavel/specs/financeiro-auditavel-e-conciliacao/spec.md,R2-FIN-03,R2-FIN-03-S03,R2-FIN-03-S03 — Limite não configurado,NOT_RUN,
r2-06-financeiro-auditavel,openspec/changes/r2-06-financeiro-auditavel/specs/financeiro-auditavel-e-conciliacao/spec.md,R2-FIN-03,R2-FIN-03-S04,R2-FIN-03-S04 — Timeout com efeito incerto,NOT_RUN,
r2-06-financeiro-auditavel,openspec/changes/r2-06-financeiro-auditavel/specs/financeiro-auditavel-e-conciliacao/spec.md,R2-FIN-04,R2-FIN-04-S01,R2-FIN-04-S01 — Faixa marginal,NOT_RUN,
r2-06-financeiro-auditavel,openspec/changes/r2-06-financeiro-auditavel/specs/financeiro-auditavel-e-conciliacao/spec.md,R2-FIN-04,R2-FIN-04-S02,R2-FIN-04-S02 — Pacote versus soma,NOT_RUN,
r2-06-financeiro-auditavel,openspec/changes/r2-06-financeiro-auditavel/specs/financeiro-auditavel-e-conciliacao/spec.md,R2-FIN-04,R2-FIN-04-S03,R2-FIN-04-S03 — Franquia final concorrente,NOT_RUN,
r2-06-financeiro-auditavel,openspec/changes/r2-06-financeiro-auditavel/specs/financeiro-auditavel-e-conciliacao/spec.md,R2-FIN-05,R2-FIN-05-S01,R2-FIN-05-S01 — Partidas balanceadas,NOT_RUN,
r2-06-financeiro-auditavel,openspec/changes/r2-06-financeiro-auditavel/specs/financeiro-auditavel-e-conciliacao/spec.md,R2-FIN-05,R2-FIN-05-S02,R2-FIN-05-S02 — Reprocessamento,NOT_RUN,
r2-06-financeiro-auditavel,openspec/changes/r2-06-financeiro-auditavel/specs/financeiro-auditavel-e-conciliacao/spec.md,R2-FIN-05,R2-FIN-05-S03,R2-FIN-05-S03 — Estorno autorizado,NOT_RUN,
r2-06-financeiro-auditavel,openspec/changes/r2-06-financeiro-auditavel/specs/financeiro-auditavel-e-conciliacao/spec.md,R2-FIN-06,R2-FIN-06-S01,R2-FIN-06-S01 — Fato atrasado,NOT_RUN,
r2-06-financeiro-auditavel,openspec/changes/r2-06-financeiro-auditavel/specs/financeiro-auditavel-e-conciliacao/spec.md,R2-FIN-06,R2-FIN-06-S02,R2-FIN-06-S02 — Exportação repetida,NOT_RUN,
r2-06-financeiro-auditavel,openspec/changes/r2-06-financeiro-auditavel/specs/financeiro-auditavel-e-conciliacao/spec.md,R2-FIN-06,R2-FIN-06-S03,R2-FIN-06-S03 — Contestação de SLA,NOT_RUN,
r2-07-objetos-dados-e-retencao,openspec/changes/r2-07-objetos-dados-e-retencao/specs/objetos-dados-e-retencao/spec.md,R2-DAD-01,R2-DAD-01-S01,R2-DAD-01-S01 — Arquivo elegível,NOT_RUN,
r2-07-objetos-dados-e-retencao,openspec/changes/r2-07-objetos-dados-e-retencao/specs/objetos-dados-e-retencao/spec.md,R2-DAD-01,R2-DAD-01-S02,R2-DAD-01-S02 — Objeto de outro cliente,NOT_RUN,
r2-07-objetos-dados-e-retencao,openspec/changes/r2-07-objetos-dados-e-retencao/specs/objetos-dados-e-retencao/spec.md,R2-DAD-01,R2-DAD-01-S03,R2-DAD-01-S03 — Multipart incompleto,NOT_RUN,
r2-07-objetos-dados-e-retencao,openspec/changes/r2-07-objetos-dados-e-retencao/specs/objetos-dados-e-retencao/spec.md,R2-DAD-02,R2-DAD-02-S01,R2-DAD-02-S01 — Resultado grande,NOT_RUN,
r2-07-objetos-dados-e-retencao,openspec/changes/r2-07-objetos-dados-e-retencao/specs/objetos-dados-e-retencao/spec.md,R2-DAD-02,R2-DAD-02-S02,R2-DAD-02-S02 — S3 falha,NOT_RUN,
r2-07-objetos-dados-e-retencao,openspec/changes/r2-07-objetos-dados-e-retencao/specs/objetos-dados-e-retencao/spec.md,R2-DAD-02,R2-DAD-02-S03,R2-DAD-02-S03 — Objeto sem commit do protocolo,NOT_RUN,
r2-07-objetos-dados-e-retencao,openspec/changes/r2-07-objetos-dados-e-retencao/specs/objetos-dados-e-retencao/spec.md,R2-DAD-03,R2-DAD-03-S01,R2-DAD-03-S01 — Expurgo elegível,NOT_RUN,
r2-07-objetos-dados-e-retencao,openspec/changes/r2-07-objetos-dados-e-retencao/specs/objetos-dados-e-retencao/spec.md,R2-DAD-03,R2-DAD-03-S02,R2-DAD-03-S02 — Entrega pendente,NOT_RUN,
r2-07-objetos-dados-e-retencao,openspec/changes/r2-07-objetos-dados-e-retencao/specs/objetos-dados-e-retencao/spec.md,R2-DAD-03,R2-DAD-03-S03,R2-DAD-03-S03 — Mensagem antiga,NOT_RUN,
r2-07-objetos-dados-e-retencao,openspec/changes/r2-07-objetos-dados-e-retencao/specs/objetos-dados-e-retencao/spec.md,R2-DAD-04,R2-DAD-04-S01,R2-DAD-04-S01 — Writer indisponível com final válido,NOT_RUN,
r2-07-objetos-dados-e-retencao,openspec/changes/r2-07-objetos-dados-e-retencao/specs/objetos-dados-e-retencao/spec.md,R2-DAD-04,R2-DAD-04-S02,R2-DAD-04-S02 — Réplica atrasada,NOT_RUN,
r2-07-objetos-dados-e-retencao,openspec/changes/r2-07-objetos-dados-e-retencao/specs/objetos-dados-e-retencao/spec.md,R2-DAD-04,R2-DAD-04-S03,R2-DAD-04-S03 — Isolamento de domínio,NOT_RUN,
r2-07-objetos-dados-e-retencao,openspec/changes/r2-07-objetos-dados-e-retencao/specs/objetos-dados-e-retencao/spec.md,R2-DAD-05,R2-DAD-05-S01,R2-DAD-05-S01 — Restore controlado,NOT_RUN,
r2-07-objetos-dados-e-retencao,openspec/changes/r2-07-objetos-dados-e-retencao/specs/objetos-dados-e-retencao/spec.md,R2-DAD-05,R2-DAD-05-S02,R2-DAD-05-S02 — Operação após backup,NOT_RUN,
r2-07-objetos-dados-e-retencao,openspec/changes/r2-07-objetos-dados-e-retencao/specs/objetos-dados-e-retencao/spec.md,R2-DAD-05,R2-DAD-05-S03,R2-DAD-05-S03 — Falha regional,NOT_RUN,
r2-08-operacao-elastica-e-observavel,openspec/changes/r2-08-operacao-elastica-e-observavel/specs/operacao-elastica-e-observavel/spec.md,R2-OPE-01,R2-OPE-01-S01,R2-OPE-01-S01 — Primeira instalação,NOT_RUN,
r2-08-operacao-elastica-e-observavel,openspec/changes/r2-08-operacao-elastica-e-observavel/specs/operacao-elastica-e-observavel/spec.md,R2-OPE-01,R2-OPE-01-S02,R2-OPE-01-S02 — Recriação sem reset,NOT_RUN,
r2-08-operacao-elastica-e-observavel,openspec/changes/r2-08-operacao-elastica-e-observavel/specs/operacao-elastica-e-observavel/spec.md,R2-OPE-01,R2-OPE-01-S03,R2-OPE-01-S03 — Cache desligado,NOT_RUN,
r2-08-operacao-elastica-e-observavel,openspec/changes/r2-08-operacao-elastica-e-observavel/specs/operacao-elastica-e-observavel/spec.md,R2-OPE-02,R2-OPE-02-S01,R2-OPE-02-S01 — Overlay aplicável,NOT_RUN,
r2-08-operacao-elastica-e-observavel,openspec/changes/r2-08-operacao-elastica-e-observavel/specs/operacao-elastica-e-observavel/spec.md,R2-OPE-02,R2-OPE-02-S02,R2-OPE-02-S02 — Separação ambiental,NOT_RUN,
r2-08-operacao-elastica-e-observavel,openspec/changes/r2-08-operacao-elastica-e-observavel/specs/operacao-elastica-e-observavel/spec.md,R2-OPE-02,R2-OPE-02-S03,R2-OPE-02-S03 — Produção sem perfil,NOT_RUN,
r2-08-operacao-elastica-e-observavel,openspec/changes/r2-08-operacao-elastica-e-observavel/specs/operacao-elastica-e-observavel/spec.md,R2-OPE-03,R2-OPE-03-S01,R2-OPE-03-S01 — Dependência opcional falha,NOT_RUN,
r2-08-operacao-elastica-e-observavel,openspec/changes/r2-08-operacao-elastica-e-observavel/specs/operacao-elastica-e-observavel/spec.md,R2-OPE-03,R2-OPE-03-S02,R2-OPE-03-S02 — Rolling update,NOT_RUN,
r2-08-operacao-elastica-e-observavel,openspec/changes/r2-08-operacao-elastica-e-observavel/specs/operacao-elastica-e-observavel/spec.md,R2-OPE-03,R2-OPE-03-S03,R2-OPE-03-S03 — Provedor fora,NOT_RUN,
r2-08-operacao-elastica-e-observavel,openspec/changes/r2-08-operacao-elastica-e-observavel/specs/operacao-elastica-e-observavel/spec.md,R2-OPE-04,R2-OPE-04-S01,R2-OPE-04-S01 — Fila cresce com CPU baixa,NOT_RUN,
r2-08-operacao-elastica-e-observavel,openspec/changes/r2-08-operacao-elastica-e-observavel/specs/operacao-elastica-e-observavel/spec.md,R2-OPE-04,R2-OPE-04-S02,R2-OPE-04-S02 — Célula próxima do envelope,NOT_RUN,
r2-08-operacao-elastica-e-observavel,openspec/changes/r2-08-operacao-elastica-e-observavel/specs/operacao-elastica-e-observavel/spec.md,R2-OPE-04,R2-OPE-04-S03,R2-OPE-04-S03 — Quota esgotada,NOT_RUN,
r2-08-operacao-elastica-e-observavel,openspec/changes/r2-08-operacao-elastica-e-observavel/specs/operacao-elastica-e-observavel/spec.md,R2-OPE-05,R2-OPE-05-S01,R2-OPE-05-S01 — Cliente realocado,NOT_RUN,
r2-08-operacao-elastica-e-observavel,openspec/changes/r2-08-operacao-elastica-e-observavel/specs/operacao-elastica-e-observavel/spec.md,R2-OPE-05,R2-OPE-05-S02,R2-OPE-05-S02 — Dois ambientes/células,NOT_RUN,
r2-08-operacao-elastica-e-observavel,openspec/changes/r2-08-operacao-elastica-e-observavel/specs/operacao-elastica-e-observavel/spec.md,R2-OPE-05,R2-OPE-05-S03,R2-OPE-05-S03 — Falha parcial de provisionamento,NOT_RUN,
r2-08-operacao-elastica-e-observavel,openspec/changes/r2-08-operacao-elastica-e-observavel/specs/operacao-elastica-e-observavel/spec.md,R2-OPE-06,R2-OPE-06-S01,R2-OPE-06-S01 — Reinício com broker fora,NOT_RUN,
r2-08-operacao-elastica-e-observavel,openspec/changes/r2-08-operacao-elastica-e-observavel/specs/operacao-elastica-e-observavel/spec.md,R2-OPE-06,R2-OPE-06-S02,R2-OPE-06-S02 — Redis lenta,NOT_RUN,
r2-08-operacao-elastica-e-observavel,openspec/changes/r2-08-operacao-elastica-e-observavel/specs/operacao-elastica-e-observavel/spec.md,R2-OPE-06,R2-OPE-06-S03,R2-OPE-06-S03 — Todas cópias autoritativas indisponíveis,NOT_RUN,
r2-08-operacao-elastica-e-observavel,openspec/changes/r2-08-operacao-elastica-e-observavel/specs/operacao-elastica-e-observavel/spec.md,R2-OPE-07,R2-OPE-07-S01,R2-OPE-07-S01 — Fluxo rastreável,NOT_RUN,
r2-08-operacao-elastica-e-observavel,openspec/changes/r2-08-operacao-elastica-e-observavel/specs/operacao-elastica-e-observavel/spec.md,R2-OPE-07,R2-OPE-07-S02,R2-OPE-07-S02 — Alerta exercitado,NOT_RUN,
r2-08-operacao-elastica-e-observavel,openspec/changes/r2-08-operacao-elastica-e-observavel/specs/operacao-elastica-e-observavel/spec.md,R2-OPE-07,R2-OPE-07-S03,R2-OPE-07-S03 — Backend de observabilidade fora,NOT_RUN,
r2-08-operacao-elastica-e-observavel,openspec/changes/r2-08-operacao-elastica-e-observavel/specs/operacao-elastica-e-observavel/spec.md,R2-OPE-08,R2-OPE-08-S01,R2-OPE-08-S01 — AWS real,NOT_RUN,
r2-08-operacao-elastica-e-observavel,openspec/changes/r2-08-operacao-elastica-e-observavel/specs/operacao-elastica-e-observavel/spec.md,R2-OPE-08,R2-OPE-08-S02,R2-OPE-08-S02 — IAM insuficiente,NOT_RUN,
r2-08-operacao-elastica-e-observavel,openspec/changes/r2-08-operacao-elastica-e-observavel/specs/operacao-elastica-e-observavel/spec.md,R2-OPE-08,R2-OPE-08-S03,R2-OPE-08-S03 — Atualização de dependência,NOT_RUN,
r2-08-operacao-elastica-e-observavel,openspec/changes/r2-08-operacao-elastica-e-observavel/specs/operacao-elastica-e-observavel/spec.md,R2-OPE-09,R2-OPE-09-S01,R2-OPE-09-S01 — Perfil de referência,NOT_RUN,
r2-08-operacao-elastica-e-observavel,openspec/changes/r2-08-operacao-elastica-e-observavel/specs/operacao-elastica-e-observavel/spec.md,R2-OPE-09,R2-OPE-09-S02,R2-OPE-09-S02 — Manutenção e ruído,NOT_RUN,
r2-08-operacao-elastica-e-observavel,openspec/changes/r2-08-operacao-elastica-e-observavel/specs/operacao-elastica-e-observavel/spec.md,R2-OPE-09,R2-OPE-09-S03,R2-OPE-09-S03 — Uso crítico,NOT_RUN,
r2-09-qualificacao-e-rastreabilidade,openspec/changes/r2-09-qualificacao-e-rastreabilidade/specs/qualificacao-integrada-r2/spec.md,R2-QUA-01,R2-QUA-01-S01,R2-QUA-01-S01 — Novo requisito implementado,NOT_RUN,
r2-09-qualificacao-e-rastreabilidade,openspec/changes/r2-09-qualificacao-e-rastreabilidade/specs/qualificacao-integrada-r2/spec.md,R2-QUA-01,R2-QUA-01-S02,R2-QUA-01-S02 — Evidência incompatível,NOT_RUN,
r2-09-qualificacao-e-rastreabilidade,openspec/changes/r2-09-qualificacao-e-rastreabilidade/specs/qualificacao-integrada-r2/spec.md,R2-QUA-01,R2-QUA-01-S03,R2-QUA-01-S03 — Decisão ainda pendente,NOT_RUN,
r2-09-qualificacao-e-rastreabilidade,openspec/changes/r2-09-qualificacao-e-rastreabilidade/specs/qualificacao-integrada-r2/spec.md,R2-QUA-02,R2-QUA-02-S01,R2-QUA-02-S01 — Ambiente limpo,NOT_RUN,
r2-09-qualificacao-e-rastreabilidade,openspec/changes/r2-09-qualificacao-e-rastreabilidade/specs/qualificacao-integrada-r2/spec.md,R2-QUA-02,R2-QUA-02-S02,R2-QUA-02-S02 — Regressão do eco,NOT_RUN,
r2-09-qualificacao-e-rastreabilidade,openspec/changes/r2-09-qualificacao-e-rastreabilidade/specs/qualificacao-integrada-r2/spec.md,R2-QUA-02,R2-QUA-02-S03,R2-QUA-02-S03 — Regressão financeira,NOT_RUN,
r2-09-qualificacao-e-rastreabilidade,openspec/changes/r2-09-qualificacao-e-rastreabilidade/specs/qualificacao-integrada-r2/spec.md,R2-QUA-03,R2-QUA-03-S01,R2-QUA-03-S01 — PR de backend,NOT_RUN,
r2-09-qualificacao-e-rastreabilidade,openspec/changes/r2-09-qualificacao-e-rastreabilidade/specs/qualificacao-integrada-r2/spec.md,R2-QUA-03,R2-QUA-03-S02,R2-QUA-03-S02 — UI sem backend,NOT_RUN,
r2-09-qualificacao-e-rastreabilidade,openspec/changes/r2-09-qualificacao-e-rastreabilidade/specs/qualificacao-integrada-r2/spec.md,R2-QUA-03,R2-QUA-03-S03,R2-QUA-03-S03 — P0 reaberto,NOT_RUN,
r2-09-qualificacao-e-rastreabilidade,openspec/changes/r2-09-qualificacao-e-rastreabilidade/specs/qualificacao-integrada-r2/spec.md,R2-QUA-04,R2-QUA-04-S01,R2-QUA-04-S01 — Importação deste pacote,NOT_RUN,
r2-09-qualificacao-e-rastreabilidade,openspec/changes/r2-09-qualificacao-e-rastreabilidade/specs/qualificacao-integrada-r2/spec.md,R2-QUA-04,R2-QUA-04-S02,R2-QUA-04-S02 — Mudança R2 concluída,NOT_RUN,
r2-09-qualificacao-e-rastreabilidade,openspec/changes/r2-09-qualificacao-e-rastreabilidade/specs/qualificacao-integrada-r2/spec.md,R2-QUA-04,R2-QUA-04-S03,R2-QUA-04-S03 — Regressão posterior,NOT_RUN,
r3-01-custodia-e-integracao-externa,openspec/changes/r3-01-custodia-e-integracao-externa/specs/01-custodia-e-integracao-externa/spec.md,R3-EXE-01,R3-EXE-01-S01,R3-EXE-01-S01 — conta REST homologada com API Key,NOT_RUN,
r3-01-custodia-e-integracao-externa,openspec/changes/r3-01-custodia-e-integracao-externa/specs/01-custodia-e-integracao-externa/spec.md,R3-EXE-01,R3-EXE-01-S02,R3-EXE-01-S02 — adapter ausente ou autenticação incompleta,NOT_RUN,
r3-01-custodia-e-integracao-externa,openspec/changes/r3-01-custodia-e-integracao-externa/specs/01-custodia-e-integracao-externa/spec.md,R3-EXE-01,R3-EXE-01-S03,R3-EXE-01-S03 — dois tenants com bindings específicos,NOT_RUN,
r3-01-custodia-e-integracao-externa,openspec/changes/r3-01-custodia-e-integracao-externa/specs/01-custodia-e-integracao-externa/spec.md,R3-EXE-02,R3-EXE-02-S01,R3-EXE-02-S01 — callback válido de operação conhecida,NOT_RUN,
r3-01-custodia-e-integracao-externa,openspec/changes/r3-01-custodia-e-integracao-externa/specs/01-custodia-e-integracao-externa/spec.md,R3-EXE-02,R3-EXE-02-S02,R3-EXE-02-S02 — banco indisponível ou assinatura inválida,NOT_RUN,
r3-01-custodia-e-integracao-externa,openspec/changes/r3-01-custodia-e-integracao-externa/specs/01-custodia-e-integracao-externa/spec.md,R3-EXE-02,R3-EXE-02-S03,R3-EXE-02-S03 — callback anterior à correlação e outro após final,NOT_RUN,
r3-01-custodia-e-integracao-externa,openspec/changes/r3-01-custodia-e-integracao-externa/specs/01-custodia-e-integracao-externa/spec.md,R3-EXE-03,R3-EXE-03-S01,R3-EXE-03-S01 — queda após intenção antes do HTTP,NOT_RUN,
r3-01-custodia-e-integracao-externa,openspec/changes/r3-01-custodia-e-integracao-externa/specs/01-custodia-e-integracao-externa/spec.md,R3-EXE-03,R3-EXE-03-S02,R3-EXE-03-S02 — provedor executou e a resposta se perdeu,NOT_RUN,
r3-01-custodia-e-integracao-externa,openspec/changes/r3-01-custodia-e-integracao-externa/specs/01-custodia-e-integracao-externa/spec.md,R3-EXE-03,R3-EXE-03-S03,R3-EXE-03-S03 — owner antigo ou replay com aplicação/hash distintos,NOT_RUN,
r3-01-custodia-e-integracao-externa,openspec/changes/r3-01-custodia-e-integracao-externa/specs/01-custodia-e-integracao-externa/spec.md,R3-EXE-04,R3-EXE-04-S01,R3-EXE-04-S01 — provedor saudável demora com polling e callback ativos,NOT_RUN,
r3-01-custodia-e-integracao-externa,openspec/changes/r3-01-custodia-e-integracao-externa/specs/01-custodia-e-integracao-externa/spec.md,R3-EXE-04,R3-EXE-04-S02,R3-EXE-04-S02 — primeira falha em t1 com TTL 30 segundos,NOT_RUN,
r3-01-custodia-e-integracao-externa,openspec/changes/r3-01-custodia-e-integracao-externa/specs/01-custodia-e-integracao-externa/spec.md,R3-EXE-04,R3-EXE-04-S03,R3-EXE-04-S03 — pausa entre decisão e commit atravessa SLA,NOT_RUN,
r3-01-custodia-e-integracao-externa,openspec/changes/r3-01-custodia-e-integracao-externa/specs/01-custodia-e-integracao-externa/spec.md,R3-EXE-05,R3-EXE-05-S01,R3-EXE-05-S01 — primeira inicialização sem assinatura financeira,NOT_RUN,
r3-01-custodia-e-integracao-externa,openspec/changes/r3-01-custodia-e-integracao-externa/specs/01-custodia-e-integracao-externa/spec.md,R3-EXE-05,R3-EXE-05-S02,R3-EXE-05-S02 — envelope inválido ou versão desconhecida,NOT_RUN,
r3-01-custodia-e-integracao-externa,openspec/changes/r3-01-custodia-e-integracao-externa/specs/01-custodia-e-integracao-externa/spec.md,R3-EXE-05,R3-EXE-05-S03,R3-EXE-05-S03 — broker cai e retorna,NOT_RUN,
r3-02-portfolio-e-contratos-efetivos,openspec/changes/r3-02-portfolio-e-contratos-efetivos/specs/02-portfolio-e-contratos-efetivos/spec.md,R3-CAT-01,R3-CAT-01-S01,R3-CAT-01-S01 — inteiro 9007199254740993 e decimal exato,NOT_RUN,
r3-02-portfolio-e-contratos-efetivos,openspec/changes/r3-02-portfolio-e-contratos-efetivos/specs/02-portfolio-e-contratos-efetivos/spec.md,R3-CAT-01,R3-CAT-01-S02,"R3-CAT-01-S02 — enum, nested schema ou additionalProperties violados",NOT_RUN,
r3-02-portfolio-e-contratos-efetivos,openspec/changes/r3-02-portfolio-e-contratos-efetivos/specs/02-portfolio-e-contratos-efetivos/spec.md,R3-CAT-01,R3-CAT-01-S03,R3-CAT-01-S03 — payload abusivo A e cliente B saudável,NOT_RUN,
r3-02-portfolio-e-contratos-efetivos,openspec/changes/r3-02-portfolio-e-contratos-efetivos/specs/02-portfolio-e-contratos-efetivos/spec.md,R3-CAT-02,R3-CAT-02-S01,R3-CAT-02-S01 — mesmo serviço com dois perfis e SLAs,NOT_RUN,
r3-02-portfolio-e-contratos-efetivos,openspec/changes/r3-02-portfolio-e-contratos-efetivos/specs/02-portfolio-e-contratos-efetivos/spec.md,R3-CAT-02,R3-CAT-02-S02,R3-CAT-02-S02 — versão não ofertada ou override inválido,NOT_RUN,
r3-02-portfolio-e-contratos-efetivos,openspec/changes/r3-02-portfolio-e-contratos-efetivos/specs/02-portfolio-e-contratos-efetivos/spec.md,R3-CAT-02,R3-CAT-02-S03,R3-CAT-02-S03 — nova publicação durante execução,NOT_RUN,
r3-02-portfolio-e-contratos-efetivos,openspec/changes/r3-02-portfolio-e-contratos-efetivos/specs/02-portfolio-e-contratos-efetivos/spec.md,R3-CAT-03,R3-CAT-03-S01,R3-CAT-03-S01 — A/B independentes e C depende de ambos,NOT_RUN,
r3-02-portfolio-e-contratos-efetivos,openspec/changes/r3-02-portfolio-e-contratos-efetivos/specs/02-portfolio-e-contratos-efetivos/spec.md,R3-CAT-03,R3-CAT-03-S02,R3-CAT-03-S02 — ciclo ou contrato incompatível entre etapas,NOT_RUN,
r3-02-portfolio-e-contratos-efetivos,openspec/changes/r3-02-portfolio-e-contratos-efetivos/specs/02-portfolio-e-contratos-efetivos/spec.md,R3-CAT-03,R3-CAT-03-S03,R3-CAT-03-S03 — queda após A e falha B,NOT_RUN,
r3-02-portfolio-e-contratos-efetivos,openspec/changes/r3-02-portfolio-e-contratos-efetivos/specs/02-portfolio-e-contratos-efetivos/spec.md,R3-CAT-04,R3-CAT-04-S01,R3-CAT-04-S01 — tenant com 150 ofertas,NOT_RUN,
r3-02-portfolio-e-contratos-efetivos,openspec/changes/r3-02-portfolio-e-contratos-efetivos/specs/02-portfolio-e-contratos-efetivos/spec.md,R3-CAT-04,R3-CAT-04-S02,R3-CAT-04-S02 — Atlas e Redis indisponíveis com projeção válida,NOT_RUN,
r3-02-portfolio-e-contratos-efetivos,openspec/changes/r3-02-portfolio-e-contratos-efetivos/specs/02-portfolio-e-contratos-efetivos/spec.md,R3-CAT-04,R3-CAT-04-S03,R3-CAT-04-S03 — snapshot vencido ou revogado,NOT_RUN,
r3-03-capacidade-credenciais-e-latencia,openspec/changes/r3-03-capacidade-credenciais-e-latencia/specs/03-capacidade-credenciais-e-latencia/spec.md,R3-INT-01,R3-INT-01-S01,R3-INT-01-S01 — provedor aumenta capacidade sob demanda,NOT_RUN,
r3-03-capacidade-credenciais-e-latencia,openspec/changes/r3-03-capacidade-credenciais-e-latencia/specs/03-capacidade-credenciais-e-latencia/spec.md,R3-INT-01,R3-INT-01-S02,R3-INT-01-S02 — provedor retorna 429/timeouts,NOT_RUN,
r3-03-capacidade-credenciais-e-latencia,openspec/changes/r3-03-capacidade-credenciais-e-latencia/specs/03-capacidade-credenciais-e-latencia/spec.md,R3-INT-01,R3-INT-01-S03,R3-INT-01-S03 — vários pods e tenants na conta compartilhada,NOT_RUN,
r3-03-capacidade-credenciais-e-latencia,openspec/changes/r3-03-capacidade-credenciais-e-latencia/specs/03-capacidade-credenciais-e-latencia/spec.md,R3-INT-02,R3-INT-02-S01,R3-INT-02-S01 — L1 válido e Redis/cofre temporariamente fora,NOT_RUN,
r3-03-capacidade-credenciais-e-latencia,openspec/changes/r3-03-capacidade-credenciais-e-latencia/specs/03-capacidade-credenciais-e-latencia/spec.md,R3-INT-02,R3-INT-02-S02,R3-INT-02-S02 — token expirado/revogado e cofre indisponível,NOT_RUN,
r3-03-capacidade-credenciais-e-latencia,openspec/changes/r3-03-capacidade-credenciais-e-latencia/specs/03-capacidade-credenciais-e-latencia/spec.md,R3-INT-02,R3-INT-02-S03,R3-INT-02-S03 — OAuth da conta A lento e B saudável,NOT_RUN,
r3-03-capacidade-credenciais-e-latencia,openspec/changes/r3-03-capacidade-credenciais-e-latencia/specs/03-capacidade-credenciais-e-latencia/spec.md,R3-INT-03,R3-INT-03-S01,R3-INT-03-S01 — milhares de chamadas à origem,NOT_RUN,
r3-03-capacidade-credenciais-e-latencia,openspec/changes/r3-03-capacidade-credenciais-e-latencia/specs/03-capacidade-credenciais-e-latencia/spec.md,R3-INT-03,R3-INT-03-S02,R3-INT-03-S02 — certificado mTLS muda de versão,NOT_RUN,
r3-03-capacidade-credenciais-e-latencia,openspec/changes/r3-03-capacidade-credenciais-e-latencia/specs/03-capacidade-credenciais-e-latencia/spec.md,R3-INT-03,R3-INT-03-S03,R3-INT-03-S03 — provedor A lento e B saudável,NOT_RUN,
r3-04-console-e-autorizacao,openspec/changes/r3-04-console-e-autorizacao/specs/04-console-e-autorizacao/spec.md,R3-ADM-01,R3-ADM-01-S01,R3-ADM-01-S01 — operador nominal global com MFA,NOT_RUN,
r3-04-console-e-autorizacao,openspec/changes/r3-04-console-e-autorizacao/specs/04-console-e-autorizacao/spec.md,R3-ADM-01,R3-ADM-01-S02,R3-ADM-01-S02 — token consumidor aplicação A,NOT_RUN,
r3-04-console-e-autorizacao,openspec/changes/r3-04-console-e-autorizacao/specs/04-console-e-autorizacao/spec.md,R3-ADM-01,R3-ADM-01-S03,R3-ADM-01-S03 — papel revogado durante paginação,NOT_RUN,
r3-04-console-e-autorizacao,openspec/changes/r3-04-console-e-autorizacao/specs/04-console-e-autorizacao/spec.md,R3-ADM-02,R3-ADM-02-S01,R3-ADM-02-S01 — duas entregas do mesmo protocolo,NOT_RUN,
r3-04-console-e-autorizacao,openspec/changes/r3-04-console-e-autorizacao/specs/04-console-e-autorizacao/spec.md,R3-ADM-02,R3-ADM-02-S02,R3-ADM-02-S02 — API retorna 401/403/409/503 ou JSON inválido,NOT_RUN,
r3-04-console-e-autorizacao,openspec/changes/r3-04-console-e-autorizacao/specs/04-console-e-autorizacao/spec.md,R3-ADM-02,R3-ADM-02-S03,R3-ADM-02-S03 — operador reconcilia e consulta SLA,NOT_RUN,
r3-04-console-e-autorizacao,openspec/changes/r3-04-console-e-autorizacao/specs/04-console-e-autorizacao/spec.md,R3-ADM-03,R3-ADM-03-S01,R3-ADM-03-S01 — operador autorizado seleciona tenant B,NOT_RUN,
r3-04-console-e-autorizacao,openspec/changes/r3-04-console-e-autorizacao/specs/04-console-e-autorizacao/spec.md,R3-ADM-03,R3-ADM-03-S02,R3-ADM-03-S02 — resposta se perde após commit,NOT_RUN,
r3-04-console-e-autorizacao,openspec/changes/r3-04-console-e-autorizacao/specs/04-console-e-autorizacao/spec.md,R3-ADM-03,R3-ADM-03-S03,R3-ADM-03-S03 — autor tenta autoaprovação ou altera tenant,NOT_RUN,
r3-04-console-e-autorizacao,openspec/changes/r3-04-console-e-autorizacao/specs/04-console-e-autorizacao/spec.md,R3-ADM-04,R3-ADM-04-S01,R3-ADM-04-S01 — oferta SYNC+ASYNC+AUTO e contas OAuth/API Key/mTLS,NOT_RUN,
r3-04-console-e-autorizacao,openspec/changes/r3-04-console-e-autorizacao/specs/04-console-e-autorizacao/spec.md,R3-ADM-04,R3-ADM-04-S02,R3-ADM-04-S02 — UTC aberto em America/Sao_Paulo e referência além da centena,NOT_RUN,
r3-04-console-e-autorizacao,openspec/changes/r3-04-console-e-autorizacao/specs/04-console-e-autorizacao/spec.md,R3-ADM-04,R3-ADM-04-S03,R3-ADM-04-S03 — JSON inválido em 200 ou erro de campo,NOT_RUN,
r3-05-financeiro-e-entregas,openspec/changes/r3-05-financeiro-e-entregas/specs/05-financeiro-e-entregas/spec.md,R3-FIN-01,R3-FIN-01-S01,R3-FIN-01-S01 — tarifa efetiva 2 e reserva inicial 1,NOT_RUN,
r3-05-financeiro-e-entregas,openspec/changes/r3-05-financeiro-e-entregas/specs/05-financeiro-e-entregas/spec.md,R3-FIN-01,R3-FIN-01-S02,R3-FIN-01-S02 — franquia DENY esgotada e admissões concorrentes,NOT_RUN,
r3-05-financeiro-e-entregas,openspec/changes/r3-05-financeiro-e-entregas/specs/05-financeiro-e-entregas/spec.md,R3-FIN-01,R3-FIN-01-S03,R3-FIN-01-S03 — UNKNOWN seguido de prova de execução/ausência,NOT_RUN,
r3-05-financeiro-e-entregas,openspec/changes/r3-05-financeiro-e-entregas/specs/05-financeiro-e-entregas/spec.md,R3-FIN-02,R3-FIN-02-S01,R3-FIN-02-S01 — contrato cobra cada STATUS e receita só no sucesso,NOT_RUN,
r3-05-financeiro-e-entregas,openspec/changes/r3-05-financeiro-e-entregas/specs/05-financeiro-e-entregas/spec.md,R3-FIN-02,R3-FIN-02-S02,R3-FIN-02-S02 — fato faltante ou disputa aberta,NOT_RUN,
r3-05-financeiro-e-entregas,openspec/changes/r3-05-financeiro-e-entregas/specs/05-financeiro-e-entregas/spec.md,R3-FIN-02,R3-FIN-02-S03,R3-FIN-02-S03 — duplicata ou fato após período fechado,NOT_RUN,
r3-05-financeiro-e-entregas,openspec/changes/r3-05-financeiro-e-entregas/specs/05-financeiro-e-entregas/spec.md,R3-FIN-03,R3-FIN-03-S01,R3-FIN-03-S01 — destino v1 no aceite e v2 antes do final,NOT_RUN,
r3-05-financeiro-e-entregas,openspec/changes/r3-05-financeiro-e-entregas/specs/05-financeiro-e-entregas/spec.md,R3-FIN-03,R3-FIN-03-S02,R3-FIN-03-S02 — aplicações A/B do mesmo tenant com destinos diferentes,NOT_RUN,
r3-05-financeiro-e-entregas,openspec/changes/r3-05-financeiro-e-entregas/specs/05-financeiro-e-entregas/spec.md,R3-FIN-03,R3-FIN-03-S03,R3-FIN-03-S03 — queda após envio e redelivery manual,NOT_RUN,
r3-06-dados-plataforma-e-continuidade,openspec/changes/r3-06-dados-plataforma-e-continuidade/specs/06-dados-plataforma-e-continuidade/spec.md,R3-OPE-01,R3-OPE-01-S01,R3-OPE-01-S01 — entrada/saída volumosas,NOT_RUN,
r3-06-dados-plataforma-e-continuidade,openspec/changes/r3-06-dados-plataforma-e-continuidade/specs/06-dados-plataforma-e-continuidade/spec.md,R3-OPE-01,R3-OPE-01-S02,R3-OPE-01-S02 — falha entre upload e final ou limpeza concorrente,NOT_RUN,
r3-06-dados-plataforma-e-continuidade,openspec/changes/r3-06-dados-plataforma-e-continuidade/specs/06-dados-plataforma-e-continuidade/spec.md,R3-OPE-01,R3-OPE-01-S03,R3-OPE-01-S03 — outro tenant usa FileRef ou retenção vence com disputa,NOT_RUN,
r3-06-dados-plataforma-e-continuidade,openspec/changes/r3-06-dados-plataforma-e-continuidade/specs/06-dados-plataforma-e-continuidade/spec.md,R3-OPE-02,R3-OPE-02-S01,R3-OPE-02-S01 — máquina limpa com pré-requisitos,NOT_RUN,
r3-06-dados-plataforma-e-continuidade,openspec/changes/r3-06-dados-plataforma-e-continuidade/specs/06-dados-plataforma-e-continuidade/spec.md,R3-OPE-02,R3-OPE-02-S02,R3-OPE-02-S02 — recriação de containers/nós,NOT_RUN,
r3-06-dados-plataforma-e-continuidade,openspec/changes/r3-06-dados-plataforma-e-continuidade/specs/06-dados-plataforma-e-continuidade/spec.md,R3-OPE-02,R3-OPE-02-S03,R3-OPE-02-S03 — overlays dev/hom/ppd/prd,NOT_RUN,
r3-06-dados-plataforma-e-continuidade,openspec/changes/r3-06-dados-plataforma-e-continuidade/specs/06-dados-plataforma-e-continuidade/spec.md,R3-OPE-03,R3-OPE-03-S01,R3-OPE-03-S01 — crescimento dentro do envelope,NOT_RUN,
r3-06-dados-plataforma-e-continuidade,openspec/changes/r3-06-dados-plataforma-e-continuidade/specs/06-dados-plataforma-e-continuidade/spec.md,R3-OPE-03,R3-OPE-03-S02,R3-OPE-03-S02 — rollout ou perda de zona,NOT_RUN,
r3-06-dados-plataforma-e-continuidade,openspec/changes/r3-06-dados-plataforma-e-continuidade/specs/06-dados-plataforma-e-continuidade/spec.md,R3-OPE-03,R3-OPE-03-S03,R3-OPE-03-S03 — quota esgotada ou autoridade indisponível,NOT_RUN,
r3-06-dados-plataforma-e-continuidade,openspec/changes/r3-06-dados-plataforma-e-continuidade/specs/06-dados-plataforma-e-continuidade/spec.md,R3-OPE-04,R3-OPE-04-S01,R3-OPE-04-S01 — papel runtime sem ownership e pool reutilizado,NOT_RUN,
r3-06-dados-plataforma-e-continuidade,openspec/changes/r3-06-dados-plataforma-e-continuidade/specs/06-dados-plataforma-e-continuidade/spec.md,R3-OPE-04,R3-OPE-04-S02,R3-OPE-04-S02 — Redis fora e manutenção de réplica PostgreSQL,NOT_RUN,
r3-06-dados-plataforma-e-continuidade,openspec/changes/r3-06-dados-plataforma-e-continuidade/specs/06-dados-plataforma-e-continuidade/spec.md,R3-OPE-04,R3-OPE-04-S03,R3-OPE-04-S03 — restore anterior a efeitos já realizados,NOT_RUN,
r3-06-dados-plataforma-e-continuidade,openspec/changes/r3-06-dados-plataforma-e-continuidade/specs/06-dados-plataforma-e-continuidade/spec.md,R3-OPE-05,R3-OPE-05-S01,R3-OPE-05-S01 — um resultado tempestivo e outro tardio,NOT_RUN,
r3-06-dados-plataforma-e-continuidade,openspec/changes/r3-06-dados-plataforma-e-continuidade/specs/06-dados-plataforma-e-continuidade/spec.md,R3-OPE-05,R3-OPE-05-S02,R3-OPE-05-S02 — obrigação parada e provedor degradado,NOT_RUN,
r3-06-dados-plataforma-e-continuidade,openspec/changes/r3-06-dados-plataforma-e-continuidade/specs/06-dados-plataforma-e-continuidade/spec.md,R3-OPE-05,R3-OPE-05-S03,R3-OPE-05-S03 — payload secreto e muitos protocolos,NOT_RUN,
r3-07-qualificacao-integral,openspec/changes/r3-07-qualificacao-integral/specs/07-qualificacao-integral/spec.md,R3-QUA-01,R3-QUA-01-S01,R3-QUA-01-S01 — checkout limpo e imagens do SHA,NOT_RUN,
r3-07-qualificacao-integral,openspec/changes/r3-07-qualificacao-integral/specs/07-qualificacao-integral/spec.md,R3-QUA-01,R3-QUA-01-S02,R3-QUA-01-S02 — dependência de fixture ausente,NOT_RUN,
r3-07-qualificacao-integral,openspec/changes/r3-07-qualificacao-integral/specs/07-qualificacao-integral/spec.md,R3-QUA-01,R3-QUA-01-S03,R3-QUA-01-S03 — um achado corrigido e baseline pendente,NOT_RUN,
r4-01-callbacks-autenticados-e-recuperaveis,openspec/changes/r4-01-callbacks-autenticados-e-recuperaveis/specs/r4-01-callbacks-autenticados-e-recuperaveis/spec.md,R4-CBK-01,R4-CBK-01-S01,R4-CBK-01-S01 — provedor homologado com credencial própria e callback conhecido,NOT_RUN,
r4-01-callbacks-autenticados-e-recuperaveis,openspec/changes/r4-01-callbacks-autenticados-e-recuperaveis/specs/r4-01-callbacks-autenticados-e-recuperaveis/spec.md,R4-CBK-01,R4-CBK-01-S02,R4-CBK-01-S02 — token ausente/inválido ou identidade de outra conta,NOT_RUN,
r4-01-callbacks-autenticados-e-recuperaveis,openspec/changes/r4-01-callbacks-autenticados-e-recuperaveis/specs/r4-01-callbacks-autenticados-e-recuperaveis/spec.md,R4-CBK-01,R4-CBK-01-S03,R4-CBK-01-S03 — rotação de segredo e observação repetida,NOT_RUN,
r4-01-callbacks-autenticados-e-recuperaveis,openspec/changes/r4-01-callbacks-autenticados-e-recuperaveis/specs/r4-01-callbacks-autenticados-e-recuperaveis/spec.md,R4-CBK-02,R4-CBK-02-S01,R4-CBK-02-S01 — callback autenticado anterior à correlação,NOT_RUN,
r4-01-callbacks-autenticados-e-recuperaveis,openspec/changes/r4-01-callbacks-autenticados-e-recuperaveis/specs/r4-01-callbacks-autenticados-e-recuperaveis/spec.md,R4-CBK-02,R4-CBK-02-S02,R4-CBK-02-S02 — tentativa de token incorreto seguida de correto para mesmo ID/body,NOT_RUN,
r4-01-callbacks-autenticados-e-recuperaveis,openspec/changes/r4-01-callbacks-autenticados-e-recuperaveis/specs/r4-01-callbacks-autenticados-e-recuperaveis/spec.md,R4-CBK-02,R4-CBK-02-S03,R4-CBK-02-S03 — origem excede quota ou tenta outro tenant,NOT_RUN,
r4-01-callbacks-autenticados-e-recuperaveis,openspec/changes/r4-01-callbacks-autenticados-e-recuperaveis/specs/r4-01-callbacks-autenticados-e-recuperaveis/spec.md,R4-CBK-03,R4-CBK-03-S01,R4-CBK-03-S01 — órfão admitido e correlação criada sem novo callback,NOT_RUN,
r4-01-callbacks-autenticados-e-recuperaveis,openspec/changes/r4-01-callbacks-autenticados-e-recuperaveis/specs/r4-01-callbacks-autenticados-e-recuperaveis/spec.md,R4-CBK-03,R4-CBK-03-S02,R4-CBK-03-S02 — item defeituoso antecede recibo válido de outro tenant,NOT_RUN,
r4-01-callbacks-autenticados-e-recuperaveis,openspec/changes/r4-01-callbacks-autenticados-e-recuperaveis/specs/r4-01-callbacks-autenticados-e-recuperaveis/spec.md,R4-CBK-03,R4-CBK-03-S03,R4-CBK-03-S03 — dois workers e pool SQL pequeno com perda de lease,NOT_RUN,
r4-01-callbacks-autenticados-e-recuperaveis,openspec/changes/r4-01-callbacks-autenticados-e-recuperaveis/specs/r4-01-callbacks-autenticados-e-recuperaveis/spec.md,R4-CBK-04,R4-CBK-04-S01,"R4-CBK-04-S01 — mesmo resultado recebido por SYNC, poll e callback",NOT_RUN,
r4-01-callbacks-autenticados-e-recuperaveis,openspec/changes/r4-01-callbacks-autenticados-e-recuperaveis/specs/r4-01-callbacks-autenticados-e-recuperaveis/spec.md,R4-CBK-04,R4-CBK-04-S02,R4-CBK-04-S02 — callback com ID de provedor divergente ou schema inválido,NOT_RUN,
r4-01-callbacks-autenticados-e-recuperaveis,openspec/changes/r4-01-callbacks-autenticados-e-recuperaveis/specs/r4-01-callbacks-autenticados-e-recuperaveis/spec.md,R4-CBK-04,R4-CBK-04-S03,R4-CBK-04-S03 — resultado válido depois do final do cliente,NOT_RUN,
r4-02-contratos-json-estritos,openspec/changes/r4-02-contratos-json-estritos/specs/r4-02-contratos-json-estritos/spec.md,R4-CTR-01,R4-CTR-01-S01,R4-CTR-01-S01 — objeto com inteiro 9007199254740993 e string legítima,NOT_RUN,
r4-02-contratos-json-estritos,openspec/changes/r4-02-contratos-json-estritos/specs/r4-02-contratos-json-estritos/spec.md,R4-CTR-01,R4-CTR-01-S02,"R4-CTR-01-S02 — null para string ou ""123"" para integer",NOT_RUN,
r4-02-contratos-json-estritos,openspec/changes/r4-02-contratos-json-estritos/specs/r4-02-contratos-json-estritos/spec.md,R4-CTR-01,R4-CTR-01-S03,R4-CTR-01-S03 — segundo documento ou lixo após objeto válido,NOT_RUN,
r4-02-contratos-json-estritos,openspec/changes/r4-02-contratos-json-estritos/specs/r4-02-contratos-json-estritos/spec.md,R4-CTR-02,R4-CTR-02-S01,R4-CTR-02-S01 — minimum/maximum/enum suportados ou explicitamente não suportados,NOT_RUN,
r4-02-contratos-json-estritos,openspec/changes/r4-02-contratos-json-estritos/specs/r4-02-contratos-json-estritos/spec.md,R4-CTR-02,R4-CTR-02-S02,"R4-CTR-02-S02 — valores 1, 1.0 e 1e0 no dialeto JSON Schema escolhido",NOT_RUN,
r4-02-contratos-json-estritos,openspec/changes/r4-02-contratos-json-estritos/specs/r4-02-contratos-json-estritos/spec.md,R4-CTR-02,R4-CTR-02-S03,R4-CTR-02-S03 — keyword desconhecida aninhada ou schema excessivamente profundo,NOT_RUN,
r4-03-upgrade-cache-e-crescimento,openspec/changes/r4-03-upgrade-cache-e-crescimento/specs/r4-03-upgrade-cache-e-crescimento/spec.md,R4-OPE-01,R4-OPE-01-S01,R4-OPE-01-S01 — token válido e versão ainda autorizada em L1 com cofre fora,NOT_RUN,
r4-03-upgrade-cache-e-crescimento,openspec/changes/r4-03-upgrade-cache-e-crescimento/specs/r4-03-upgrade-cache-e-crescimento/spec.md,R4-OPE-01,R4-OPE-01-S02,R4-OPE-01-S02 — token vencido/revogado ou binding distinto,NOT_RUN,
r4-03-upgrade-cache-e-crescimento,openspec/changes/r4-03-upgrade-cache-e-crescimento/specs/r4-03-upgrade-cache-e-crescimento/spec.md,R4-OPE-01,R4-OPE-01-S03,R4-OPE-01-S03 — muitas rotações e chamadas canceladas aguardando refresh,NOT_RUN,
r4-03-upgrade-cache-e-crescimento,openspec/changes/r4-03-upgrade-cache-e-crescimento/specs/r4-03-upgrade-cache-e-crescimento/spec.md,R4-OPE-02,R4-OPE-02-S01,R4-OPE-02-S01 — banco R2 com checksum histórico e dados,NOT_RUN,
r4-03-upgrade-cache-e-crescimento,openspec/changes/r4-03-upgrade-cache-e-crescimento/specs/r4-03-upgrade-cache-e-crescimento/spec.md,R4-OPE-02,R4-OPE-02-S02,R4-OPE-02-S02 — banco limpo e banco criado com variante R3 conhecida,NOT_RUN,
r4-03-upgrade-cache-e-crescimento,openspec/changes/r4-03-upgrade-cache-e-crescimento/specs/r4-03-upgrade-cache-e-crescimento/spec.md,R4-OPE-02,R4-OPE-02-S03,R4-OPE-02-S03 — checksum desconhecido/adulterado,NOT_RUN,
r4-03-upgrade-cache-e-crescimento,openspec/changes/r4-03-upgrade-cache-e-crescimento/specs/r4-03-upgrade-cache-e-crescimento/spec.md,R4-OPE-03,R4-OPE-03-S01,R4-OPE-03-S01 — milhares de ofertas não relacionadas e uma elegível,NOT_RUN,
r4-03-upgrade-cache-e-crescimento,openspec/changes/r4-03-upgrade-cache-e-crescimento/specs/r4-03-upgrade-cache-e-crescimento/spec.md,R4-OPE-03,R4-OPE-03-S02,R4-OPE-03-S02 — duas ofertas realmente elegíveis e vigentes,NOT_RUN,
r4-03-upgrade-cache-e-crescimento,openspec/changes/r4-03-upgrade-cache-e-crescimento/specs/r4-03-upgrade-cache-e-crescimento/spec.md,R4-OPE-03,R4-OPE-03-S03,R4-OPE-03-S03 — Atlas fora com projeção válida versus projeção vencida,NOT_RUN,
r4-04-conclusao-integrada-da-baseline,openspec/changes/r4-04-conclusao-integrada-da-baseline/specs/r4-04-conclusao-integrada-da-baseline/spec.md,R4-QUA-01,R4-QUA-01-S01,R4-QUA-01-S01 — specs atuais e pacote R4,NOT_RUN,
r4-04-conclusao-integrada-da-baseline,openspec/changes/r4-04-conclusao-integrada-da-baseline/specs/r4-04-conclusao-integrada-da-baseline/spec.md,R4-QUA-01,R4-QUA-01-S02,R4-QUA-01-S02 — código muda após teste ou relatório contradiz checkpoint,NOT_RUN,
r4-04-conclusao-integrada-da-baseline,openspec/changes/r4-04-conclusao-integrada-da-baseline/specs/r4-04-conclusao-integrada-da-baseline/spec.md,R4-QUA-01,R4-QUA-01-S03,R4-QUA-01-S03 — correção pontual com requisito integral pendente,NOT_RUN,
r4-04-conclusao-integrada-da-baseline,openspec/changes/r4-04-conclusao-integrada-da-baseline/specs/r4-04-conclusao-integrada-da-baseline/spec.md,R4-QUA-02,R4-QUA-02-S01,R4-QUA-02-S01 — operador faz catálogo→execução→consulta→entrega→financeiro,NOT_RUN,
r4-04-conclusao-integrada-da-baseline,openspec/changes/r4-04-conclusao-integrada-da-baseline/specs/r4-04-conclusao-integrada-da-baseline/spec.md,R4-QUA-02,R4-QUA-02-S02,"R4-QUA-02-S02 — duas entregas do mesmo protocolo, erro financeiro e token consumidor",NOT_RUN,
r4-04-conclusao-integrada-da-baseline,openspec/changes/r4-04-conclusao-integrada-da-baseline/specs/r4-04-conclusao-integrada-da-baseline/spec.md,R4-QUA-02,R4-QUA-02-S03,R4-QUA-02-S03 — helper ou menu implementado sem conexão real,NOT_RUN,
r4-04-conclusao-integrada-da-baseline,openspec/changes/r4-04-conclusao-integrada-da-baseline/specs/r4-04-conclusao-integrada-da-baseline/spec.md,R4-QUA-03,R4-QUA-03-S01,R4-QUA-03-S01 — ambiente com ecossistema Hub existente,NOT_RUN,
r4-04-conclusao-integrada-da-baseline,openspec/changes/r4-04-conclusao-integrada-da-baseline/specs/r4-04-conclusao-integrada-da-baseline/spec.md,R4-QUA-03,R4-QUA-03-S02,R4-QUA-03-S02 — dependência integrada ausente ou teste t.Skip,NOT_RUN,
r4-04-conclusao-integrada-da-baseline,openspec/changes/r4-04-conclusao-integrada-da-baseline/specs/r4-04-conclusao-integrada-da-baseline/spec.md,R4-QUA-03,R4-QUA-03-S03,R4-QUA-03-S03 — Compose e kind preparados com imagens do conteúdo atual,NOT_RUN,
r5-01-fronteiras-de-autorizacao,openspec/changes/r5-01-fronteiras-de-autorizacao/specs/r5-01-fronteiras-de-autorizacao/spec.md,R5-SEG-01,R5-SEG-01-S01,R5-SEG-01-S01 — operação desconhecida e assinatura falsa não vazia,NOT_RUN,
r5-01-fronteiras-de-autorizacao,openspec/changes/r5-01-fronteiras-de-autorizacao/specs/r5-01-fronteiras-de-autorizacao/spec.md,R5-SEG-01,R5-SEG-01-S02,R5-SEG-01-S02 — callback autêntico precede correlação e há rotação da chave,NOT_RUN,
r5-01-fronteiras-de-autorizacao,openspec/changes/r5-01-fronteiras-de-autorizacao/specs/r5-01-fronteiras-de-autorizacao/spec.md,R5-SEG-01,R5-SEG-01-S03,R5-SEG-01-S03 — conta agressora envia órfãos e repete evento com timestamp novo,NOT_RUN,
r5-01-fronteiras-de-autorizacao,openspec/changes/r5-01-fronteiras-de-autorizacao/specs/r5-01-fronteiras-de-autorizacao/spec.md,R5-SEG-02,R5-SEG-02-S01,R5-SEG-02-S01 — oferta em cache e Atlas retorna 403 ou 409,NOT_RUN,
r5-01-fronteiras-de-autorizacao,openspec/changes/r5-01-fronteiras-de-autorizacao/specs/r5-01-fronteiras-de-autorizacao/spec.md,R5-SEG-02,R5-SEG-02-S02,R5-SEG-02-S02 — projeção elegível e Atlas temporariamente indisponível,NOT_RUN,
r5-01-fronteiras-de-autorizacao,openspec/changes/r5-01-fronteiras-de-autorizacao/specs/r5-01-fronteiras-de-autorizacao/spec.md,R5-SEG-02,R5-SEG-02-S03,R5-SEG-02-S03 — oferta suspensa e cache em múltiplas réplicas,NOT_RUN,
r5-01-fronteiras-de-autorizacao,openspec/changes/r5-01-fronteiras-de-autorizacao/specs/r5-01-fronteiras-de-autorizacao/spec.md,R5-SEG-03,R5-SEG-03-S01,R5-SEG-03-S01 — dados A/B existentes e credencial runtime real,NOT_RUN,
r5-01-fronteiras-de-autorizacao,openspec/changes/r5-01-fronteiras-de-autorizacao/specs/r5-01-fronteiras-de-autorizacao/spec.md,R5-SEG-03,R5-SEG-03-S02,R5-SEG-03-S02 — pool reutilizado e worker executando tenant alternado,NOT_RUN,
r5-01-fronteiras-de-autorizacao,openspec/changes/r5-01-fronteiras-de-autorizacao/specs/r5-01-fronteiras-de-autorizacao/spec.md,R5-SEG-03,R5-SEG-03-S03,R5-SEG-03-S03 — operador com leitura local e operador global autorizado,NOT_RUN,
r5-02-produtos-e-prazos-duraveis,openspec/changes/r5-02-produtos-e-prazos-duraveis/specs/r5-02-produtos-e-prazos-duraveis/spec.md,R5-EXE-01,R5-EXE-01-S01,R5-EXE-01-S01 — retry_until vencido e upstream voltou,NOT_RUN,
r5-02-produtos-e-prazos-duraveis,openspec/changes/r5-02-produtos-e-prazos-duraveis/specs/r5-02-produtos-e-prazos-duraveis/spec.md,R5-EXE-01,R5-EXE-01-S02,R5-EXE-01-S02 — polling saudável demora além do SLA e callback chega depois,NOT_RUN,
r5-02-produtos-e-prazos-duraveis,openspec/changes/r5-02-produtos-e-prazos-duraveis/specs/r5-02-produtos-e-prazos-duraveis/spec.md,R5-EXE-01,R5-EXE-01-S03,"R5-EXE-01-S03 — pausa após claim, lease expirada e comando legado sem novo campo",NOT_RUN,
r5-02-produtos-e-prazos-duraveis,openspec/changes/r5-02-produtos-e-prazos-duraveis/specs/r5-02-produtos-e-prazos-duraveis/spec.md,R5-EXE-02,R5-EXE-02-S01,R5-EXE-02-S01 — max_parallel=1 e dois publishers simultâneos,NOT_RUN,
r5-02-produtos-e-prazos-duraveis,openspec/changes/r5-02-produtos-e-prazos-duraveis/specs/r5-02-produtos-e-prazos-duraveis/spec.md,R5-EXE-02,R5-EXE-02-S02,R5-EXE-02-S02 — crash após marcar RUNNING e antes de publicar,NOT_RUN,
r5-02-produtos-e-prazos-duraveis,openspec/changes/r5-02-produtos-e-prazos-duraveis/specs/r5-02-produtos-e-prazos-duraveis/spec.md,R5-EXE-02,R5-EXE-02-S03,R5-EXE-02-S03 — cancelamento ou final antes de novo I/O,NOT_RUN,
r5-02-produtos-e-prazos-duraveis,openspec/changes/r5-02-produtos-e-prazos-duraveis/specs/r5-02-produtos-e-prazos-duraveis/spec.md,R5-EXE-03,R5-EXE-03-S01,R5-EXE-03-S01 — produto com serviços de dois provedores e bindings diferentes,NOT_RUN,
r5-02-produtos-e-prazos-duraveis,openspec/changes/r5-02-produtos-e-prazos-duraveis/specs/r5-02-produtos-e-prazos-duraveis/spec.md,R5-EXE-03,R5-EXE-03-S02,R5-EXE-03-S02 — catálogo/rota mudam depois do aceite,NOT_RUN,
r5-02-produtos-e-prazos-duraveis,openspec/changes/r5-02-produtos-e-prazos-duraveis/specs/r5-02-produtos-e-prazos-duraveis/spec.md,R5-EXE-03,R5-EXE-03-S03,R5-EXE-03-S03 — serviço ou contrato da etapa não é elegível,NOT_RUN,
r5-02-produtos-e-prazos-duraveis,openspec/changes/r5-02-produtos-e-prazos-duraveis/specs/r5-02-produtos-e-prazos-duraveis/spec.md,R5-EXE-04,R5-EXE-04-S01,R5-EXE-04-S01 — A precede B e etapa posterior falha,NOT_RUN,
r5-02-produtos-e-prazos-duraveis,openspec/changes/r5-02-produtos-e-prazos-duraveis/specs/r5-02-produtos-e-prazos-duraveis/spec.md,R5-EXE-04,R5-EXE-04-S02,R5-EXE-04-S02 — cliente expira com compensação pendente,NOT_RUN,
r5-02-produtos-e-prazos-duraveis,openspec/changes/r5-02-produtos-e-prazos-duraveis/specs/r5-02-produtos-e-prazos-duraveis/spec.md,R5-EXE-04,R5-EXE-04-S03,R5-EXE-04-S03 — compensação falha após possível efeito,NOT_RUN,
r5-02-produtos-e-prazos-duraveis,openspec/changes/r5-02-produtos-e-prazos-duraveis/specs/r5-02-produtos-e-prazos-duraveis/spec.md,R5-EXE-05,R5-EXE-05-S01,R5-EXE-05-S01 — ambiente limpo e consumidor financeiro inicia por último,NOT_RUN,
r5-02-produtos-e-prazos-duraveis,openspec/changes/r5-02-produtos-e-prazos-duraveis/specs/r5-02-produtos-e-prazos-duraveis/spec.md,R5-EXE-05,R5-EXE-05-S02,R5-EXE-05-S02 — assinatura removida ou policy incorreta durante execução,NOT_RUN,
r5-02-produtos-e-prazos-duraveis,openspec/changes/r5-02-produtos-e-prazos-duraveis/specs/r5-02-produtos-e-prazos-duraveis/spec.md,R5-EXE-05,R5-EXE-05-S03,R5-EXE-05-S03 — broker recupera e processos reiniciam fora de ordem,NOT_RUN,
r5-03-integridade-e-reconciliacao,openspec/changes/r5-03-integridade-e-reconciliacao/specs/r5-03-integridade-e-reconciliacao/spec.md,R5-DAD-01,R5-DAD-01-S01,R5-DAD-01-S01 — resultado contém inteiro 9007199254740993 e decimal exato,NOT_RUN,
r5-03-integridade-e-reconciliacao,openspec/changes/r5-03-integridade-e-reconciliacao/specs/r5-03-integridade-e-reconciliacao/spec.md,R5-DAD-01,R5-DAD-01-S02,R5-DAD-01-S02 — ID financeiro maior que inteiro seguro JS,NOT_RUN,
r5-03-integridade-e-reconciliacao,openspec/changes/r5-03-integridade-e-reconciliacao/specs/r5-03-integridade-e-reconciliacao/spec.md,R5-DAD-01,R5-DAD-01-S03,R5-DAD-01-S03 — campos não numéricos e schema rejeitado,NOT_RUN,
r5-03-integridade-e-reconciliacao,openspec/changes/r5-03-integridade-e-reconciliacao/specs/r5-03-integridade-e-reconciliacao/spec.md,R5-DAD-02,R5-DAD-02-S01,"R5-DAD-02-S01 — backup contém produto em trânsito, UNKNOWN, reserva e versões de arquivo",NOT_RUN,
r5-03-integridade-e-reconciliacao,openspec/changes/r5-03-integridade-e-reconciliacao/specs/r5-03-integridade-e-reconciliacao/spec.md,R5-DAD-02,R5-DAD-02-S02,R5-DAD-02-S02 — faltam versão de objeto ou etapa do plano,NOT_RUN,
r5-03-integridade-e-reconciliacao,openspec/changes/r5-03-integridade-e-reconciliacao/specs/r5-03-integridade-e-reconciliacao/spec.md,R5-DAD-02,R5-DAD-02-S03,R5-DAD-02-S03 — falha regional ou restauração de ponto anterior ao efeito externo,NOT_RUN,
r5-03-integridade-e-reconciliacao,openspec/changes/r5-03-integridade-e-reconciliacao/specs/r5-03-integridade-e-reconciliacao/spec.md,R5-DAD-03,R5-DAD-03-S01,R5-DAD-03-S01 — reserva 100 e consumo final 30,NOT_RUN,
r5-03-integridade-e-reconciliacao,openspec/changes/r5-03-integridade-e-reconciliacao/specs/r5-03-integridade-e-reconciliacao/spec.md,R5-DAD-03,R5-DAD-03-S02,R5-DAD-03-S02 — produtor/outbox atrasado e operador pede fechamento,NOT_RUN,
r5-03-integridade-e-reconciliacao,openspec/changes/r5-03-integridade-e-reconciliacao/specs/r5-03-integridade-e-reconciliacao/spec.md,R5-DAD-03,R5-DAD-03-S03,R5-DAD-03-S03 — fato tardio após exportação fechada,NOT_RUN,
r5-03-integridade-e-reconciliacao,openspec/changes/r5-03-integridade-e-reconciliacao/specs/r5-03-integridade-e-reconciliacao/spec.md,R5-DAD-04,R5-DAD-04-S01,R5-DAD-04-S01 — evento financeiro inválido com bytes originais,NOT_RUN,
r5-03-integridade-e-reconciliacao,openspec/changes/r5-03-integridade-e-reconciliacao/specs/r5-03-integridade-e-reconciliacao/spec.md,R5-DAD-04,R5-DAD-04-S02,R5-DAD-04-S02 — falha da persistência de quarentena,NOT_RUN,
r5-03-integridade-e-reconciliacao,openspec/changes/r5-03-integridade-e-reconciliacao/specs/r5-03-integridade-e-reconciliacao/spec.md,R5-DAD-04,R5-DAD-04-S03,R5-DAD-04-S03 — contrato corrigido e operador autorizado pede replay,NOT_RUN,
r5-04-capacidade-e-promocao-verificaveis,openspec/changes/r5-04-capacidade-e-promocao-verificaveis/specs/r5-04-capacidade-e-promocao-verificaveis/spec.md,R5-OPE-01,R5-OPE-01-S01,R5-OPE-01-S01 — rota ativa sem política ou controller,NOT_RUN,
r5-04-capacidade-e-promocao-verificaveis,openspec/changes/r5-04-capacidade-e-promocao-verificaveis/specs/r5-04-capacidade-e-promocao-verificaveis/spec.md,R5-OPE-01,R5-OPE-01-S02,R5-OPE-01-S02 — queda após efeito ou durante settlement de permit,NOT_RUN,
r5-04-capacidade-e-promocao-verificaveis,openspec/changes/r5-04-capacidade-e-promocao-verificaveis/specs/r5-04-capacidade-e-promocao-verificaveis/spec.md,R5-OPE-01,R5-OPE-01-S03,"R5-OPE-01-S03 — histórico grande, tenant agressor e provedor que escala",NOT_RUN,
r5-04-capacidade-e-promocao-verificaveis,openspec/changes/r5-04-capacidade-e-promocao-verificaveis/specs/r5-04-capacidade-e-promocao-verificaveis/spec.md,R5-OPE-02,R5-OPE-02-S01,R5-OPE-02-S01 — prd sem manifesto e variáveis textuais PASS,NOT_RUN,
r5-04-capacidade-e-promocao-verificaveis,openspec/changes/r5-04-capacidade-e-promocao-verificaveis/specs/r5-04-capacidade-e-promocao-verificaveis/spec.md,R5-OPE-02,R5-OPE-02-S02,R5-OPE-02-S02 — manifesto válido pertence a outro SHA ou digest,NOT_RUN,
r5-04-capacidade-e-promocao-verificaveis,openspec/changes/r5-04-capacidade-e-promocao-verificaveis/specs/r5-04-capacidade-e-promocao-verificaveis/spec.md,R5-OPE-02,R5-OPE-02-S03,R5-OPE-02-S03 — artefato qualificado e aprovações autênticas do ambiente,NOT_RUN,
r5-04-capacidade-e-promocao-verificaveis,openspec/changes/r5-04-capacidade-e-promocao-verificaveis/specs/r5-04-capacidade-e-promocao-verificaveis/spec.md,R5-OPE-03,R5-OPE-03-S01,R5-OPE-03-S01 — novo cliente e carga dentro do envelope aprovado,NOT_RUN,
r5-04-capacidade-e-promocao-verificaveis,openspec/changes/r5-04-capacidade-e-promocao-verificaveis/specs/r5-04-capacidade-e-promocao-verificaveis/spec.md,R5-OPE-03,R5-OPE-03-S02,R5-OPE-03-S02 — perda de nó/zona com tráfego e obrigações em trânsito,NOT_RUN,
r5-04-capacidade-e-promocao-verificaveis,openspec/changes/r5-04-capacidade-e-promocao-verificaveis/specs/r5-04-capacidade-e-promocao-verificaveis/spec.md,R5-OPE-03,R5-OPE-03-S03,R5-OPE-03-S03 — credencial/fixture local em configuração prd,NOT_RUN,
r5-05-console-escalavel-e-contratual,openspec/changes/r5-05-console-escalavel-e-contratual/specs/r5-05-console-escalavel-e-contratual/spec.md,R5-UX-01,R5-UX-01-S01,R5-UX-01-S01 — catálogo possui mais de 1000 itens e referência fora da primeira página,NOT_RUN,
r5-05-console-escalavel-e-contratual,openspec/changes/r5-05-console-escalavel-e-contratual/specs/r5-05-console-escalavel-e-contratual/spec.md,R5-UX-01,R5-UX-01-S02,R5-UX-01-S02 — comando persiste e duas respostas se perdem; usuário recarrega,NOT_RUN,
r5-05-console-escalavel-e-contratual,openspec/changes/r5-05-console-escalavel-e-contratual/specs/r5-05-console-escalavel-e-contratual/spec.md,R5-UX-01,R5-UX-01-S03,R5-UX-01-S03 — API responde objeto de formato errado ou usuário sem escopo,NOT_RUN,
r5-06-baseline-e-evidencia-integral,openspec/changes/r5-06-baseline-e-evidencia-integral/specs/r5-06-baseline-e-evidencia-integral/spec.md,R5-QUA-01,R5-QUA-01-S01,R5-QUA-01-S01 — baseline remota 201/732 e quatro obrigações R4 ausentes,NOT_RUN,
r5-06-baseline-e-evidencia-integral,openspec/changes/r5-06-baseline-e-evidencia-integral/specs/r5-06-baseline-e-evidencia-integral/spec.md,R5-QUA-01,R5-QUA-01-S02,R5-QUA-01-S02 — cenário ou código muda após execução,NOT_RUN,
r5-06-baseline-e-evidencia-integral,openspec/changes/r5-06-baseline-e-evidencia-integral/specs/r5-06-baseline-e-evidencia-integral/spec.md,R5-QUA-01,R5-QUA-01-S03,"R5-QUA-01-S03 — log histórico, smoke exploratório e teste integrado atual",NOT_RUN,
r6-01-isolamento-e-custodia,openspec/changes/r6-01-isolamento-e-custodia/specs/r6-01-isolamento-e-custodia/spec.md,R6-SEG-01,R6-SEG-01-S01,R6-SEG-01-S01 — fixtures A e B confirmadas e role runtime,PASS,"hub/deploy/r2/tests/rls-runtime-proof.sh (real, commitado); hub/internal/platform/pg/pg_test.go TestWithTenantTxAndAuditedScopeEnforceRLSAgainstRealPostgres; suite completa 177/177 sob hub_runtime"
r6-01-isolamento-e-custodia,openspec/changes/r6-01-isolamento-e-custodia/specs/r6-01-isolamento-e-custodia/spec.md,R6-SEG-01,R6-SEG-01-S02,R6-SEG-01-S02 — pool de uma conexão e A/B alternados,PARTIAL,Mecanismo LOCAL-a-transacao provado (nunca preso a conexao do pool) em pg_test.go; falta teste de carga explicito alternando tenants na mesma conexao do pool sob concorrencia real
r6-01-isolamento-e-custodia,openspec/changes/r6-01-isolamento-e-custodia/specs/r6-01-isolamento-e-custodia/spec.md,R6-SEG-01,R6-SEG-01-S03,R6-SEG-01-S03 — worker de múltiplos tenants e administrador nominal,PASS,hub/internal/platform/pg/pg_test.go TestWithWorkerCellTxScopesToOneCellNotAnyTenant; admin.go (orbita/cometa) usa WithAuditedScopeTx com motivo obrigatorio; suite completa 177/177 sob hub_runtime
r6-01-isolamento-e-custodia,openspec/changes/r6-01-isolamento-e-custodia/specs/r6-01-isolamento-e-custodia/spec.md,R6-SEG-02,R6-SEG-02-S01,R6-SEG-02-S01 — callback legítimo aceito antes da correlação,NOT_RUN,
r6-01-isolamento-e-custodia,openspec/changes/r6-01-isolamento-e-custodia/specs/r6-01-isolamento-e-custodia/spec.md,R6-SEG-02,R6-SEG-02-S02,R6-SEG-02-S02 — três falhas transitórias no apply de callback aceito,NOT_RUN,
r6-01-isolamento-e-custodia,openspec/changes/r6-01-isolamento-e-custodia/specs/r6-01-isolamento-e-custodia/spec.md,R6-SEG-02,R6-SEG-02-S03,R6-SEG-02-S03 — muitos órfãos de uma conta e conta saudável,NOT_RUN,
r6-02-execucao-coerente-de-produtos,openspec/changes/r6-02-execucao-coerente-de-produtos/specs/r6-02-execucao-coerente-de-produtos/spec.md,R6-EXE-01,R6-EXE-01-S01,R6-EXE-01-S01 — produto com serviços de A e B e credenciais distintas,NOT_RUN,
r6-02-execucao-coerente-de-produtos,openspec/changes/r6-02-execucao-coerente-de-produtos/specs/r6-02-execucao-coerente-de-produtos/spec.md,R6-EXE-01,R6-EXE-01-S02,R6-EXE-01-S02 — referência da conta B ausente ou inelegível,NOT_RUN,
r6-02-execucao-coerente-de-produtos,openspec/changes/r6-02-execucao-coerente-de-produtos/specs/r6-02-execucao-coerente-de-produtos/spec.md,R6-EXE-01,R6-EXE-01-S03,R6-EXE-01-S03 — produto aceito e catálogo alterado,NOT_RUN,
r6-02-execucao-coerente-de-produtos,openspec/changes/r6-02-execucao-coerente-de-produtos/specs/r6-02-execucao-coerente-de-produtos/spec.md,R6-EXE-02,R6-EXE-02-S01,R6-EXE-02-S01 — DIRECT READY com retry_until vencido e SLA cliente futuro,NOT_RUN,
r6-02-execucao-coerente-de-produtos,openspec/changes/r6-02-execucao-coerente-de-produtos/specs/r6-02-execucao-coerente-de-produtos/spec.md,R6-EXE-02,R6-EXE-02-S02,R6-EXE-02-S02 — DIRECT perdeu resposta depois de efeito externo,NOT_RUN,
r6-02-execucao-coerente-de-produtos,openspec/changes/r6-02-execucao-coerente-de-produtos/specs/r6-02-execucao-coerente-de-produtos/spec.md,R6-EXE-02,R6-EXE-02-S03,"R6-EXE-02-S03 — QUEUED, DIRECT e polling saudável sob relógio controlado",NOT_RUN,
r6-02-execucao-coerente-de-produtos,openspec/changes/r6-02-execucao-coerente-de-produtos/specs/r6-02-execucao-coerente-de-produtos/spec.md,R6-EXE-03,R6-EXE-03-S01,"R6-EXE-03-S01 — A→B concluídos e C falha, cliente expira",NOT_RUN,
r6-02-execucao-coerente-de-produtos,openspec/changes/r6-02-execucao-coerente-de-produtos/specs/r6-02-execucao-coerente-de-produtos/spec.md,R6-EXE-03,R6-EXE-03-S02,R6-EXE-03-S02 — cancelamento após efeito conhecido,NOT_RUN,
r6-02-execucao-coerente-de-produtos,openspec/changes/r6-02-execucao-coerente-de-produtos/specs/r6-02-execucao-coerente-de-produtos/spec.md,R6-EXE-03,R6-EXE-03-S03,R6-EXE-03-S03 — compensação apresenta UNKNOWN ou falha definitiva,NOT_RUN,
r6-02-execucao-coerente-de-produtos,openspec/changes/r6-02-execucao-coerente-de-produtos/specs/r6-02-execucao-coerente-de-produtos/spec.md,R6-EXE-04,R6-EXE-04-S01,R6-EXE-04-S01 — intent de produto falha quando retry expira,NOT_RUN,
r6-02-execucao-coerente-de-produtos,openspec/changes/r6-02-execucao-coerente-de-produtos/specs/r6-02-execucao-coerente-de-produtos/spec.md,R6-EXE-04,R6-EXE-04-S02,R6-EXE-04-S02 — dois publishers e um fato final concorrentes,NOT_RUN,
r6-02-execucao-coerente-de-produtos,openspec/changes/r6-02-execucao-coerente-de-produtos/specs/r6-02-execucao-coerente-de-produtos/spec.md,R6-EXE-04,R6-EXE-04-S03,R6-EXE-04-S03 — lease RUNNING expira após crash pré-publicação,NOT_RUN,
r6-03-reconciliacao-financeira,openspec/changes/r6-03-reconciliacao-financeira/specs/r6-03-reconciliacao-financeira/spec.md,R6-FIN-01,R6-FIN-01-S01,R6-FIN-01-S01 — quarentena cujo payload continua inválido,NOT_RUN,
r6-03-reconciliacao-financeira,openspec/changes/r6-03-reconciliacao-financeira/specs/r6-03-reconciliacao-financeira/spec.md,R6-FIN-01,R6-FIN-01-S02,R6-FIN-01-S02 — fato tardio após período fechado,NOT_RUN,
r6-03-reconciliacao-financeira,openspec/changes/r6-03-reconciliacao-financeira/specs/r6-03-reconciliacao-financeira/spec.md,R6-FIN-01,R6-FIN-01-S03,R6-FIN-01-S03 — crash após aplicação e antes da confirmação do replay,NOT_RUN,
r6-03-reconciliacao-financeira,openspec/changes/r6-03-reconciliacao-financeira/specs/r6-03-reconciliacao-financeira/spec.md,R6-FIN-02,R6-FIN-02-S01,R6-FIN-02-S01 — fatos fora de ordem e um produtor atrasado,NOT_RUN,
r6-03-reconciliacao-financeira,openspec/changes/r6-03-reconciliacao-financeira/specs/r6-03-reconciliacao-financeira/spec.md,R6-FIN-02,R6-FIN-02-S02,"R6-FIN-02-S02 — reserva 10 e consumo efetivo 7, com duplicata",NOT_RUN,
r6-03-reconciliacao-financeira,openspec/changes/r6-03-reconciliacao-financeira/specs/r6-03-reconciliacao-financeira/spec.md,R6-FIN-02,R6-FIN-02-S03,R6-FIN-02-S03 — fato econômico chega depois de exportação,NOT_RUN,
r6-04-qualificacao-operacional,openspec/changes/r6-04-qualificacao-operacional/specs/r6-04-qualificacao-operacional/spec.md,R6-OPE-01,R6-OPE-01-S01,"R6-OPE-01-S01 — manifesto de um cenário, SHA falso e status prefixado PASS",NOT_RUN,
r6-04-qualificacao-operacional,openspec/changes/r6-04-qualificacao-operacional/specs/r6-04-qualificacao-operacional/spec.md,R6-OPE-01,R6-OPE-01-S02,R6-OPE-01-S02 — manifesto completo de execução autorizada e artefato idêntico,NOT_RUN,
r6-04-qualificacao-operacional,openspec/changes/r6-04-qualificacao-operacional/specs/r6-04-qualificacao-operacional/spec.md,R6-OPE-01,R6-OPE-01-S03,R6-OPE-01-S03 — manifesto contém skip obrigatório ou aprovação não autenticada,NOT_RUN,
r6-04-qualificacao-operacional,openspec/changes/r6-04-qualificacao-operacional/specs/r6-04-qualificacao-operacional/spec.md,R6-OPE-02,R6-OPE-02-S01,"R6-OPE-02-S01 — backup com etapas pendentes, UNKNOWN e duas versões referenciadas",NOT_RUN,
r6-04-qualificacao-operacional,openspec/changes/r6-04-qualificacao-operacional/specs/r6-04-qualificacao-operacional/spec.md,R6-OPE-02,R6-OPE-02-S02,R6-OPE-02-S02 — restore completo e fronteira de I/O cercada,NOT_RUN,
r6-04-qualificacao-operacional,openspec/changes/r6-04-qualificacao-operacional/specs/r6-04-qualificacao-operacional/spec.md,R6-OPE-02,R6-OPE-02-S03,R6-OPE-02-S03 — backup vazio ou versão de objeto ausente,NOT_RUN,
r6-04-qualificacao-operacional,openspec/changes/r6-04-qualificacao-operacional/specs/r6-04-qualificacao-operacional/spec.md,R6-OPE-03,R6-OPE-03-S01,R6-OPE-03-S01 — aumento de tenants dentro do envelope de capacidade,NOT_RUN,
r6-04-qualificacao-operacional,openspec/changes/r6-04-qualificacao-operacional/specs/r6-04-qualificacao-operacional/spec.md,R6-OPE-03,R6-OPE-03-S02,R6-OPE-03-S02 — rolling update e falha de pod/nó com obrigações aceitas,NOT_RUN,
r6-04-qualificacao-operacional,openspec/changes/r6-04-qualificacao-operacional/specs/r6-04-qualificacao-operacional/spec.md,R6-OPE-03,R6-OPE-03-S03,R6-OPE-03-S03 — assinatura obrigatória removida após bootstrap,NOT_RUN,
r6-04-qualificacao-operacional,openspec/changes/r6-04-qualificacao-operacional/specs/r6-04-qualificacao-operacional/spec.md,R6-OPE-04,R6-OPE-04-S01,R6-OPE-04-S01 — rota sem domínio de capacidade ou política vencida,NOT_RUN,
r6-04-qualificacao-operacional,openspec/changes/r6-04-qualificacao-operacional/specs/r6-04-qualificacao-operacional/spec.md,R6-OPE-04,R6-OPE-04-S02,R6-OPE-04-S02 — provedor reduz capacidade e depois escala,NOT_RUN,
r6-04-qualificacao-operacional,openspec/changes/r6-04-qualificacao-operacional/specs/r6-04-qualificacao-operacional/spec.md,R6-OPE-04,R6-OPE-04-S03,R6-OPE-04-S03 — settlement falha e lease vence,NOT_RUN,
r6-05-console-operavel,openspec/changes/r6-05-console-operavel/specs/r6-05-console-operavel/spec.md,R6-UX-01,R6-UX-01-S01,R6-UX-01-S01 — mais de 50 serviços/contas/bindings elegíveis,NOT_RUN,
r6-05-console-operavel,openspec/changes/r6-05-console-operavel/specs/r6-05-console-operavel/spec.md,R6-UX-01,R6-UX-01-S02,R6-UX-01-S02 — item já selecionado fora da primeira página,NOT_RUN,
r6-05-console-operavel,openspec/changes/r6-05-console-operavel/specs/r6-05-console-operavel/spec.md,R6-UX-01,R6-UX-01-S03,R6-UX-01-S03 — tenant muda com busca em voo,NOT_RUN,
r6-05-console-operavel,openspec/changes/r6-05-console-operavel/specs/r6-05-console-operavel/spec.md,R6-UX-02,R6-UX-02-S01,R6-UX-02-S01 — mapping editado para JSON inválido,NOT_RUN,
r6-05-console-operavel,openspec/changes/r6-05-console-operavel/specs/r6-05-console-operavel/spec.md,R6-UX-02,R6-UX-02-S02,R6-UX-02-S02 — servidor confirma mutação mas duas respostas se perdem,NOT_RUN,
r6-05-console-operavel,openspec/changes/r6-05-console-operavel/specs/r6-05-console-operavel/spec.md,R6-UX-02,R6-UX-02-S03,R6-UX-02-S03 — detalhe ou retorno de mutação fora do contrato,NOT_RUN,
r6-06-evidencia-consolidada,openspec/changes/r6-06-evidencia-consolidada/specs/r6-06-evidencia-consolidada/spec.md,R6-QUA-01,R6-QUA-01-S01,R6-QUA-01-S01 — specs vigentes e resultados parciais antigos,NOT_RUN,
r6-06-evidencia-consolidada,openspec/changes/r6-06-evidencia-consolidada/specs/r6-06-evidencia-consolidada/spec.md,R6-QUA-01,R6-QUA-01-S02,R6-QUA-01-S02 — teste altera subcasos e SHA muda,NOT_RUN,
r6-06-evidencia-consolidada,openspec/changes/r6-06-evidencia-consolidada/specs/r6-06-evidencia-consolidada/spec.md,R6-QUA-01,R6-QUA-01-S03,R6-QUA-01-S03 — dependência obrigatória indisponível,NOT_RUN,
