scenario_key,scenario_id,change,requirement_id,requirement_title,scenario_title,spec,line,source_digest
hub-interoperabilidade-v4:ARQ-01:S001,ARQ-01:S001,hub-interoperabilidade-v4,ARQ-01,Fronteiras,Portal não orquestra nem precifica,openspec/changes/hub-interoperabilidade-v4/specs/arquitetura-e-comunicacao/spec.md,8,363db7fd0613b909c75beaeb9eb7dfe1e3cb52c8f4ecbbbbb697241e381dde9b
hub-interoperabilidade-v4:ARQ-01:S002,ARQ-01:S002,hub-interoperabilidade-v4,ARQ-01,Fronteiras,Órbita delega execução externa a Cometa sem manter segredos,openspec/changes/hub-interoperabilidade-v4/specs/arquitetura-e-comunicacao/spec.md,13,363db7fd0613b909c75beaeb9eb7dfe1e3cb52c8f4ecbbbbb697241e381dde9b
hub-interoperabilidade-v4:ARQ-01:S003,ARQ-01:S003,hub-interoperabilidade-v4,ARQ-01,Fronteiras,Libra não infere consumo apenas de logs nem fatura todo evento técnico,openspec/changes/hub-interoperabilidade-v4/specs/arquitetura-e-comunicacao/spec.md,18,363db7fd0613b909c75beaeb9eb7dfe1e3cb52c8f4ecbbbbb697241e381dde9b
hub-interoperabilidade-v4:ARQ-01:S004,ARQ-01:S004,hub-interoperabilidade-v4,ARQ-01,Fronteiras,Isolamento de adaptador ou temporizador apenas por critério explícito,openspec/changes/hub-interoperabilidade-v4/specs/arquitetura-e-comunicacao/spec.md,23,363db7fd0613b909c75beaeb9eb7dfe1e3cb52c8f4ecbbbbb697241e381dde9b
hub-interoperabilidade-v4:ARQ-02:S001,ARQ-02:S001,hub-interoperabilidade-v4,ARQ-02,Topologia de referência,SYNC persiste o fato externo via resposta HTTPS sem depender da fila,openspec/changes/hub-interoperabilidade-v4/specs/arquitetura-e-comunicacao/spec.md,31,363db7fd0613b909c75beaeb9eb7dfe1e3cb52c8f4ecbbbbb697241e381dde9b
hub-interoperabilidade-v4:ARQ-02:S002,ARQ-02:S002,hub-interoperabilidade-v4,ARQ-02,Topologia de referência,ASYNC usa fila e mantém os mesmos invariantes com deduplicação de eventos posteriores,openspec/changes/hub-interoperabilidade-v4/specs/arquitetura-e-comunicacao/spec.md,36,363db7fd0613b909c75beaeb9eb7dfe1e3cb52c8f4ecbbbbb697241e381dde9b
hub-interoperabilidade-v4:ARQ-02:S003,ARQ-02:S003,hub-interoperabilidade-v4,ARQ-02,Topologia de referência,Cada domínio grava somente seu próprio estado no core compartilhado,openspec/changes/hub-interoperabilidade-v4/specs/arquitetura-e-comunicacao/spec.md,41,363db7fd0613b909c75beaeb9eb7dfe1e3cb52c8f4ecbbbbb697241e381dde9b
hub-interoperabilidade-v4:ARQ-02:S004,ARQ-02:S004,hub-interoperabilidade-v4,ARQ-02,Topologia de referência,Tráfego estabelecido não consulta Atlas/Crossplane a cada pedido,openspec/changes/hub-interoperabilidade-v4/specs/arquitetura-e-comunicacao/spec.md,46,363db7fd0613b909c75beaeb9eb7dfe1e3cb52c8f4ecbbbbb697241e381dde9b
hub-interoperabilidade-v4:ARQ-03:S001,ARQ-03:S001,hub-interoperabilidade-v4,ARQ-03,Escolha tecnológica,PostgreSQL é a escolha para o banco transacional por célula,openspec/changes/hub-interoperabilidade-v4/specs/arquitetura-e-comunicacao/spec.md,54,363db7fd0613b909c75beaeb9eb7dfe1e3cb52c8f4ecbbbbb697241e381dde9b
hub-interoperabilidade-v4:ARQ-03:S002,ARQ-03:S002,hub-interoperabilidade-v4,ARQ-03,Escolha tecnológica,SNS + SQS Standard é a escolha para o barramento sem presumir ordem,openspec/changes/hub-interoperabilidade-v4/specs/arquitetura-e-comunicacao/spec.md,59,363db7fd0613b909c75beaeb9eb7dfe1e3cb52c8f4ecbbbbb697241e381dde9b
hub-interoperabilidade-v4:ARQ-03:S003,ARQ-03:S003,hub-interoperabilidade-v4,ARQ-03,Escolha tecnológica,Cache funciona e cumpre o SLO qualificado sem Redis,openspec/changes/hub-interoperabilidade-v4/specs/arquitetura-e-comunicacao/spec.md,64,363db7fd0613b909c75beaeb9eb7dfe1e3cb52c8f4ecbbbbb697241e381dde9b
hub-interoperabilidade-v4:ARQ-03:S004,ARQ-03:S004,hub-interoperabilidade-v4,ARQ-03,Escolha tecnológica,Operar sem serviços AWS exige nova decisão de arquitetura,openspec/changes/hub-interoperabilidade-v4/specs/arquitetura-e-comunicacao/spec.md,69,363db7fd0613b909c75beaeb9eb7dfe1e3cb52c8f4ecbbbbb697241e381dde9b
hub-interoperabilidade-v4:ARQ-04:S001,ARQ-04:S001,hub-interoperabilidade-v4,ARQ-04,Linguagem e tecnologia por aplicação,"Atlas API usa Go pela uniformidade de toolchain, não pela velocidade de CRUD",openspec/changes/hub-interoperabilidade-v4/specs/arquitetura-e-comunicacao/spec.md,77,363db7fd0613b909c75beaeb9eb7dfe1e3cb52c8f4ecbbbbb697241e381dde9b
hub-interoperabilidade-v4:ARQ-04:S002,ARQ-04:S002,hub-interoperabilidade-v4,ARQ-04,Linguagem e tecnologia por aplicação,"Espera de rede suportada libera a thread, mas bloqueio evitável no caminho crítico é proibido",openspec/changes/hub-interoperabilidade-v4/specs/arquitetura-e-comunicacao/spec.md,82,363db7fd0613b909c75beaeb9eb7dfe1e3cb52c8f4ecbbbbb697241e381dde9b
hub-interoperabilidade-v4:ARQ-04:S003,ARQ-04:S003,hub-interoperabilidade-v4,ARQ-04,Linguagem e tecnologia por aplicação,Interface de Atlas em TypeScript/React não processa pedidos de clientes,openspec/changes/hub-interoperabilidade-v4/specs/arquitetura-e-comunicacao/spec.md,87,363db7fd0613b909c75beaeb9eb7dfe1e3cb52c8f4ecbbbbb697241e381dde9b
hub-interoperabilidade-v4:ARQ-04:S004,ARQ-04:S004,hub-interoperabilidade-v4,ARQ-04,Linguagem e tecnologia por aplicação,Comparação de desempenho entre Go e outras linguagens exige equivalência de condições,openspec/changes/hub-interoperabilidade-v4/specs/arquitetura-e-comunicacao/spec.md,92,363db7fd0613b909c75beaeb9eb7dfe1e3cb52c8f4ecbbbbb697241e381dde9b
hub-interoperabilidade-v4:ARQ-05:S001,ARQ-05:S001,hub-interoperabilidade-v4,ARQ-05,Razões das dependências e revisão de alternativas,PostgreSQL compartilhado entre células é separado por célula,openspec/changes/hub-interoperabilidade-v4/specs/arquitetura-e-comunicacao/spec.md,100,363db7fd0613b909c75beaeb9eb7dfe1e3cb52c8f4ecbbbbb697241e381dde9b
hub-interoperabilidade-v4:ARQ-05:S002,ARQ-05:S002,hub-interoperabilidade-v4,ARQ-05,Razões das dependências e revisão de alternativas,"Dependência de produção exige versão fixada, plano de atualização, licença e proprietário",openspec/changes/hub-interoperabilidade-v4/specs/arquitetura-e-comunicacao/spec.md,105,363db7fd0613b909c75beaeb9eb7dfe1e3cb52c8f4ecbbbbb697241e381dde9b
hub-interoperabilidade-v4:ARQ-05:S003,ARQ-05:S003,hub-interoperabilidade-v4,ARQ-05,Razões das dependências e revisão de alternativas,Mesh ou Envoy não são adotados automaticamente para o controle adaptativo do Cometa,openspec/changes/hub-interoperabilidade-v4/specs/arquitetura-e-comunicacao/spec.md,110,363db7fd0613b909c75beaeb9eb7dfe1e3cb52c8f4ecbbbbb697241e381dde9b
hub-interoperabilidade-v4:ARQ-05:S004,ARQ-05:S004,hub-interoperabilidade-v4,ARQ-05,Razões das dependências e revisão de alternativas,Traces do OpenTelemetry/Tempo não servem como fonte contábil ou única evidência de SLA,openspec/changes/hub-interoperabilidade-v4/specs/arquitetura-e-comunicacao/spec.md,115,363db7fd0613b909c75beaeb9eb7dfe1e3cb52c8f4ecbbbbb697241e381dde9b
hub-interoperabilidade-v4:ARQ-06:S001,ARQ-06:S001,hub-interoperabilidade-v4,ARQ-06,Tecnologias para expansão e continuidade,KEDA é o único proprietário do HPA de um Deployment de worker,openspec/changes/hub-interoperabilidade-v4/specs/arquitetura-e-comunicacao/spec.md,123,363db7fd0613b909c75beaeb9eb7dfe1e3cb52c8f4ecbbbbb697241e381dde9b
hub-interoperabilidade-v4:ARQ-06:S002,ARQ-06:S002,hub-interoperabilidade-v4,ARQ-06,Tecnologias para expansão e continuidade,Crossplane reconcilia recursos mas não decide quando expandir,openspec/changes/hub-interoperabilidade-v4/specs/arquitetura-e-comunicacao/spec.md,128,363db7fd0613b909c75beaeb9eb7dfe1e3cb52c8f4ecbbbbb697241e381dde9b
hub-interoperabilidade-v4:ARQ-06:S003,ARQ-06:S003,hub-interoperabilidade-v4,ARQ-06,Tecnologias para expansão e continuidade,Redução de pods ou nós não apaga dados protegidos,openspec/changes/hub-interoperabilidade-v4/specs/arquitetura-e-comunicacao/spec.md,133,363db7fd0613b909c75beaeb9eb7dfe1e3cb52c8f4ecbbbbb697241e381dde9b
hub-interoperabilidade-v4:ARQ-06:S004,ARQ-06:S004,hub-interoperabilidade-v4,ARQ-06,Tecnologias para expansão e continuidade,Perda do plano de gestão impede novas expansões mas não desliga células prontas,openspec/changes/hub-interoperabilidade-v4/specs/arquitetura-e-comunicacao/spec.md,138,363db7fd0613b909c75beaeb9eb7dfe1e3cb52c8f4ecbbbbb697241e381dde9b
hub-interoperabilidade-v4:COM-01:S001,COM-01:S001,hub-interoperabilidade-v4,COM-01,Comunicação interna definida,SYNC entre Órbita e Cometa dispensa broker no percurso obrigatório,openspec/changes/hub-interoperabilidade-v4/specs/arquitetura-e-comunicacao/spec.md,146,363db7fd0613b909c75beaeb9eb7dfe1e3cb52c8f4ecbbbbb697241e381dde9b
hub-interoperabilidade-v4:COM-01:S002,COM-01:S002,hub-interoperabilidade-v4,COM-01,Comunicação interna definida,Retorno HTTP interno perdido não autoriza nova operação,openspec/changes/hub-interoperabilidade-v4/specs/arquitetura-e-comunicacao/spec.md,151,363db7fd0613b909c75beaeb9eb7dfe1e3cb52c8f4ecbbbbb697241e381dde9b
hub-interoperabilidade-v4:COM-01:S003,COM-01:S003,hub-interoperabilidade-v4,COM-01,Comunicação interna definida,gRPC e request/reply sobre broker não são adotados como padrão do caminho SYNC,openspec/changes/hub-interoperabilidade-v4/specs/arquitetura-e-comunicacao/spec.md,156,363db7fd0613b909c75beaeb9eb7dfe1e3cb52c8f4ecbbbbb697241e381dde9b
hub-interoperabilidade-v4:COM-01:S004,COM-01:S004,hub-interoperabilidade-v4,COM-01,Comunicação interna definida,Pulsar consulta Órbita por HTTPS autenticado sem acesso direto ao banco,openspec/changes/hub-interoperabilidade-v4/specs/arquitetura-e-comunicacao/spec.md,161,363db7fd0613b909c75beaeb9eb7dfe1e3cb52c8f4ecbbbbb697241e381dde9b
hub-interoperabilidade-v4:COM-02:S001,COM-02:S001,hub-interoperabilidade-v4,COM-02,Integração de clientes e provedores,REST/JSON por HTTPS é disponibilizado mediante OpenAPI e schemas homologados,openspec/changes/hub-interoperabilidade-v4/specs/arquitetura-e-comunicacao/spec.md,169,363db7fd0613b909c75beaeb9eb7dfe1e3cb52c8f4ecbbbbb697241e381dde9b
hub-interoperabilidade-v4:COM-02:S002,COM-02:S002,hub-interoperabilidade-v4,COM-02,Integração de clientes e provedores,SFTP e gRPC/Protobuf não são aceitos automaticamente na v4,openspec/changes/hub-interoperabilidade-v4/specs/arquitetura-e-comunicacao/spec.md,174,363db7fd0613b909c75beaeb9eb7dfe1e3cb52c8f4ecbbbbb697241e381dde9b
hub-interoperabilidade-v4:COM-02:S003,COM-02:S003,hub-interoperabilidade-v4,COM-02,Integração de clientes e provedores,Conexão direta do cliente ao banco é recusada independentemente do catálogo,openspec/changes/hub-interoperabilidade-v4/specs/arquitetura-e-comunicacao/spec.md,179,363db7fd0613b909c75beaeb9eb7dfe1e3cb52c8f4ecbbbbb697241e381dde9b
hub-interoperabilidade-v4:COM-02:S004,COM-02:S004,hub-interoperabilidade-v4,COM-02,Integração de clientes e provedores,Integração via broker externo do parceiro exige ADR explícito,openspec/changes/hub-interoperabilidade-v4/specs/arquitetura-e-comunicacao/spec.md,184,363db7fd0613b909c75beaeb9eb7dfe1e3cb52c8f4ecbbbbb697241e381dde9b
hub-interoperabilidade-v4:COM-03:S001,COM-03:S001,hub-interoperabilidade-v4,COM-03,Mensagens e idempotência,Publicação usa outbox na mesma transação do estado local,openspec/changes/hub-interoperabilidade-v4/specs/arquitetura-e-comunicacao/spec.md,192,363db7fd0613b909c75beaeb9eb7dfe1e3cb52c8f4ecbbbbb697241e381dde9b
hub-interoperabilidade-v4:COM-03:S002,COM-03:S002,hub-interoperabilidade-v4,COM-03,Mensagens e idempotência,Ack ao broker ocorre somente após o commit do inbox,openspec/changes/hub-interoperabilidade-v4/specs/arquitetura-e-comunicacao/spec.md,197,363db7fd0613b909c75beaeb9eb7dfe1e3cb52c8f4ecbbbbb697241e381dde9b
hub-interoperabilidade-v4:COM-03:S003,COM-03:S003,hub-interoperabilidade-v4,COM-03,Mensagens e idempotência,Chave semântica reconhece fatos econômicos equivalentes com event_ids distintos,openspec/changes/hub-interoperabilidade-v4/specs/arquitetura-e-comunicacao/spec.md,202,363db7fd0613b909c75beaeb9eb7dfe1e3cb52c8f4ecbbbbb697241e381dde9b
hub-interoperabilidade-v4:COM-03:S004,COM-03:S004,hub-interoperabilidade-v4,COM-03,Mensagens e idempotência,Evento antigo não regride estado e gera pendência de reconciliação,openspec/changes/hub-interoperabilidade-v4/specs/arquitetura-e-comunicacao/spec.md,207,363db7fd0613b909c75beaeb9eb7dfe1e3cb52c8f4ecbbbbb697241e381dde9b
hub-interoperabilidade-v4:COM-04:S001,COM-04:S001,hub-interoperabilidade-v4,COM-04,Evolução de contratos,Mudança aditiva sem alteração de significado mantém compatibilidade,openspec/changes/hub-interoperabilidade-v4/specs/arquitetura-e-comunicacao/spec.md,215,363db7fd0613b909c75beaeb9eb7dfe1e3cb52c8f4ecbbbbb697241e381dde9b
hub-interoperabilidade-v4:COM-04:S002,COM-04:S002,hub-interoperabilidade-v4,COM-04,Evolução de contratos,Remoção de campo ou mudança de unidade exige nova versão,openspec/changes/hub-interoperabilidade-v4/specs/arquitetura-e-comunicacao/spec.md,220,363db7fd0613b909c75beaeb9eb7dfe1e3cb52c8f4ecbbbbb697241e381dde9b
hub-interoperabilidade-v4:COM-04:S003,COM-04:S003,hub-interoperabilidade-v4,COM-04,Evolução de contratos,Consumidor desconhecendo a versão obrigatória coloca a mensagem em quarentena,openspec/changes/hub-interoperabilidade-v4/specs/arquitetura-e-comunicacao/spec.md,225,363db7fd0613b909c75beaeb9eb7dfe1e3cb52c8f4ecbbbbb697241e381dde9b
hub-interoperabilidade-v4:COM-04:S004,COM-04:S004,hub-interoperabilidade-v4,COM-04,Evolução de contratos,Campo crítico ausente rejeita a mensagem,openspec/changes/hub-interoperabilidade-v4/specs/arquitetura-e-comunicacao/spec.md,230,363db7fd0613b909c75beaeb9eb7dfe1e3cb52c8f4ecbbbbb697241e381dde9b
hub-interoperabilidade-v4:COM-05:S001,COM-05:S001,hub-interoperabilidade-v4,COM-05,Mesmo contrato em GET e webhook,"GET e webhook entregam o mesmo corpo final, diferindo apenas em cabeçalhos de transporte",openspec/changes/hub-interoperabilidade-v4/specs/arquitetura-e-comunicacao/spec.md,238,363db7fd0613b909c75beaeb9eb7dfe1e3cb52c8f4ecbbbbb697241e381dde9b
hub-interoperabilidade-v4:COM-05:S002,COM-05:S002,hub-interoperabilidade-v4,COM-05,Mesmo contrato em GET e webhook,GET pendente retorna 200 com a variante pendente sem ser evento final,openspec/changes/hub-interoperabilidade-v4/specs/arquitetura-e-comunicacao/spec.md,243,363db7fd0613b909c75beaeb9eb7dfe1e3cb52c8f4ecbbbbb697241e381dde9b
hub-interoperabilidade-v4:COM-05:S003,COM-05:S003,hub-interoperabilidade-v4,COM-05,Mesmo contrato em GET e webhook,Protocolo EXPIRED usa representação de erro prevista e não envia resultado tardio,openspec/changes/hub-interoperabilidade-v4/specs/arquitetura-e-comunicacao/spec.md,248,363db7fd0613b909c75beaeb9eb7dfe1e3cb52c8f4ecbbbbb697241e381dde9b
hub-interoperabilidade-v4:COM-05:S004,COM-05:S004,hub-interoperabilidade-v4,COM-05,Mesmo contrato em GET e webhook,URL pré-assinada de arquivo não é injetada no corpo final congelado,openspec/changes/hub-interoperabilidade-v4/specs/arquitetura-e-comunicacao/spec.md,253,363db7fd0613b909c75beaeb9eb7dfe1e3cb52c8f4ecbbbbb697241e381dde9b
hub-interoperabilidade-v4:COM-06:S001,COM-06:S001,hub-interoperabilidade-v4,COM-06,Contrato do despacho direto,Fato final externo durável permite finalizar sucesso no mesmo HTTP público,openspec/changes/hub-interoperabilidade-v4/specs/arquitetura-e-comunicacao/spec.md,261,363db7fd0613b909c75beaeb9eb7dfe1e3cb52c8f4ecbbbbb697241e381dde9b
hub-interoperabilidade-v4:COM-06:S002,COM-06:S002,hub-interoperabilidade-v4,COM-06,Contrato do despacho direto,HTTP 200 sem fato conservado não é tratado como final válido,openspec/changes/hub-interoperabilidade-v4/specs/arquitetura-e-comunicacao/spec.md,266,363db7fd0613b909c75beaeb9eb7dfe1e3cb52c8f4ecbbbbb697241e381dde9b
hub-interoperabilidade-v4:COM-06:S003,COM-06:S003,hub-interoperabilidade-v4,COM-06,Contrato do despacho direto,Timeout de rede não autoriza retry automático de negócio fora de Órbita/Cometa,openspec/changes/hub-interoperabilidade-v4/specs/arquitetura-e-comunicacao/spec.md,271,363db7fd0613b909c75beaeb9eb7dfe1e3cb52c8f4ecbbbbb697241e381dde9b
hub-interoperabilidade-v4:COM-06:S004,COM-06:S004,hub-interoperabilidade-v4,COM-06,Contrato do despacho direto,Intenção ASYNC marcada DIRECT não é tratada como comando QUEUED,openspec/changes/hub-interoperabilidade-v4/specs/arquitetura-e-comunicacao/spec.md,276,363db7fd0613b909c75beaeb9eb7dfe1e3cb52c8f4ecbbbbb697241e381dde9b
hub-interoperabilidade-v4:CAT-01:S001,CAT-01:S001,hub-interoperabilidade-v4,CAT-01,Catálogo de serviços,Publicação de versão com metadados completos e vínculo homologado,openspec/changes/hub-interoperabilidade-v4/specs/catalogo-e-portfolio/spec.md,8,363db7fd0613b909c75beaeb9eb7dfe1e3cb52c8f4ecbbbbb697241e381dde9b
hub-interoperabilidade-v4:CAT-01:S002,CAT-01:S002,hub-interoperabilidade-v4,CAT-01,Catálogo de serviços,Entrada incompatível é recusada antes da execução,openspec/changes/hub-interoperabilidade-v4/specs/catalogo-e-portfolio/spec.md,13,363db7fd0613b909c75beaeb9eb7dfe1e3cb52c8f4ecbbbbb697241e381dde9b
hub-interoperabilidade-v4:CAT-01:S003,CAT-01:S003,hub-interoperabilidade-v4,CAT-01,Catálogo de serviços,Consulta histórica de versão descontinuada preserva semântica original,openspec/changes/hub-interoperabilidade-v4/specs/catalogo-e-portfolio/spec.md,18,363db7fd0613b909c75beaeb9eb7dfe1e3cb52c8f4ecbbbbb697241e381dde9b
hub-interoperabilidade-v4:CAT-02:S001,CAT-02:S001,hub-interoperabilidade-v4,CAT-02,Portfólio e disponibilidade,Cliente visualiza apenas ofertas contratadas e autorizadas,openspec/changes/hub-interoperabilidade-v4/specs/catalogo-e-portfolio/spec.md,26,363db7fd0613b909c75beaeb9eb7dfe1e3cb52c8f4ecbbbbb697241e381dde9b
hub-interoperabilidade-v4:CAT-02:S002,CAT-02:S002,hub-interoperabilidade-v4,CAT-02,Portfólio e disponibilidade,Oferta publicada mas não contratada é negada mesmo com token válido,openspec/changes/hub-interoperabilidade-v4/specs/catalogo-e-portfolio/spec.md,31,363db7fd0613b909c75beaeb9eb7dfe1e3cb52c8f4ecbbbbb697241e381dde9b
hub-interoperabilidade-v4:CAT-02:S003,CAT-02:S003,hub-interoperabilidade-v4,CAT-02,Portfólio e disponibilidade,Suspensão de novas vendas não afeta pedidos já aceitos,openspec/changes/hub-interoperabilidade-v4/specs/catalogo-e-portfolio/spec.md,36,363db7fd0613b909c75beaeb9eb7dfe1e3cb52c8f4ecbbbbb697241e381dde9b
hub-interoperabilidade-v4:CAT-03:S001,CAT-03:S001,hub-interoperabilidade-v4,CAT-03,Agregação,Agregação bem-sucedida com seções obrigatória e opcionais presentes,openspec/changes/hub-interoperabilidade-v4/specs/catalogo-e-portfolio/spec.md,44,363db7fd0613b909c75beaeb9eb7dfe1e3cb52c8f4ecbbbbb697241e381dde9b
hub-interoperabilidade-v4:CAT-03:S002,CAT-03:S002,hub-interoperabilidade-v4,CAT-03,Agregação,Falha da parte obrigatória impede anúncio de sucesso completo,openspec/changes/hub-interoperabilidade-v4/specs/catalogo-e-portfolio/spec.md,49,363db7fd0613b909c75beaeb9eb7dfe1e3cb52c8f4ecbbbbb697241e381dde9b
hub-interoperabilidade-v4:CAT-03:S003,CAT-03:S003,hub-interoperabilidade-v4,CAT-03,Agregação,Resposta opcional ausente é declarada explicitamente,openspec/changes/hub-interoperabilidade-v4/specs/catalogo-e-portfolio/spec.md,54,363db7fd0613b909c75beaeb9eb7dfe1e3cb52c8f4ecbbbbb697241e381dde9b
hub-interoperabilidade-v4:CAT-04:S001,CAT-04:S001,hub-interoperabilidade-v4,CAT-04,Composição,Composição publicada com grafo acíclico válido,openspec/changes/hub-interoperabilidade-v4/specs/catalogo-e-portfolio/spec.md,62,363db7fd0613b909c75beaeb9eb7dfe1e3cb52c8f4ecbbbbb697241e381dde9b
hub-interoperabilidade-v4:CAT-04:S002,CAT-04:S002,hub-interoperabilidade-v4,CAT-04,Composição,Geocodificação com múltiplas opções segue política do contrato,openspec/changes/hub-interoperabilidade-v4/specs/catalogo-e-portfolio/spec.md,67,363db7fd0613b909c75beaeb9eb7dfe1e3cb52c8f4ecbbbbb697241e381dde9b
hub-interoperabilidade-v4:CAT-04:S003,CAT-04:S003,hub-interoperabilidade-v4,CAT-04,Composição,Publicação recusada por ciclo ou ausência de política de falha,openspec/changes/hub-interoperabilidade-v4/specs/catalogo-e-portfolio/spec.md,72,363db7fd0613b909c75beaeb9eb7dfe1e3cb52c8f4ecbbbbb697241e381dde9b
hub-interoperabilidade-v4:CAT-05:S001,CAT-05:S001,hub-interoperabilidade-v4,CAT-05,Consolidação e efeitos,Consolidação por quórum sem cancelar trabalho em voo,openspec/changes/hub-interoperabilidade-v4/specs/catalogo-e-portfolio/spec.md,80,363db7fd0613b909c75beaeb9eb7dfe1e3cb52c8f4ecbbbbb697241e381dde9b
hub-interoperabilidade-v4:CAT-05:S002,CAT-05:S002,hub-interoperabilidade-v4,CAT-05,Consolidação e efeitos,Falha parcial não gera rollback universal,openspec/changes/hub-interoperabilidade-v4/specs/catalogo-e-portfolio/spec.md,85,363db7fd0613b909c75beaeb9eb7dfe1e3cb52c8f4ecbbbbb697241e381dde9b
hub-interoperabilidade-v4:CAT-05:S003,CAT-05:S003,hub-interoperabilidade-v4,CAT-05,Consolidação e efeitos,Produto com efeito irreversível oferece opção de resultado parcial,openspec/changes/hub-interoperabilidade-v4/specs/catalogo-e-portfolio/spec.md,90,363db7fd0613b909c75beaeb9eb7dfe1e3cb52c8f4ecbbbbb697241e381dde9b
hub-interoperabilidade-v4:CAT-06:S001,CAT-06:S001,hub-interoperabilidade-v4,CAT-06,Seleção e equivalência de provedores,Seleção de provedor elegível ordenado por regra versionada com decisão persistida,openspec/changes/hub-interoperabilidade-v4/specs/catalogo-e-portfolio/spec.md,98,363db7fd0613b909c75beaeb9eb7dfe1e3cb52c8f4ecbbbbb697241e381dde9b
hub-interoperabilidade-v4:CAT-06:S002,CAT-06:S002,hub-interoperabilidade-v4,CAT-06,Seleção e equivalência de provedores,Failover recusado sem prova de segurança após timeout,openspec/changes/hub-interoperabilidade-v4/specs/catalogo-e-portfolio/spec.md,103,363db7fd0613b909c75beaeb9eb7dfe1e3cb52c8f4ecbbbbb697241e381dde9b
hub-interoperabilidade-v4:CAT-06:S003,CAT-06:S003,hub-interoperabilidade-v4,CAT-06,Seleção e equivalência de provedores,Hedging permanece desabilitado,openspec/changes/hub-interoperabilidade-v4/specs/catalogo-e-portfolio/spec.md,108,363db7fd0613b909c75beaeb9eb7dfe1e3cb52c8f4ecbbbbb697241e381dde9b
hub-interoperabilidade-v4:CAT-07:S001,CAT-07:S001,hub-interoperabilidade-v4,CAT-07,Política comercial do produto,Pacote com três passos gera receita única e discrimina custos sem triplicar preço,openspec/changes/hub-interoperabilidade-v4/specs/catalogo-e-portfolio/spec.md,116,363db7fd0613b909c75beaeb9eb7dfe1e3cb52c8f4ecbbbbb697241e381dde9b
hub-interoperabilidade-v4:CAT-07:S002,CAT-07:S002,hub-interoperabilidade-v4,CAT-07,Política comercial do produto,Configuração impede cobrança simultânea de pacote e componentes,openspec/changes/hub-interoperabilidade-v4/specs/catalogo-e-portfolio/spec.md,121,363db7fd0613b909c75beaeb9eb7dfe1e3cb52c8f4ecbbbbb697241e381dde9b
hub-interoperabilidade-v4:CAT-07:S003,CAT-07:S003,hub-interoperabilidade-v4,CAT-07,Política comercial do produto,Oferta não liberada sem contrato válido para todos os passos,openspec/changes/hub-interoperabilidade-v4/specs/catalogo-e-portfolio/spec.md,126,363db7fd0613b909c75beaeb9eb7dfe1e3cb52c8f4ecbbbbb697241e381dde9b
hub-interoperabilidade-v4:CAT-08:S001,CAT-08:S001,hub-interoperabilidade-v4,CAT-08,Rastreabilidade da composição,Resposta final e apuração financeira reconstruídas a partir de evidências persistidas,openspec/changes/hub-interoperabilidade-v4/specs/catalogo-e-portfolio/spec.md,134,363db7fd0613b909c75beaeb9eb7dfe1e3cb52c8f4ecbbbbb697241e381dde9b
hub-interoperabilidade-v4:CAT-08:S002,CAT-08:S002,hub-interoperabilidade-v4,CAT-08,Rastreabilidade da composição,Passo compartilhado executa uma única vez quando declarado pelo produto,openspec/changes/hub-interoperabilidade-v4/specs/catalogo-e-portfolio/spec.md,139,363db7fd0613b909c75beaeb9eb7dfe1e3cb52c8f4ecbbbbb697241e381dde9b
hub-interoperabilidade-v4:CAT-08:S003,CAT-08:S003,hub-interoperabilidade-v4,CAT-08,Rastreabilidade da composição,Pedidos distintos com payload coincidente não são deduplicados globalmente,openspec/changes/hub-interoperabilidade-v4/specs/catalogo-e-portfolio/spec.md,144,363db7fd0613b909c75beaeb9eb7dfe1e3cb52c8f4ecbbbbb697241e381dde9b
hub-interoperabilidade-v4:CAT-09:S001,CAT-09:S001,hub-interoperabilidade-v4,CAT-09,Contratos técnicos por cliente,"Contrato técnico do cliente valida entrada, traduz e valida saída antes da conclusão",openspec/changes/hub-interoperabilidade-v4/specs/catalogo-e-portfolio/spec.md,152,363db7fd0613b909c75beaeb9eb7dfe1e3cb52c8f4ecbbbbb697241e381dde9b
hub-interoperabilidade-v4:CAT-09:S002,CAT-09:S002,hub-interoperabilidade-v4,CAT-09,Contratos técnicos por cliente,Erro de transformação impede sucesso e preserva evidência canônica,openspec/changes/hub-interoperabilidade-v4/specs/catalogo-e-portfolio/spec.md,157,363db7fd0613b909c75beaeb9eb7dfe1e3cb52c8f4ecbbbbb697241e381dde9b
hub-interoperabilidade-v4:CAT-09:S003,CAT-09:S003,hub-interoperabilidade-v4,CAT-09,Contratos técnicos por cliente,Cliente não pode selecionar tenant ou transformação arbitrária no pedido,openspec/changes/hub-interoperabilidade-v4/specs/catalogo-e-portfolio/spec.md,162,363db7fd0613b909c75beaeb9eb7dfe1e3cb52c8f4ecbbbbb697241e381dde9b
hub-interoperabilidade-v4:CAT-09:S004,CAT-09:S004,hub-interoperabilidade-v4,CAT-09,Contratos técnicos por cliente,Alteração de configuração não afeta protocolo em voo nem histórico,openspec/changes/hub-interoperabilidade-v4/specs/catalogo-e-portfolio/spec.md,167,363db7fd0613b909c75beaeb9eb7dfe1e3cb52c8f4ecbbbbb697241e381dde9b
hub-interoperabilidade-v4:CAT-10:S001,CAT-10:S001,hub-interoperabilidade-v4,CAT-10,Elegibilidade de SLA e capacidade,Oferta com prazo compatível com caminho crítico qualificado,openspec/changes/hub-interoperabilidade-v4/specs/catalogo-e-portfolio/spec.md,175,363db7fd0613b909c75beaeb9eb7dfe1e3cb52c8f4ecbbbbb697241e381dde9b
hub-interoperabilidade-v4:CAT-10:S002,CAT-10:S002,hub-interoperabilidade-v4,CAT-10,Elegibilidade de SLA e capacidade,Timeout não é convertido automaticamente em sucesso parcial,openspec/changes/hub-interoperabilidade-v4/specs/catalogo-e-portfolio/spec.md,180,363db7fd0613b909c75beaeb9eb7dfe1e3cb52c8f4ecbbbbb697241e381dde9b
hub-interoperabilidade-v4:CAT-10:S003,CAT-10:S003,hub-interoperabilidade-v4,CAT-10,Elegibilidade de SLA e capacidade,Classe compartilhada não é anunciada como isolamento físico total,openspec/changes/hub-interoperabilidade-v4/specs/catalogo-e-portfolio/spec.md,185,363db7fd0613b909c75beaeb9eb7dfe1e3cb52c8f4ecbbbbb697241e381dde9b
hub-interoperabilidade-v4:CAT-11:S001,CAT-11:S001,hub-interoperabilidade-v4,CAT-11,"Crescimento, modalidade e elegibilidade de credencial","Integração de novo cliente por configuração, sem alteração de código",openspec/changes/hub-interoperabilidade-v4/specs/catalogo-e-portfolio/spec.md,193,363db7fd0613b909c75beaeb9eb7dfe1e3cb52c8f4ecbbbbb697241e381dde9b
hub-interoperabilidade-v4:CAT-11:S002,CAT-11:S002,hub-interoperabilidade-v4,CAT-11,"Crescimento, modalidade e elegibilidade de credencial",Ativação recusada explicitamente por falta de capacidade homologada,openspec/changes/hub-interoperabilidade-v4/specs/catalogo-e-portfolio/spec.md,198,363db7fd0613b909c75beaeb9eb7dfe1e3cb52c8f4ecbbbbb697241e381dde9b
hub-interoperabilidade-v4:CAT-11:S003,CAT-11:S003,hub-interoperabilidade-v4,CAT-11,"Crescimento, modalidade e elegibilidade de credencial",AUTO nunca é conversão silenciosa de SYNC,openspec/changes/hub-interoperabilidade-v4/specs/catalogo-e-portfolio/spec.md,203,363db7fd0613b909c75beaeb9eb7dfe1e3cb52c8f4ecbbbbb697241e381dde9b
hub-interoperabilidade-v4:CFG-01:S001,CFG-01:S001,hub-interoperabilidade-v4,CFG-01,Portal e API administrativa,Reconfiguração de integração existente sem deploy,openspec/changes/hub-interoperabilidade-v4/specs/configuracao-e-seguranca/spec.md,8,363db7fd0613b909c75beaeb9eb7dfe1e3cb52c8f4ecbbbbb697241e381dde9b
hub-interoperabilidade-v4:CFG-01:S002,CFG-01:S002,hub-interoperabilidade-v4,CFG-01,Portal e API administrativa,Tentativa de introduzir transformação fora do conjunto seguro é recusada,openspec/changes/hub-interoperabilidade-v4/specs/configuracao-e-seguranca/spec.md,13,363db7fd0613b909c75beaeb9eb7dfe1e3cb52c8f4ecbbbbb697241e381dde9b
hub-interoperabilidade-v4:CFG-01:S003,CFG-01:S003,hub-interoperabilidade-v4,CFG-01,Portal e API administrativa,"Tela de cadastro expõe campos obrigatórios, faixa válida e impacto",openspec/changes/hub-interoperabilidade-v4/specs/configuracao-e-seguranca/spec.md,18,363db7fd0613b909c75beaeb9eb7dfe1e3cb52c8f4ecbbbbb697241e381dde9b
hub-interoperabilidade-v4:CFG-02:S001,CFG-02:S001,hub-interoperabilidade-v4,CFG-02,Publicação governada,Publicação parcial de conjunto inconsistente é recusada,openspec/changes/hub-interoperabilidade-v4/specs/configuracao-e-seguranca/spec.md,26,363db7fd0613b909c75beaeb9eb7dfe1e3cb52c8f4ecbbbbb697241e381dde9b
hub-interoperabilidade-v4:CFG-02:S002,CFG-02:S002,hub-interoperabilidade-v4,CFG-02,Publicação governada,Nó desatualizado recusa novas admissões em vez de misturar versões,openspec/changes/hub-interoperabilidade-v4/specs/configuracao-e-seguranca/spec.md,31,363db7fd0613b909c75beaeb9eb7dfe1e3cb52c8f4ecbbbbb697241e381dde9b
hub-interoperabilidade-v4:CFG-02:S003,CFG-02:S003,hub-interoperabilidade-v4,CFG-02,Publicação governada,Revogação emergencial é distribuída independentemente da interface humana,openspec/changes/hub-interoperabilidade-v4/specs/configuracao-e-seguranca/spec.md,36,363db7fd0613b909c75beaeb9eb7dfe1e3cb52c8f4ecbbbbb697241e381dde9b
hub-interoperabilidade-v4:CFG-02:S004,CFG-02:S004,hub-interoperabilidade-v4,CFG-02,Publicação governada,Evidência de autorização vencida bloqueia apenas o escopo afetado,openspec/changes/hub-interoperabilidade-v4/specs/configuracao-e-seguranca/spec.md,41,363db7fd0613b909c75beaeb9eb7dfe1e3cb52c8f4ecbbbbb697241e381dde9b
hub-interoperabilidade-v4:CFG-03:S001,CFG-03:S001,hub-interoperabilidade-v4,CFG-03,Manutenção e diagnóstico,Acesso a payload sensível exige acesso excepcional auditado,openspec/changes/hub-interoperabilidade-v4/specs/configuracao-e-seguranca/spec.md,49,363db7fd0613b909c75beaeb9eb7dfe1e3cb52c8f4ecbbbbb697241e381dde9b
hub-interoperabilidade-v4:CFG-03:S002,CFG-03:S002,hub-interoperabilidade-v4,CFG-03,Manutenção e diagnóstico,Reexecução gera novo protocolo enquanto replay técnico preserva identidade,openspec/changes/hub-interoperabilidade-v4/specs/configuracao-e-seguranca/spec.md,54,363db7fd0613b909c75beaeb9eb7dfe1e3cb52c8f4ecbbbbb697241e381dde9b
hub-interoperabilidade-v4:CFG-03:S003,CFG-03:S003,hub-interoperabilidade-v4,CFG-03,Manutenção e diagnóstico,Ação de reprocessamento em massa não está disponível,openspec/changes/hub-interoperabilidade-v4/specs/configuracao-e-seguranca/spec.md,59,363db7fd0613b909c75beaeb9eb7dfe1e3cb52c8f4ecbbbbb697241e381dde9b
hub-interoperabilidade-v4:SEG-01:S001,SEG-01:S001,hub-interoperabilidade-v4,SEG-01,Identidade e autorização,Gateway elimina cabeçalho de identidade forjado pelo cliente,openspec/changes/hub-interoperabilidade-v4/specs/configuracao-e-seguranca/spec.md,67,363db7fd0613b909c75beaeb9eb7dfe1e3cb52c8f4ecbbbbb697241e381dde9b
hub-interoperabilidade-v4:SEG-01:S002,SEG-01:S002,hub-interoperabilidade-v4,SEG-01,Identidade e autorização,Serviço interno não confia apenas na origem de rede interna,openspec/changes/hub-interoperabilidade-v4/specs/configuracao-e-seguranca/spec.md,72,363db7fd0613b909c75beaeb9eb7dfe1e3cb52c8f4ecbbbbb697241e381dde9b
hub-interoperabilidade-v4:SEG-01:S003,SEG-01:S003,hub-interoperabilidade-v4,SEG-01,Identidade e autorização,Operador de runtime não pode editar ledger publicado,openspec/changes/hub-interoperabilidade-v4/specs/configuracao-e-seguranca/spec.md,77,363db7fd0613b909c75beaeb9eb7dfe1e3cb52c8f4ecbbbbb697241e381dde9b
hub-interoperabilidade-v4:SEG-02:S001,SEG-02:S001,hub-interoperabilidade-v4,SEG-02,"Destinos, callbacks e dados",Registro de destino em rede de metadados é bloqueado,openspec/changes/hub-interoperabilidade-v4/specs/configuracao-e-seguranca/spec.md,85,363db7fd0613b909c75beaeb9eb7dfe1e3cb52c8f4ecbbbbb697241e381dde9b
hub-interoperabilidade-v4:SEG-02:S002,SEG-02:S002,hub-interoperabilidade-v4,SEG-02,"Destinos, callbacks e dados",Redirecionamento para destino não validado não é seguido,openspec/changes/hub-interoperabilidade-v4/specs/configuracao-e-seguranca/spec.md,90,363db7fd0613b909c75beaeb9eb7dfe1e3cb52c8f4ecbbbbb697241e381dde9b
hub-interoperabilidade-v4:SEG-02:S003,SEG-02:S003,hub-interoperabilidade-v4,SEG-02,"Destinos, callbacks e dados",Conteúdo XML com entidade externa é rejeitado,openspec/changes/hub-interoperabilidade-v4/specs/configuracao-e-seguranca/spec.md,95,363db7fd0613b909c75beaeb9eb7dfe1e3cb52c8f4ecbbbbb697241e381dde9b
hub-interoperabilidade-v4:SEG-02:S004,SEG-02:S004,hub-interoperabilidade-v4,SEG-02,"Destinos, callbacks e dados","Segredo não aparece em log, evento ou arquivo versionado",openspec/changes/hub-interoperabilidade-v4/specs/configuracao-e-seguranca/spec.md,100,363db7fd0613b909c75beaeb9eb7dfe1e3cb52c8f4ecbbbbb697241e381dde9b
hub-interoperabilidade-v4:SEG-03:S001,SEG-03:S001,hub-interoperabilidade-v4,SEG-03,Isolamento e auditoria,Tentativa de acesso cross-tenant por troca de ID é negada,openspec/changes/hub-interoperabilidade-v4/specs/configuracao-e-seguranca/spec.md,108,363db7fd0613b909c75beaeb9eb7dfe1e3cb52c8f4ecbbbbb697241e381dde9b
hub-interoperabilidade-v4:SEG-03:S002,SEG-03:S002,hub-interoperabilidade-v4,SEG-03,Isolamento e auditoria,Ação sensível gera registro de auditoria completo,openspec/changes/hub-interoperabilidade-v4/specs/configuracao-e-seguranca/spec.md,113,363db7fd0613b909c75beaeb9eb7dfe1e3cb52c8f4ecbbbbb697241e381dde9b
hub-interoperabilidade-v4:SEG-03:S003,SEG-03:S003,hub-interoperabilidade-v4,SEG-03,Isolamento e auditoria,Expurgo de logs Loki não elimina evidência de cobrança,openspec/changes/hub-interoperabilidade-v4/specs/configuracao-e-seguranca/spec.md,118,363db7fd0613b909c75beaeb9eb7dfe1e3cb52c8f4ecbbbbb697241e381dde9b
hub-interoperabilidade-v4:CFG-04:S001,CFG-04:S001,hub-interoperabilidade-v4,CFG-04,Configuração dos novos limites,Publicação recusa configuração de retry com max_attempts inválido,openspec/changes/hub-interoperabilidade-v4/specs/configuracao-e-seguranca/spec.md,126,363db7fd0613b909c75beaeb9eb7dfe1e3cb52c8f4ecbbbbb697241e381dde9b
hub-interoperabilidade-v4:CFG-04:S002,CFG-04:S002,hub-interoperabilidade-v4,CFG-04,Configuração dos novos limites,Portal exibe origem do valor resolvido e impede override silencioso,openspec/changes/hub-interoperabilidade-v4/specs/configuracao-e-seguranca/spec.md,131,363db7fd0613b909c75beaeb9eb7dfe1e3cb52c8f4ecbbbbb697241e381dde9b
hub-interoperabilidade-v4:CFG-04:S003,CFG-04:S003,hub-interoperabilidade-v4,CFG-04,Configuração dos novos limites,Alteração em voo não estende deadline do pedido,openspec/changes/hub-interoperabilidade-v4/specs/configuracao-e-seguranca/spec.md,136,363db7fd0613b909c75beaeb9eb7dfe1e3cb52c8f4ecbbbbb697241e381dde9b
hub-interoperabilidade-v4:CFG-04:S004,CFG-04:S004,hub-interoperabilidade-v4,CFG-04,Configuração dos novos limites,Retomada após limite emergencial começa conservadoramente,openspec/changes/hub-interoperabilidade-v4/specs/configuracao-e-seguranca/spec.md,141,363db7fd0613b909c75beaeb9eb7dfe1e3cb52c8f4ecbbbbb697241e381dde9b
hub-interoperabilidade-v4:SEG-04:S001,SEG-04:S001,hub-interoperabilidade-v4,SEG-04,Administração entre tenants para desenvolvedores,Tentativa de acesso cross-tenant por cliente é negada sem revelar existência,openspec/changes/hub-interoperabilidade-v4/specs/configuracao-e-seguranca/spec.md,149,363db7fd0613b909c75beaeb9eb7dfe1e3cb52c8f4ecbbbbb697241e381dde9b
hub-interoperabilidade-v4:SEG-04:S002,SEG-04:S002,hub-interoperabilidade-v4,SEG-04,Administração entre tenants para desenvolvedores,hub_protocol_reader consulta protocolo de outro tenant com dados mascarados e auditados,openspec/changes/hub-interoperabilidade-v4/specs/configuracao-e-seguranca/spec.md,154,363db7fd0613b909c75beaeb9eb7dfe1e3cb52c8f4ecbbbbb697241e381dde9b
hub-interoperabilidade-v4:SEG-04:S003,SEG-04:S003,hub-interoperabilidade-v4,SEG-04,Administração entre tenants para desenvolvedores,Privilégio administrativo não é aceito por flag em JWT de cliente,openspec/changes/hub-interoperabilidade-v4/specs/configuracao-e-seguranca/spec.md,159,363db7fd0613b909c75beaeb9eb7dfe1e3cb52c8f4ecbbbbb697241e381dde9b
hub-interoperabilidade-v4:SEG-04:S004,SEG-04:S004,hub-interoperabilidade-v4,SEG-04,Administração entre tenants para desenvolvedores,Portal administrativo não usa superusuário PostgreSQL nem desativa RLS globalmente,openspec/changes/hub-interoperabilidade-v4/specs/configuracao-e-seguranca/spec.md,164,363db7fd0613b909c75beaeb9eb7dfe1e3cb52c8f4ecbbbbb697241e381dde9b
hub-interoperabilidade-v4:SEG-04:S005,SEG-04:S005,hub-interoperabilidade-v4,SEG-04,Administração entre tenants para desenvolvedores,Resposta parcial quando apenas parte das células responde,openspec/changes/hub-interoperabilidade-v4/specs/configuracao-e-seguranca/spec.md,169,363db7fd0613b909c75beaeb9eb7dfe1e3cb52c8f4ecbbbbb697241e381dde9b
hub-interoperabilidade-v4:CFG-05:S001,CFG-05:S001,hub-interoperabilidade-v4,CFG-05,Gestão de credenciais Hub–cliente–provedor,Interface não permite leitura de segredo em claro,openspec/changes/hub-interoperabilidade-v4/specs/configuracao-e-seguranca/spec.md,177,363db7fd0613b909c75beaeb9eb7dfe1e3cb52c8f4ecbbbbb697241e381dde9b
hub-interoperabilidade-v4:CFG-05:S002,CFG-05:S002,hub-interoperabilidade-v4,CFG-05,Gestão de credenciais Hub–cliente–provedor,Ausência de endpoint de teste não autoriza execução real invisível,openspec/changes/hub-interoperabilidade-v4/specs/configuracao-e-seguranca/spec.md,182,363db7fd0613b909c75beaeb9eb7dfe1e3cb52c8f4ecbbbbb697241e381dde9b
hub-interoperabilidade-v4:CFG-05:S003,CFG-05:S003,hub-interoperabilidade-v4,CFG-05,Gestão de credenciais Hub–cliente–provedor,Cliente não pode escolher secret_ref arbitrário nem ler cofre do Hub,openspec/changes/hub-interoperabilidade-v4/specs/configuracao-e-seguranca/spec.md,187,363db7fd0613b909c75beaeb9eb7dfe1e3cb52c8f4ecbbbbb697241e381dde9b
hub-interoperabilidade-v4:CFG-05:S004,CFG-05:S004,hub-interoperabilidade-v4,CFG-05,Gestão de credenciais Hub–cliente–provedor,Suspensão de vínculo afeta apenas os protocolos daquele vínculo,openspec/changes/hub-interoperabilidade-v4/specs/configuracao-e-seguranca/spec.md,192,363db7fd0613b909c75beaeb9eb7dfe1e3cb52c8f4ecbbbbb697241e381dde9b
hub-interoperabilidade-v4:CFG-06:S001,CFG-06:S001,hub-interoperabilidade-v4,CFG-06,Onboarding e capacidade como serviço interno,Reserva de capacidade concorrente e idempotente evita dupla promessa,openspec/changes/hub-interoperabilidade-v4/specs/configuracao-e-seguranca/spec.md,200,363db7fd0613b909c75beaeb9eb7dfe1e3cb52c8f4ecbbbbb697241e381dde9b
hub-interoperabilidade-v4:CFG-06:S002,CFG-06:S002,hub-interoperabilidade-v4,CFG-06,Onboarding e capacidade como serviço interno,Onboarding retomado após crash não duplica recursos nem publica rota prematuramente,openspec/changes/hub-interoperabilidade-v4/specs/configuracao-e-seguranca/spec.md,205,363db7fd0613b909c75beaeb9eb7dfe1e3cb52c8f4ecbbbbb697241e381dde9b
hub-interoperabilidade-v4:CFG-06:S003,CFG-06:S003,hub-interoperabilidade-v4,CFG-06,Onboarding e capacidade como serviço interno,Orçamento esgotado aparece como impedimento explícito antes da saturação,openspec/changes/hub-interoperabilidade-v4/specs/configuracao-e-seguranca/spec.md,210,363db7fd0613b909c75beaeb9eb7dfe1e3cb52c8f4ecbbbbb697241e381dde9b
hub-interoperabilidade-v4:CFG-06:S004,CFG-06:S004,hub-interoperabilidade-v4,CFG-06,Onboarding e capacidade como serviço interno,Desativação de cliente drena obrigações sem destruir recursos compartilhados,openspec/changes/hub-interoperabilidade-v4/specs/configuracao-e-seguranca/spec.md,215,363db7fd0613b909c75beaeb9eb7dfe1e3cb52c8f4ecbbbbb697241e381dde9b
hub-interoperabilidade-v4:SEG-05:S001,SEG-05:S001,hub-interoperabilidade-v4,SEG-05,"Resolução, rotação e isolamento de segredo",Credencial dedicada indisponível não recorre a fallback compartilhado ou de outro tenant,openspec/changes/hub-interoperabilidade-v4/specs/configuracao-e-seguranca/spec.md,223,363db7fd0613b909c75beaeb9eb7dfe1e3cb52c8f4ecbbbbb697241e381dde9b
hub-interoperabilidade-v4:SEG-05:S002,SEG-05:S002,hub-interoperabilidade-v4,SEG-05,"Resolução, rotação e isolamento de segredo",Rotação de segredo mantém sobreposição controlada e preserva operações em voo,openspec/changes/hub-interoperabilidade-v4/specs/configuracao-e-seguranca/spec.md,228,363db7fd0613b909c75beaeb9eb7dfe1e3cb52c8f4ecbbbbb697241e381dde9b
hub-interoperabilidade-v4:SEG-05:S003,SEG-05:S003,hub-interoperabilidade-v4,SEG-05,"Resolução, rotação e isolamento de segredo",Cofre indisponível limita uso do material cacheado ao menor limite de validade,openspec/changes/hub-interoperabilidade-v4/specs/configuracao-e-seguranca/spec.md,233,363db7fd0613b909c75beaeb9eb7dfe1e3cb52c8f4ecbbbbb697241e381dde9b
hub-interoperabilidade-v4:SEG-05:S004,SEG-05:S004,hub-interoperabilidade-v4,SEG-05,"Resolução, rotação e isolamento de segredo",Perfil hub_protocol_reader não obtém valor secreto,openspec/changes/hub-interoperabilidade-v4/specs/configuracao-e-seguranca/spec.md,238,363db7fd0613b909c75beaeb9eb7dfe1e3cb52c8f4ecbbbbb697241e381dde9b
hub-interoperabilidade-v4:SEG-05:S005,SEG-05:S005,hub-interoperabilidade-v4,SEG-05,"Resolução, rotação e isolamento de segredo",Revogação emergencial prevalece sobre TTL de retry em voo,openspec/changes/hub-interoperabilidade-v4/specs/configuracao-e-seguranca/spec.md,243,363db7fd0613b909c75beaeb9eb7dfe1e3cb52c8f4ecbbbbb697241e381dde9b
hub-interoperabilidade-v4:FIN-01:S001,FIN-01:S001,hub-interoperabilidade-v4,FIN-01,Contrato de aquisição,Conta de provedor vinculada a contrato de compra completo,openspec/changes/hub-interoperabilidade-v4/specs/contratos-e-financeiro/spec.md,8,363db7fd0613b909c75beaeb9eb7dfe1e3cb52c8f4ecbbbbb697241e381dde9b
hub-interoperabilidade-v4:FIN-01:S002,FIN-01:S002,hub-interoperabilidade-v4,FIN-01,Contrato de aquisição,"Tabela ausente ou ambígua bloqueia publicação, não é custo zero",openspec/changes/hub-interoperabilidade-v4/specs/contratos-e-financeiro/spec.md,13,363db7fd0613b909c75beaeb9eb7dfe1e3cb52c8f4ecbbbbb697241e381dde9b
hub-interoperabilidade-v4:FIN-01:S003,FIN-01:S003,hub-interoperabilidade-v4,FIN-01,Contrato de aquisição,Contrato vencido bloqueia novas operações mas respeita continuidade acordada,openspec/changes/hub-interoperabilidade-v4/specs/contratos-e-financeiro/spec.md,18,363db7fd0613b909c75beaeb9eb7dfe1e3cb52c8f4ecbbbbb697241e381dde9b
hub-interoperabilidade-v4:FIN-01:S004,FIN-01:S004,hub-interoperabilidade-v4,FIN-01,Contrato de aquisição,Versão de aquisição registrada por operação orienta polls posteriores,openspec/changes/hub-interoperabilidade-v4/specs/contratos-e-financeiro/spec.md,23,363db7fd0613b909c75beaeb9eb7dfe1e3cb52c8f4ecbbbbb697241e381dde9b
hub-interoperabilidade-v4:FIN-02:S001,FIN-02:S001,hub-interoperabilidade-v4,FIN-02,Contrato de venda e planos,Contrato de venda com todos os campos exigidos,openspec/changes/hub-interoperabilidade-v4/specs/contratos-e-financeiro/spec.md,31,363db7fd0613b909c75beaeb9eb7dfe1e3cb52c8f4ecbbbbb697241e381dde9b
hub-interoperabilidade-v4:FIN-02:S002,FIN-02:S002,hub-interoperabilidade-v4,FIN-02,Contrato de venda e planos,Configuração diferencia faixa progressiva marginal de faixa por volume total,openspec/changes/hub-interoperabilidade-v4/specs/contratos-e-financeiro/spec.md,36,363db7fd0613b909c75beaeb9eb7dfe1e3cb52c8f4ecbbbbb697241e381dde9b
hub-interoperabilidade-v4:FIN-02:S003,FIN-02:S003,hub-interoperabilidade-v4,FIN-02,Contrato de venda e planos,Franquia sem rollover e sem devolução automática por default,openspec/changes/hub-interoperabilidade-v4/specs/contratos-e-financeiro/spec.md,41,363db7fd0613b909c75beaeb9eb7dfe1e3cb52c8f4ecbbbbb697241e381dde9b
hub-interoperabilidade-v4:FIN-02:S004,FIN-02:S004,hub-interoperabilidade-v4,FIN-02,Contrato de venda e planos,Quota de tráfego não é confundida com franquia financeira,openspec/changes/hub-interoperabilidade-v4/specs/contratos-e-financeiro/spec.md,46,363db7fd0613b909c75beaeb9eb7dfe1e3cb52c8f4ecbbbbb697241e381dde9b
hub-interoperabilidade-v4:FIN-03:S001,FIN-03:S001,hub-interoperabilidade-v4,FIN-03,Vigência e snapshot,"Snapshot fixa contrato, versão da oferta e instantes do fato",openspec/changes/hub-interoperabilidade-v4/specs/contratos-e-financeiro/spec.md,54,363db7fd0613b909c75beaeb9eb7dfe1e3cb52c8f4ecbbbbb697241e381dde9b
hub-interoperabilidade-v4:FIN-03:S002,FIN-03:S002,hub-interoperabilidade-v4,FIN-03,Vigência e snapshot,Alteração de tabela não reprifica protocolos em voo,openspec/changes/hub-interoperabilidade-v4/specs/contratos-e-financeiro/spec.md,59,363db7fd0613b909c75beaeb9eb7dfe1e3cb52c8f4ecbbbbb697241e381dde9b
hub-interoperabilidade-v4:FIN-03:S003,FIN-03:S003,hub-interoperabilidade-v4,FIN-03,Vigência e snapshot,Exceção temporal para polls cobrados pela tabela vigente no instante da consulta,openspec/changes/hub-interoperabilidade-v4/specs/contratos-e-financeiro/spec.md,64,363db7fd0613b909c75beaeb9eb7dfe1e3cb52c8f4ecbbbbb697241e381dde9b
hub-interoperabilidade-v4:FIN-03:S004,FIN-03:S004,hub-interoperabilidade-v4,FIN-03,Vigência e snapshot,Contratos sobrepostos exigem prioridade explícita,openspec/changes/hub-interoperabilidade-v4/specs/contratos-e-financeiro/spec.md,69,363db7fd0613b909c75beaeb9eb7dfe1e3cb52c8f4ecbbbbb697241e381dde9b
hub-interoperabilidade-v4:FIN-03:S005,FIN-03:S005,hub-interoperabilidade-v4,FIN-03,Vigência e snapshot,Aditivo retroativo preserva cálculo original com lançamento de ajuste,openspec/changes/hub-interoperabilidade-v4/specs/contratos-e-financeiro/spec.md,74,363db7fd0613b909c75beaeb9eb7dfe1e3cb52c8f4ecbbbbb697241e381dde9b
hub-interoperabilidade-v4:FIN-03:S006,FIN-03:S006,hub-interoperabilidade-v4,FIN-03,Vigência e snapshot,Revogação de segurança gera evidência sem reescrever contrato ou custo incorrido,openspec/changes/hub-interoperabilidade-v4/specs/contratos-e-financeiro/spec.md,79,363db7fd0613b909c75beaeb9eb7dfe1e3cb52c8f4ecbbbbb697241e381dde9b
hub-interoperabilidade-v4:FIN-04:S001,FIN-04:S001,hub-interoperabilidade-v4,FIN-04,Medição e chaves econômicas,"Libra aplica contrato a partir de fatos duráveis, não de logs técnicos",openspec/changes/hub-interoperabilidade-v4/specs/contratos-e-financeiro/spec.md,87,363db7fd0613b909c75beaeb9eb7dfe1e3cb52c8f4ecbbbbb697241e381dde9b
hub-interoperabilidade-v4:FIN-04:S002,FIN-04:S002,hub-interoperabilidade-v4,FIN-04,Medição e chaves econômicas,Receita por produto é uma unidade elegível apesar de múltiplos passos,openspec/changes/hub-interoperabilidade-v4/specs/contratos-e-financeiro/spec.md,92,363db7fd0613b909c75beaeb9eb7dfe1e3cb52c8f4ecbbbbb697241e381dde9b
hub-interoperabilidade-v4:FIN-04:S003,FIN-04:S003,hub-interoperabilidade-v4,FIN-04,Medição e chaves econômicas,Custo por operação preserva identidade entre retransmissões,openspec/changes/hub-interoperabilidade-v4/specs/contratos-e-financeiro/spec.md,97,363db7fd0613b909c75beaeb9eb7dfe1e3cb52c8f4ecbbbbb697241e381dde9b
hub-interoperabilidade-v4:FIN-04:S004,FIN-04:S004,hub-interoperabilidade-v4,FIN-04,Medição e chaves econômicas,"Custo incerto é registrado como provisão, nunca como zero definitivo",openspec/changes/hub-interoperabilidade-v4/specs/contratos-e-financeiro/spec.md,102,363db7fd0613b909c75beaeb9eb7dfe1e3cb52c8f4ecbbbbb697241e381dde9b
hub-interoperabilidade-v4:FIN-05:S001,FIN-05:S001,hub-interoperabilidade-v4,FIN-05,Matriz de incidência,Pedido recusado antes do aceite não gera receita nem custo,openspec/changes/hub-interoperabilidade-v4/specs/contratos-e-financeiro/spec.md,110,363db7fd0613b909c75beaeb9eb7dfe1e3cb52c8f4ecbbbbb697241e381dde9b
hub-interoperabilidade-v4:FIN-05:S002,FIN-05:S002,hub-interoperabilidade-v4,FIN-05,Matriz de incidência,Pedido aceito ainda pendente segue o marco contratado sem presumir final,openspec/changes/hub-interoperabilidade-v4/specs/contratos-e-financeiro/spec.md,115,363db7fd0613b909c75beaeb9eb7dfe1e3cb52c8f4ecbbbbb697241e381dde9b
hub-interoperabilidade-v4:FIN-05:S003,FIN-05:S003,hub-interoperabilidade-v4,FIN-05,Matriz de incidência,Sucesso válido gera receita pelo medidor previsto e custo comprovado,openspec/changes/hub-interoperabilidade-v4/specs/contratos-e-financeiro/spec.md,120,363db7fd0613b909c75beaeb9eb7dfe1e3cb52c8f4ecbbbbb697241e381dde9b
hub-interoperabilidade-v4:FIN-05:S004,FIN-05:S004,hub-interoperabilidade-v4,FIN-05,Matriz de incidência,"""Não encontrado"" válido segue a semântica do serviço mesmo sem dados",openspec/changes/hub-interoperabilidade-v4/specs/contratos-e-financeiro/spec.md,125,363db7fd0613b909c75beaeb9eb7dfe1e3cb52c8f4ecbbbbb697241e381dde9b
hub-interoperabilidade-v4:FIN-05:S005,FIN-05:S005,hub-interoperabilidade-v4,FIN-05,Matriz de incidência,"Falha técnica conhecida não gera receita de sucesso por default, mas pode gerar custo",openspec/changes/hub-interoperabilidade-v4/specs/contratos-e-financeiro/spec.md,130,363db7fd0613b909c75beaeb9eb7dfe1e3cb52c8f4ecbbbbb697241e381dde9b
hub-interoperabilidade-v4:FIN-05:S006,FIN-05:S006,hub-interoperabilidade-v4,FIN-05,Matriz de incidência,Resultado parcial de produto usa preço de parcialidade publicado,openspec/changes/hub-interoperabilidade-v4/specs/contratos-e-financeiro/spec.md,135,363db7fd0613b909c75beaeb9eb7dfe1e3cb52c8f4ecbbbbb697241e381dde9b
hub-interoperabilidade-v4:FIN-05:S007,FIN-05:S007,hub-interoperabilidade-v4,FIN-05,Matriz de incidência,Falha ou reentrega de webhook não altera receita nem reexecuta o provedor,openspec/changes/hub-interoperabilidade-v4/specs/contratos-e-financeiro/spec.md,140,363db7fd0613b909c75beaeb9eb7dfe1e3cb52c8f4ecbbbbb697241e381dde9b
hub-interoperabilidade-v4:FIN-05:S008,FIN-05:S008,hub-interoperabilidade-v4,FIN-05,Matriz de incidência,GET de resultado armazenado não gera nova receita nem nova chamada externa,openspec/changes/hub-interoperabilidade-v4/specs/contratos-e-financeiro/spec.md,145,363db7fd0613b909c75beaeb9eb7dfe1e3cb52c8f4ecbbbbb697241e381dde9b
hub-interoperabilidade-v4:FIN-05:S009,FIN-05:S009,hub-interoperabilidade-v4,FIN-05,Matriz de incidência,Callback e polling do mesmo final geram uma única unidade de receita,openspec/changes/hub-interoperabilidade-v4/specs/contratos-e-financeiro/spec.md,150,363db7fd0613b909c75beaeb9eb7dfe1e3cb52c8f4ecbbbbb697241e381dde9b
hub-interoperabilidade-v4:FIN-05:S010,FIN-05:S010,hub-interoperabilidade-v4,FIN-05,Matriz de incidência,Failover autorizado após incerteza contabiliza ambos os custos comprovados,openspec/changes/hub-interoperabilidade-v4/specs/contratos-e-financeiro/spec.md,155,363db7fd0613b909c75beaeb9eb7dfe1e3cb52c8f4ecbbbbb697241e381dde9b
hub-interoperabilidade-v4:FIN-05:S011,FIN-05:S011,hub-interoperabilidade-v4,FIN-05,Matriz de incidência,Cancelamento ou compensação segue regra de estorno explícita sem eliminar custo original,openspec/changes/hub-interoperabilidade-v4/specs/contratos-e-financeiro/spec.md,160,363db7fd0613b909c75beaeb9eb7dfe1e3cb52c8f4ecbbbbb697241e381dde9b
hub-interoperabilidade-v4:FIN-05:S012,FIN-05:S012,hub-interoperabilidade-v4,FIN-05,Matriz de incidência,Resultado corrigido gera ajuste rastreável sem assumir cancelamento do custo original,openspec/changes/hub-interoperabilidade-v4/specs/contratos-e-financeiro/spec.md,165,363db7fd0613b909c75beaeb9eb7dfe1e3cb52c8f4ecbbbbb697241e381dde9b
hub-interoperabilidade-v4:FIN-05:S013,FIN-05:S013,hub-interoperabilidade-v4,FIN-05,Matriz de incidência,Final tardio após EXPIRED/SLA_EXCEEDED não gera receita de sucesso,openspec/changes/hub-interoperabilidade-v4/specs/contratos-e-financeiro/spec.md,170,363db7fd0613b909c75beaeb9eb7dfe1e3cb52c8f4ecbbbbb697241e381dde9b
hub-interoperabilidade-v4:FIN-05:S014,FIN-05:S014,hub-interoperabilidade-v4,FIN-05,Matriz de incidência,Contrato omitindo linha aplicável não é habilitado para faturamento automático,openspec/changes/hub-interoperabilidade-v4/specs/contratos-e-financeiro/spec.md,175,363db7fd0613b909c75beaeb9eb7dfe1e3cb52c8f4ecbbbbb697241e381dde9b
hub-interoperabilidade-v4:FIN-06:S001,FIN-06:S001,hub-interoperabilidade-v4,FIN-06,Reserva de saldo e limites,Reserva atômica obrigatória antes de qualquer efeito externo em teto estrito,openspec/changes/hub-interoperabilidade-v4/specs/contratos-e-financeiro/spec.md,183,363db7fd0613b909c75beaeb9eb7dfe1e3cb52c8f4ecbbbbb697241e381dde9b
hub-interoperabilidade-v4:FIN-06:S002,FIN-06:S002,hub-interoperabilidade-v4,FIN-06,Reserva de saldo e limites,"Libra indisponível mantém pendência até o prazo, negação exige falha conhecida",openspec/changes/hub-interoperabilidade-v4/specs/contratos-e-financeiro/spec.md,188,363db7fd0613b909c75beaeb9eb7dfe1e3cb52c8f4ecbbbbb697241e381dde9b
hub-interoperabilidade-v4:FIN-06:S003,FIN-06:S003,hub-interoperabilidade-v4,FIN-06,Reserva de saldo e limites,Reserva cobre o máximo autorizável ou o contrato não é oferecido como teto estrito,openspec/changes/hub-interoperabilidade-v4/specs/contratos-e-financeiro/spec.md,193,363db7fd0613b909c75beaeb9eb7dfe1e3cb52c8f4ecbbbbb697241e381dde9b
hub-interoperabilidade-v4:FIN-06:S004,FIN-06:S004,hub-interoperabilidade-v4,FIN-06,Reserva de saldo e limites,Expiração de reserva não libera saldo de operação em voo sem reconciliar,openspec/changes/hub-interoperabilidade-v4/specs/contratos-e-financeiro/spec.md,198,363db7fd0613b909c75beaeb9eb7dfe1e3cb52c8f4ecbbbbb697241e381dde9b
hub-interoperabilidade-v4:FIN-06:S005,FIN-06:S005,hub-interoperabilidade-v4,FIN-06,Reserva de saldo e limites,Pós-pago sem teto estrito continua processando dentro do limite de risco aprovado,openspec/changes/hub-interoperabilidade-v4/specs/contratos-e-financeiro/spec.md,203,363db7fd0613b909c75beaeb9eb7dfe1e3cb52c8f4ecbbbbb697241e381dde9b
hub-interoperabilidade-v4:FIN-07:S001,FIN-07:S001,hub-interoperabilidade-v4,FIN-07,Apuração e ledger,Receita a receber e obrigação a pagar são lançamentos distintos,openspec/changes/hub-interoperabilidade-v4/specs/contratos-e-financeiro/spec.md,211,363db7fd0613b909c75beaeb9eb7dfe1e3cb52c8f4ecbbbbb697241e381dde9b
hub-interoperabilidade-v4:FIN-07:S002,FIN-07:S002,hub-interoperabilidade-v4,FIN-07,Apuração e ledger,Arredondamento declarado e totais reproduzem o mesmo cálculo sem ponto flutuante monetário,openspec/changes/hub-interoperabilidade-v4/specs/contratos-e-financeiro/spec.md,216,363db7fd0613b909c75beaeb9eb7dfe1e3cb52c8f4ecbbbbb697241e381dde9b
hub-interoperabilidade-v4:FIN-07:S003,FIN-07:S003,hub-interoperabilidade-v4,FIN-07,Apuração e ledger,Moedas distintas não são somadas sem câmbio explícito,openspec/changes/hub-interoperabilidade-v4/specs/contratos-e-financeiro/spec.md,221,363db7fd0613b909c75beaeb9eb7dfe1e3cb52c8f4ecbbbbb697241e381dde9b
hub-interoperabilidade-v4:FIN-07:S004,FIN-07:S004,hub-interoperabilidade-v4,FIN-07,Apuração e ledger,"Lançamento publicado é imutável, correção usa lançamento inverso ou ajuste vinculado",openspec/changes/hub-interoperabilidade-v4/specs/contratos-e-financeiro/spec.md,226,363db7fd0613b909c75beaeb9eb7dfe1e3cb52c8f4ecbbbbb697241e381dde9b
hub-interoperabilidade-v4:FIN-07:S005,FIN-07:S005,hub-interoperabilidade-v4,FIN-07,Apuração e ledger,Fechamento não deixa fato elegível silenciosamente não apurado,openspec/changes/hub-interoperabilidade-v4/specs/contratos-e-financeiro/spec.md,231,363db7fd0613b909c75beaeb9eb7dfe1e3cb52c8f4ecbbbbb697241e381dde9b
hub-interoperabilidade-v4:FIN-08:S001,FIN-08:S001,hub-interoperabilidade-v4,FIN-08,"Fechamento, conciliação e pagamento",Ciclo de venda segue os estados definidos sem marcar PAGO/RECEBIDO na exportação,openspec/changes/hub-interoperabilidade-v4/specs/contratos-e-financeiro/spec.md,239,363db7fd0613b909c75beaeb9eb7dfe1e3cb52c8f4ecbbbbb697241e381dde9b
hub-interoperabilidade-v4:FIN-08:S002,FIN-08:S002,hub-interoperabilidade-v4,FIN-08,"Fechamento, conciliação e pagamento","Agregação sem granularidade suficiente abre divergência, não casamento aproximado",openspec/changes/hub-interoperabilidade-v4/specs/contratos-e-financeiro/spec.md,244,363db7fd0613b909c75beaeb9eb7dfe1e3cb52c8f4ecbbbbb697241e381dde9b
hub-interoperabilidade-v4:FIN-08:S003,FIN-08:S003,hub-interoperabilidade-v4,FIN-08,"Fechamento, conciliação e pagamento",Fato tardio após fechamento não altera fatura emitida silenciosamente,openspec/changes/hub-interoperabilidade-v4/specs/contratos-e-financeiro/spec.md,249,363db7fd0613b909c75beaeb9eb7dfe1e3cb52c8f4ecbbbbb697241e381dde9b
hub-interoperabilidade-v4:FIN-08:S004,FIN-08:S004,hub-interoperabilidade-v4,FIN-08,"Fechamento, conciliação e pagamento",Transferência bancária automática e emissão fiscal não estão autorizadas,openspec/changes/hub-interoperabilidade-v4/specs/contratos-e-financeiro/spec.md,254,363db7fd0613b909c75beaeb9eb7dfe1e3cb52c8f4ecbbbbb697241e381dde9b
hub-interoperabilidade-v4:FIN-08:S005,FIN-08:S005,hub-interoperabilidade-v4,FIN-08,"Fechamento, conciliação e pagamento","Ajuste manual, aprovação e confirmação de pagamento exigem segregação de funções",openspec/changes/hub-interoperabilidade-v4/specs/contratos-e-financeiro/spec.md,259,363db7fd0613b909c75beaeb9eb7dfe1e3cb52c8f4ecbbbbb697241e381dde9b
hub-interoperabilidade-v4:FIN-09:S001,FIN-09:S001,hub-interoperabilidade-v4,FIN-09,Exemplos de referência para QA,Produto em pacote reconhece receita e custo compostos sem alteração por GET/callback,openspec/changes/hub-interoperabilidade-v4/specs/contratos-e-financeiro/spec.md,267,363db7fd0613b909c75beaeb9eb7dfe1e3cb52c8f4ecbbbbb697241e381dde9b
hub-interoperabilidade-v4:FIN-09:S002,FIN-09:S002,hub-interoperabilidade-v4,FIN-09,Exemplos de referência para QA,Franquia mensal com excedente calcula parcelas distintas,openspec/changes/hub-interoperabilidade-v4/specs/contratos-e-financeiro/spec.md,272,363db7fd0613b909c75beaeb9eb7dfe1e3cb52c8f4ecbbbbb697241e381dde9b
hub-interoperabilidade-v4:FIN-09:S003,FIN-09:S003,hub-interoperabilidade-v4,FIN-09,Exemplos de referência para QA,Faixa progressiva marginal aplica preço apenas à parcela dentro de cada faixa,openspec/changes/hub-interoperabilidade-v4/specs/contratos-e-financeiro/spec.md,277,363db7fd0613b909c75beaeb9eb7dfe1e3cb52c8f4ecbbbbb697241e381dde9b
hub-interoperabilidade-v4:FIN-09:S004,FIN-09:S004,hub-interoperabilidade-v4,FIN-09,Exemplos de referência para QA,Faixa por volume total aplica a faixa atingida a todo o volume elegível,openspec/changes/hub-interoperabilidade-v4/specs/contratos-e-financeiro/spec.md,282,363db7fd0613b909c75beaeb9eb7dfe1e3cb52c8f4ecbbbbb697241e381dde9b
hub-interoperabilidade-v4:FIN-09:S005,FIN-09:S005,hub-interoperabilidade-v4,FIN-09,Exemplos de referência para QA,Incerteza com failover autorizado contabiliza o custo dos dois provedores comprovados,openspec/changes/hub-interoperabilidade-v4/specs/contratos-e-financeiro/spec.md,287,363db7fd0613b909c75beaeb9eb7dfe1e3cb52c8f4ecbbbbb697241e381dde9b
hub-interoperabilidade-v4:FIN-09:S006,FIN-09:S006,hub-interoperabilidade-v4,FIN-09,Exemplos de referência para QA,Correção de cobrança indevida gera estorno vinculado com lote balanceado,openspec/changes/hub-interoperabilidade-v4/specs/contratos-e-financeiro/spec.md,292,363db7fd0613b909c75beaeb9eb7dfe1e3cb52c8f4ecbbbbb697241e381dde9b
hub-interoperabilidade-v4:FIN-10:S001,FIN-10:S001,hub-interoperabilidade-v4,FIN-10,"Quebra de SLA, custo tardio e créditos",EXPIRED por SLA não gera receita de sucesso mesmo com conclusão tardia do provedor,openspec/changes/hub-interoperabilidade-v4/specs/contratos-e-financeiro/spec.md,300,363db7fd0613b909c75beaeb9eb7dfe1e3cb52c8f4ecbbbbb697241e381dde9b
hub-interoperabilidade-v4:FIN-10:S002,FIN-10:S002,hub-interoperabilidade-v4,FIN-10,"Quebra de SLA, custo tardio e créditos",Custo do provedor não é eliminado automaticamente pela rejeição no hub,openspec/changes/hub-interoperabilidade-v4/specs/contratos-e-financeiro/spec.md,305,363db7fd0613b909c75beaeb9eb7dfe1e3cb52c8f4ecbbbbb697241e381dde9b
hub-interoperabilidade-v4:FIN-10:S003,FIN-10:S003,hub-interoperabilidade-v4,FIN-10,"Quebra de SLA, custo tardio e créditos",Crédito prometido não confirmado não reduz obrigação sem regra aprovada,openspec/changes/hub-interoperabilidade-v4/specs/contratos-e-financeiro/spec.md,310,363db7fd0613b909c75beaeb9eb7dfe1e3cb52c8f4ecbbbbb697241e381dde9b
hub-interoperabilidade-v4:FIN-10:S004,FIN-10:S004,hub-interoperabilidade-v4,FIN-10,"Quebra de SLA, custo tardio e créditos","Diagnósticos de desenvolvedores não alteram ledger, ajuste ou liquidação",openspec/changes/hub-interoperabilidade-v4/specs/contratos-e-financeiro/spec.md,315,363db7fd0613b909c75beaeb9eb7dfe1e3cb52c8f4ecbbbbb697241e381dde9b
hub-interoperabilidade-v4:FIN-10:S005,FIN-10:S005,hub-interoperabilidade-v4,FIN-10,"Quebra de SLA, custo tardio e créditos",Controle adaptativo registra retries extras sem alterar preço ou unidade contratada,openspec/changes/hub-interoperabilidade-v4/specs/contratos-e-financeiro/spec.md,320,363db7fd0613b909c75beaeb9eb7dfe1e3cb52c8f4ecbbbbb697241e381dde9b
hub-interoperabilidade-v4:FIN-11:S001,FIN-11:S001,hub-interoperabilidade-v4,FIN-11,"Conta, credencial e responsabilidade econômica","Settlement_party é explícito por vínculo, não inferido pelo nome do segredo",openspec/changes/hub-interoperabilidade-v4/specs/contratos-e-financeiro/spec.md,328,363db7fd0613b909c75beaeb9eb7dfe1e3cb52c8f4ecbbbbb697241e381dde9b
hub-interoperabilidade-v4:FIN-11:S002,FIN-11:S002,hub-interoperabilidade-v4,FIN-11,"Conta, credencial e responsabilidade econômica",SHARED_HUB comprado pelo Hub segrega consumo e mantém venda independente,openspec/changes/hub-interoperabilidade-v4/specs/contratos-e-financeiro/spec.md,333,363db7fd0613b909c75beaeb9eb7dfe1e3cb52c8f4ecbbbbb697241e381dde9b
hub-interoperabilidade-v4:FIN-11:S003,FIN-11:S003,hub-interoperabilidade-v4,FIN-11,"Conta, credencial e responsabilidade econômica",TENANT_DEDICATED comprado pelo Hub não elimina obrigação de compra,openspec/changes/hub-interoperabilidade-v4/specs/contratos-e-financeiro/spec.md,338,363db7fd0613b909c75beaeb9eb7dfe1e3cb52c8f4ecbbbbb697241e381dde9b
hub-interoperabilidade-v4:FIN-11:S004,FIN-11:S004,hub-interoperabilidade-v4,FIN-11,"Conta, credencial e responsabilidade econômica",TENANT_DEDICATED com compra direta do cliente não gera conta a pagar pelo Hub,openspec/changes/hub-interoperabilidade-v4/specs/contratos-e-financeiro/spec.md,343,363db7fd0613b909c75beaeb9eb7dfe1e3cb52c8f4ecbbbbb697241e381dde9b
hub-interoperabilidade-v4:FIN-11:S005,FIN-11:S005,hub-interoperabilidade-v4,FIN-11,"Conta, credencial e responsabilidade econômica","Rotação de segredo não reinicia medidor, quota ou franquia",openspec/changes/hub-interoperabilidade-v4/specs/contratos-e-financeiro/spec.md,348,363db7fd0613b909c75beaeb9eb7dfe1e3cb52c8f4ecbbbbb697241e381dde9b
hub-interoperabilidade-v4:FIN-11:S006,FIN-11:S006,hub-interoperabilidade-v4,FIN-11,"Conta, credencial e responsabilidade econômica",Fato de consumo conserva identificadores completos sem expor valor do segredo,openspec/changes/hub-interoperabilidade-v4/specs/contratos-e-financeiro/spec.md,353,363db7fd0613b909c75beaeb9eb7dfe1e3cb52c8f4ecbbbbb697241e381dde9b
hub-interoperabilidade-v4:FIN-11:S007,FIN-11:S007,hub-interoperabilidade-v4,FIN-11,"Conta, credencial e responsabilidade econômica",Falha de Libra não autoriza fallback automático de credencial ou pagador,openspec/changes/hub-interoperabilidade-v4/specs/contratos-e-financeiro/spec.md,358,363db7fd0613b909c75beaeb9eb7dfe1e3cb52c8f4ecbbbbb697241e381dde9b
hub-interoperabilidade-v4:DEC-01:S001,DEC-01:S001,hub-interoperabilidade-v4,DEC-01,Decisões arquiteturais de referência,ADR-04 mantém a custódia do resultado no Hub,openspec/changes/hub-interoperabilidade-v4/specs/decisoes-e-governanca/spec.md,8,363db7fd0613b909c75beaeb9eb7dfe1e3cb52c8f4ecbbbbb697241e381dde9b
hub-interoperabilidade-v4:DEC-01:S002,DEC-01:S002,hub-interoperabilidade-v4,DEC-01,Decisões arquiteturais de referência,ADR-06 recusa promessa de exactly-once sem suporte externo,openspec/changes/hub-interoperabilidade-v4/specs/decisoes-e-governanca/spec.md,13,363db7fd0613b909c75beaeb9eb7dfe1e3cb52c8f4ecbbbbb697241e381dde9b
hub-interoperabilidade-v4:DEC-01:S003,DEC-01:S003,hub-interoperabilidade-v4,DEC-01,Decisões arquiteturais de referência,ADR-05 mantém deadline rígido e TTL sem renovação,openspec/changes/hub-interoperabilidade-v4/specs/decisoes-e-governanca/spec.md,18,363db7fd0613b909c75beaeb9eb7dfe1e3cb52c8f4ecbbbbb697241e381dde9b
hub-interoperabilidade-v4:DEC-01:S004,DEC-01:S004,hub-interoperabilidade-v4,DEC-01,Decisões arquiteturais de referência,Pendências de implantação não decididas por ADR ficam registradas em DEC-02,openspec/changes/hub-interoperabilidade-v4/specs/decisoes-e-governanca/spec.md,23,363db7fd0613b909c75beaeb9eb7dfe1e3cb52c8f4ecbbbbb697241e381dde9b
hub-interoperabilidade-v4:DEC-02:S001,DEC-02:S001,hub-interoperabilidade-v4,DEC-02,Registro de decisões pendentes (P-01 a P-11),P-08 bloqueia a promessa de ausência de perda regional até desenho e prova de recuperação,openspec/changes/hub-interoperabilidade-v4/specs/decisoes-e-governanca/spec.md,31,363db7fd0613b909c75beaeb9eb7dfe1e3cb52c8f4ecbbbbb697241e381dde9b
hub-interoperabilidade-v4:DEC-02:S002,DEC-02:S002,hub-interoperabilidade-v4,DEC-02,Registro de decisões pendentes (P-01 a P-11),P-10 bloqueia oferta com impacto em vida/segurança até perfil de criticidade aprovado,openspec/changes/hub-interoperabilidade-v4/specs/decisoes-e-governanca/spec.md,36,363db7fd0613b909c75beaeb9eb7dfe1e3cb52c8f4ecbbbbb697241e381dde9b
hub-interoperabilidade-v4:DEC-02:S003,DEC-02:S003,hub-interoperabilidade-v4,DEC-02,Registro de decisões pendentes (P-01 a P-11),P-11 bloqueia o gate ppd de expansão automática até envelopes e quotas aprovados,openspec/changes/hub-interoperabilidade-v4/specs/decisoes-e-governanca/spec.md,41,363db7fd0613b909c75beaeb9eb7dfe1e3cb52c8f4ecbbbbb697241e381dde9b
hub-interoperabilidade-v4:DEC-02:S004,DEC-02:S004,hub-interoperabilidade-v4,DEC-02,Registro de decisões pendentes (P-01 a P-11),P-01 bloqueia IaC remota e o gate ppd até a topologia de plataforma ser aprovada,openspec/changes/hub-interoperabilidade-v4/specs/decisoes-e-governanca/spec.md,46,363db7fd0613b909c75beaeb9eb7dfe1e3cb52c8f4ecbbbbb697241e381dde9b
hub-interoperabilidade-v4:DEC-02:S005,DEC-02:S005,hub-interoperabilidade-v4,DEC-02,Registro de decisões pendentes (P-01 a P-11),P-09 bloqueia o gate G0 da fatia até responsáveis e aprovação da v4 registrados,openspec/changes/hub-interoperabilidade-v4/specs/decisoes-e-governanca/spec.md,51,363db7fd0613b909c75beaeb9eb7dfe1e3cb52c8f4ecbbbbb697241e381dde9b
hub-interoperabilidade-v4:DEC-03:S001,DEC-03:S001,hub-interoperabilidade-v4,DEC-03,Decisões herdadas da v3 e preservadas,ADR-12 impede que retorno tardio após EXPIRED por SLA vire sucesso,openspec/changes/hub-interoperabilidade-v4/specs/decisoes-e-governanca/spec.md,59,363db7fd0613b909c75beaeb9eb7dfe1e3cb52c8f4ecbbbbb697241e381dde9b
hub-interoperabilidade-v4:DEC-03:S002,DEC-03:S002,hub-interoperabilidade-v4,DEC-03,Decisões herdadas da v3 e preservadas,ADR-18 mantém o compromisso regional de RPO zero bloqueado até desenho adequado,openspec/changes/hub-interoperabilidade-v4/specs/decisoes-e-governanca/spec.md,64,363db7fd0613b909c75beaeb9eb7dfe1e3cb52c8f4ecbbbbb697241e381dde9b
hub-interoperabilidade-v4:DEC-03:S003,DEC-03:S003,hub-interoperabilidade-v4,DEC-03,Decisões herdadas da v3 e preservadas,Consulta de resultado pendente usa representação unificada (200) herdada da correção v2→v3,openspec/changes/hub-interoperabilidade-v4/specs/decisoes-e-governanca/spec.md,69,363db7fd0613b909c75beaeb9eb7dfe1e3cb52c8f4ecbbbbb697241e381dde9b
hub-interoperabilidade-v4:DEC-03:S004,DEC-03:S004,hub-interoperabilidade-v4,DEC-03,Decisões herdadas da v3 e preservadas,A antiga meta regional de RPO de 15 minutos não é mais padrão implícito,openspec/changes/hub-interoperabilidade-v4/specs/decisoes-e-governanca/spec.md,74,363db7fd0613b909c75beaeb9eb7dfe1e3cb52c8f4ecbbbbb697241e381dde9b
hub-interoperabilidade-v4:DEC-03:S005,DEC-03:S005,hub-interoperabilidade-v4,DEC-03,Decisões herdadas da v3 e preservadas,IDs de ADR-11 a ADR-18 permanecem estáveis para rastreabilidade entre capítulos,openspec/changes/hub-interoperabilidade-v4/specs/decisoes-e-governanca/spec.md,79,363db7fd0613b909c75beaeb9eb7dfe1e3cb52c8f4ecbbbbb697241e381dde9b
hub-interoperabilidade-v4:DEC-04:S001,DEC-04:S001,hub-interoperabilidade-v4,DEC-04,Decisões e compatibilidade introduzidas na v4,ADR-19 retira a fila obrigatória do caminho SYNC sem fallback silencioso,openspec/changes/hub-interoperabilidade-v4/specs/decisoes-e-governanca/spec.md,87,363db7fd0613b909c75beaeb9eb7dfe1e3cb52c8f4ecbbbbb697241e381dde9b
hub-interoperabilidade-v4:DEC-04:S002,DEC-04:S002,hub-interoperabilidade-v4,DEC-04,Decisões e compatibilidade introduzidas na v4,ADR-20 recupera protocolo perdido por HTTP via idempotência com UUIDv7 universal,openspec/changes/hub-interoperabilidade-v4/specs/decisoes-e-governanca/spec.md,92,363db7fd0613b909c75beaeb9eb7dfe1e3cb52c8f4ecbbbbb697241e381dde9b
hub-interoperabilidade-v4:DEC-04:S003,DEC-04:S003,hub-interoperabilidade-v4,DEC-04,Decisões e compatibilidade introduzidas na v4,ADR-21 proíbe fallback implícito de credencial entre SHARED_HUB e TENANT_DEDICATED,openspec/changes/hub-interoperabilidade-v4/specs/decisoes-e-governanca/spec.md,97,363db7fd0613b909c75beaeb9eb7dfe1e3cb52c8f4ecbbbbb697241e381dde9b
hub-interoperabilidade-v4:DEC-04:S004,DEC-04:S004,hub-interoperabilidade-v4,DEC-04,Decisões e compatibilidade introduzidas na v4,ADR-22 dispensa broker/Atlas/cofre por pedido quando material válido já existe,openspec/changes/hub-interoperabilidade-v4/specs/decisoes-e-governanca/spec.md,102,363db7fd0613b909c75beaeb9eb7dfe1e3cb52c8f4ecbbbbb697241e381dde9b
hub-interoperabilidade-v4:DEC-04:S005,DEC-04:S005,hub-interoperabilidade-v4,DEC-04,Decisões e compatibilidade introduzidas na v4,ADR-25 exige prova específica de RTO e perda de região para uso com impacto em vida/segurança,openspec/changes/hub-interoperabilidade-v4/specs/decisoes-e-governanca/spec.md,107,363db7fd0613b909c75beaeb9eb7dfe1e3cb52c8f4ecbbbbb697241e381dde9b
hub-interoperabilidade-v4:DEC-05:S001,DEC-05:S001,hub-interoperabilidade-v4,DEC-05,"Registro de gaps, riscos e mitigação",GAP-02 (Crítica) permanece com qualificação pendente até crash/duplicata/UNKNOWN comprovados,openspec/changes/hub-interoperabilidade-v4/specs/decisoes-e-governanca/spec.md,115,363db7fd0613b909c75beaeb9eb7dfe1e3cb52c8f4ecbbbbb697241e381dde9b
hub-interoperabilidade-v4:DEC-05:S002,DEC-05:S002,hub-interoperabilidade-v4,DEC-05,"Registro de gaps, riscos e mitigação",GAP-09 (Crítica) exige limite de corte dentro do SLA sem split-brain antes de fechar migração de célula,openspec/changes/hub-interoperabilidade-v4/specs/decisoes-e-governanca/spec.md,120,363db7fd0613b909c75beaeb9eb7dfe1e3cb52c8f4ecbbbbb697241e381dde9b
hub-interoperabilidade-v4:DEC-05:S003,DEC-05:S003,hub-interoperabilidade-v4,DEC-05,"Registro de gaps, riscos e mitigação",GAP-12 (Crítica) mantém a referência atual sem qualificar RPO zero regional,openspec/changes/hub-interoperabilidade-v4/specs/decisoes-e-governanca/spec.md,125,363db7fd0613b909c75beaeb9eb7dfe1e3cb52c8f4ecbbbbb697241e381dde9b
hub-interoperabilidade-v4:DEC-05:S004,DEC-05:S004,hub-interoperabilidade-v4,DEC-05,"Registro de gaps, riscos e mitigação","GAP-05 (Crítica) impede que ""banco opcional"" confirme pedido ou final sem prova de custódia",openspec/changes/hub-interoperabilidade-v4/specs/decisoes-e-governanca/spec.md,130,363db7fd0613b909c75beaeb9eb7dfe1e3cb52c8f4ecbbbbb697241e381dde9b
hub-interoperabilidade-v4:DEC-05:S005,DEC-05:S005,hub-interoperabilidade-v4,DEC-05,"Registro de gaps, riscos e mitigação",GAP-13 (Crítica) restringe oferta de garantia externa que o provedor não sustenta,openspec/changes/hub-interoperabilidade-v4/specs/decisoes-e-governanca/spec.md,135,363db7fd0613b909c75beaeb9eb7dfe1e3cb52c8f4ecbbbbb697241e381dde9b
hub-interoperabilidade-v4:DEC-05:S006,DEC-05:S006,hub-interoperabilidade-v4,DEC-05,"Registro de gaps, riscos e mitigação",GAP-15 (Crítica) impede confundir texto completo com disponibilidade comprovada,openspec/changes/hub-interoperabilidade-v4/specs/decisoes-e-governanca/spec.md,140,363db7fd0613b909c75beaeb9eb7dfe1e3cb52c8f4ecbbbbb697241e381dde9b
hub-interoperabilidade-v4:OPE-01:S001,OPE-01:S001,hub-interoperabilidade-v4,OPE-01,Modelo de capacidade,Cálculo de operações pendentes e custo de polling,openspec/changes/hub-interoperabilidade-v4/specs/desempenho-e-operacao/spec.md,8,363db7fd0613b909c75beaeb9eb7dfe1e3cb52c8f4ecbbbbb697241e381dde9b
hub-interoperabilidade-v4:OPE-01:S002,OPE-01:S002,hub-interoperabilidade-v4,OPE-01,Modelo de capacidade,Qualificação por perfil misto de carga,openspec/changes/hub-interoperabilidade-v4/specs/desempenho-e-operacao/spec.md,13,363db7fd0613b909c75beaeb9eb7dfe1e3cb52c8f4ecbbbbb697241e381dde9b
hub-interoperabilidade-v4:OPE-01:S003,OPE-01:S003,hub-interoperabilidade-v4,OPE-01,Modelo de capacidade,Ensaio isolado de arquivos grandes,openspec/changes/hub-interoperabilidade-v4/specs/desempenho-e-operacao/spec.md,18,363db7fd0613b909c75beaeb9eb7dfe1e3cb52c8f4ecbbbbb697241e381dde9b
hub-interoperabilidade-v4:OPE-02:S001,OPE-02:S001,hub-interoperabilidade-v4,OPE-02,Estratégia de baixa latência,Consultas finais usam fonte autoritativa sem provedor,openspec/changes/hub-interoperabilidade-v4/specs/desempenho-e-operacao/spec.md,26,363db7fd0613b909c75beaeb9eb7dfe1e3cb52c8f4ecbbbbb697241e381dde9b
hub-interoperabilidade-v4:OPE-02:S002,OPE-02:S002,hub-interoperabilidade-v4,OPE-02,Estratégia de baixa latência,Cache opcional não vira fonte única de correlação,openspec/changes/hub-interoperabilidade-v4/specs/desempenho-e-operacao/spec.md,31,363db7fd0613b909c75beaeb9eb7dfe1e3cb52c8f4ecbbbbb697241e381dde9b
hub-interoperabilidade-v4:OPE-02:S003,OPE-02:S003,hub-interoperabilidade-v4,OPE-02,Estratégia de baixa latência,Orçamento justo de conexões sob autoscaling,openspec/changes/hub-interoperabilidade-v4/specs/desempenho-e-operacao/spec.md,36,363db7fd0613b909c75beaeb9eb7dfe1e3cb52c8f4ecbbbbb697241e381dde9b
hub-interoperabilidade-v4:OPE-03:S001,OPE-03:S001,hub-interoperabilidade-v4,OPE-03,SLOs e semântica de garantia,Disponibilidade de admissão e GET local,openspec/changes/hub-interoperabilidade-v4/specs/desempenho-e-operacao/spec.md,44,363db7fd0613b909c75beaeb9eb7dfe1e3cb52c8f4ecbbbbb697241e381dde9b
hub-interoperabilidade-v4:OPE-03:S002,OPE-03:S002,hub-interoperabilidade-v4,OPE-03,SLOs e semântica de garantia,Latência de aceite ASYNC e consulta de resultado local,openspec/changes/hub-interoperabilidade-v4/specs/desempenho-e-operacao/spec.md,49,363db7fd0613b909c75beaeb9eb7dfe1e3cb52c8f4ecbbbbb697241e381dde9b
hub-interoperabilidade-v4:OPE-03:S003,OPE-03:S003,hub-interoperabilidade-v4,OPE-03,SLOs e semântica de garantia,"Final ASYNC, primeira tentativa de webhook e atualidade financeira",openspec/changes/hub-interoperabilidade-v4/specs/desempenho-e-operacao/spec.md,54,363db7fd0613b909c75beaeb9eb7dfe1e3cb52c8f4ecbbbbb697241e381dde9b
hub-interoperabilidade-v4:OPE-03:S004,OPE-03:S004,hub-interoperabilidade-v4,OPE-03,SLOs e semântica de garantia,RTO de zona e de região não substituem qualificação crítica,openspec/changes/hub-interoperabilidade-v4/specs/desempenho-e-operacao/spec.md,59,363db7fd0613b909c75beaeb9eb7dfe1e3cb52c8f4ecbbbbb697241e381dde9b
hub-interoperabilidade-v4:OPE-04:S001,OPE-04:S001,hub-interoperabilidade-v4,OPE-04,Ambientes e alta disponibilidade,Dependências gerenciadas com HA real antes do gate ppd,openspec/changes/hub-interoperabilidade-v4/specs/desempenho-e-operacao/spec.md,67,363db7fd0613b909c75beaeb9eb7dfe1e3cb52c8f4ecbbbbb697241e381dde9b
hub-interoperabilidade-v4:OPE-04:S002,OPE-04:S002,hub-interoperabilidade-v4,OPE-04,Ambientes e alta disponibilidade,Kind e emulação local não substituem serviços gerenciados,openspec/changes/hub-interoperabilidade-v4/specs/desempenho-e-operacao/spec.md,72,363db7fd0613b909c75beaeb9eb7dfe1e3cb52c8f4ecbbbbb697241e381dde9b
hub-interoperabilidade-v4:OPE-04:S003,OPE-04:S003,hub-interoperabilidade-v4,OPE-04,Ambientes e alta disponibilidade,Isolamento por célula complementa e não substitui separação de ambiente,openspec/changes/hub-interoperabilidade-v4/specs/desempenho-e-operacao/spec.md,77,363db7fd0613b909c75beaeb9eb7dfe1e3cb52c8f4ecbbbbb697241e381dde9b
hub-interoperabilidade-v4:OPE-05:S001,OPE-05:S001,hub-interoperabilidade-v4,OPE-05,"Probes, escala e proteção",Readiness por capacidade evita que falha de envio derrube leitura saudável,openspec/changes/hub-interoperabilidade-v4/specs/desempenho-e-operacao/spec.md,85,363db7fd0613b909c75beaeb9eb7dfe1e3cb52c8f4ecbbbbb697241e381dde9b
hub-interoperabilidade-v4:OPE-05:S002,OPE-05:S002,hub-interoperabilidade-v4,OPE-05,"Probes, escala e proteção",Escala de workers por backlog e idade da obrigação,openspec/changes/hub-interoperabilidade-v4/specs/desempenho-e-operacao/spec.md,90,363db7fd0613b909c75beaeb9eb7dfe1e3cb52c8f4ecbbbbb697241e381dde9b
hub-interoperabilidade-v4:OPE-05:S003,OPE-05:S003,hub-interoperabilidade-v4,OPE-05,"Probes, escala e proteção",Drenagem preserva UNKNOWN em chamada externa incerta,openspec/changes/hub-interoperabilidade-v4/specs/desempenho-e-operacao/spec.md,95,363db7fd0613b909c75beaeb9eb7dfe1e3cb52c8f4ecbbbbb697241e381dde9b
hub-interoperabilidade-v4:OPE-06:S001,OPE-06:S001,hub-interoperabilidade-v4,OPE-06,Observabilidade e runbooks,Alerta de outbox envelhecida preserva pendência,openspec/changes/hub-interoperabilidade-v4/specs/desempenho-e-operacao/spec.md,103,363db7fd0613b909c75beaeb9eb7dfe1e3cb52c8f4ecbbbbb697241e381dde9b
hub-interoperabilidade-v4:OPE-06:S002,OPE-06:S002,hub-interoperabilidade-v4,OPE-06,Observabilidade e runbooks,Divergência financeira bloqueia fechamento incompleto,openspec/changes/hub-interoperabilidade-v4/specs/desempenho-e-operacao/spec.md,108,363db7fd0613b909c75beaeb9eb7dfe1e3cb52c8f4ecbbbbb697241e381dde9b
hub-interoperabilidade-v4:OPE-06:S003,OPE-06:S003,hub-interoperabilidade-v4,OPE-06,Observabilidade e runbooks,Auditoria de negócio não depende de amostragem de trace,openspec/changes/hub-interoperabilidade-v4/specs/desempenho-e-operacao/spec.md,113,363db7fd0613b909c75beaeb9eb7dfe1e3cb52c8f4ecbbbbb697241e381dde9b
hub-interoperabilidade-v4:OPE-07:S001,OPE-07:S001,hub-interoperabilidade-v4,OPE-07,Amortecimento e controle adaptativo do provedor,Redução multiplicativa sob 429 e Retry-After,openspec/changes/hub-interoperabilidade-v4/specs/desempenho-e-operacao/spec.md,121,363db7fd0613b909c75beaeb9eb7dfe1e3cb52c8f4ecbbbbb697241e381dde9b
hub-interoperabilidade-v4:OPE-07:S002,OPE-07:S002,hub-interoperabilidade-v4,OPE-07,Amortecimento e controle adaptativo do provedor,Aumento gradual em janela saudável,openspec/changes/hub-interoperabilidade-v4/specs/desempenho-e-operacao/spec.md,126,363db7fd0613b909c75beaeb9eb7dfe1e3cb52c8f4ecbbbbb697241e381dde9b
hub-interoperabilidade-v4:OPE-07:S003,OPE-07:S003,hub-interoperabilidade-v4,OPE-07,Amortecimento e controle adaptativo do provedor,Falha funcional não reduz capacidade global,openspec/changes/hub-interoperabilidade-v4/specs/desempenho-e-operacao/spec.md,131,363db7fd0613b909c75beaeb9eb7dfe1e3cb52c8f4ecbbbbb697241e381dde9b
hub-interoperabilidade-v4:OPE-07:S004,OPE-07:S004,hub-interoperabilidade-v4,OPE-07,Amortecimento e controle adaptativo do provedor,Coordenação distribuída em mudança de líder,openspec/changes/hub-interoperabilidade-v4/specs/desempenho-e-operacao/spec.md,136,363db7fd0613b909c75beaeb9eb7dfe1e3cb52c8f4ecbbbbb697241e381dde9b
hub-interoperabilidade-v4:OPE-08:S001,OPE-08:S001,hub-interoperabilidade-v4,OPE-08,Isolamento de concorrência e células,Classe Compartilhada protegida impõe limites por tenant,openspec/changes/hub-interoperabilidade-v4/specs/desempenho-e-operacao/spec.md,144,363db7fd0613b909c75beaeb9eb7dfe1e3cb52c8f4ecbbbbb697241e381dde9b
hub-interoperabilidade-v4:OPE-08:S002,OPE-08:S002,hub-interoperabilidade-v4,OPE-08,Isolamento de concorrência e células,Célula dedicada isola deployments e bancos,openspec/changes/hub-interoperabilidade-v4/specs/desempenho-e-operacao/spec.md,149,363db7fd0613b909c75beaeb9eb7dfe1e3cb52c8f4ecbbbbb697241e381dde9b
hub-interoperabilidade-v4:OPE-08:S003,OPE-08:S003,hub-interoperabilidade-v4,OPE-08,Isolamento de concorrência e células,Dedicada estrita não elimina falha externa global,openspec/changes/hub-interoperabilidade-v4/specs/desempenho-e-operacao/spec.md,154,363db7fd0613b909c75beaeb9eb7dfe1e3cb52c8f4ecbbbbb697241e381dde9b
hub-interoperabilidade-v4:OPE-08:S004,OPE-08:S004,hub-interoperabilidade-v4,OPE-08,Isolamento de concorrência e células,Teste de ruído entre tenants,openspec/changes/hub-interoperabilidade-v4/specs/desempenho-e-operacao/spec.md,159,363db7fd0613b909c75beaeb9eb7dfe1e3cb52c8f4ecbbbbb697241e381dde9b
hub-interoperabilidade-v4:OPE-09:S001,OPE-09:S001,hub-interoperabilidade-v4,OPE-09,Orçamento de latência e paralelismo,Percentis ponta a ponta medidos no mesmo conjunto de requisições,openspec/changes/hub-interoperabilidade-v4/specs/desempenho-e-operacao/spec.md,167,363db7fd0613b909c75beaeb9eb7dfe1e3cb52c8f4ecbbbbb697241e381dde9b
hub-interoperabilidade-v4:OPE-09:S002,OPE-09:S002,hub-interoperabilidade-v4,OPE-09,Orçamento de latência e paralelismo,SYNC remove fila obrigatória sem remover outbox de fatos,openspec/changes/hub-interoperabilidade-v4/specs/desempenho-e-operacao/spec.md,172,363db7fd0613b909c75beaeb9eb7dfe1e3cb52c8f4ecbbbbb697241e381dde9b
hub-interoperabilidade-v4:OPE-09:S003,OPE-09:S003,hub-interoperabilidade-v4,OPE-09,Orçamento de latência e paralelismo,Reserva de finalização considera prazo e capacidade mínimos,openspec/changes/hub-interoperabilidade-v4/specs/desempenho-e-operacao/spec.md,177,363db7fd0613b909c75beaeb9eb7dfe1e3cb52c8f4ecbbbbb697241e381dde9b
hub-interoperabilidade-v4:OPE-10:S001,OPE-10:S001,hub-interoperabilidade-v4,OPE-10,Aferição de SLA em ambas as relações,Taxa de quebra usa população elegível da coorte,openspec/changes/hub-interoperabilidade-v4/specs/desempenho-e-operacao/spec.md,185,363db7fd0613b909c75beaeb9eb7dfe1e3cb52c8f4ecbbbbb697241e381dde9b
hub-interoperabilidade-v4:OPE-10:S002,OPE-10:S002,hub-interoperabilidade-v4,OPE-10,Aferição de SLA em ambas as relações,Evidência de SLA durável e independente de amostragem,openspec/changes/hub-interoperabilidade-v4/specs/desempenho-e-operacao/spec.md,190,363db7fd0613b909c75beaeb9eb7dfe1e3cb52c8f4ecbbbbb697241e381dde9b
hub-interoperabilidade-v4:OPE-10:S003,OPE-10:S003,hub-interoperabilidade-v4,OPE-10,Aferição de SLA em ambas as relações,Alerta preventivo de orçamento não é violação confirmada,openspec/changes/hub-interoperabilidade-v4/specs/desempenho-e-operacao/spec.md,195,363db7fd0613b909c75beaeb9eb7dfe1e3cb52c8f4ecbbbbb697241e381dde9b
hub-interoperabilidade-v4:OPE-11:S001,OPE-11:S001,hub-interoperabilidade-v4,OPE-11,Preservação de informação e limites da garantia,Reconciliação identifica lacuna como incidente,openspec/changes/hub-interoperabilidade-v4/specs/desempenho-e-operacao/spec.md,203,363db7fd0613b909c75beaeb9eb7dfe1e3cb52c8f4ecbbbbb697241e381dde9b
hub-interoperabilidade-v4:OPE-11:S002,OPE-11:S002,hub-interoperabilidade-v4,OPE-11,Preservação de informação e limites da garantia,RPO zero regional exige persistência síncrona confirmada,openspec/changes/hub-interoperabilidade-v4/specs/desempenho-e-operacao/spec.md,208,363db7fd0613b909c75beaeb9eb7dfe1e3cb52c8f4ecbbbbb697241e381dde9b
hub-interoperabilidade-v4:OPE-11:S003,OPE-11:S003,hub-interoperabilidade-v4,OPE-11,Preservação de informação e limites da garantia,Operação ambígua preserva UNKNOWN sem inventar resultado,openspec/changes/hub-interoperabilidade-v4/specs/desempenho-e-operacao/spec.md,213,363db7fd0613b909c75beaeb9eb7dfe1e3cb52c8f4ecbbbbb697241e381dde9b
hub-interoperabilidade-v4:OPE-12:S001,OPE-12:S001,hub-interoperabilidade-v4,OPE-12,Escala automática de ponta a ponta,Expansão antecipa saturação de banco/célula,openspec/changes/hub-interoperabilidade-v4/specs/desempenho-e-operacao/spec.md,221,363db7fd0613b909c75beaeb9eb7dfe1e3cb52c8f4ecbbbbb697241e381dde9b
hub-interoperabilidade-v4:OPE-12:S002,OPE-12:S002,hub-interoperabilidade-v4,OPE-12,Escala automática de ponta a ponta,Controller de expansão indisponível não retira capacidade ativa,openspec/changes/hub-interoperabilidade-v4/specs/desempenho-e-operacao/spec.md,226,363db7fd0613b909c75beaeb9eb7dfe1e3cb52c8f4ecbbbbb697241e381dde9b
hub-interoperabilidade-v4:OPE-12:S003,OPE-12:S003,hub-interoperabilidade-v4,OPE-12,Escala automática de ponta a ponta,Falha da autoridade de orçamento admite apenas concessões válidas,openspec/changes/hub-interoperabilidade-v4/specs/desempenho-e-operacao/spec.md,231,363db7fd0613b909c75beaeb9eb7dfe1e3cb52c8f4ecbbbbb697241e381dde9b
hub-interoperabilidade-v4:OPE-13:S001,OPE-13:S001,hub-interoperabilidade-v4,OPE-13,Matriz de dependências e fallback seguro,Indisponibilidade do Redis usa bypass sem informação crítica exclusiva,openspec/changes/hub-interoperabilidade-v4/specs/desempenho-e-operacao/spec.md,239,363db7fd0613b909c75beaeb9eb7dfe1e3cb52c8f4ecbbbbb697241e381dde9b
hub-interoperabilidade-v4:OPE-13:S002,OPE-13:S002,hub-interoperabilidade-v4,OPE-13,Matriz de dependências e fallback seguro,Atlas indisponível mantém rotas conhecidas e bloqueia novo onboarding,openspec/changes/hub-interoperabilidade-v4/specs/desempenho-e-operacao/spec.md,244,363db7fd0613b909c75beaeb9eb7dfe1e3cb52c8f4ecbbbbb697241e381dde9b
hub-interoperabilidade-v4:OPE-13:S003,OPE-13:S003,hub-interoperabilidade-v4,OPE-13,Matriz de dependências e fallback seguro,PostgreSQL core writer indisponível preserva finais confirmados sem novos efeitos sem posse,openspec/changes/hub-interoperabilidade-v4/specs/desempenho-e-operacao/spec.md,249,363db7fd0613b909c75beaeb9eb7dfe1e3cb52c8f4ecbbbbb697241e381dde9b
hub-interoperabilidade-v4:OPE-13:S004,OPE-13:S004,hub-interoperabilidade-v4,OPE-13,Matriz de dependências e fallback seguro,Banco financeiro indisponível restringe reservas estritas,openspec/changes/hub-interoperabilidade-v4/specs/desempenho-e-operacao/spec.md,254,363db7fd0613b909c75beaeb9eb7dfe1e3cb52c8f4ecbbbbb697241e381dde9b
hub-interoperabilidade-v4:OPE-13:S005,OPE-13:S005,hub-interoperabilidade-v4,OPE-13,Matriz de dependências e fallback seguro,SNS/SQS indisponível recusa ASYNC sem slot durável,openspec/changes/hub-interoperabilidade-v4/specs/desempenho-e-operacao/spec.md,259,363db7fd0613b909c75beaeb9eb7dfe1e3cb52c8f4ecbbbbb697241e381dde9b
hub-interoperabilidade-v4:OPE-13:S006,OPE-13:S006,hub-interoperabilidade-v4,OPE-13,Matriz de dependências e fallback seguro,S3 indisponível não finaliza sucesso com referência não confirmada,openspec/changes/hub-interoperabilidade-v4/specs/desempenho-e-operacao/spec.md,264,363db7fd0613b909c75beaeb9eb7dfe1e3cb52c8f4ecbbbbb697241e381dde9b
hub-interoperabilidade-v4:OPE-13:S007,OPE-13:S007,hub-interoperabilidade-v4,OPE-13,Matriz de dependências e fallback seguro,Cofre/KMS indisponível bloqueia apenas o binding afetado,openspec/changes/hub-interoperabilidade-v4/specs/desempenho-e-operacao/spec.md,269,363db7fd0613b909c75beaeb9eb7dfe1e3cb52c8f4ecbbbbb697241e381dde9b
hub-interoperabilidade-v4:OPE-13:S008,OPE-13:S008,hub-interoperabilidade-v4,OPE-13,Matriz de dependências e fallback seguro,IdP indisponível não emite nova identidade por conta própria,openspec/changes/hub-interoperabilidade-v4/specs/desempenho-e-operacao/spec.md,274,363db7fd0613b909c75beaeb9eb7dfe1e3cb52c8f4ecbbbbb697241e381dde9b
hub-interoperabilidade-v4:OPE-13:S009,OPE-13:S009,hub-interoperabilidade-v4,OPE-13,Matriz de dependências e fallback seguro,Controlador de quota externa em partição nega novos tokens,openspec/changes/hub-interoperabilidade-v4/specs/desempenho-e-operacao/spec.md,279,363db7fd0613b909c75beaeb9eb7dfe1e3cb52c8f4ecbbbbb697241e381dde9b
hub-interoperabilidade-v4:OPE-13:S010,OPE-13:S010,hub-interoperabilidade-v4,OPE-13,Matriz de dependências e fallback seguro,Provedor específico indisponível isola apenas o vínculo afetado,openspec/changes/hub-interoperabilidade-v4/specs/desempenho-e-operacao/spec.md,284,363db7fd0613b909c75beaeb9eb7dfe1e3cb52c8f4ecbbbbb697241e381dde9b
hub-interoperabilidade-v4:OPE-13:S011,OPE-13:S011,hub-interoperabilidade-v4,OPE-13,Matriz de dependências e fallback seguro,Webhook do cliente indisponível preserva obrigação sem reexecutar produto,openspec/changes/hub-interoperabilidade-v4/specs/desempenho-e-operacao/spec.md,289,363db7fd0613b909c75beaeb9eb7dfe1e3cb52c8f4ecbbbbb697241e381dde9b
hub-interoperabilidade-v4:OPE-13:S012,OPE-13:S012,hub-interoperabilidade-v4,OPE-13,Matriz de dependências e fallback seguro,Observabilidade indisponível não bloqueia auditoria de negócio,openspec/changes/hub-interoperabilidade-v4/specs/desempenho-e-operacao/spec.md,294,363db7fd0613b909c75beaeb9eb7dfe1e3cb52c8f4ecbbbbb697241e381dde9b
hub-interoperabilidade-v4:OPE-13:S013,OPE-13:S013,hub-interoperabilidade-v4,OPE-13,Matriz de dependências e fallback seguro,Kubernetes API/Crossplane/Karpenter indisponíveis mantêm workloads saudáveis,openspec/changes/hub-interoperabilidade-v4/specs/desempenho-e-operacao/spec.md,299,363db7fd0613b909c75beaeb9eb7dfe1e3cb52c8f4ecbbbbb697241e381dde9b
hub-interoperabilidade-v4:OPE-14:S001,OPE-14:S001,hub-interoperabilidade-v4,OPE-14,Manutenção sem indisponibilidade evitável,Canary/rolling de APIs e workers preserva intenção,openspec/changes/hub-interoperabilidade-v4/specs/desempenho-e-operacao/spec.md,307,363db7fd0613b909c75beaeb9eb7dfe1e3cb52c8f4ecbbbbb697241e381dde9b
hub-interoperabilidade-v4:OPE-14:S002,OPE-14:S002,hub-interoperabilidade-v4,OPE-14,Manutenção sem indisponibilidade evitável,"Manutenção de PostgreSQL demonstra RTO real, não apenas ""multi-AZ""",openspec/changes/hub-interoperabilidade-v4/specs/desempenho-e-operacao/spec.md,312,363db7fd0613b909c75beaeb9eb7dfe1e3cb52c8f4ecbbbbb697241e381dde9b
hub-interoperabilidade-v4:OPE-14:S003,OPE-14:S003,hub-interoperabilidade-v4,OPE-14,Manutenção sem indisponibilidade evitável,Manutenção que excede orçamento síncrono é falha de disponibilidade,openspec/changes/hub-interoperabilidade-v4/specs/desempenho-e-operacao/spec.md,317,363db7fd0613b909c75beaeb9eb7dfe1e3cb52c8f4ecbbbbb697241e381dde9b
hub-interoperabilidade-v4:OPE-15:S001,OPE-15:S001,hub-interoperabilidade-v4,OPE-15,"Criticidade, tolerância a falhas e continuidade operacional","99,99% mensal não prova adequação a impacto crítico",openspec/changes/hub-interoperabilidade-v4/specs/desempenho-e-operacao/spec.md,325,363db7fd0613b909c75beaeb9eb7dfe1e3cb52c8f4ecbbbbb697241e381dde9b
hub-interoperabilidade-v4:OPE-15:S002,OPE-15:S002,hub-interoperabilidade-v4,OPE-15,"Criticidade, tolerância a falhas e continuidade operacional",Perda de região com RPO zero exige autoridade transacional qualificada,openspec/changes/hub-interoperabilidade-v4/specs/desempenho-e-operacao/spec.md,330,363db7fd0613b909c75beaeb9eb7dfe1e3cb52c8f4ecbbbbb697241e381dde9b
hub-interoperabilidade-v4:OPE-15:S003,OPE-15:S003,hub-interoperabilidade-v4,OPE-15,"Criticidade, tolerância a falhas e continuidade operacional",Durante partição regional apenas um lado aceita efeitos,openspec/changes/hub-interoperabilidade-v4/specs/desempenho-e-operacao/spec.md,335,363db7fd0613b909c75beaeb9eb7dfe1e3cb52c8f4ecbbbbb697241e381dde9b
hub-interoperabilidade-v4:OPE-15:S004,OPE-15:S004,hub-interoperabilidade-v4,OPE-15,"Criticidade, tolerância a falhas e continuidade operacional",Contrato de contingência do consumidor define uso de resultado antigo,openspec/changes/hub-interoperabilidade-v4/specs/desempenho-e-operacao/spec.md,340,363db7fd0613b909c75beaeb9eb7dfe1e3cb52c8f4ecbbbbb697241e381dde9b
hub-interoperabilidade-v4:EXE-01:S001,EXE-01:S001,hub-interoperabilidade-v4,EXE-01,Admissão durável,Mesma chave e mesmo hash recuperam o protocolo existente,openspec/changes/hub-interoperabilidade-v4/specs/execucao-e-integracoes/spec.md,8,363db7fd0613b909c75beaeb9eb7dfe1e3cb52c8f4ecbbbbb697241e381dde9b
hub-interoperabilidade-v4:EXE-01:S002,EXE-01:S002,hub-interoperabilidade-v4,EXE-01,Admissão durável,Mesma chave com payload diferente retorna conflito,openspec/changes/hub-interoperabilidade-v4/specs/execucao-e-integracoes/spec.md,13,363db7fd0613b909c75beaeb9eb7dfe1e3cb52c8f4ecbbbbb697241e381dde9b
hub-interoperabilidade-v4:EXE-01:S003,EXE-01:S003,hub-interoperabilidade-v4,EXE-01,Admissão durável,Resposta perdida após commit é recuperada pela repetição da mesma chave,openspec/changes/hub-interoperabilidade-v4/specs/execucao-e-integracoes/spec.md,18,363db7fd0613b909c75beaeb9eb7dfe1e3cb52c8f4ecbbbbb697241e381dde9b
hub-interoperabilidade-v4:EXE-01:S004,EXE-01:S004,hub-interoperabilidade-v4,EXE-01,Admissão durável,Ausência de banco de admissão impede confirmar aceite em memória,openspec/changes/hub-interoperabilidade-v4/specs/execucao-e-integracoes/spec.md,23,363db7fd0613b909c75beaeb9eb7dfe1e3cb52c8f4ecbbbbb697241e381dde9b
hub-interoperabilidade-v4:EXE-02:S001,EXE-02:S001,hub-interoperabilidade-v4,EXE-02,Modos de atendimento,Provedor síncrono em SYNC não converte para 202,openspec/changes/hub-interoperabilidade-v4/specs/execucao-e-integracoes/spec.md,31,363db7fd0613b909c75beaeb9eb7dfe1e3cb52c8f4ecbbbbb697241e381dde9b
hub-interoperabilidade-v4:EXE-02:S002,EXE-02:S002,hub-interoperabilidade-v4,EXE-02,Modos de atendimento,Provedor síncrono em AUTO aguarda fila sem equivaler a SYNC,openspec/changes/hub-interoperabilidade-v4/specs/execucao-e-integracoes/spec.md,36,363db7fd0613b909c75beaeb9eb7dfe1e3cb52c8f4ecbbbbb697241e381dde9b
hub-interoperabilidade-v4:EXE-02:S003,EXE-02:S003,hub-interoperabilidade-v4,EXE-02,Modos de atendimento,Prazo SYNC esgotado retorna 504 com final de expiração já persistido,openspec/changes/hub-interoperabilidade-v4/specs/execucao-e-integracoes/spec.md,41,363db7fd0613b909c75beaeb9eb7dfe1e3cb52c8f4ecbbbbb697241e381dde9b
hub-interoperabilidade-v4:EXE-02:S004,EXE-02:S004,hub-interoperabilidade-v4,EXE-02,Modos de atendimento,Provedor assíncrono em SYNC não é ofertado sem nova decisão,openspec/changes/hub-interoperabilidade-v4/specs/execucao-e-integracoes/spec.md,46,363db7fd0613b909c75beaeb9eb7dfe1e3cb52c8f4ecbbbbb697241e381dde9b
hub-interoperabilidade-v4:EXE-03:S001,EXE-03:S001,hub-interoperabilidade-v4,EXE-03,Estados e autoridade,"Cometa decide o fato externo, Órbita decide a conclusão do passo",openspec/changes/hub-interoperabilidade-v4/specs/execucao-e-integracoes/spec.md,54,363db7fd0613b909c75beaeb9eb7dfe1e3cb52c8f4ecbbbbb697241e381dde9b
hub-interoperabilidade-v4:EXE-03:S002,EXE-03:S002,hub-interoperabilidade-v4,EXE-03,Estados e autoridade,UNKNOWN não vira FAILED por conveniência,openspec/changes/hub-interoperabilidade-v4/specs/execucao-e-integracoes/spec.md,59,363db7fd0613b909c75beaeb9eb7dfe1e3cb52c8f4ecbbbbb697241e381dde9b
hub-interoperabilidade-v4:EXE-03:S003,EXE-03:S003,hub-interoperabilidade-v4,EXE-03,Estados e autoridade,CANCELLED exige inexistência comprovada de efeitos pendentes,openspec/changes/hub-interoperabilidade-v4/specs/execucao-e-integracoes/spec.md,64,363db7fd0613b909c75beaeb9eb7dfe1e3cb52c8f4ecbbbbb697241e381dde9b
hub-interoperabilidade-v4:EXE-03:S004,EXE-03:S004,hub-interoperabilidade-v4,EXE-03,Estados e autoridade,Evento intermediário atrasado não regride estado final,openspec/changes/hub-interoperabilidade-v4/specs/execucao-e-integracoes/spec.md,69,363db7fd0613b909c75beaeb9eb7dfe1e3cb52c8f4ecbbbbb697241e381dde9b
hub-interoperabilidade-v4:EXE-04:S001,EXE-04:S001,hub-interoperabilidade-v4,EXE-04,Operação e correlação,"Callback sem correlação vira UNCORRELATED, não associado por heurística",openspec/changes/hub-interoperabilidade-v4/specs/execucao-e-integracoes/spec.md,77,363db7fd0613b909c75beaeb9eb7dfe1e3cb52c8f4ecbbbbb697241e381dde9b
hub-interoperabilidade-v4:EXE-04:S002,EXE-04:S002,hub-interoperabilidade-v4,EXE-04,Operação e correlação,Troca autorizada de provedor cria nova operação vinculada ao mesmo passo,openspec/changes/hub-interoperabilidade-v4/specs/execucao-e-integracoes/spec.md,82,363db7fd0613b909c75beaeb9eb7dfe1e3cb52c8f4ecbbbbb697241e381dde9b
hub-interoperabilidade-v4:EXE-04:S003,EXE-04:S003,hub-interoperabilidade-v4,EXE-04,Operação e correlação,"Crash após envio sem resposta persistida exige reconstrução, não invenção de final",openspec/changes/hub-interoperabilidade-v4/specs/execucao-e-integracoes/spec.md,87,363db7fd0613b909c75beaeb9eb7dfe1e3cb52c8f4ecbbbbb697241e381dde9b
hub-interoperabilidade-v4:EXE-05:S001,EXE-05:S001,hub-interoperabilidade-v4,EXE-05,Polling configurável,Defaults propostos não se aplicam sem aprovação do vínculo,openspec/changes/hub-interoperabilidade-v4/specs/execucao-e-integracoes/spec.md,95,363db7fd0613b909c75beaeb9eb7dfe1e3cb52c8f4ecbbbbb697241e381dde9b
hub-interoperabilidade-v4:EXE-05:S002,EXE-05:S002,hub-interoperabilidade-v4,EXE-05,Polling configurável,"Retry-After respeitado dentro do prazo, expiração tratada além do deadline",openspec/changes/hub-interoperabilidade-v4/specs/execucao-e-integracoes/spec.md,100,363db7fd0613b909c75beaeb9eb7dfe1e3cb52c8f4ecbbbbb697241e381dde9b
hub-interoperabilidade-v4:EXE-05:S003,EXE-05:S003,hub-interoperabilidade-v4,EXE-05,Polling configurável,Worker reclama trabalho de forma exclusiva sem manter transação dormindo,openspec/changes/hub-interoperabilidade-v4/specs/execucao-e-integracoes/spec.md,105,363db7fd0613b909c75beaeb9eb7dfe1e3cb52c8f4ecbbbbb697241e381dde9b
hub-interoperabilidade-v4:EXE-05:S004,EXE-05:S004,hub-interoperabilidade-v4,EXE-05,Polling configurável,Pausar polling não cancela a operação nem apaga o prazo,openspec/changes/hub-interoperabilidade-v4/specs/execucao-e-integracoes/spec.md,110,363db7fd0613b909c75beaeb9eb7dfe1e3cb52c8f4ecbbbbb697241e381dde9b
hub-interoperabilidade-v4:EXE-06:S001,EXE-06:S001,hub-interoperabilidade-v4,EXE-06,Concorrência entre callback e polling,Callback e polling com o mesmo final aplicam transição única,openspec/changes/hub-interoperabilidade-v4/specs/execucao-e-integracoes/spec.md,118,363db7fd0613b909c75beaeb9eb7dfe1e3cb52c8f4ecbbbbb697241e381dde9b
hub-interoperabilidade-v4:EXE-06:S002,EXE-06:S002,hub-interoperabilidade-v4,EXE-06,Concorrência entre callback e polling,Finais conflitantes preservam ambos e marcam CONFLICT,openspec/changes/hub-interoperabilidade-v4/specs/execucao-e-integracoes/spec.md,123,363db7fd0613b909c75beaeb9eb7dfe1e3cb52c8f4ecbbbbb697241e381dde9b
hub-interoperabilidade-v4:EXE-06:S003,EXE-06:S003,hub-interoperabilidade-v4,EXE-06,Concorrência entre callback e polling,"""Não encontrado"" logo após submit usa janela documentada, sem reiniciar às cegas",openspec/changes/hub-interoperabilidade-v4/specs/execucao-e-integracoes/spec.md,128,363db7fd0613b909c75beaeb9eb7dfe1e3cb52c8f4ecbbbbb697241e381dde9b
hub-interoperabilidade-v4:EXE-07:S001,EXE-07:S001,hub-interoperabilidade-v4,EXE-07,Contrato de consultas públicas,Consultar resultado expurgado retorna 410 sem nova busca externa,openspec/changes/hub-interoperabilidade-v4/specs/execucao-e-integracoes/spec.md,136,363db7fd0613b909c75beaeb9eb7dfe1e3cb52c8f4ecbbbbb697241e381dde9b
hub-interoperabilidade-v4:EXE-07:S002,EXE-07:S002,hub-interoperabilidade-v4,EXE-07,Contrato de consultas públicas,Solicitar cancelamento registra intenção durável sem afirmar conclusão externa,openspec/changes/hub-interoperabilidade-v4/specs/execucao-e-integracoes/spec.md,141,363db7fd0613b909c75beaeb9eb7dfe1e3cb52c8f4ecbbbbb697241e381dde9b
hub-interoperabilidade-v4:EXE-07:S003,EXE-07:S003,hub-interoperabilidade-v4,EXE-07,Contrato de consultas públicas,Consultas públicas não incrementam o medidor de execução do provedor,openspec/changes/hub-interoperabilidade-v4/specs/execucao-e-integracoes/spec.md,146,363db7fd0613b909c75beaeb9eb7dfe1e3cb52c8f4ecbbbbb697241e381dde9b
hub-interoperabilidade-v4:EXE-07:S004,EXE-07:S004,hub-interoperabilidade-v4,EXE-07,Contrato de consultas públicas,Atualizar/reexecutar cria novo protocolo com referência ao anterior,openspec/changes/hub-interoperabilidade-v4/specs/execucao-e-integracoes/spec.md,151,363db7fd0613b909c75beaeb9eb7dfe1e3cb52c8f4ecbbbbb697241e381dde9b
hub-interoperabilidade-v4:EXE-08:S001,EXE-08:S001,hub-interoperabilidade-v4,EXE-08,Webhooks,Recibo é persistido antes da resposta 2xx ao provedor,openspec/changes/hub-interoperabilidade-v4/specs/execucao-e-integracoes/spec.md,159,363db7fd0613b909c75beaeb9eb7dfe1e3cb52c8f4ecbbbbb697241e381dde9b
hub-interoperabilidade-v4:EXE-08:S002,EXE-08:S002,hub-interoperabilidade-v4,EXE-08,Webhooks,"Destino de webhook precisa estar previamente cadastrado, sem URL arbitrária por pedido",openspec/changes/hub-interoperabilidade-v4/specs/execucao-e-integracoes/spec.md,164,363db7fd0613b909c75beaeb9eb7dfe1e3cb52c8f4ecbbbbb697241e381dde9b
hub-interoperabilidade-v4:EXE-08:S003,EXE-08:S003,hub-interoperabilidade-v4,EXE-08,Webhooks,Erros de entrega são classificados por família de status HTTP,openspec/changes/hub-interoperabilidade-v4/specs/execucao-e-integracoes/spec.md,169,363db7fd0613b909c75beaeb9eb7dfe1e3cb52c8f4ecbbbbb697241e381dde9b
hub-interoperabilidade-v4:EXE-08:S004,EXE-08:S004,hub-interoperabilidade-v4,EXE-08,Webhooks,"Esgotamento das tentativas gera EXHAUSTED e alerta, resultado permanece disponível",openspec/changes/hub-interoperabilidade-v4/specs/execucao-e-integracoes/spec.md,174,363db7fd0613b909c75beaeb9eb7dfe1e3cb52c8f4ecbbbbb697241e381dde9b
hub-interoperabilidade-v4:EXE-09:S001,EXE-09:S001,hub-interoperabilidade-v4,EXE-09,"Falhas, retry e encerramento",Falha anterior ao envio permite retry seguro,openspec/changes/hub-interoperabilidade-v4/specs/execucao-e-integracoes/spec.md,182,363db7fd0613b909c75beaeb9eb7dfe1e3cb52c8f4ecbbbbb697241e381dde9b
hub-interoperabilidade-v4:EXE-09:S002,EXE-09:S002,hub-interoperabilidade-v4,EXE-09,"Falhas, retry e encerramento",Falha após envio possível exige UNKNOWN e consulta/reenvio idempotente ou reconciliação manual,openspec/changes/hub-interoperabilidade-v4/specs/execucao-e-integracoes/spec.md,187,363db7fd0613b909c75beaeb9eb7dfe1e3cb52c8f4ecbbbbb697241e381dde9b
hub-interoperabilidade-v4:EXE-09:S003,EXE-09:S003,hub-interoperabilidade-v4,EXE-09,"Falhas, retry e encerramento",Resultado tardio após encerramento por SLA não reabre o protocolo,openspec/changes/hub-interoperabilidade-v4/specs/execucao-e-integracoes/spec.md,192,363db7fd0613b909c75beaeb9eb7dfe1e3cb52c8f4ecbbbbb697241e381dde9b
hub-interoperabilidade-v4:EXE-09:S004,EXE-09:S004,hub-interoperabilidade-v4,EXE-09,"Falhas, retry e encerramento","DLQ é diagnóstico, não encerramento da obrigação",openspec/changes/hub-interoperabilidade-v4/specs/execucao-e-integracoes/spec.md,197,363db7fd0613b909c75beaeb9eb7dfe1e3cb52c8f4ecbbbbb697241e381dde9b
hub-interoperabilidade-v4:EXE-10:S001,EXE-10:S001,hub-interoperabilidade-v4,EXE-10,TTL de reprocessamento em segundos,Exemplo numérico de retry_until com TTL 60s e reserva final 5s,openspec/changes/hub-interoperabilidade-v4/specs/execucao-e-integracoes/spec.md,205,363db7fd0613b909c75beaeb9eb7dfe1e3cb52c8f4ecbbbbb697241e381dde9b
hub-interoperabilidade-v4:EXE-10:S002,EXE-10:S002,hub-interoperabilidade-v4,EXE-10,TTL de reprocessamento em segundos,Zero desabilita retry de falha transitória,openspec/changes/hub-interoperabilidade-v4/specs/execucao-e-integracoes/spec.md,210,363db7fd0613b909c75beaeb9eb7dfe1e3cb52c8f4ecbbbbb697241e381dde9b
hub-interoperabilidade-v4:EXE-10:S003,EXE-10:S003,hub-interoperabilidade-v4,EXE-10,TTL de reprocessamento em segundos,Reinício ou troca de provedor não redefine first_transient_at,openspec/changes/hub-interoperabilidade-v4/specs/execucao-e-integracoes/spec.md,215,363db7fd0613b909c75beaeb9eb7dfe1e3cb52c8f4ecbbbbb697241e381dde9b
hub-interoperabilidade-v4:EXE-10:S004,EXE-10:S004,hub-interoperabilidade-v4,EXE-10,TTL de reprocessamento em segundos,Falha sem efeito até esgotar TTL antes do deadline resulta em FAILED com motivo específico,openspec/changes/hub-interoperabilidade-v4/specs/execucao-e-integracoes/spec.md,220,363db7fd0613b909c75beaeb9eb7dfe1e3cb52c8f4ecbbbbb697241e381dde9b
hub-interoperabilidade-v4:EXE-10:S005,EXE-10:S005,hub-interoperabilidade-v4,EXE-10,TTL de reprocessamento em segundos,"Fim do TTL não é, sozinho, causa de término quando o provedor volta a aceitar",openspec/changes/hub-interoperabilidade-v4/specs/execucao-e-integracoes/spec.md,225,363db7fd0613b909c75beaeb9eb7dfe1e3cb52c8f4ecbbbbb697241e381dde9b
hub-interoperabilidade-v4:EXE-11:S001,EXE-11:S001,hub-interoperabilidade-v4,EXE-11,"Deadline, encerramento e disputa temporal",Temporizador encerra o protocolo no deadline mesmo com polling saudável,openspec/changes/hub-interoperabilidade-v4/specs/execucao-e-integracoes/spec.md,233,363db7fd0613b909c75beaeb9eb7dfe1e3cb52c8f4ecbbbbb697241e381dde9b
hub-interoperabilidade-v4:EXE-11:S002,EXE-11:S002,hub-interoperabilidade-v4,EXE-11,"Deadline, encerramento e disputa temporal",Igualdade exata ao deadline é tratada como atraso,openspec/changes/hub-interoperabilidade-v4/specs/execucao-e-integracoes/spec.md,238,363db7fd0613b909c75beaeb9eb7dfe1e3cb52c8f4ecbbbbb697241e381dde9b
hub-interoperabilidade-v4:EXE-11:S003,EXE-11:S003,hub-interoperabilidade-v4,EXE-11,"Deadline, encerramento e disputa temporal",Infraestrutura incapaz de confirmar elegibilidade temporal não emite sucesso,openspec/changes/hub-interoperabilidade-v4/specs/execucao-e-integracoes/spec.md,243,363db7fd0613b909c75beaeb9eb7dfe1e3cb52c8f4ecbbbbb697241e381dde9b
hub-interoperabilidade-v4:EXE-11:S004,EXE-11:S004,hub-interoperabilidade-v4,EXE-11,"Deadline, encerramento e disputa temporal",MONITOR_ONLY e REJECT_LATE aplicam políticas distintas sem afetar o deadline do cliente,openspec/changes/hub-interoperabilidade-v4/specs/execucao-e-integracoes/spec.md,248,363db7fd0613b909c75beaeb9eb7dfe1e3cb52c8f4ecbbbbb697241e381dde9b
hub-interoperabilidade-v4:EXE-12:S001,EXE-12:S001,hub-interoperabilidade-v4,EXE-12,Rejeição de retorno tardio sem apagar evidência,Retorno tardio é persistido como REJECTED_LATE_SLA sem substituir o erro final,openspec/changes/hub-interoperabilidade-v4/specs/execucao-e-integracoes/spec.md,256,363db7fd0613b909c75beaeb9eb7dfe1e3cb52c8f4ecbbbbb697241e381dde9b
hub-interoperabilidade-v4:EXE-12:S002,EXE-12:S002,hub-interoperabilidade-v4,EXE-12,Rejeição de retorno tardio sem apagar evidência,Recusa pode responder 2xx ao provedor sem significar aceitação,openspec/changes/hub-interoperabilidade-v4/specs/execucao-e-integracoes/spec.md,261,363db7fd0613b909c75beaeb9eb7dfe1e3cb52c8f4ecbbbbb697241e381dde9b
hub-interoperabilidade-v4:EXE-12:S003,EXE-12:S003,hub-interoperabilidade-v4,EXE-12,Rejeição de retorno tardio sem apagar evidência,"Reexecução solicitada cria novo protocolo, não reutiliza conteúdo rejeitado",openspec/changes/hub-interoperabilidade-v4/specs/execucao-e-integracoes/spec.md,266,363db7fd0613b909c75beaeb9eb7dfe1e3cb52c8f4ecbbbbb697241e381dde9b
hub-interoperabilidade-v4:EXE-12:S004,EXE-12:S004,hub-interoperabilidade-v4,EXE-12,Rejeição de retorno tardio sem apagar evidência,GET e webhook de encerramento continuam devolvendo a representação de erro original,openspec/changes/hub-interoperabilidade-v4/specs/execucao-e-integracoes/spec.md,271,363db7fd0613b909c75beaeb9eb7dfe1e3cb52c8f4ecbbbbb697241e381dde9b
hub-interoperabilidade-v4:EXE-13:S001,EXE-13:S001,hub-interoperabilidade-v4,EXE-13,Paralelismo e espera eficiente,Passos READY sem dependências pendentes são agendados em paralelo dentro de limites,openspec/changes/hub-interoperabilidade-v4/specs/execucao-e-integracoes/spec.md,279,363db7fd0613b909c75beaeb9eb7dfe1e3cb52c8f4ecbbbbb697241e381dde9b
hub-interoperabilidade-v4:EXE-13:S002,EXE-13:S002,hub-interoperabilidade-v4,EXE-13,Paralelismo e espera eficiente,"Espera de polling/retry usa timers persistidos, não thread dedicada",openspec/changes/hub-interoperabilidade-v4/specs/execucao-e-integracoes/spec.md,284,363db7fd0613b909c75beaeb9eb7dfe1e3cb52c8f4ecbbbbb697241e381dde9b
hub-interoperabilidade-v4:EXE-13:S003,EXE-13:S003,hub-interoperabilidade-v4,EXE-13,Paralelismo e espera eficiente,Cancelar espera local não prova que o provedor cancelou a operação,openspec/changes/hub-interoperabilidade-v4/specs/execucao-e-integracoes/spec.md,289,363db7fd0613b909c75beaeb9eb7dfe1e3cb52c8f4ecbbbbb697241e381dde9b
hub-interoperabilidade-v4:EXE-14:S001,EXE-14:S001,hub-interoperabilidade-v4,EXE-14,"SYNC direto, prazo e resposta final",Pedido pode reduzir mas não ampliar connection_deadline_at,openspec/changes/hub-interoperabilidade-v4/specs/execucao-e-integracoes/spec.md,297,363db7fd0613b909c75beaeb9eb7dfe1e3cb52c8f4ecbbbbb697241e381dde9b
hub-interoperabilidade-v4:EXE-14:S002,EXE-14:S002,hub-interoperabilidade-v4,EXE-14,"SYNC direto, prazo e resposta final","SYNC não retorna 202 diante de fila, provedor lento ou banco em failover",openspec/changes/hub-interoperabilidade-v4/specs/execucao-e-integracoes/spec.md,302,363db7fd0613b909c75beaeb9eb7dfe1e3cb52c8f4ecbbbbb697241e381dde9b
hub-interoperabilidade-v4:EXE-14:S003,EXE-14:S003,hub-interoperabilidade-v4,EXE-14,"SYNC direto, prazo e resposta final",Aceite que já consome o orçamento útil é recusado antes de efeito externo,openspec/changes/hub-interoperabilidade-v4/specs/execucao-e-integracoes/spec.md,307,363db7fd0613b909c75beaeb9eb7dfe1e3cb52c8f4ecbbbbb697241e381dde9b
hub-interoperabilidade-v4:EXE-14:S004,EXE-14:S004,hub-interoperabilidade-v4,EXE-14,"SYNC direto, prazo e resposta final",Fechamento da conexão interrompe espera local sem provar cancelamento do provedor,openspec/changes/hub-interoperabilidade-v4/specs/execucao-e-integracoes/spec.md,312,363db7fd0613b909c75beaeb9eb7dfe1e3cb52c8f4ecbbbbb697241e381dde9b
hub-interoperabilidade-v4:EXE-14:S005,EXE-14:S005,hub-interoperabilidade-v4,EXE-14,"SYNC direto, prazo e resposta final","Mesmo corpo final é retornado na criação SYNC, no GET e no webhook",openspec/changes/hub-interoperabilidade-v4/specs/execucao-e-integracoes/spec.md,317,363db7fd0613b909c75beaeb9eb7dfe1e3cb52c8f4ecbbbbb697241e381dde9b
hub-interoperabilidade-v4:EXE-15:S001,EXE-15:S001,hub-interoperabilidade-v4,EXE-15,"Posse única entre despacho direto, fila e recuperação",Intenção DIRECT não é duplicada como comando de execução em SQS,openspec/changes/hub-interoperabilidade-v4/specs/execucao-e-integracoes/spec.md,325,363db7fd0613b909c75beaeb9eb7dfe1e3cb52c8f4ecbbbbb697241e381dde9b
hub-interoperabilidade-v4:EXE-15:S002,EXE-15:S002,hub-interoperabilidade-v4,EXE-15,"Posse única entre despacho direto, fila e recuperação",Lease expirado sozinho não torna seguro um segundo submit,openspec/changes/hub-interoperabilidade-v4/specs/execucao-e-integracoes/spec.md,330,363db7fd0613b909c75beaeb9eb7dfe1e3cb52c8f4ecbbbbb697241e381dde9b
hub-interoperabilidade-v4:EXE-15:S003,EXE-15:S003,hub-interoperabilidade-v4,EXE-15,"Posse única entre despacho direto, fila e recuperação",Transferência para fila conserva command_id/operation_id sem mudar modo ou estender deadline,openspec/changes/hub-interoperabilidade-v4/specs/execucao-e-integracoes/spec.md,335,363db7fd0613b909c75beaeb9eb7dfe1e3cb52c8f4ecbbbbb697241e381dde9b
hub-interoperabilidade-v4:EXE-15:S004,EXE-15:S004,hub-interoperabilidade-v4,EXE-15,"Posse única entre despacho direto, fila e recuperação",Crash após final do Cometa e antes da resposta direta é resolvido por leitura da operação existente,openspec/changes/hub-interoperabilidade-v4/specs/execucao-e-integracoes/spec.md,340,363db7fd0613b909c75beaeb9eb7dfe1e3cb52c8f4ecbbbbb697241e381dde9b
hub-interoperabilidade-v4:EXE-15:S005,EXE-15:S005,hub-interoperabilidade-v4,EXE-15,"Posse única entre despacho direto, fila e recuperação","Em SYNC com conexão perdida, a obrigação durável continua sem prometer resposta à conexão encerrada",openspec/changes/hub-interoperabilidade-v4/specs/execucao-e-integracoes/spec.md,345,363db7fd0613b909c75beaeb9eb7dfe1e3cb52c8f4ecbbbbb697241e381dde9b
hub-interoperabilidade-v4:EXE-16:S001,EXE-16:S001,hub-interoperabilidade-v4,EXE-16,"UUIDv7, repetição e consulta futura",Repetição da mesma Idempotency-Key recupera o mesmo UUID mesmo sem resposta anterior recebida,openspec/changes/hub-interoperabilidade-v4/specs/execucao-e-integracoes/spec.md,353,363db7fd0613b909c75beaeb9eb7dfe1e3cb52c8f4ecbbbbb697241e381dde9b
hub-interoperabilidade-v4:EXE-16:S002,EXE-16:S002,hub-interoperabilidade-v4,EXE-16,"UUIDv7, repetição e consulta futura",Componente temporal do UUIDv7 não prova autorização nem commit,openspec/changes/hub-interoperabilidade-v4/specs/execucao-e-integracoes/spec.md,358,363db7fd0613b909c75beaeb9eb7dfe1e3cb52c8f4ecbbbbb697241e381dde9b
hub-interoperabilidade-v4:EXE-16:S003,EXE-16:S003,hub-interoperabilidade-v4,EXE-16,"UUIDv7, repetição e consulta futura",Nenhuma credencial de cliente consulta outro tenant por conhecer o UUID,openspec/changes/hub-interoperabilidade-v4/specs/execucao-e-integracoes/spec.md,363,363db7fd0613b909c75beaeb9eb7dfe1e3cb52c8f4ecbbbbb697241e381dde9b
hub-interoperabilidade-v4:EXE-16:S004,EXE-16:S004,hub-interoperabilidade-v4,EXE-16,"UUIDv7, repetição e consulta futura",Request_id técnico de pedido recusado antes do commit não é anunciado como protocolo aceito,openspec/changes/hub-interoperabilidade-v4/specs/execucao-e-integracoes/spec.md,368,363db7fd0613b909c75beaeb9eb7dfe1e3cb52c8f4ecbbbbb697241e381dde9b
hub-interoperabilidade-v4:DAD-01:S001,DAD-01:S001,hub-interoperabilidade-v4,DAD-01,Bancos e propriedade,"Isolamento entre domínios impede join, escrita cruzada e chave estrangeira",openspec/changes/hub-interoperabilidade-v4/specs/persistencia-e-dados/spec.md,8,363db7fd0613b909c75beaeb9eb7dfe1e3cb52c8f4ecbbbbb697241e381dde9b
hub-interoperabilidade-v4:DAD-01:S002,DAD-01:S002,hub-interoperabilidade-v4,DAD-01,Bancos e propriedade,Contrato de saldo estrito mantém uma única autoridade financeira ativa,openspec/changes/hub-interoperabilidade-v4/specs/persistencia-e-dados/spec.md,13,363db7fd0613b909c75beaeb9eb7dfe1e3cb52c8f4ecbbbbb697241e381dde9b
hub-interoperabilidade-v4:DAD-01:S003,DAD-01:S003,hub-interoperabilidade-v4,DAD-01,Bancos e propriedade,Ausência em réplica atrasada não é tratada como inexistência do registro,openspec/changes/hub-interoperabilidade-v4/specs/persistencia-e-dados/spec.md,18,363db7fd0613b909c75beaeb9eb7dfe1e3cb52c8f4ecbbbbb697241e381dde9b
hub-interoperabilidade-v4:DAD-02:S001,DAD-02:S001,hub-interoperabilidade-v4,DAD-02,Modelo lógico mínimo,Unicidade de idempotência do Protocolo é preservada sob concorrência,openspec/changes/hub-interoperabilidade-v4/specs/persistencia-e-dados/spec.md,26,363db7fd0613b909c75beaeb9eb7dfe1e3cb52c8f4ecbbbbb697241e381dde9b
hub-interoperabilidade-v4:DAD-02:S002,DAD-02:S002,hub-interoperabilidade-v4,DAD-02,Modelo lógico mínimo,Resultado é imutável por versão e só o ponteiro atual muda com auditoria,openspec/changes/hub-interoperabilidade-v4/specs/persistencia-e-dados/spec.md,31,363db7fd0613b909c75beaeb9eb7dfe1e3cb52c8f4ecbbbbb697241e381dde9b
hub-interoperabilidade-v4:DAD-02:S003,DAD-02:S003,hub-interoperabilidade-v4,DAD-02,Modelo lógico mínimo,Campos de negócio consultados com frequência não ficam escondidos apenas em JSON,openspec/changes/hub-interoperabilidade-v4/specs/persistencia-e-dados/spec.md,36,363db7fd0613b909c75beaeb9eb7dfe1e3cb52c8f4ecbbbbb697241e381dde9b
hub-interoperabilidade-v4:DAD-03:S001,DAD-03:S001,hub-interoperabilidade-v4,DAD-03,Transações e referências,"Admissão persiste protocolo, idempotência, pedido e intenção em uma única transação",openspec/changes/hub-interoperabilidade-v4/specs/persistencia-e-dados/spec.md,44,363db7fd0613b909c75beaeb9eb7dfe1e3cb52c8f4ecbbbbb697241e381dde9b
hub-interoperabilidade-v4:DAD-03:S002,DAD-03:S002,hub-interoperabilidade-v4,DAD-03,Transações e referências,Sistema não mantém transação aberta esperando resposta externa,openspec/changes/hub-interoperabilidade-v4/specs/persistencia-e-dados/spec.md,49,363db7fd0613b909c75beaeb9eb7dfe1e3cb52c8f4ecbbbbb697241e381dde9b
hub-interoperabilidade-v4:DAD-03:S003,DAD-03:S003,hub-interoperabilidade-v4,DAD-03,Transações e referências,"Atualização concorrente de estado é arbitrada por versão, e lease não neutraliza chamada já enviada ao provedor",openspec/changes/hub-interoperabilidade-v4/specs/persistencia-e-dados/spec.md,54,363db7fd0613b909c75beaeb9eb7dfe1e3cb52c8f4ecbbbbb697241e381dde9b
hub-interoperabilidade-v4:DAD-04:S001,DAD-04:S001,hub-interoperabilidade-v4,DAD-04,Resultado como fonte de consulta,"GET do cliente nunca aciona consulta ao provedor, em qualquer estado do resultado",openspec/changes/hub-interoperabilidade-v4/specs/persistencia-e-dados/spec.md,62,363db7fd0613b909c75beaeb9eb7dfe1e3cb52c8f4ecbbbbb697241e381dde9b
hub-interoperabilidade-v4:DAD-04:S002,DAD-04:S002,hub-interoperabilidade-v4,DAD-04,Resultado como fonte de consulta,Link temporário de provedor deve ser capturado pelo hub antes de ser considerado disponível,openspec/changes/hub-interoperabilidade-v4/specs/persistencia-e-dados/spec.md,67,363db7fd0613b909c75beaeb9eb7dfe1e3cb52c8f4ecbbbbb697241e381dde9b
hub-interoperabilidade-v4:DAD-04:S003,DAD-04:S003,hub-interoperabilidade-v4,DAD-04,Resultado como fonte de consulta,Contrato que proíbe armazenamento bloqueia publicação sem decisão explícita,openspec/changes/hub-interoperabilidade-v4/specs/persistencia-e-dados/spec.md,72,363db7fd0613b909c75beaeb9eb7dfe1e3cb52c8f4ecbbbbb697241e381dde9b
hub-interoperabilidade-v4:DAD-04:S004,DAD-04:S004,hub-interoperabilidade-v4,DAD-04,Resultado como fonte de consulta,"Resultado expurgado não recria o pedido e ""atualizar dados"" gera novo protocolo",openspec/changes/hub-interoperabilidade-v4/specs/persistencia-e-dados/spec.md,77,363db7fd0613b909c75beaeb9eb7dfe1e3cb52c8f4ecbbbbb697241e381dde9b
hub-interoperabilidade-v4:DAD-05:S001,DAD-05:S001,hub-interoperabilidade-v4,DAD-05,Arquivos e atomicidade com objetos,Somente objeto no estado DISPONIVEL integra pedido executável,openspec/changes/hub-interoperabilidade-v4/specs/persistencia-e-dados/spec.md,85,363db7fd0613b909c75beaeb9eb7dfe1e3cb52c8f4ecbbbbb697241e381dde9b
hub-interoperabilidade-v4:DAD-05:S002,DAD-05:S002,hub-interoperabilidade-v4,DAD-05,Arquivos e atomicidade com objetos,"Falha entre confirmação do objeto e gravação da referência gera órfão, não referência quebrada",openspec/changes/hub-interoperabilidade-v4/specs/persistencia-e-dados/spec.md,90,363db7fd0613b909c75beaeb9eb7dfe1e3cb52c8f4ecbbbbb697241e381dde9b
hub-interoperabilidade-v4:DAD-05:S003,DAD-05:S003,hub-interoperabilidade-v4,DAD-05,Arquivos e atomicidade com objetos,Saída obrigatória indisponível impede publicação de sucesso completo,openspec/changes/hub-interoperabilidade-v4/specs/persistencia-e-dados/spec.md,95,363db7fd0613b909c75beaeb9eb7dfe1e3cb52c8f4ecbbbbb697241e381dde9b
hub-interoperabilidade-v4:DAD-06:S001,DAD-06:S001,hub-interoperabilidade-v4,DAD-06,Retenção e expurgo,Serviço não é publicado sem prazo de retenção explícito,openspec/changes/hub-interoperabilidade-v4/specs/persistencia-e-dados/spec.md,103,363db7fd0613b909c75beaeb9eb7dfe1e3cb52c8f4ecbbbbb697241e381dde9b
hub-interoperabilidade-v4:DAD-06:S002,DAD-06:S002,hub-interoperabilidade-v4,DAD-06,Retenção e expurgo,Resultado necessário a entrega pendente não é removido antes do fim da janela contratual,openspec/changes/hub-interoperabilidade-v4/specs/persistencia-e-dados/spec.md,108,363db7fd0613b909c75beaeb9eb7dfe1e3cb52c8f4ecbbbbb697241e381dde9b
hub-interoperabilidade-v4:DAD-06:S003,DAD-06:S003,hub-interoperabilidade-v4,DAD-06,Retenção e expurgo,"Exclusão em conflito com preservação é decidida pelo responsável pelos dados, sem contornar via tombstone",openspec/changes/hub-interoperabilidade-v4/specs/persistencia-e-dados/spec.md,113,363db7fd0613b909c75beaeb9eb7dfe1e3cb52c8f4ecbbbbb697241e381dde9b
hub-interoperabilidade-v4:DAD-07:S001,DAD-07:S001,hub-interoperabilidade-v4,DAD-07,"Isolamento, recuperação e auditoria",Conta de aplicação não possui BYPASSRLS e papel de migração é distinto do runtime,openspec/changes/hub-interoperabilidade-v4/specs/persistencia-e-dados/spec.md,121,363db7fd0613b909c75beaeb9eb7dfe1e3cb52c8f4ecbbbbb697241e381dde9b
hub-interoperabilidade-v4:DAD-07:S002,DAD-07:S002,hub-interoperabilidade-v4,DAD-07,"Isolamento, recuperação e auditoria",Contexto de tenant em conexão reutilizada é limpo a cada uso do pool,openspec/changes/hub-interoperabilidade-v4/specs/persistencia-e-dados/spec.md,126,363db7fd0613b909c75beaeb9eb7dfe1e3cb52c8f4ecbbbbb697241e381dde9b
hub-interoperabilidade-v4:DAD-07:S003,DAD-07:S003,hub-interoperabilidade-v4,DAD-07,"Isolamento, recuperação e auditoria","Restauração bloqueia efeitos externos e reconcilia antes de retomar, sem reexecutar todo o período",openspec/changes/hub-interoperabilidade-v4/specs/persistencia-e-dados/spec.md,131,363db7fd0613b909c75beaeb9eb7dfe1e3cb52c8f4ecbbbbb697241e381dde9b
hub-interoperabilidade-v4:DAD-08:S001,DAD-08:S001,hub-interoperabilidade-v4,DAD-08,"Persistência adicional de contrato, prazo e pressão","Deadline absoluto do protocolo não é renovado por retry, mensagem ou migração",openspec/changes/hub-interoperabilidade-v4/specs/persistencia-e-dados/spec.md,139,363db7fd0613b909c75beaeb9eb7dfe1e3cb52c8f4ecbbbbb697241e381dde9b
hub-interoperabilidade-v4:DAD-08:S002,DAD-08:S002,hub-interoperabilidade-v4,DAD-08,"Persistência adicional de contrato, prazo e pressão",Timestamp do provedor é evidência separada e não substitui o relógio autoritativo do hub,openspec/changes/hub-interoperabilidade-v4/specs/persistencia-e-dados/spec.md,144,363db7fd0613b909c75beaeb9eb7dfe1e3cb52c8f4ecbbbbb697241e381dde9b
hub-interoperabilidade-v4:DAD-08:S003,DAD-08:S003,hub-interoperabilidade-v4,DAD-08,"Persistência adicional de contrato, prazo e pressão","Tentativa tardia permanece vinculada à operação, mas não reabre resposta de sucesso já expirada",openspec/changes/hub-interoperabilidade-v4/specs/persistencia-e-dados/spec.md,149,363db7fd0613b909c75beaeb9eb7dfe1e3cb52c8f4ecbbbbb697241e381dde9b
hub-interoperabilidade-v4:DAD-08:S004,DAD-08:S004,hub-interoperabilidade-v4,DAD-08,"Persistência adicional de contrato, prazo e pressão",Representação final do cliente não muda em replay de GET ou webhook,openspec/changes/hub-interoperabilidade-v4/specs/persistencia-e-dados/spec.md,154,363db7fd0613b909c75beaeb9eb7dfe1e3cb52c8f4ecbbbbb697241e381dde9b
hub-interoperabilidade-v4:DAD-09:S001,DAD-09:S001,hub-interoperabilidade-v4,DAD-09,"Dependência mínima de escrita, sem custódia fictícia",Fronteiras síncronas obrigatórias registram seus dados antes da resposta ao cliente,openspec/changes/hub-interoperabilidade-v4/specs/persistencia-e-dados/spec.md,162,363db7fd0613b909c75beaeb9eb7dfe1e3cb52c8f4ecbbbbb697241e381dde9b
hub-interoperabilidade-v4:DAD-09:S002,DAD-09:S002,hub-interoperabilidade-v4,DAD-09,"Dependência mínima de escrita, sem custódia fictícia","Commit com resposta perdida é tratado como incerto, consultando a mesma autoridade recuperada",openspec/changes/hub-interoperabilidade-v4/specs/persistencia-e-dados/spec.md,167,363db7fd0613b909c75beaeb9eb7dfe1e3cb52c8f4ecbbbbb697241e381dde9b
hub-interoperabilidade-v4:DAD-09:S003,DAD-09:S003,hub-interoperabilidade-v4,DAD-09,"Dependência mínima de escrita, sem custódia fictícia",Sistema não emite aceite fictício por escrita alternativa durante falha do writer,openspec/changes/hub-interoperabilidade-v4/specs/persistencia-e-dados/spec.md,172,363db7fd0613b909c75beaeb9eb7dfe1e3cb52c8f4ecbbbbb697241e381dde9b
hub-interoperabilidade-v4:DAD-10:S001,DAD-10:S001,hub-interoperabilidade-v4,DAD-10,Cache dispensável e continuidade de leitura,Redis indisponível aciona bypass automático sem comprometer a corretude da leitura,openspec/changes/hub-interoperabilidade-v4/specs/persistencia-e-dados/spec.md,180,363db7fd0613b909c75beaeb9eb7dfe1e3cb52c8f4ecbbbbb697241e381dde9b
hub-interoperabilidade-v4:DAD-10:S002,DAD-10:S002,hub-interoperabilidade-v4,DAD-10,Cache dispensável e continuidade de leitura,Réplica atrasada não gera 404 definitivo nem sucesso fabricado,openspec/changes/hub-interoperabilidade-v4/specs/persistencia-e-dados/spec.md,185,363db7fd0613b909c75beaeb9eb7dfe1e3cb52c8f4ecbbbbb697241e381dde9b
hub-interoperabilidade-v4:DAD-10:S003,DAD-10:S003,hub-interoperabilidade-v4,DAD-10,Cache dispensável e continuidade de leitura,Cache antigo de final revisável não prova atualidade para versão corrente,openspec/changes/hub-interoperabilidade-v4/specs/persistencia-e-dados/spec.md,190,363db7fd0613b909c75beaeb9eb7dfe1e3cb52c8f4ecbbbbb697241e381dde9b
hub-interoperabilidade-v4:DAD-10:S004,DAD-10:S004,hub-interoperabilidade-v4,DAD-10,Cache dispensável e continuidade de leitura,Autorização insuficiente suspende a leitura mesmo em fallback de cache,openspec/changes/hub-interoperabilidade-v4/specs/persistencia-e-dados/spec.md,195,363db7fd0613b909c75beaeb9eb7dfe1e3cb52c8f4ecbbbbb697241e381dde9b
hub-interoperabilidade-v4:DAD-11:S001,DAD-11:S001,hub-interoperabilidade-v4,DAD-11,"Dados, placement e crescimento de células",Novo tenant é alocado em célula pronta sem infraestrutura exclusiva,openspec/changes/hub-interoperabilidade-v4/specs/persistencia-e-dados/spec.md,203,363db7fd0613b909c75beaeb9eb7dfe1e3cb52c8f4ecbbbbb697241e381dde9b
hub-interoperabilidade-v4:DAD-11:S002,DAD-11:S002,hub-interoperabilidade-v4,DAD-11,"Dados, placement e crescimento de células","Cliente não seleciona célula por header, e o caminho habitual não consulta diretório global",openspec/changes/hub-interoperabilidade-v4/specs/persistencia-e-dados/spec.md,208,363db7fd0613b909c75beaeb9eb7dfe1e3cb52c8f4ecbbbbb697241e381dde9b
hub-interoperabilidade-v4:DAD-11:S003,DAD-11:S003,hub-interoperabilidade-v4,DAD-11,"Dados, placement e crescimento de células",Migração é abortada e autoridade antiga é mantida quando o orçamento homologado não é atendido,openspec/changes/hub-interoperabilidade-v4/specs/persistencia-e-dados/spec.md,213,363db7fd0613b909c75beaeb9eb7dfe1e3cb52c8f4ecbbbbb697241e381dde9b
hub-interoperabilidade-v4:DAD-11:S004,DAD-11:S004,hub-interoperabilidade-v4,DAD-11,"Dados, placement e crescimento de células",Fragmentação de saldo entre múltiplas células ativas não é comportamento implícito,openspec/changes/hub-interoperabilidade-v4/specs/persistencia-e-dados/spec.md,218,363db7fd0613b909c75beaeb9eb7dfe1e3cb52c8f4ecbbbbb697241e381dde9b
hub-interoperabilidade-v4:QUA-01:S001,QUA-01:S001,hub-interoperabilidade-v4,QUA-01,Estratégia de engenharia,Matriz de rastreabilidade nasce com status NÃO EXECUTADO,openspec/changes/hub-interoperabilidade-v4/specs/qualidade-e-aceite/spec.md,8,363db7fd0613b909c75beaeb9eb7dfe1e3cb52c8f4ecbbbbb697241e381dde9b
hub-interoperabilidade-v4:QUA-01:S002,QUA-01:S002,hub-interoperabilidade-v4,QUA-01,Estratégia de engenharia,Cobertura de código alta não substitui cobertura de risco,openspec/changes/hub-interoperabilidade-v4/specs/qualidade-e-aceite/spec.md,13,363db7fd0613b909c75beaeb9eb7dfe1e3cb52c8f4ecbbbbb697241e381dde9b
hub-interoperabilidade-v4:QUA-01:S003,QUA-01:S003,hub-interoperabilidade-v4,QUA-01,Estratégia de engenharia,Coleção sintética de referência contém os casos obrigatórios,openspec/changes/hub-interoperabilidade-v4/specs/qualidade-e-aceite/spec.md,18,363db7fd0613b909c75beaeb9eb7dfe1e3cb52c8f4ecbbbbb697241e381dde9b
hub-interoperabilidade-v4:QUA-01:S004,QUA-01:S004,hub-interoperabilidade-v4,QUA-01,Estratégia de engenharia,Homologação usa sandbox real para capacidades não simuláveis,openspec/changes/hub-interoperabilidade-v4/specs/qualidade-e-aceite/spec.md,23,363db7fd0613b909c75beaeb9eb7dfe1e3cb52c8f4ecbbbbb697241e381dde9b
hub-interoperabilidade-v4:QUA-02:S001,QUA-02:S001,hub-interoperabilidade-v4,QUA-02,Casos críticos de falha e concorrência,Commit sem resposta ao cliente preserva idempotência,openspec/changes/hub-interoperabilidade-v4/specs/qualidade-e-aceite/spec.md,31,363db7fd0613b909c75beaeb9eb7dfe1e3cb52c8f4ecbbbbb697241e381dde9b
hub-interoperabilidade-v4:QUA-02:S002,QUA-02:S002,hub-interoperabilidade-v4,QUA-02,Casos críticos de falha e concorrência,Banco gravado com broker fora preserva o outbox,openspec/changes/hub-interoperabilidade-v4/specs/qualidade-e-aceite/spec.md,36,363db7fd0613b909c75beaeb9eb7dfe1e3cb52c8f4ecbbbbb697241e381dde9b
hub-interoperabilidade-v4:QUA-02:S003,QUA-02:S003,hub-interoperabilidade-v4,QUA-02,Casos críticos de falha e concorrência,Timeout externo ambíguo resulta em UNKNOWN sem failover indevido,openspec/changes/hub-interoperabilidade-v4/specs/qualidade-e-aceite/spec.md,41,363db7fd0613b909c75beaeb9eb7dfe1e3cb52c8f4ecbbbbb697241e381dde9b
hub-interoperabilidade-v4:QUA-02:S004,QUA-02:S004,hub-interoperabilidade-v4,QUA-02,Casos críticos de falha e concorrência,Callback e polling simultâneos produzem uma única conclusão,openspec/changes/hub-interoperabilidade-v4/specs/qualidade-e-aceite/spec.md,46,363db7fd0613b909c75beaeb9eb7dfe1e3cb52c8f4ecbbbbb697241e381dde9b
hub-interoperabilidade-v4:QUA-02:S005,QUA-02:S005,hub-interoperabilidade-v4,QUA-02,Casos críticos de falha e concorrência,Quota de provedor compartilhada respeita limite global sob escala horizontal,openspec/changes/hub-interoperabilidade-v4/specs/qualidade-e-aceite/spec.md,51,363db7fd0613b909c75beaeb9eb7dfe1e3cb52c8f4ecbbbbb697241e381dde9b
hub-interoperabilidade-v4:QUA-02:S006,QUA-02:S006,hub-interoperabilidade-v4,QUA-02,Casos críticos de falha e concorrência,Saldo disputado não excede o limite estrito do contrato,openspec/changes/hub-interoperabilidade-v4/specs/qualidade-e-aceite/spec.md,56,363db7fd0613b909c75beaeb9eb7dfe1e3cb52c8f4ecbbbbb697241e381dde9b
hub-interoperabilidade-v4:QUA-02:S007,QUA-02:S007,hub-interoperabilidade-v4,QUA-02,Casos críticos de falha e concorrência,Webhook indisponível não gera reexecução indevida,openspec/changes/hub-interoperabilidade-v4/specs/qualidade-e-aceite/spec.md,61,363db7fd0613b909c75beaeb9eb7dfe1e3cb52c8f4ecbbbbb697241e381dde9b
hub-interoperabilidade-v4:QUA-02:S008,QUA-02:S008,hub-interoperabilidade-v4,QUA-02,Casos críticos de falha e concorrência,Restauração de backup com efeitos externos já realizados bloqueia saída até reconciliar,openspec/changes/hub-interoperabilidade-v4/specs/qualidade-e-aceite/spec.md,66,363db7fd0613b909c75beaeb9eb7dfe1e3cb52c8f4ecbbbbb697241e381dde9b
hub-interoperabilidade-v4:QUA-02:S009,QUA-02:S009,hub-interoperabilidade-v4,QUA-02,Casos críticos de falha e concorrência,Casos adicionais de segurança e contrato são cobertos além da tabela principal,openspec/changes/hub-interoperabilidade-v4/specs/qualidade-e-aceite/spec.md,71,363db7fd0613b909c75beaeb9eb7dfe1e3cb52c8f4ecbbbbb697241e381dde9b
hub-interoperabilidade-v4:QUA-03:S001,QUA-03:S001,hub-interoperabilidade-v4,QUA-03,Critérios de aceite e evidência,Relatório de desempenho incompleto não qualifica um SLO,openspec/changes/hub-interoperabilidade-v4/specs/qualidade-e-aceite/spec.md,79,363db7fd0613b909c75beaeb9eb7dfe1e3cb52c8f4ecbbbbb697241e381dde9b
hub-interoperabilidade-v4:QUA-03:S002,QUA-03:S002,hub-interoperabilidade-v4,QUA-03,Critérios de aceite e evidência,"""Fila vazia"" não prova ausência de perda",openspec/changes/hub-interoperabilidade-v4/specs/qualidade-e-aceite/spec.md,84,363db7fd0613b909c75beaeb9eb7dfe1e3cb52c8f4ecbbbbb697241e381dde9b
hub-interoperabilidade-v4:QUA-03:S003,QUA-03:S003,hub-interoperabilidade-v4,QUA-03,Critérios de aceite e evidência,Faturamento é validado por calculadora independente antes do aceite,openspec/changes/hub-interoperabilidade-v4/specs/qualidade-e-aceite/spec.md,89,363db7fd0613b909c75beaeb9eb7dfe1e3cb52c8f4ecbbbbb697241e381dde9b
hub-interoperabilidade-v4:QUA-03:S004,QUA-03:S004,hub-interoperabilidade-v4,QUA-03,Critérios de aceite e evidência,Consulta local (GET) não gera nova chamada ao provedor,openspec/changes/hub-interoperabilidade-v4/specs/qualidade-e-aceite/spec.md,94,363db7fd0613b909c75beaeb9eb7dfe1e3cb52c8f4ecbbbbb697241e381dde9b
hub-interoperabilidade-v4:QUA-03:S005,QUA-03:S005,hub-interoperabilidade-v4,QUA-03,Critérios de aceite e evidência,Bloqueador de release não é reclassificado para cumprir prazo,openspec/changes/hub-interoperabilidade-v4/specs/qualidade-e-aceite/spec.md,99,363db7fd0613b909c75beaeb9eb7dfe1e3cb52c8f4ecbbbbb697241e381dde9b
hub-interoperabilidade-v4:QUA-04:S001,QUA-04:S001,hub-interoperabilidade-v4,QUA-04,Gates e definição de pronto,G0 não exige conta de produção para fatia sintética,openspec/changes/hub-interoperabilidade-v4/specs/qualidade-e-aceite/spec.md,107,363db7fd0613b909c75beaeb9eb7dfe1e3cb52c8f4ecbbbbb697241e381dde9b
hub-interoperabilidade-v4:QUA-04:S002,QUA-04:S002,hub-interoperabilidade-v4,QUA-04,Gates e definição de pronto,G2 bloqueia promoção sem testes negativos entre tenants aprovados,openspec/changes/hub-interoperabilidade-v4/specs/qualidade-e-aceite/spec.md,112,363db7fd0613b909c75beaeb9eb7dfe1e3cb52c8f4ecbbbbb697241e381dde9b
hub-interoperabilidade-v4:QUA-04:S003,QUA-04:S003,hub-interoperabilidade-v4,QUA-04,Gates e definição de pronto,G3 exige o mesmo artefato de produção e prova correspondente ao RPO assumido,openspec/changes/hub-interoperabilidade-v4/specs/qualidade-e-aceite/spec.md,117,363db7fd0613b909c75beaeb9eb7dfe1e3cb52c8f4ecbbbbb697241e381dde9b
hub-interoperabilidade-v4:QUA-04:S004,QUA-04:S004,hub-interoperabilidade-v4,QUA-04,Gates e definição de pronto,"G4 não declara produção pronta com endpoints ""não implementado""",openspec/changes/hub-interoperabilidade-v4/specs/qualidade-e-aceite/spec.md,122,363db7fd0613b909c75beaeb9eb7dfe1e3cb52c8f4ecbbbbb697241e381dde9b
hub-interoperabilidade-v4:QUA-04:S005,QUA-04:S005,hub-interoperabilidade-v4,QUA-04,Gates e definição de pronto,Oferta crítica em G4 exige perfil OPE-15 e cenários QUA-06 aprovados,openspec/changes/hub-interoperabilidade-v4/specs/qualidade-e-aceite/spec.md,127,363db7fd0613b909c75beaeb9eb7dfe1e3cb52c8f4ecbbbbb697241e381dde9b
hub-interoperabilidade-v4:QUA-05:S001,QUA-05:S001,hub-interoperabilidade-v4,QUA-05,Qualificação dos incrementos v3,TTL contínuo mantém a mesma janela através de reinício e troca de worker,openspec/changes/hub-interoperabilidade-v4/specs/qualidade-e-aceite/spec.md,135,363db7fd0613b909c75beaeb9eb7dfe1e3cb52c8f4ecbbbbb697241e381dde9b
hub-interoperabilidade-v4:QUA-05:S002,QUA-05:S002,hub-interoperabilidade-v4,QUA-05,Qualificação dos incrementos v3,TTL zero e erro permanente não geram repetição indevida,openspec/changes/hub-interoperabilidade-v4/specs/qualidade-e-aceite/spec.md,140,363db7fd0613b909c75beaeb9eb7dfe1e3cb52c8f4ecbbbbb697241e381dde9b
hub-interoperabilidade-v4:QUA-05:S003,QUA-05:S003,hub-interoperabilidade-v4,QUA-05,Qualificação dos incrementos v3,"Provedor lento sem falhas HTTP resulta em expiração explícita, não em sucesso tardio",openspec/changes/hub-interoperabilidade-v4/specs/qualidade-e-aceite/spec.md,145,363db7fd0613b909c75beaeb9eb7dfe1e3cb52c8f4ecbbbbb697241e381dde9b
hub-interoperabilidade-v4:QUA-05:S004,QUA-05:S004,hub-interoperabilidade-v4,QUA-05,Qualificação dos incrementos v3,Fronteira temporal do deadline produz um único final,openspec/changes/hub-interoperabilidade-v4/specs/qualidade-e-aceite/spec.md,150,363db7fd0613b909c75beaeb9eb7dfe1e3cb52c8f4ecbbbbb697241e381dde9b
hub-interoperabilidade-v4:QUA-05:S005,QUA-05:S005,hub-interoperabilidade-v4,QUA-05,Qualificação dos incrementos v3,Retorno tardio com impacto financeiro não gera receita de sucesso,openspec/changes/hub-interoperabilidade-v4/specs/qualidade-e-aceite/spec.md,155,363db7fd0613b909c75beaeb9eb7dfe1e3cb52c8f4ecbbbbb697241e381dde9b
hub-interoperabilidade-v4:QUA-05:S006,QUA-05:S006,hub-interoperabilidade-v4,QUA-05,Qualificação dos incrementos v3,Pressão variável ajusta o limite efetivo sem ultrapassar o teto,openspec/changes/hub-interoperabilidade-v4/specs/qualidade-e-aceite/spec.md,160,363db7fd0613b909c75beaeb9eb7dfe1e3cb52c8f4ecbbbbb697241e381dde9b
hub-interoperabilidade-v4:QUA-05:S007,QUA-05:S007,hub-interoperabilidade-v4,QUA-05,Qualificação dos incrementos v3,Múltiplas réplicas do Cometa respeitam a quota agregada com fencing,openspec/changes/hub-interoperabilidade-v4/specs/qualidade-e-aceite/spec.md,165,363db7fd0613b909c75beaeb9eb7dfe1e3cb52c8f4ecbbbbb697241e381dde9b
hub-interoperabilidade-v4:QUA-05:S008,QUA-05:S008,hub-interoperabilidade-v4,QUA-05,Qualificação dos incrementos v3,Cliente ruidoso não consome a reserva de outro tenant,openspec/changes/hub-interoperabilidade-v4/specs/qualidade-e-aceite/spec.md,170,363db7fd0613b909c75beaeb9eb7dfe1e3cb52c8f4ecbbbbb697241e381dde9b
hub-interoperabilidade-v4:QUA-05:S009,QUA-05:S009,hub-interoperabilidade-v4,QUA-05,Qualificação dos incrementos v3,Administração entre tenants nega cliente e audita administrador,openspec/changes/hub-interoperabilidade-v4/specs/qualidade-e-aceite/spec.md,175,363db7fd0613b909c75beaeb9eb7dfe1e3cb52c8f4ecbbbbb697241e381dde9b
hub-interoperabilidade-v4:QUA-05:S010,QUA-05:S010,hub-interoperabilidade-v4,QUA-05,Qualificação dos incrementos v3,Preservação de fatos confirmados após falha correlacionada,openspec/changes/hub-interoperabilidade-v4/specs/qualidade-e-aceite/spec.md,180,363db7fd0613b909c75beaeb9eb7dfe1e3cb52c8f4ecbbbbb697241e381dde9b
hub-interoperabilidade-v4:QUA-06:S001,QUA-06:S001,hub-interoperabilidade-v4,QUA-06,Qualificação integrada da v4,SYNC nativo conclui na mesma conexão com broker cortado,openspec/changes/hub-interoperabilidade-v4/specs/qualidade-e-aceite/spec.md,188,363db7fd0613b909c75beaeb9eb7dfe1e3cb52c8f4ecbbbbb697241e381dde9b
hub-interoperabilidade-v4:QUA-06:S002,QUA-06:S002,hub-interoperabilidade-v4,QUA-06,Qualificação integrada da v4,UUIDv7 persiste em todo protocolo mesmo com resposta de criação perdida,openspec/changes/hub-interoperabilidade-v4/specs/qualidade-e-aceite/spec.md,193,363db7fd0613b909c75beaeb9eb7dfe1e3cb52c8f4ecbbbbb697241e381dde9b
hub-interoperabilidade-v4:QUA-06:S003,QUA-06:S003,hub-interoperabilidade-v4,QUA-06,Qualificação integrada da v4,Redis totalmente desligado mantém o SLO qualificado sem dependência oculta,openspec/changes/hub-interoperabilidade-v4/specs/qualidade-e-aceite/spec.md,198,363db7fd0613b909c75beaeb9eb7dfe1e3cb52c8f4ecbbbbb697241e381dde9b
hub-interoperabilidade-v4:QUA-06:S004,QUA-06:S004,hub-interoperabilidade-v4,QUA-06,Qualificação integrada da v4,Writer indisponível antes do aceite impede falso aceite,openspec/changes/hub-interoperabilidade-v4/specs/qualidade-e-aceite/spec.md,203,363db7fd0613b909c75beaeb9eb7dfe1e3cb52c8f4ecbbbbb697241e381dde9b
hub-interoperabilidade-v4:QUA-06:S005,QUA-06:S005,hub-interoperabilidade-v4,QUA-06,Qualificação integrada da v4,Cofre quente/frio limita uso do material ao período de validade,openspec/changes/hub-interoperabilidade-v4/specs/qualidade-e-aceite/spec.md,208,363db7fd0613b909c75beaeb9eb7dfe1e3cb52c8f4ecbbbbb697241e381dde9b
hub-interoperabilidade-v4:QUA-06:S006,QUA-06:S006,hub-interoperabilidade-v4,QUA-06,Qualificação integrada da v4,Conta e pagador permanecem corretos e segregados sob polls pagos e final tardio,openspec/changes/hub-interoperabilidade-v4/specs/qualidade-e-aceite/spec.md,213,363db7fd0613b909c75beaeb9eb7dfe1e3cb52c8f4ecbbbbb697241e381dde9b
hub-interoperabilidade-v4:QUA-06:S007,QUA-06:S007,hub-interoperabilidade-v4,QUA-06,Qualificação integrada da v4,Redis versus autorização nega leitura mesmo em fallback,openspec/changes/hub-interoperabilidade-v4/specs/qualidade-e-aceite/spec.md,218,363db7fd0613b909c75beaeb9eb7dfe1e3cb52c8f4ecbbbbb697241e381dde9b
hub-interoperabilidade-v4:QUA-06:S008,QUA-06:S008,hub-interoperabilidade-v4,QUA-06,Qualificação integrada da v4,Perda regional/partição exige RPO/RTO comprovados dentro do perfil contratado,openspec/changes/hub-interoperabilidade-v4/specs/qualidade-e-aceite/spec.md,223,363db7fd0613b909c75beaeb9eb7dfe1e3cb52c8f4ecbbbbb697241e381dde9b
hub-interoperabilidade-v4:QUA-06:S009,QUA-06:S009,hub-interoperabilidade-v4,QUA-06,Qualificação integrada da v4,"Dado insuficiente resulta em NÃO QUALIFICADO, não em aprovação por ausência de erro",openspec/changes/hub-interoperabilidade-v4/specs/qualidade-e-aceite/spec.md,228,363db7fd0613b909c75beaeb9eb7dfe1e3cb52c8f4ecbbbbb697241e381dde9b
r2-01-identidade-e-isolamento:R2-SEG-01-S01,R2-SEG-01-S01,r2-01-identidade-e-isolamento,R2-SEG-01,Identidade autenticada e autorização por recurso,Cliente autorizado,openspec/changes/r2-01-identidade-e-isolamento/specs/identidade-e-isolamento-operacional/spec.md,11,363db7fd0613b909c75beaeb9eb7dfe1e3cb52c8f4ecbbbbb697241e381dde9b
r2-01-identidade-e-isolamento:R2-SEG-01-S02,R2-SEG-01-S02,r2-01-identidade-e-isolamento,R2-SEG-01,Identidade autenticada e autorização por recurso,Tentativa entre tenants,openspec/changes/r2-01-identidade-e-isolamento/specs/identidade-e-isolamento-operacional/spec.md,17,363db7fd0613b909c75beaeb9eb7dfe1e3cb52c8f4ecbbbbb697241e381dde9b
r2-01-identidade-e-isolamento:R2-SEG-01-S03,R2-SEG-01-S03,r2-01-identidade-e-isolamento,R2-SEG-01,Identidade autenticada e autorização por recurso,Token inválido,openspec/changes/r2-01-identidade-e-isolamento/specs/identidade-e-isolamento-operacional/spec.md,23,363db7fd0613b909c75beaeb9eb7dfe1e3cb52c8f4ecbbbbb697241e381dde9b
r2-01-identidade-e-isolamento:R2-SEG-02-S01,R2-SEG-02-S01,r2-01-identidade-e-isolamento,R2-SEG-02,Workloads com menor privilégio,Chamada interna permitida,openspec/changes/r2-01-identidade-e-isolamento/specs/identidade-e-isolamento-operacional/spec.md,35,363db7fd0613b909c75beaeb9eb7dfe1e3cb52c8f4ecbbbbb697241e381dde9b
r2-01-identidade-e-isolamento:R2-SEG-02-S02,R2-SEG-02-S02,r2-01-identidade-e-isolamento,R2-SEG-02,Workloads com menor privilégio,Bypass pela porta interna,openspec/changes/r2-01-identidade-e-isolamento/specs/identidade-e-isolamento-operacional/spec.md,41,363db7fd0613b909c75beaeb9eb7dfe1e3cb52c8f4ecbbbbb697241e381dde9b
r2-01-identidade-e-isolamento:R2-SEG-02-S03,R2-SEG-02-S03,r2-01-identidade-e-isolamento,R2-SEG-02,Workloads com menor privilégio,Pool reutilizado,openspec/changes/r2-01-identidade-e-isolamento/specs/identidade-e-isolamento-operacional/spec.md,47,363db7fd0613b909c75beaeb9eb7dfe1e3cb52c8f4ecbbbbb697241e381dde9b
r2-01-identidade-e-isolamento:R2-SEG-03-S01,R2-SEG-03-S01,r2-01-identidade-e-isolamento,R2-SEG-03,Leitura administrativa individual entre tenants,Diagnóstico de desenvolvedor,openspec/changes/r2-01-identidade-e-isolamento/specs/identidade-e-isolamento-operacional/spec.md,59,363db7fd0613b909c75beaeb9eb7dfe1e3cb52c8f4ecbbbbb697241e381dde9b
r2-01-identidade-e-isolamento:R2-SEG-03-S02,R2-SEG-03-S02,r2-01-identidade-e-isolamento,R2-SEG-03,Leitura administrativa individual entre tenants,Sem elevação implícita,openspec/changes/r2-01-identidade-e-isolamento/specs/identidade-e-isolamento-operacional/spec.md,65,363db7fd0613b909c75beaeb9eb7dfe1e3cb52c8f4ecbbbbb697241e381dde9b
r2-01-identidade-e-isolamento:R2-SEG-03-S03,R2-SEG-03-S03,r2-01-identidade-e-isolamento,R2-SEG-03,Leitura administrativa individual entre tenants,Auditoria indisponível,openspec/changes/r2-01-identidade-e-isolamento/specs/identidade-e-isolamento-operacional/spec.md,71,363db7fd0613b909c75beaeb9eb7dfe1e3cb52c8f4ecbbbbb697241e381dde9b
r2-01-identidade-e-isolamento:R2-SEG-04-S01,R2-SEG-04-S01,r2-01-identidade-e-isolamento,R2-SEG-04,Destinos externos e callbacks protegidos,Destino homologado,openspec/changes/r2-01-identidade-e-isolamento/specs/identidade-e-isolamento-operacional/spec.md,83,363db7fd0613b909c75beaeb9eb7dfe1e3cb52c8f4ecbbbbb697241e381dde9b
r2-01-identidade-e-isolamento:R2-SEG-04-S02,R2-SEG-04-S02,r2-01-identidade-e-isolamento,R2-SEG-04,Destinos externos e callbacks protegidos,SSRF e rebinding,openspec/changes/r2-01-identidade-e-isolamento/specs/identidade-e-isolamento-operacional/spec.md,89,363db7fd0613b909c75beaeb9eb7dfe1e3cb52c8f4ecbbbbb697241e381dde9b
r2-01-identidade-e-isolamento:R2-SEG-04-S03,R2-SEG-04-S03,r2-01-identidade-e-isolamento,R2-SEG-04,Destinos externos e callbacks protegidos,Rede privada legítima,openspec/changes/r2-01-identidade-e-isolamento/specs/identidade-e-isolamento-operacional/spec.md,95,363db7fd0613b909c75beaeb9eb7dfe1e3cb52c8f4ecbbbbb697241e381dde9b
r2-01-identidade-e-isolamento:R2-SEG-05-S01,R2-SEG-05-S01,r2-01-identidade-e-isolamento,R2-SEG-05,Sessão administrativa e trilha de alterações,Alteração atribuível,openspec/changes/r2-01-identidade-e-isolamento/specs/identidade-e-isolamento-operacional/spec.md,107,363db7fd0613b909c75beaeb9eb7dfe1e3cb52c8f4ecbbbbb697241e381dde9b
r2-01-identidade-e-isolamento:R2-SEG-05-S02,R2-SEG-05-S02,r2-01-identidade-e-isolamento,R2-SEG-05,Sessão administrativa e trilha de alterações,Sessão termina,openspec/changes/r2-01-identidade-e-isolamento/specs/identidade-e-isolamento-operacional/spec.md,113,363db7fd0613b909c75beaeb9eb7dfe1e3cb52c8f4ecbbbbb697241e381dde9b
r2-01-identidade-e-isolamento:R2-SEG-05-S03,R2-SEG-05-S03,r2-01-identidade-e-isolamento,R2-SEG-05,Sessão administrativa e trilha de alterações,Falha de backend,openspec/changes/r2-01-identidade-e-isolamento/specs/identidade-e-isolamento-operacional/spec.md,119,363db7fd0613b909c75beaeb9eb7dfe1e3cb52c8f4ecbbbbb697241e381dde9b
r2-02-execucao-duravel-e-resultados:R2-EXE-01-S01,R2-EXE-01-S01,r2-02-execucao-duravel-e-resultados,R2-EXE-01,Aceite e intenção recuperáveis em todas as modalidades,Crash após aceite,openspec/changes/r2-02-execucao-duravel-e-resultados/specs/execucao-duravel-e-resultados/spec.md,11,363db7fd0613b909c75beaeb9eb7dfe1e3cb52c8f4ecbbbbb697241e381dde9b
r2-02-execucao-duravel-e-resultados:R2-EXE-01-S02,R2-EXE-01-S02,r2-02-execucao-duravel-e-resultados,R2-EXE-01,Aceite e intenção recuperáveis em todas as modalidades,Broker indisponível,openspec/changes/r2-02-execucao-duravel-e-resultados/specs/execucao-duravel-e-resultados/spec.md,17,363db7fd0613b909c75beaeb9eb7dfe1e3cb52c8f4ecbbbbb697241e381dde9b
r2-02-execucao-duravel-e-resultados:R2-EXE-01-S03,R2-EXE-01-S03,r2-02-execucao-duravel-e-resultados,R2-EXE-01,Aceite e intenção recuperáveis em todas as modalidades,Commit incerto,openspec/changes/r2-02-execucao-duravel-e-resultados/specs/execucao-duravel-e-resultados/spec.md,23,363db7fd0613b909c75beaeb9eb7dfe1e3cb52c8f4ecbbbbb697241e381dde9b
r2-02-execucao-duravel-e-resultados:R2-EXE-02-S01,R2-EXE-02-S01,r2-02-execucao-duravel-e-resultados,R2-EXE-02,Idempotência concorrente com UUID recuperável,Concorrência real,openspec/changes/r2-02-execucao-duravel-e-resultados/specs/execucao-duravel-e-resultados/spec.md,35,363db7fd0613b909c75beaeb9eb7dfe1e3cb52c8f4ecbbbbb697241e381dde9b
r2-02-execucao-duravel-e-resultados:R2-EXE-02-S02,R2-EXE-02-S02,r2-02-execucao-duravel-e-resultados,R2-EXE-02,Idempotência concorrente com UUID recuperável,Chave divergente,openspec/changes/r2-02-execucao-duravel-e-resultados/specs/execucao-duravel-e-resultados/spec.md,41,363db7fd0613b909c75beaeb9eb7dfe1e3cb52c8f4ecbbbbb697241e381dde9b
r2-02-execucao-duravel-e-resultados:R2-EXE-02-S03,R2-EXE-02-S03,r2-02-execucao-duravel-e-resultados,R2-EXE-02,Idempotência concorrente com UUID recuperável,Erro após aceite,openspec/changes/r2-02-execucao-duravel-e-resultados/specs/execucao-duravel-e-resultados/spec.md,47,363db7fd0613b909c75beaeb9eb7dfe1e3cb52c8f4ecbbbbb697241e381dde9b
r2-02-execucao-duravel-e-resultados:R2-EXE-03-S01,R2-EXE-03-S01,r2-02-execucao-duravel-e-resultados,R2-EXE-03,Um dono de despacho e tentativa anterior ao efeito,Dois executores,openspec/changes/r2-02-execucao-duravel-e-resultados/specs/execucao-duravel-e-resultados/spec.md,59,363db7fd0613b909c75beaeb9eb7dfe1e3cb52c8f4ecbbbbb697241e381dde9b
r2-02-execucao-duravel-e-resultados:R2-EXE-03-S02,R2-EXE-03-S02,r2-02-execucao-duravel-e-resultados,R2-EXE-03,Um dono de despacho e tentativa anterior ao efeito,Crash após envio,openspec/changes/r2-02-execucao-duravel-e-resultados/specs/execucao-duravel-e-resultados/spec.md,65,363db7fd0613b909c75beaeb9eb7dfe1e3cb52c8f4ecbbbbb697241e381dde9b
r2-02-execucao-duravel-e-resultados:R2-EXE-03-S03,R2-EXE-03-S03,r2-02-execucao-duravel-e-resultados,R2-EXE-03,Um dono de despacho e tentativa anterior ao efeito,Fencing antigo,openspec/changes/r2-02-execucao-duravel-e-resultados/specs/execucao-duravel-e-resultados/spec.md,71,363db7fd0613b909c75beaeb9eb7dfe1e3cb52c8f4ecbbbbb697241e381dde9b
r2-02-execucao-duravel-e-resultados:R2-EXE-04-S01,R2-EXE-04-S01,r2-02-execucao-duravel-e-resultados,R2-EXE-04,Resultado externo válido e durável,Conteúdo real,openspec/changes/r2-02-execucao-duravel-e-resultados/specs/execucao-duravel-e-resultados/spec.md,83,363db7fd0613b909c75beaeb9eb7dfe1e3cb52c8f4ecbbbbb697241e381dde9b
r2-02-execucao-duravel-e-resultados:R2-EXE-04-S02,R2-EXE-04-S02,r2-02-execucao-duravel-e-resultados,R2-EXE-04,Resultado externo válido e durável,Resposta inválida,openspec/changes/r2-02-execucao-duravel-e-resultados/specs/execucao-duravel-e-resultados/spec.md,89,363db7fd0613b909c75beaeb9eb7dfe1e3cb52c8f4ecbbbbb697241e381dde9b
r2-02-execucao-duravel-e-resultados:R2-EXE-04-S03,R2-EXE-04-S03,r2-02-execucao-duravel-e-resultados,R2-EXE-04,Resultado externo válido e durável,Commit falha,openspec/changes/r2-02-execucao-duravel-e-resultados/specs/execucao-duravel-e-resultados/spec.md,95,363db7fd0613b909c75beaeb9eb7dfe1e3cb52c8f4ecbbbbb697241e381dde9b
r2-02-execucao-duravel-e-resultados:R2-EXE-05-S01,R2-EXE-05-S01,r2-02-execucao-duravel-e-resultados,R2-EXE-05,"Inbox, outbox e confirmação de mensagens",Efeito falha,openspec/changes/r2-02-execucao-duravel-e-resultados/specs/execucao-duravel-e-resultados/spec.md,107,363db7fd0613b909c75beaeb9eb7dfe1e3cb52c8f4ecbbbbb697241e381dde9b
r2-02-execucao-duravel-e-resultados:R2-EXE-05-S02,R2-EXE-05-S02,r2-02-execucao-duravel-e-resultados,R2-EXE-05,"Inbox, outbox e confirmação de mensagens",Reentrega após commit,openspec/changes/r2-02-execucao-duravel-e-resultados/specs/execucao-duravel-e-resultados/spec.md,113,363db7fd0613b909c75beaeb9eb7dfe1e3cb52c8f4ecbbbbb697241e381dde9b
r2-02-execucao-duravel-e-resultados:R2-EXE-05-S03,R2-EXE-05-S03,r2-02-execucao-duravel-e-resultados,R2-EXE-05,"Inbox, outbox e confirmação de mensagens",Schema desconhecido,openspec/changes/r2-02-execucao-duravel-e-resultados/specs/execucao-duravel-e-resultados/spec.md,119,363db7fd0613b909c75beaeb9eb7dfe1e3cb52c8f4ecbbbbb697241e381dde9b
r2-02-execucao-duravel-e-resultados:R2-EXE-06-S01,R2-EXE-06-S01,r2-02-execucao-duravel-e-resultados,R2-EXE-06,Deadline por confirmação durável e final tardio,Timer atrasado,openspec/changes/r2-02-execucao-duravel-e-resultados/specs/execucao-duravel-e-resultados/spec.md,131,363db7fd0613b909c75beaeb9eb7dfe1e3cb52c8f4ecbbbbb697241e381dde9b
r2-02-execucao-duravel-e-resultados:R2-EXE-06-S02,R2-EXE-06-S02,r2-02-execucao-duravel-e-resultados,R2-EXE-06,Deadline por confirmação durável e final tardio,Commit cruza o limite,openspec/changes/r2-02-execucao-duravel-e-resultados/specs/execucao-duravel-e-resultados/spec.md,137,363db7fd0613b909c75beaeb9eb7dfe1e3cb52c8f4ecbbbbb697241e381dde9b
r2-02-execucao-duravel-e-resultados:R2-EXE-06-S03,R2-EXE-06-S03,r2-02-execucao-duravel-e-resultados,R2-EXE-06,Deadline por confirmação durável e final tardio,Final e expiração concorrentes,openspec/changes/r2-02-execucao-duravel-e-resultados/specs/execucao-duravel-e-resultados/spec.md,143,363db7fd0613b909c75beaeb9eb7dfe1e3cb52c8f4ecbbbbb697241e381dde9b
r2-02-execucao-duravel-e-resultados:R2-EXE-06-S04,R2-EXE-06-S04,r2-02-execucao-duravel-e-resultados,R2-EXE-06,Deadline por confirmação durável e final tardio,Resultado tardio custoso,openspec/changes/r2-02-execucao-duravel-e-resultados/specs/execucao-duravel-e-resultados/spec.md,149,363db7fd0613b909c75beaeb9eb7dfe1e3cb52c8f4ecbbbbb697241e381dde9b
r2-02-execucao-duravel-e-resultados:R2-EXE-07-S01,R2-EXE-07-S01,r2-02-execucao-duravel-e-resultados,R2-EXE-07,SYNC direto e AUTO com espera limitada,SYNC com broker parado,openspec/changes/r2-02-execucao-duravel-e-resultados/specs/execucao-duravel-e-resultados/spec.md,161,363db7fd0613b909c75beaeb9eb7dfe1e3cb52c8f4ecbbbbb697241e381dde9b
r2-02-execucao-duravel-e-resultados:R2-EXE-07-S02,R2-EXE-07-S02,r2-02-execucao-duravel-e-resultados,R2-EXE-07,SYNC direto e AUTO com espera limitada,Natureza incompatível,openspec/changes/r2-02-execucao-duravel-e-resultados/specs/execucao-duravel-e-resultados/spec.md,167,363db7fd0613b909c75beaeb9eb7dfe1e3cb52c8f4ecbbbbb697241e381dde9b
r2-02-execucao-duravel-e-resultados:R2-EXE-07-S03,R2-EXE-07-S03,r2-02-execucao-duravel-e-resultados,R2-EXE-07,SYNC direto e AUTO com espera limitada,AUTO rápido e lento,openspec/changes/r2-02-execucao-duravel-e-resultados/specs/execucao-duravel-e-resultados/spec.md,173,363db7fd0613b909c75beaeb9eb7dfe1e3cb52c8f4ecbbbbb697241e381dde9b
r2-02-execucao-duravel-e-resultados:R2-EXE-07-S04,R2-EXE-07-S04,r2-02-execucao-duravel-e-resultados,R2-EXE-07,SYNC direto e AUTO com espera limitada,Cliente desconecta,openspec/changes/r2-02-execucao-duravel-e-resultados/specs/execucao-duravel-e-resultados/spec.md,179,363db7fd0613b909c75beaeb9eb7dfe1e3cb52c8f4ecbbbbb697241e381dde9b
r2-02-execucao-duravel-e-resultados:R2-EXE-08-S01,R2-EXE-08-S01,r2-02-execucao-duravel-e-resultados,R2-EXE-08,Representação final única por contrato de cliente,Igualdade completa,openspec/changes/r2-02-execucao-duravel-e-resultados/specs/execucao-duravel-e-resultados/spec.md,191,363db7fd0613b909c75beaeb9eb7dfe1e3cb52c8f4ecbbbbb697241e381dde9b
r2-02-execucao-duravel-e-resultados:R2-EXE-08-S02,R2-EXE-08-S02,r2-02-execucao-duravel-e-resultados,R2-EXE-08,Representação final única por contrato de cliente,Upgrade e mudança de contrato,openspec/changes/r2-02-execucao-duravel-e-resultados/specs/execucao-duravel-e-resultados/spec.md,197,363db7fd0613b909c75beaeb9eb7dfe1e3cb52c8f4ecbbbbb697241e381dde9b
r2-02-execucao-duravel-e-resultados:R2-EXE-08-S03,R2-EXE-08-S03,r2-02-execucao-duravel-e-resultados,R2-EXE-08,Representação final única por contrato de cliente,Resultado pendente ou expirado,openspec/changes/r2-02-execucao-duravel-e-resultados/specs/execucao-duravel-e-resultados/spec.md,203,363db7fd0613b909c75beaeb9eb7dfe1e3cb52c8f4ecbbbbb697241e381dde9b
r2-02-execucao-duravel-e-resultados:R2-EXE-09-S01,R2-EXE-09-S01,r2-02-execucao-duravel-e-resultados,R2-EXE-09,Reconciliação de obrigações sem reexecutar efeitos,Protocolo órfão de despacho,openspec/changes/r2-02-execucao-duravel-e-resultados/specs/execucao-duravel-e-resultados/spec.md,215,363db7fd0613b909c75beaeb9eb7dfe1e3cb52c8f4ecbbbbb697241e381dde9b
r2-02-execucao-duravel-e-resultados:R2-EXE-09-S02,R2-EXE-09-S02,r2-02-execucao-duravel-e-resultados,R2-EXE-09,Reconciliação de obrigações sem reexecutar efeitos,Parceiro sem consulta idempotente,openspec/changes/r2-02-execucao-duravel-e-resultados/specs/execucao-duravel-e-resultados/spec.md,221,363db7fd0613b909c75beaeb9eb7dfe1e3cb52c8f4ecbbbbb697241e381dde9b
r2-02-execucao-duravel-e-resultados:R2-EXE-09-S03,R2-EXE-09-S03,r2-02-execucao-duravel-e-resultados,R2-EXE-09,Reconciliação de obrigações sem reexecutar efeitos,Callback antes da associação,openspec/changes/r2-02-execucao-duravel-e-resultados/specs/execucao-duravel-e-resultados/spec.md,227,363db7fd0613b909c75beaeb9eb7dfe1e3cb52c8f4ecbbbbb697241e381dde9b
r2-03-integracoes-credenciais-e-pressao:R2-INT-01-S01,R2-INT-01-S01,r2-03-integracoes-credenciais-e-pressao,R2-INT-01,Adapter executável homologado por capacidade,REST real distinto do simulador,openspec/changes/r2-03-integracoes-credenciais-e-pressao/specs/integracoes-credenciais-e-pressao/spec.md,11,363db7fd0613b909c75beaeb9eb7dfe1e3cb52c8f4ecbbbbb697241e381dde9b
r2-03-integracoes-credenciais-e-pressao:R2-INT-01-S02,R2-INT-01-S02,r2-03-integracoes-credenciais-e-pressao,R2-INT-01,Adapter executável homologado por capacidade,Capacidade ausente,openspec/changes/r2-03-integracoes-credenciais-e-pressao/specs/integracoes-credenciais-e-pressao/spec.md,17,363db7fd0613b909c75beaeb9eb7dfe1e3cb52c8f4ecbbbbb697241e381dde9b
r2-03-integracoes-credenciais-e-pressao:R2-INT-01-S03,R2-INT-01-S03,r2-03-integracoes-credenciais-e-pressao,R2-INT-01,Adapter executável homologado por capacidade,Protocolo especializado,openspec/changes/r2-03-integracoes-credenciais-e-pressao/specs/integracoes-credenciais-e-pressao/spec.md,23,363db7fd0613b909c75beaeb9eb7dfe1e3cb52c8f4ecbbbbb697241e381dde9b
r2-03-integracoes-credenciais-e-pressao:R2-INT-02-S01,R2-INT-02-S01,r2-03-integracoes-credenciais-e-pressao,R2-INT-02,Credencial efetiva vinculada ao cliente e à conta,Dois clientes na mesma conta,openspec/changes/r2-03-integracoes-credenciais-e-pressao/specs/integracoes-credenciais-e-pressao/spec.md,35,363db7fd0613b909c75beaeb9eb7dfe1e3cb52c8f4ecbbbbb697241e381dde9b
r2-03-integracoes-credenciais-e-pressao:R2-INT-02-S02,R2-INT-02-S02,r2-03-integracoes-credenciais-e-pressao,R2-INT-02,Credencial efetiva vinculada ao cliente e à conta,Vínculo dedicado indisponível,openspec/changes/r2-03-integracoes-credenciais-e-pressao/specs/integracoes-credenciais-e-pressao/spec.md,41,363db7fd0613b909c75beaeb9eb7dfe1e3cb52c8f4ecbbbbb697241e381dde9b
r2-03-integracoes-credenciais-e-pressao:R2-INT-02-S03,R2-INT-02-S03,r2-03-integracoes-credenciais-e-pressao,R2-INT-02,Credencial efetiva vinculada ao cliente e à conta,Rotação e cache,openspec/changes/r2-03-integracoes-credenciais-e-pressao/specs/integracoes-credenciais-e-pressao/spec.md,47,363db7fd0613b909c75beaeb9eb7dfe1e3cb52c8f4ecbbbbb697241e381dde9b
r2-03-integracoes-credenciais-e-pressao:R2-INT-03-S01,R2-INT-03-S01,r2-03-integracoes-credenciais-e-pressao,R2-INT-03,Segredos reais e cache dispensável,mTLS comprovado,openspec/changes/r2-03-integracoes-credenciais-e-pressao/specs/integracoes-credenciais-e-pressao/spec.md,59,363db7fd0613b909c75beaeb9eb7dfe1e3cb52c8f4ecbbbbb697241e381dde9b
r2-03-integracoes-credenciais-e-pressao:R2-INT-03-S02,R2-INT-03-S02,r2-03-integracoes-credenciais-e-pressao,R2-INT-03,Segredos reais e cache dispensável,Redis ausente,openspec/changes/r2-03-integracoes-credenciais-e-pressao/specs/integracoes-credenciais-e-pressao/spec.md,65,363db7fd0613b909c75beaeb9eb7dfe1e3cb52c8f4ecbbbbb697241e381dde9b
r2-03-integracoes-credenciais-e-pressao:R2-INT-03-S03,R2-INT-03-S03,r2-03-integracoes-credenciais-e-pressao,R2-INT-03,Segredos reais e cache dispensável,Cofre indisponível,openspec/changes/r2-03-integracoes-credenciais-e-pressao/specs/integracoes-credenciais-e-pressao/spec.md,71,363db7fd0613b909c75beaeb9eb7dfe1e3cb52c8f4ecbbbbb697241e381dde9b
r2-03-integracoes-credenciais-e-pressao:R2-INT-04-S01,R2-INT-04-S01,r2-03-integracoes-credenciais-e-pressao,R2-INT-04,Polling e callback combináveis e coordenados,Ativação de polling,openspec/changes/r2-03-integracoes-credenciais-e-pressao/specs/integracoes-credenciais-e-pressao/spec.md,83,363db7fd0613b909c75beaeb9eb7dfe1e3cb52c8f4ecbbbbb697241e381dde9b
r2-03-integracoes-credenciais-e-pressao:R2-INT-04-S02,R2-INT-04-S02,r2-03-integracoes-credenciais-e-pressao,R2-INT-04,Polling e callback combináveis e coordenados,Resposta pendente saudável,openspec/changes/r2-03-integracoes-credenciais-e-pressao/specs/integracoes-credenciais-e-pressao/spec.md,89,363db7fd0613b909c75beaeb9eb7dfe1e3cb52c8f4ecbbbbb697241e381dde9b
r2-03-integracoes-credenciais-e-pressao:R2-INT-04-S03,R2-INT-04-S03,r2-03-integracoes-credenciais-e-pressao,R2-INT-04,Polling e callback combináveis e coordenados,Polling e callback concorrentes,openspec/changes/r2-03-integracoes-credenciais-e-pressao/specs/integracoes-credenciais-e-pressao/spec.md,95,363db7fd0613b909c75beaeb9eb7dfe1e3cb52c8f4ecbbbbb697241e381dde9b
r2-03-integracoes-credenciais-e-pressao:R2-INT-04-S04,R2-INT-04-S04,r2-03-integracoes-credenciais-e-pressao,R2-INT-04,Polling e callback combináveis e coordenados,Falha de recibo,openspec/changes/r2-03-integracoes-credenciais-e-pressao/specs/integracoes-credenciais-e-pressao/spec.md,101,363db7fd0613b909c75beaeb9eb7dfe1e3cb52c8f4ecbbbbb697241e381dde9b
r2-03-integracoes-credenciais-e-pressao:R2-INT-05-S01,R2-INT-05-S01,r2-03-integracoes-credenciais-e-pressao,R2-INT-05,Janela absoluta de retry e classificação de falha,TTL zero,openspec/changes/r2-03-integracoes-credenciais-e-pressao/specs/integracoes-credenciais-e-pressao/spec.md,113,363db7fd0613b909c75beaeb9eb7dfe1e3cb52c8f4ecbbbbb697241e381dde9b
r2-03-integracoes-credenciais-e-pressao:R2-INT-05-S02,R2-INT-05-S02,r2-03-integracoes-credenciais-e-pressao,R2-INT-05,Janela absoluta de retry e classificação de falha,Reinício no meio da janela,openspec/changes/r2-03-integracoes-credenciais-e-pressao/specs/integracoes-credenciais-e-pressao/spec.md,119,363db7fd0613b909c75beaeb9eb7dfe1e3cb52c8f4ecbbbbb697241e381dde9b
r2-03-integracoes-credenciais-e-pressao:R2-INT-05-S03,R2-INT-05-S03,r2-03-integracoes-credenciais-e-pressao,R2-INT-05,Janela absoluta de retry e classificação de falha,429 com espera incompatível,openspec/changes/r2-03-integracoes-credenciais-e-pressao/specs/integracoes-credenciais-e-pressao/spec.md,125,363db7fd0613b909c75beaeb9eb7dfe1e3cb52c8f4ecbbbbb697241e381dde9b
r2-03-integracoes-credenciais-e-pressao:R2-INT-05-S04,R2-INT-05-S04,r2-03-integracoes-credenciais-e-pressao,R2-INT-05,Janela absoluta de retry e classificação de falha,Timeout após envio,openspec/changes/r2-03-integracoes-credenciais-e-pressao/specs/integracoes-credenciais-e-pressao/spec.md,131,363db7fd0613b909c75beaeb9eb7dfe1e3cb52c8f4ecbbbbb697241e381dde9b
r2-03-integracoes-credenciais-e-pressao:R2-INT-06-S01,R2-INT-06-S01,r2-03-integracoes-credenciais-e-pressao,R2-INT-06,Controle adaptativo global por domínio de capacidade,Provedor degrada,openspec/changes/r2-03-integracoes-credenciais-e-pressao/specs/integracoes-credenciais-e-pressao/spec.md,143,363db7fd0613b909c75beaeb9eb7dfe1e3cb52c8f4ecbbbbb697241e381dde9b
r2-03-integracoes-credenciais-e-pressao:R2-INT-06-S02,R2-INT-06-S02,r2-03-integracoes-credenciais-e-pressao,R2-INT-06,Controle adaptativo global por domínio de capacidade,Provedor escala,openspec/changes/r2-03-integracoes-credenciais-e-pressao/specs/integracoes-credenciais-e-pressao/spec.md,149,363db7fd0613b909c75beaeb9eb7dfe1e3cb52c8f4ecbbbbb697241e381dde9b
r2-03-integracoes-credenciais-e-pressao:R2-INT-06-S03,R2-INT-06-S03,r2-03-integracoes-credenciais-e-pressao,R2-INT-06,Controle adaptativo global por domínio de capacidade,Três réplicas e partição,openspec/changes/r2-03-integracoes-credenciais-e-pressao/specs/integracoes-credenciais-e-pressao/spec.md,155,363db7fd0613b909c75beaeb9eb7dfe1e3cb52c8f4ecbbbbb697241e381dde9b
r2-03-integracoes-credenciais-e-pressao:R2-INT-06-S04,R2-INT-06-S04,r2-03-integracoes-credenciais-e-pressao,R2-INT-06,Controle adaptativo global por domínio de capacidade,Ruído de cliente,openspec/changes/r2-03-integracoes-credenciais-e-pressao/specs/integracoes-credenciais-e-pressao/spec.md,161,363db7fd0613b909c75beaeb9eb7dfe1e3cb52c8f4ecbbbbb697241e381dde9b
r2-03-integracoes-credenciais-e-pressao:R2-INT-07-S01,R2-INT-07-S01,r2-03-integracoes-credenciais-e-pressao,R2-INT-07,Entrega ao cliente com identidade e política próprias,Mesma URL em dois tenants,openspec/changes/r2-03-integracoes-credenciais-e-pressao/specs/integracoes-credenciais-e-pressao/spec.md,173,363db7fd0613b909c75beaeb9eb7dfe1e3cb52c8f4ecbbbbb697241e381dde9b
r2-03-integracoes-credenciais-e-pressao:R2-INT-07-S02,R2-INT-07-S02,r2-03-integracoes-credenciais-e-pressao,R2-INT-07,Entrega ao cliente com identidade e política próprias,Rotação e replay,openspec/changes/r2-03-integracoes-credenciais-e-pressao/specs/integracoes-credenciais-e-pressao/spec.md,179,363db7fd0613b909c75beaeb9eb7dfe1e3cb52c8f4ecbbbbb697241e381dde9b
r2-03-integracoes-credenciais-e-pressao:R2-INT-07-S03,R2-INT-07-S03,r2-03-integracoes-credenciais-e-pressao,R2-INT-07,Entrega ao cliente com identidade e política próprias,Destino lento ou indisponível,openspec/changes/r2-03-integracoes-credenciais-e-pressao/specs/integracoes-credenciais-e-pressao/spec.md,185,363db7fd0613b909c75beaeb9eb7dfe1e3cb52c8f4ecbbbbb697241e381dde9b
r2-03-integracoes-credenciais-e-pressao:R2-INT-07-S04,R2-INT-07-S04,r2-03-integracoes-credenciais-e-pressao,R2-INT-07,Entrega ao cliente com identidade e política próprias,Duplicata no receptor,openspec/changes/r2-03-integracoes-credenciais-e-pressao/specs/integracoes-credenciais-e-pressao/spec.md,191,363db7fd0613b909c75beaeb9eb7dfe1e3cb52c8f4ecbbbbb697241e381dde9b
r2-03-integracoes-credenciais-e-pressao:R2-INT-08-S01,R2-INT-08-S01,r2-03-integracoes-credenciais-e-pressao,R2-INT-08,SLA do provedor separado de SLA do cliente,Violação apenas do provedor,openspec/changes/r2-03-integracoes-credenciais-e-pressao/specs/integracoes-credenciais-e-pressao/spec.md,203,363db7fd0613b909c75beaeb9eb7dfe1e3cb52c8f4ecbbbbb697241e381dde9b
r2-03-integracoes-credenciais-e-pressao:R2-INT-08-S02,R2-INT-08-S02,r2-03-integracoes-credenciais-e-pressao,R2-INT-08,SLA do provedor separado de SLA do cliente,Rejeição contratada,openspec/changes/r2-03-integracoes-credenciais-e-pressao/specs/integracoes-credenciais-e-pressao/spec.md,209,363db7fd0613b909c75beaeb9eb7dfe1e3cb52c8f4ecbbbbb697241e381dde9b
r2-03-integracoes-credenciais-e-pressao:R2-INT-08-S03,R2-INT-08-S03,r2-03-integracoes-credenciais-e-pressao,R2-INT-08,SLA do provedor separado de SLA do cliente,Coorte ainda aberta,openspec/changes/r2-03-integracoes-credenciais-e-pressao/specs/integracoes-credenciais-e-pressao/spec.md,215,363db7fd0613b909c75beaeb9eb7dfe1e3cb52c8f4ecbbbbb697241e381dde9b
r2-04-catalogo-produtos-e-contratos:R2-CAT-01-S01,R2-CAT-01-S01,r2-04-catalogo-produtos-e-contratos,R2-CAT-01,Catálogo versionado com publicação governada,Publicação válida,openspec/changes/r2-04-catalogo-produtos-e-contratos/specs/catalogo-produtos-e-contratos-versionados/spec.md,11,363db7fd0613b909c75beaeb9eb7dfe1e3cb52c8f4ecbbbbb697241e381dde9b
r2-04-catalogo-produtos-e-contratos:R2-CAT-01-S02,R2-CAT-01-S02,r2-04-catalogo-produtos-e-contratos,R2-CAT-01,Catálogo versionado com publicação governada,Sobrescrita de publicado,openspec/changes/r2-04-catalogo-produtos-e-contratos/specs/catalogo-produtos-e-contratos-versionados/spec.md,17,363db7fd0613b909c75beaeb9eb7dfe1e3cb52c8f4ecbbbbb697241e381dde9b
r2-04-catalogo-produtos-e-contratos:R2-CAT-01-S03,R2-CAT-01-S03,r2-04-catalogo-produtos-e-contratos,R2-CAT-01,Catálogo versionado com publicação governada,Edição concorrente,openspec/changes/r2-04-catalogo-produtos-e-contratos/specs/catalogo-produtos-e-contratos-versionados/spec.md,23,363db7fd0613b909c75beaeb9eb7dfe1e3cb52c8f4ecbbbbb697241e381dde9b
r2-04-catalogo-produtos-e-contratos:R2-CAT-02-S01,R2-CAT-02-S01,r2-04-catalogo-produtos-e-contratos,R2-CAT-02,Ofertas por cliente e roteamento autorizado,Seleção elegível,openspec/changes/r2-04-catalogo-produtos-e-contratos/specs/catalogo-produtos-e-contratos-versionados/spec.md,35,363db7fd0613b909c75beaeb9eb7dfe1e3cb52c8f4ecbbbbb697241e381dde9b
r2-04-catalogo-produtos-e-contratos:R2-CAT-02-S02,R2-CAT-02-S02,r2-04-catalogo-produtos-e-contratos,R2-CAT-02,Ofertas por cliente e roteamento autorizado,Conta escolhida pelo cliente,openspec/changes/r2-04-catalogo-produtos-e-contratos/specs/catalogo-produtos-e-contratos-versionados/spec.md,41,363db7fd0613b909c75beaeb9eb7dfe1e3cb52c8f4ecbbbbb697241e381dde9b
r2-04-catalogo-produtos-e-contratos:R2-CAT-02-S03,R2-CAT-02-S03,r2-04-catalogo-produtos-e-contratos,R2-CAT-02,Ofertas por cliente e roteamento autorizado,Sem combinação de SLA viável,openspec/changes/r2-04-catalogo-produtos-e-contratos/specs/catalogo-produtos-e-contratos-versionados/spec.md,47,363db7fd0613b909c75beaeb9eb7dfe1e3cb52c8f4ecbbbbb697241e381dde9b
r2-04-catalogo-produtos-e-contratos:R2-CAT-03-S01,R2-CAT-03-S01,r2-04-catalogo-produtos-e-contratos,R2-CAT-03,Agregação paralela limitada,A e B independentes,openspec/changes/r2-04-catalogo-produtos-e-contratos/specs/catalogo-produtos-e-contratos-versionados/spec.md,59,363db7fd0613b909c75beaeb9eb7dfe1e3cb52c8f4ecbbbbb697241e381dde9b
r2-04-catalogo-produtos-e-contratos:R2-CAT-03-S02,R2-CAT-03-S02,r2-04-catalogo-produtos-e-contratos,R2-CAT-03,Agregação paralela limitada,Passo opcional falha,openspec/changes/r2-04-catalogo-produtos-e-contratos/specs/catalogo-produtos-e-contratos-versionados/spec.md,65,363db7fd0613b909c75beaeb9eb7dfe1e3cb52c8f4ecbbbbb697241e381dde9b
r2-04-catalogo-produtos-e-contratos:R2-CAT-03-S03,R2-CAT-03-S03,r2-04-catalogo-produtos-e-contratos,R2-CAT-03,Agregação paralela limitada,Fan-out abusivo,openspec/changes/r2-04-catalogo-produtos-e-contratos/specs/catalogo-produtos-e-contratos-versionados/spec.md,71,363db7fd0613b909c75beaeb9eb7dfe1e3cb52c8f4ecbbbbb697241e381dde9b
r2-04-catalogo-produtos-e-contratos:R2-CAT-04-S01,R2-CAT-04-S01,r2-04-catalogo-produtos-e-contratos,R2-CAT-04,Composição por DAG e compensações,Dependência C,openspec/changes/r2-04-catalogo-produtos-e-contratos/specs/catalogo-produtos-e-contratos-versionados/spec.md,83,363db7fd0613b909c75beaeb9eb7dfe1e3cb52c8f4ecbbbbb697241e381dde9b
r2-04-catalogo-produtos-e-contratos:R2-CAT-04-S02,R2-CAT-04-S02,r2-04-catalogo-produtos-e-contratos,R2-CAT-04,Composição por DAG e compensações,Ciclo ou referência inválida,openspec/changes/r2-04-catalogo-produtos-e-contratos/specs/catalogo-produtos-e-contratos-versionados/spec.md,89,363db7fd0613b909c75beaeb9eb7dfe1e3cb52c8f4ecbbbbb697241e381dde9b
r2-04-catalogo-produtos-e-contratos:R2-CAT-04-S03,R2-CAT-04-S03,r2-04-catalogo-produtos-e-contratos,R2-CAT-04,Composição por DAG e compensações,Compensação incompleta,openspec/changes/r2-04-catalogo-produtos-e-contratos/specs/catalogo-produtos-e-contratos-versionados/spec.md,95,363db7fd0613b909c75beaeb9eb7dfe1e3cb52c8f4ecbbbbb697241e381dde9b
r2-04-catalogo-produtos-e-contratos:R2-CAT-05-S01,R2-CAT-05-S01,r2-04-catalogo-produtos-e-contratos,R2-CAT-05,Perfis técnicos de entrada e saída por cliente,Dois contratos legados,openspec/changes/r2-04-catalogo-produtos-e-contratos/specs/catalogo-produtos-e-contratos-versionados/spec.md,107,363db7fd0613b909c75beaeb9eb7dfe1e3cb52c8f4ecbbbbb697241e381dde9b
r2-04-catalogo-produtos-e-contratos:R2-CAT-05-S02,R2-CAT-05-S02,r2-04-catalogo-produtos-e-contratos,R2-CAT-05,Perfis técnicos de entrada e saída por cliente,Transformação inválida,openspec/changes/r2-04-catalogo-produtos-e-contratos/specs/catalogo-produtos-e-contratos-versionados/spec.md,113,363db7fd0613b909c75beaeb9eb7dfe1e3cb52c8f4ecbbbbb697241e381dde9b
r2-04-catalogo-produtos-e-contratos:R2-CAT-05-S03,R2-CAT-05-S03,r2-04-catalogo-produtos-e-contratos,R2-CAT-05,Perfis técnicos de entrada e saída por cliente,Upgrade de schema,openspec/changes/r2-04-catalogo-produtos-e-contratos/specs/catalogo-produtos-e-contratos-versionados/spec.md,119,363db7fd0613b909c75beaeb9eb7dfe1e3cb52c8f4ecbbbbb697241e381dde9b
r2-04-catalogo-produtos-e-contratos:R2-CAT-06-S01,R2-CAT-06-S01,r2-04-catalogo-produtos-e-contratos,R2-CAT-06,Snapshot e projeções independentes de consulta por pedido,Contrato muda durante processamento,openspec/changes/r2-04-catalogo-produtos-e-contratos/specs/catalogo-produtos-e-contratos-versionados/spec.md,131,363db7fd0613b909c75beaeb9eb7dfe1e3cb52c8f4ecbbbbb697241e381dde9b
r2-04-catalogo-produtos-e-contratos:R2-CAT-06-S02,R2-CAT-06-S02,r2-04-catalogo-produtos-e-contratos,R2-CAT-06,Snapshot e projeções independentes de consulta por pedido,Atlas parado,openspec/changes/r2-04-catalogo-produtos-e-contratos/specs/catalogo-produtos-e-contratos-versionados/spec.md,137,363db7fd0613b909c75beaeb9eb7dfe1e3cb52c8f4ecbbbbb697241e381dde9b
r2-04-catalogo-produtos-e-contratos:R2-CAT-06-S03,R2-CAT-06-S03,r2-04-catalogo-produtos-e-contratos,R2-CAT-06,Snapshot e projeções independentes de consulta por pedido,Revogação de segurança,openspec/changes/r2-04-catalogo-produtos-e-contratos/specs/catalogo-produtos-e-contratos-versionados/spec.md,143,363db7fd0613b909c75beaeb9eb7dfe1e3cb52c8f4ecbbbbb697241e381dde9b
r2-04-catalogo-produtos-e-contratos:R2-CAT-07-S01,R2-CAT-07-S01,r2-04-catalogo-produtos-e-contratos,R2-CAT-07,Importação segura e inventário executável distinto,Reimportação idempotente,openspec/changes/r2-04-catalogo-produtos-e-contratos/specs/catalogo-produtos-e-contratos-versionados/spec.md,155,363db7fd0613b909c75beaeb9eb7dfe1e3cb52c8f4ecbbbbb697241e381dde9b
r2-04-catalogo-produtos-e-contratos:R2-CAT-07-S02,R2-CAT-07-S02,r2-04-catalogo-produtos-e-contratos,R2-CAT-07,Importação segura e inventário executável distinto,Falha no meio do lote,openspec/changes/r2-04-catalogo-produtos-e-contratos/specs/catalogo-produtos-e-contratos-versionados/spec.md,161,363db7fd0613b909c75beaeb9eb7dfe1e3cb52c8f4ecbbbbb697241e381dde9b
r2-04-catalogo-produtos-e-contratos:R2-CAT-07-S03,R2-CAT-07-S03,r2-04-catalogo-produtos-e-contratos,R2-CAT-07,Importação segura e inventário executável distinto,Credenciais na collection,openspec/changes/r2-04-catalogo-produtos-e-contratos/specs/catalogo-produtos-e-contratos-versionados/spec.md,167,363db7fd0613b909c75beaeb9eb7dfe1e3cb52c8f4ecbbbbb697241e381dde9b
r2-04-catalogo-produtos-e-contratos:R2-CAT-08-S01,R2-CAT-08-S01,r2-04-catalogo-produtos-e-contratos,R2-CAT-08,Consulta administrativa persistente e onboarding,Milhares de registros,openspec/changes/r2-04-catalogo-produtos-e-contratos/specs/catalogo-produtos-e-contratos-versionados/spec.md,179,363db7fd0613b909c75beaeb9eb7dfe1e3cb52c8f4ecbbbbb697241e381dde9b
r2-04-catalogo-produtos-e-contratos:R2-CAT-08-S02,R2-CAT-08-S02,r2-04-catalogo-produtos-e-contratos,R2-CAT-08,Consulta administrativa persistente e onboarding,Refresh e outro operador,openspec/changes/r2-04-catalogo-produtos-e-contratos/specs/catalogo-produtos-e-contratos-versionados/spec.md,185,363db7fd0613b909c75beaeb9eb7dfe1e3cb52c8f4ecbbbbb697241e381dde9b
r2-04-catalogo-produtos-e-contratos:R2-CAT-08-S03,R2-CAT-08-S03,r2-04-catalogo-produtos-e-contratos,R2-CAT-08,Consulta administrativa persistente e onboarding,Capacidade insuficiente,openspec/changes/r2-04-catalogo-produtos-e-contratos/specs/catalogo-produtos-e-contratos-versionados/spec.md,191,363db7fd0613b909c75beaeb9eb7dfe1e3cb52c8f4ecbbbbb697241e381dde9b
r2-05-console-administrativo:R2-ADM-01-S01,R2-ADM-01-S01,r2-05-console-administrativo,R2-ADM-01,"Sessão, contexto e navegação administrativa",Entrada autorizada,openspec/changes/r2-05-console-administrativo/specs/console-administrativo-operavel/spec.md,11,363db7fd0613b909c75beaeb9eb7dfe1e3cb52c8f4ecbbbbb697241e381dde9b
r2-05-console-administrativo:R2-ADM-01-S02,R2-ADM-01-S02,r2-05-console-administrativo,R2-ADM-01,"Sessão, contexto e navegação administrativa",URL sem permissão,openspec/changes/r2-05-console-administrativo/specs/console-administrativo-operavel/spec.md,17,363db7fd0613b909c75beaeb9eb7dfe1e3cb52c8f4ecbbbbb697241e381dde9b
r2-05-console-administrativo:R2-ADM-01-S03,R2-ADM-01-S03,r2-05-console-administrativo,R2-ADM-01,"Sessão, contexto e navegação administrativa",Logout,openspec/changes/r2-05-console-administrativo/specs/console-administrativo-operavel/spec.md,23,363db7fd0613b909c75beaeb9eb7dfe1e3cb52c8f4ecbbbbb697241e381dde9b
r2-05-console-administrativo:R2-ADM-02-S01,R2-ADM-02-S01,r2-05-console-administrativo,R2-ADM-02,Listagens reais e detalhe editável,Catálogo populoso,openspec/changes/r2-05-console-administrativo/specs/console-administrativo-operavel/spec.md,35,363db7fd0613b909c75beaeb9eb7dfe1e3cb52c8f4ecbbbbb697241e381dde9b
r2-05-console-administrativo:R2-ADM-02-S02,R2-ADM-02-S02,r2-05-console-administrativo,R2-ADM-02,Listagens reais e detalhe editável,Lista falha,openspec/changes/r2-05-console-administrativo/specs/console-administrativo-operavel/spec.md,41,363db7fd0613b909c75beaeb9eb7dfe1e3cb52c8f4ecbbbbb697241e381dde9b
r2-05-console-administrativo:R2-ADM-02-S03,R2-ADM-02-S03,r2-05-console-administrativo,R2-ADM-02,Listagens reais e detalhe editável,Conflito de edição,openspec/changes/r2-05-console-administrativo/specs/console-administrativo-operavel/spec.md,47,363db7fd0613b909c75beaeb9eb7dfe1e3cb52c8f4ecbbbbb697241e381dde9b
r2-05-console-administrativo:R2-ADM-03-S01,R2-ADM-03-S01,r2-05-console-administrativo,R2-ADM-03,"Clientes, aplicações e ofertas contratadas",Novo cliente,openspec/changes/r2-05-console-administrativo/specs/console-administrativo-operavel/spec.md,59,363db7fd0613b909c75beaeb9eb7dfe1e3cb52c8f4ecbbbbb697241e381dde9b
r2-05-console-administrativo:R2-ADM-03-S02,R2-ADM-03-S02,r2-05-console-administrativo,R2-ADM-03,"Clientes, aplicações e ofertas contratadas",Pendência visível,openspec/changes/r2-05-console-administrativo/specs/console-administrativo-operavel/spec.md,65,363db7fd0613b909c75beaeb9eb7dfe1e3cb52c8f4ecbbbbb697241e381dde9b
r2-05-console-administrativo:R2-ADM-03-S03,R2-ADM-03-S03,r2-05-console-administrativo,R2-ADM-03,"Clientes, aplicações e ofertas contratadas",Suspensão,openspec/changes/r2-05-console-administrativo/specs/console-administrativo-operavel/spec.md,71,363db7fd0613b909c75beaeb9eb7dfe1e3cb52c8f4ecbbbbb697241e381dde9b
r2-05-console-administrativo:R2-ADM-04-S01,R2-ADM-04-S01,r2-05-console-administrativo,R2-ADM-04,Catálogo importado e serviços executáveis,Importação por preview,openspec/changes/r2-05-console-administrativo/specs/console-administrativo-operavel/spec.md,83,363db7fd0613b909c75beaeb9eb7dfe1e3cb52c8f4ecbbbbb697241e381dde9b
r2-05-console-administrativo:R2-ADM-04-S02,R2-ADM-04-S02,r2-05-console-administrativo,R2-ADM-04,Catálogo importado e serviços executáveis,Serviço validado,openspec/changes/r2-05-console-administrativo/specs/console-administrativo-operavel/spec.md,89,363db7fd0613b909c75beaeb9eb7dfe1e3cb52c8f4ecbbbbb697241e381dde9b
r2-05-console-administrativo:R2-ADM-04-S03,R2-ADM-04-S03,r2-05-console-administrativo,R2-ADM-04,Catálogo importado e serviços executáveis,Sem adapter,openspec/changes/r2-05-console-administrativo/specs/console-administrativo-operavel/spec.md,95,363db7fd0613b909c75beaeb9eb7dfe1e3cb52c8f4ecbbbbb697241e381dde9b
r2-05-console-administrativo:R2-ADM-05-S01,R2-ADM-05-S01,r2-05-console-administrativo,R2-ADM-05,Produtos agregados e compostos,Editor de composição,openspec/changes/r2-05-console-administrativo/specs/console-administrativo-operavel/spec.md,107,363db7fd0613b909c75beaeb9eb7dfe1e3cb52c8f4ecbbbbb697241e381dde9b
r2-05-console-administrativo:R2-ADM-05-S02,R2-ADM-05-S02,r2-05-console-administrativo,R2-ADM-05,Produtos agregados e compostos,Ciclo detectado,openspec/changes/r2-05-console-administrativo/specs/console-administrativo-operavel/spec.md,113,363db7fd0613b909c75beaeb9eb7dfe1e3cb52c8f4ecbbbbb697241e381dde9b
r2-05-console-administrativo:R2-ADM-05-S03,R2-ADM-05-S03,r2-05-console-administrativo,R2-ADM-05,Produtos agregados e compostos,Simulação sem efeitos,openspec/changes/r2-05-console-administrativo/specs/console-administrativo-operavel/spec.md,119,363db7fd0613b909c75beaeb9eb7dfe1e3cb52c8f4ecbbbbb697241e381dde9b
r2-05-console-administrativo:R2-ADM-06-S01,R2-ADM-06-S01,r2-05-console-administrativo,R2-ADM-06,"Provedores, vínculos e saúde de integração",Diagnóstico de binding,openspec/changes/r2-05-console-administrativo/specs/console-administrativo-operavel/spec.md,131,363db7fd0613b909c75beaeb9eb7dfe1e3cb52c8f4ecbbbbb697241e381dde9b
r2-05-console-administrativo:R2-ADM-06-S02,R2-ADM-06-S02,r2-05-console-administrativo,R2-ADM-06,"Provedores, vínculos e saúde de integração",Rotação,openspec/changes/r2-05-console-administrativo/specs/console-administrativo-operavel/spec.md,137,363db7fd0613b909c75beaeb9eb7dfe1e3cb52c8f4ecbbbbb697241e381dde9b
r2-05-console-administrativo:R2-ADM-06-S03,R2-ADM-06-S03,r2-05-console-administrativo,R2-ADM-06,"Provedores, vínculos e saúde de integração",Pressão reduzida,openspec/changes/r2-05-console-administrativo/specs/console-administrativo-operavel/spec.md,143,363db7fd0613b909c75beaeb9eb7dfe1e3cb52c8f4ecbbbbb697241e381dde9b
r2-05-console-administrativo:R2-ADM-07-S01,R2-ADM-07-S01,r2-05-console-administrativo,R2-ADM-07,Contratos técnicos e políticas temporais,Contrato legado,openspec/changes/r2-05-console-administrativo/specs/console-administrativo-operavel/spec.md,155,363db7fd0613b909c75beaeb9eb7dfe1e3cb52c8f4ecbbbbb697241e381dde9b
r2-05-console-administrativo:R2-ADM-07-S02,R2-ADM-07-S02,r2-05-console-administrativo,R2-ADM-07,Contratos técnicos e políticas temporais,TTL versus SLA,openspec/changes/r2-05-console-administrativo/specs/console-administrativo-operavel/spec.md,161,363db7fd0613b909c75beaeb9eb7dfe1e3cb52c8f4ecbbbbb697241e381dde9b
r2-05-console-administrativo:R2-ADM-07-S03,R2-ADM-07-S03,r2-05-console-administrativo,R2-ADM-07,Contratos técnicos e políticas temporais,SYNC incompatível,openspec/changes/r2-05-console-administrativo/specs/console-administrativo-operavel/spec.md,167,363db7fd0613b909c75beaeb9eb7dfe1e3cb52c8f4ecbbbbb697241e381dde9b
r2-05-console-administrativo:R2-ADM-08-S01,R2-ADM-08-S01,r2-05-console-administrativo,R2-ADM-08,Busca e timeline operacional de protocolos,Diagnóstico completo,openspec/changes/r2-05-console-administrativo/specs/console-administrativo-operavel/spec.md,179,363db7fd0613b909c75beaeb9eb7dfe1e3cb52c8f4ecbbbbb697241e381dde9b
r2-05-console-administrativo:R2-ADM-08-S02,R2-ADM-08-S02,r2-05-console-administrativo,R2-ADM-08,Busca e timeline operacional de protocolos,Resultado custodiado,openspec/changes/r2-05-console-administrativo/specs/console-administrativo-operavel/spec.md,185,363db7fd0613b909c75beaeb9eb7dfe1e3cb52c8f4ecbbbbb697241e381dde9b
r2-05-console-administrativo:R2-ADM-08-S03,R2-ADM-08-S03,r2-05-console-administrativo,R2-ADM-08,Busca e timeline operacional de protocolos,Filtro entre tenants,openspec/changes/r2-05-console-administrativo/specs/console-administrativo-operavel/spec.md,191,363db7fd0613b909c75beaeb9eb7dfe1e3cb52c8f4ecbbbbb697241e381dde9b
r2-05-console-administrativo:R2-ADM-09-S01,R2-ADM-09-S01,r2-05-console-administrativo,R2-ADM-09,Entregas e reprocessamento com segurança de efeito,Webhook esgotado,openspec/changes/r2-05-console-administrativo/specs/console-administrativo-operavel/spec.md,203,363db7fd0613b909c75beaeb9eb7dfe1e3cb52c8f4ecbbbbb697241e381dde9b
r2-05-console-administrativo:R2-ADM-09-S02,R2-ADM-09-S02,r2-05-console-administrativo,R2-ADM-09,Entregas e reprocessamento com segurança de efeito,UNKNOWN externo,openspec/changes/r2-05-console-administrativo/specs/console-administrativo-operavel/spec.md,209,363db7fd0613b909c75beaeb9eb7dfe1e3cb52c8f4ecbbbbb697241e381dde9b
r2-05-console-administrativo:R2-ADM-09-S03,R2-ADM-09-S03,r2-05-console-administrativo,R2-ADM-09,Entregas e reprocessamento com segurança de efeito,Leitor administrativo,openspec/changes/r2-05-console-administrativo/specs/console-administrativo-operavel/spec.md,215,363db7fd0613b909c75beaeb9eb7dfe1e3cb52c8f4ecbbbbb697241e381dde9b
r2-05-console-administrativo:R2-ADM-10-S01,R2-ADM-10-S01,r2-05-console-administrativo,R2-ADM-10,SLA bilateral e painéis operacionais consultáveis,Apuração de quebra,openspec/changes/r2-05-console-administrativo/specs/console-administrativo-operavel/spec.md,227,363db7fd0613b909c75beaeb9eb7dfe1e3cb52c8f4ecbbbbb697241e381dde9b
r2-05-console-administrativo:R2-ADM-10-S02,R2-ADM-10-S02,r2-05-console-administrativo,R2-ADM-10,SLA bilateral e painéis operacionais consultáveis,Dados desatualizados,openspec/changes/r2-05-console-administrativo/specs/console-administrativo-operavel/spec.md,233,363db7fd0613b909c75beaeb9eb7dfe1e3cb52c8f4ecbbbbb697241e381dde9b
r2-05-console-administrativo:R2-ADM-10-S03,R2-ADM-10-S03,r2-05-console-administrativo,R2-ADM-10,SLA bilateral e painéis operacionais consultáveis,Consulta limitada,openspec/changes/r2-05-console-administrativo/specs/console-administrativo-operavel/spec.md,239,363db7fd0613b909c75beaeb9eb7dfe1e3cb52c8f4ecbbbbb697241e381dde9b
r2-05-console-administrativo:R2-ADM-11-S01,R2-ADM-11-S01,r2-05-console-administrativo,R2-ADM-11,"Financeiro de compra, venda e conciliação",Extrato explicável,openspec/changes/r2-05-console-administrativo/specs/console-administrativo-operavel/spec.md,251,363db7fd0613b909c75beaeb9eb7dfe1e3cb52c8f4ecbbbbb697241e381dde9b
r2-05-console-administrativo:R2-ADM-11-S02,R2-ADM-11-S02,r2-05-console-administrativo,R2-ADM-11,"Financeiro de compra, venda e conciliação",Fechamento incompleto,openspec/changes/r2-05-console-administrativo/specs/console-administrativo-operavel/spec.md,257,363db7fd0613b909c75beaeb9eb7dfe1e3cb52c8f4ecbbbbb697241e381dde9b
r2-05-console-administrativo:R2-ADM-11-S03,R2-ADM-11-S03,r2-05-console-administrativo,R2-ADM-11,"Financeiro de compra, venda e conciliação",Estorno,openspec/changes/r2-05-console-administrativo/specs/console-administrativo-operavel/spec.md,263,363db7fd0613b909c75beaeb9eb7dfe1e3cb52c8f4ecbbbbb697241e381dde9b
r2-05-console-administrativo:R2-ADM-12-S01,R2-ADM-12-S01,r2-05-console-administrativo,R2-ADM-12,"Qualidade de uso, acessibilidade e integração real",Teclado e erro,openspec/changes/r2-05-console-administrativo/specs/console-administrativo-operavel/spec.md,275,363db7fd0613b909c75beaeb9eb7dfe1e3cb52c8f4ecbbbbb697241e381dde9b
r2-05-console-administrativo:R2-ADM-12-S02,R2-ADM-12-S02,r2-05-console-administrativo,R2-ADM-12,"Qualidade de uso, acessibilidade e integração real",Falha de rede ou 409,openspec/changes/r2-05-console-administrativo/specs/console-administrativo-operavel/spec.md,281,363db7fd0613b909c75beaeb9eb7dfe1e3cb52c8f4ecbbbbb697241e381dde9b
r2-05-console-administrativo:R2-ADM-12-S03,R2-ADM-12-S03,r2-05-console-administrativo,R2-ADM-12,"Qualidade de uso, acessibilidade e integração real",Jornada integrada,openspec/changes/r2-05-console-administrativo/specs/console-administrativo-operavel/spec.md,287,363db7fd0613b909c75beaeb9eb7dfe1e3cb52c8f4ecbbbbb697241e381dde9b
r2-06-financeiro-auditavel:R2-FIN-01-S01,R2-FIN-01-S01,r2-06-financeiro-auditavel,R2-FIN-01,"Compra, venda e incidência por snapshot",Preço muda antes de consumir,openspec/changes/r2-06-financeiro-auditavel/specs/financeiro-auditavel-e-conciliacao/spec.md,11,363db7fd0613b909c75beaeb9eb7dfe1e3cb52c8f4ecbbbbb697241e381dde9b
r2-06-financeiro-auditavel:R2-FIN-01-S02,R2-FIN-01-S02,r2-06-financeiro-auditavel,R2-FIN-01,"Compra, venda e incidência por snapshot",Cliente paga diretamente,openspec/changes/r2-06-financeiro-auditavel/specs/financeiro-auditavel-e-conciliacao/spec.md,17,363db7fd0613b909c75beaeb9eb7dfe1e3cb52c8f4ecbbbbb697241e381dde9b
r2-06-financeiro-auditavel:R2-FIN-01-S03,R2-FIN-01-S03,r2-06-financeiro-auditavel,R2-FIN-01,"Compra, venda e incidência por snapshot",Compra por submit,openspec/changes/r2-06-financeiro-auditavel/specs/financeiro-auditavel-e-conciliacao/spec.md,23,363db7fd0613b909c75beaeb9eb7dfe1e3cb52c8f4ecbbbbb697241e381dde9b
r2-06-financeiro-auditavel:R2-FIN-02-S01,R2-FIN-02-S01,r2-06-financeiro-auditavel,R2-FIN-02,Medição exata e deduplicação econômica,Dois passos custosos,openspec/changes/r2-06-financeiro-auditavel/specs/financeiro-auditavel-e-conciliacao/spec.md,35,363db7fd0613b909c75beaeb9eb7dfe1e3cb52c8f4ecbbbbb697241e381dde9b
r2-06-financeiro-auditavel:R2-FIN-02-S02,R2-FIN-02-S02,r2-06-financeiro-auditavel,R2-FIN-02,Medição exata e deduplicação econômica,Polling tarifado,openspec/changes/r2-06-financeiro-auditavel/specs/financeiro-auditavel-e-conciliacao/spec.md,41,363db7fd0613b909c75beaeb9eb7dfe1e3cb52c8f4ecbbbbb697241e381dde9b
r2-06-financeiro-auditavel:R2-FIN-02-S03,R2-FIN-02-S03,r2-06-financeiro-auditavel,R2-FIN-02,Medição exata e deduplicação econômica,Precisão,openspec/changes/r2-06-financeiro-auditavel/specs/financeiro-auditavel-e-conciliacao/spec.md,47,363db7fd0613b909c75beaeb9eb7dfe1e3cb52c8f4ecbbbbb697241e381dde9b
r2-06-financeiro-auditavel:R2-FIN-03-S01,R2-FIN-03-S01,r2-06-financeiro-auditavel,R2-FIN-03,Saldo estrito e retenção de incerteza,Limite cumulativo,openspec/changes/r2-06-financeiro-auditavel/specs/financeiro-auditavel-e-conciliacao/spec.md,59,363db7fd0613b909c75beaeb9eb7dfe1e3cb52c8f4ecbbbbb697241e381dde9b
r2-06-financeiro-auditavel:R2-FIN-03-S02,R2-FIN-03-S02,r2-06-financeiro-auditavel,R2-FIN-03,Saldo estrito e retenção de incerteza,Concorrência pelo último saldo,openspec/changes/r2-06-financeiro-auditavel/specs/financeiro-auditavel-e-conciliacao/spec.md,65,363db7fd0613b909c75beaeb9eb7dfe1e3cb52c8f4ecbbbbb697241e381dde9b
r2-06-financeiro-auditavel:R2-FIN-03-S03,R2-FIN-03-S03,r2-06-financeiro-auditavel,R2-FIN-03,Saldo estrito e retenção de incerteza,Limite não configurado,openspec/changes/r2-06-financeiro-auditavel/specs/financeiro-auditavel-e-conciliacao/spec.md,71,363db7fd0613b909c75beaeb9eb7dfe1e3cb52c8f4ecbbbbb697241e381dde9b
r2-06-financeiro-auditavel:R2-FIN-03-S04,R2-FIN-03-S04,r2-06-financeiro-auditavel,R2-FIN-03,Saldo estrito e retenção de incerteza,Timeout com efeito incerto,openspec/changes/r2-06-financeiro-auditavel/specs/financeiro-auditavel-e-conciliacao/spec.md,77,363db7fd0613b909c75beaeb9eb7dfe1e3cb52c8f4ecbbbbb697241e381dde9b
r2-06-financeiro-auditavel:R2-FIN-04-S01,R2-FIN-04-S01,r2-06-financeiro-auditavel,R2-FIN-04,"Planos, franquias e política de produto",Faixa marginal,openspec/changes/r2-06-financeiro-auditavel/specs/financeiro-auditavel-e-conciliacao/spec.md,89,363db7fd0613b909c75beaeb9eb7dfe1e3cb52c8f4ecbbbbb697241e381dde9b
r2-06-financeiro-auditavel:R2-FIN-04-S02,R2-FIN-04-S02,r2-06-financeiro-auditavel,R2-FIN-04,"Planos, franquias e política de produto",Pacote versus soma,openspec/changes/r2-06-financeiro-auditavel/specs/financeiro-auditavel-e-conciliacao/spec.md,95,363db7fd0613b909c75beaeb9eb7dfe1e3cb52c8f4ecbbbbb697241e381dde9b
r2-06-financeiro-auditavel:R2-FIN-04-S03,R2-FIN-04-S03,r2-06-financeiro-auditavel,R2-FIN-04,"Planos, franquias e política de produto",Franquia final concorrente,openspec/changes/r2-06-financeiro-auditavel/specs/financeiro-auditavel-e-conciliacao/spec.md,101,363db7fd0613b909c75beaeb9eb7dfe1e3cb52c8f4ecbbbbb697241e381dde9b
r2-06-financeiro-auditavel:R2-FIN-05-S01,R2-FIN-05-S01,r2-06-financeiro-auditavel,R2-FIN-05,Ledger imutável e ajustes compensatórios,Partidas balanceadas,openspec/changes/r2-06-financeiro-auditavel/specs/financeiro-auditavel-e-conciliacao/spec.md,113,363db7fd0613b909c75beaeb9eb7dfe1e3cb52c8f4ecbbbbb697241e381dde9b
r2-06-financeiro-auditavel:R2-FIN-05-S02,R2-FIN-05-S02,r2-06-financeiro-auditavel,R2-FIN-05,Ledger imutável e ajustes compensatórios,Reprocessamento,openspec/changes/r2-06-financeiro-auditavel/specs/financeiro-auditavel-e-conciliacao/spec.md,119,363db7fd0613b909c75beaeb9eb7dfe1e3cb52c8f4ecbbbbb697241e381dde9b
r2-06-financeiro-auditavel:R2-FIN-05-S03,R2-FIN-05-S03,r2-06-financeiro-auditavel,R2-FIN-05,Ledger imutável e ajustes compensatórios,Estorno autorizado,openspec/changes/r2-06-financeiro-auditavel/specs/financeiro-auditavel-e-conciliacao/spec.md,125,363db7fd0613b909c75beaeb9eb7dfe1e3cb52c8f4ecbbbbb697241e381dde9b
r2-06-financeiro-auditavel:R2-FIN-06-S01,R2-FIN-06-S01,r2-06-financeiro-auditavel,R2-FIN-06,"Fechamento, reconciliação e integração financeira",Fato atrasado,openspec/changes/r2-06-financeiro-auditavel/specs/financeiro-auditavel-e-conciliacao/spec.md,137,363db7fd0613b909c75beaeb9eb7dfe1e3cb52c8f4ecbbbbb697241e381dde9b
r2-06-financeiro-auditavel:R2-FIN-06-S02,R2-FIN-06-S02,r2-06-financeiro-auditavel,R2-FIN-06,"Fechamento, reconciliação e integração financeira",Exportação repetida,openspec/changes/r2-06-financeiro-auditavel/specs/financeiro-auditavel-e-conciliacao/spec.md,143,363db7fd0613b909c75beaeb9eb7dfe1e3cb52c8f4ecbbbbb697241e381dde9b
r2-06-financeiro-auditavel:R2-FIN-06-S03,R2-FIN-06-S03,r2-06-financeiro-auditavel,R2-FIN-06,"Fechamento, reconciliação e integração financeira",Contestação de SLA,openspec/changes/r2-06-financeiro-auditavel/specs/financeiro-auditavel-e-conciliacao/spec.md,149,363db7fd0613b909c75beaeb9eb7dfe1e3cb52c8f4ecbbbbb697241e381dde9b
r2-07-objetos-dados-e-retencao:R2-DAD-01-S01,R2-DAD-01-S01,r2-07-objetos-dados-e-retencao,R2-DAD-01,Upload direto e referência imutável por tenant,Arquivo elegível,openspec/changes/r2-07-objetos-dados-e-retencao/specs/objetos-dados-e-retencao/spec.md,11,363db7fd0613b909c75beaeb9eb7dfe1e3cb52c8f4ecbbbbb697241e381dde9b
r2-07-objetos-dados-e-retencao:R2-DAD-01-S02,R2-DAD-01-S02,r2-07-objetos-dados-e-retencao,R2-DAD-01,Upload direto e referência imutável por tenant,Objeto de outro cliente,openspec/changes/r2-07-objetos-dados-e-retencao/specs/objetos-dados-e-retencao/spec.md,17,363db7fd0613b909c75beaeb9eb7dfe1e3cb52c8f4ecbbbbb697241e381dde9b
r2-07-objetos-dados-e-retencao:R2-DAD-01-S03,R2-DAD-01-S03,r2-07-objetos-dados-e-retencao,R2-DAD-01,Upload direto e referência imutável por tenant,Multipart incompleto,openspec/changes/r2-07-objetos-dados-e-retencao/specs/objetos-dados-e-retencao/spec.md,23,363db7fd0613b909c75beaeb9eb7dfe1e3cb52c8f4ecbbbbb697241e381dde9b
r2-07-objetos-dados-e-retencao:R2-DAD-02-S01,R2-DAD-02-S01,r2-07-objetos-dados-e-retencao,R2-DAD-02,Custódia de resultado volumoso,Resultado grande,openspec/changes/r2-07-objetos-dados-e-retencao/specs/objetos-dados-e-retencao/spec.md,35,363db7fd0613b909c75beaeb9eb7dfe1e3cb52c8f4ecbbbbb697241e381dde9b
r2-07-objetos-dados-e-retencao:R2-DAD-02-S02,R2-DAD-02-S02,r2-07-objetos-dados-e-retencao,R2-DAD-02,Custódia de resultado volumoso,S3 falha,openspec/changes/r2-07-objetos-dados-e-retencao/specs/objetos-dados-e-retencao/spec.md,41,363db7fd0613b909c75beaeb9eb7dfe1e3cb52c8f4ecbbbbb697241e381dde9b
r2-07-objetos-dados-e-retencao:R2-DAD-02-S03,R2-DAD-02-S03,r2-07-objetos-dados-e-retencao,R2-DAD-02,Custódia de resultado volumoso,Objeto sem commit do protocolo,openspec/changes/r2-07-objetos-dados-e-retencao/specs/objetos-dados-e-retencao/spec.md,47,363db7fd0613b909c75beaeb9eb7dfe1e3cb52c8f4ecbbbbb697241e381dde9b
r2-07-objetos-dados-e-retencao:R2-DAD-03-S01,R2-DAD-03-S01,r2-07-objetos-dados-e-retencao,R2-DAD-03,Retenção por classe e obrigações abertas,Expurgo elegível,openspec/changes/r2-07-objetos-dados-e-retencao/specs/objetos-dados-e-retencao/spec.md,59,363db7fd0613b909c75beaeb9eb7dfe1e3cb52c8f4ecbbbbb697241e381dde9b
r2-07-objetos-dados-e-retencao:R2-DAD-03-S02,R2-DAD-03-S02,r2-07-objetos-dados-e-retencao,R2-DAD-03,Retenção por classe e obrigações abertas,Entrega pendente,openspec/changes/r2-07-objetos-dados-e-retencao/specs/objetos-dados-e-retencao/spec.md,65,363db7fd0613b909c75beaeb9eb7dfe1e3cb52c8f4ecbbbbb697241e381dde9b
r2-07-objetos-dados-e-retencao:R2-DAD-03-S03,R2-DAD-03-S03,r2-07-objetos-dados-e-retencao,R2-DAD-03,Retenção por classe e obrigações abertas,Mensagem antiga,openspec/changes/r2-07-objetos-dados-e-retencao/specs/objetos-dados-e-retencao/spec.md,71,363db7fd0613b909c75beaeb9eb7dfe1e3cb52c8f4ecbbbbb697241e381dde9b
r2-07-objetos-dados-e-retencao:R2-DAD-04-S01,R2-DAD-04-S01,r2-07-objetos-dados-e-retencao,R2-DAD-04,"Propriedade, RLS e continuidade de leitura",Writer indisponível com final válido,openspec/changes/r2-07-objetos-dados-e-retencao/specs/objetos-dados-e-retencao/spec.md,83,363db7fd0613b909c75beaeb9eb7dfe1e3cb52c8f4ecbbbbb697241e381dde9b
r2-07-objetos-dados-e-retencao:R2-DAD-04-S02,R2-DAD-04-S02,r2-07-objetos-dados-e-retencao,R2-DAD-04,"Propriedade, RLS e continuidade de leitura",Réplica atrasada,openspec/changes/r2-07-objetos-dados-e-retencao/specs/objetos-dados-e-retencao/spec.md,89,363db7fd0613b909c75beaeb9eb7dfe1e3cb52c8f4ecbbbbb697241e381dde9b
r2-07-objetos-dados-e-retencao:R2-DAD-04-S03,R2-DAD-04-S03,r2-07-objetos-dados-e-retencao,R2-DAD-04,"Propriedade, RLS e continuidade de leitura",Isolamento de domínio,openspec/changes/r2-07-objetos-dados-e-retencao/specs/objetos-dados-e-retencao/spec.md,95,363db7fd0613b909c75beaeb9eb7dfe1e3cb52c8f4ecbbbbb697241e381dde9b
r2-07-objetos-dados-e-retencao:R2-DAD-05-S01,R2-DAD-05-S01,r2-07-objetos-dados-e-retencao,R2-DAD-05,Restauração reconciliada sem duplicar efeito,Restore controlado,openspec/changes/r2-07-objetos-dados-e-retencao/specs/objetos-dados-e-retencao/spec.md,107,363db7fd0613b909c75beaeb9eb7dfe1e3cb52c8f4ecbbbbb697241e381dde9b
r2-07-objetos-dados-e-retencao:R2-DAD-05-S02,R2-DAD-05-S02,r2-07-objetos-dados-e-retencao,R2-DAD-05,Restauração reconciliada sem duplicar efeito,Operação após backup,openspec/changes/r2-07-objetos-dados-e-retencao/specs/objetos-dados-e-retencao/spec.md,113,363db7fd0613b909c75beaeb9eb7dfe1e3cb52c8f4ecbbbbb697241e381dde9b
r2-07-objetos-dados-e-retencao:R2-DAD-05-S03,R2-DAD-05-S03,r2-07-objetos-dados-e-retencao,R2-DAD-05,Restauração reconciliada sem duplicar efeito,Falha regional,openspec/changes/r2-07-objetos-dados-e-retencao/specs/objetos-dados-e-retencao/spec.md,119,363db7fd0613b909c75beaeb9eb7dfe1e3cb52c8f4ecbbbbb697241e381dde9b
r2-08-operacao-elastica-e-observavel:R2-OPE-01-S01,R2-OPE-01-S01,r2-08-operacao-elastica-e-observavel,R2-OPE-01,Plataforma local completa e persistente,Primeira instalação,openspec/changes/r2-08-operacao-elastica-e-observavel/specs/operacao-elastica-e-observavel/spec.md,11,363db7fd0613b909c75beaeb9eb7dfe1e3cb52c8f4ecbbbbb697241e381dde9b
r2-08-operacao-elastica-e-observavel:R2-OPE-01-S02,R2-OPE-01-S02,r2-08-operacao-elastica-e-observavel,R2-OPE-01,Plataforma local completa e persistente,Recriação sem reset,openspec/changes/r2-08-operacao-elastica-e-observavel/specs/operacao-elastica-e-observavel/spec.md,17,363db7fd0613b909c75beaeb9eb7dfe1e3cb52c8f4ecbbbbb697241e381dde9b
r2-08-operacao-elastica-e-observavel:R2-OPE-01-S03,R2-OPE-01-S03,r2-08-operacao-elastica-e-observavel,R2-OPE-01,Plataforma local completa e persistente,Cache desligado,openspec/changes/r2-08-operacao-elastica-e-observavel/specs/operacao-elastica-e-observavel/spec.md,23,363db7fd0613b909c75beaeb9eb7dfe1e3cb52c8f4ecbbbbb697241e381dde9b
r2-08-operacao-elastica-e-observavel:R2-OPE-02-S01,R2-OPE-02-S01,r2-08-operacao-elastica-e-observavel,R2-OPE-02,Kubernetes e cinco ambientes coerentes,Overlay aplicável,openspec/changes/r2-08-operacao-elastica-e-observavel/specs/operacao-elastica-e-observavel/spec.md,35,363db7fd0613b909c75beaeb9eb7dfe1e3cb52c8f4ecbbbbb697241e381dde9b
r2-08-operacao-elastica-e-observavel:R2-OPE-02-S02,R2-OPE-02-S02,r2-08-operacao-elastica-e-observavel,R2-OPE-02,Kubernetes e cinco ambientes coerentes,Separação ambiental,openspec/changes/r2-08-operacao-elastica-e-observavel/specs/operacao-elastica-e-observavel/spec.md,41,363db7fd0613b909c75beaeb9eb7dfe1e3cb52c8f4ecbbbbb697241e381dde9b
r2-08-operacao-elastica-e-observavel:R2-OPE-02-S03,R2-OPE-02-S03,r2-08-operacao-elastica-e-observavel,R2-OPE-02,Kubernetes e cinco ambientes coerentes,Produção sem perfil,openspec/changes/r2-08-operacao-elastica-e-observavel/specs/operacao-elastica-e-observavel/spec.md,47,363db7fd0613b909c75beaeb9eb7dfe1e3cb52c8f4ecbbbbb697241e381dde9b
r2-08-operacao-elastica-e-observavel:R2-OPE-03-S01,R2-OPE-03-S01,r2-08-operacao-elastica-e-observavel,R2-OPE-03,Probes por capacidade e drenagem,Dependência opcional falha,openspec/changes/r2-08-operacao-elastica-e-observavel/specs/operacao-elastica-e-observavel/spec.md,59,363db7fd0613b909c75beaeb9eb7dfe1e3cb52c8f4ecbbbbb697241e381dde9b
r2-08-operacao-elastica-e-observavel:R2-OPE-03-S02,R2-OPE-03-S02,r2-08-operacao-elastica-e-observavel,R2-OPE-03,Probes por capacidade e drenagem,Rolling update,openspec/changes/r2-08-operacao-elastica-e-observavel/specs/operacao-elastica-e-observavel/spec.md,65,363db7fd0613b909c75beaeb9eb7dfe1e3cb52c8f4ecbbbbb697241e381dde9b
r2-08-operacao-elastica-e-observavel:R2-OPE-03-S03,R2-OPE-03-S03,r2-08-operacao-elastica-e-observavel,R2-OPE-03,Probes por capacidade e drenagem,Provedor fora,openspec/changes/r2-08-operacao-elastica-e-observavel/specs/operacao-elastica-e-observavel/spec.md,71,363db7fd0613b909c75beaeb9eb7dfe1e3cb52c8f4ecbbbbb697241e381dde9b
r2-08-operacao-elastica-e-observavel:R2-OPE-04-S01,R2-OPE-04-S01,r2-08-operacao-elastica-e-observavel,R2-OPE-04,"Escala de pods, nós e dados sem chamados rotineiros",Fila cresce com CPU baixa,openspec/changes/r2-08-operacao-elastica-e-observavel/specs/operacao-elastica-e-observavel/spec.md,83,363db7fd0613b909c75beaeb9eb7dfe1e3cb52c8f4ecbbbbb697241e381dde9b
r2-08-operacao-elastica-e-observavel:R2-OPE-04-S02,R2-OPE-04-S02,r2-08-operacao-elastica-e-observavel,R2-OPE-04,"Escala de pods, nós e dados sem chamados rotineiros",Célula próxima do envelope,openspec/changes/r2-08-operacao-elastica-e-observavel/specs/operacao-elastica-e-observavel/spec.md,89,363db7fd0613b909c75beaeb9eb7dfe1e3cb52c8f4ecbbbbb697241e381dde9b
r2-08-operacao-elastica-e-observavel:R2-OPE-04-S03,R2-OPE-04-S03,r2-08-operacao-elastica-e-observavel,R2-OPE-04,"Escala de pods, nós e dados sem chamados rotineiros",Quota esgotada,openspec/changes/r2-08-operacao-elastica-e-observavel/specs/operacao-elastica-e-observavel/spec.md,95,363db7fd0613b909c75beaeb9eb7dfe1e3cb52c8f4ecbbbbb697241e381dde9b
r2-08-operacao-elastica-e-observavel:R2-OPE-05-S01,R2-OPE-05-S01,r2-08-operacao-elastica-e-observavel,R2-OPE-05,"Placement, fencing e recursos por ambiente e célula",Cliente realocado,openspec/changes/r2-08-operacao-elastica-e-observavel/specs/operacao-elastica-e-observavel/spec.md,107,363db7fd0613b909c75beaeb9eb7dfe1e3cb52c8f4ecbbbbb697241e381dde9b
r2-08-operacao-elastica-e-observavel:R2-OPE-05-S02,R2-OPE-05-S02,r2-08-operacao-elastica-e-observavel,R2-OPE-05,"Placement, fencing e recursos por ambiente e célula",Dois ambientes/células,openspec/changes/r2-08-operacao-elastica-e-observavel/specs/operacao-elastica-e-observavel/spec.md,113,363db7fd0613b909c75beaeb9eb7dfe1e3cb52c8f4ecbbbbb697241e381dde9b
r2-08-operacao-elastica-e-observavel:R2-OPE-05-S03,R2-OPE-05-S03,r2-08-operacao-elastica-e-observavel,R2-OPE-05,"Placement, fencing e recursos por ambiente e célula",Falha parcial de provisionamento,openspec/changes/r2-08-operacao-elastica-e-observavel/specs/operacao-elastica-e-observavel/spec.md,119,363db7fd0613b909c75beaeb9eb7dfe1e3cb52c8f4ecbbbbb697241e381dde9b
r2-08-operacao-elastica-e-observavel:R2-OPE-06-S01,R2-OPE-06-S01,r2-08-operacao-elastica-e-observavel,R2-OPE-06,Fallback seletivo e dependências mínimas,Reinício com broker fora,openspec/changes/r2-08-operacao-elastica-e-observavel/specs/operacao-elastica-e-observavel/spec.md,131,363db7fd0613b909c75beaeb9eb7dfe1e3cb52c8f4ecbbbbb697241e381dde9b
r2-08-operacao-elastica-e-observavel:R2-OPE-06-S02,R2-OPE-06-S02,r2-08-operacao-elastica-e-observavel,R2-OPE-06,Fallback seletivo e dependências mínimas,Redis lenta,openspec/changes/r2-08-operacao-elastica-e-observavel/specs/operacao-elastica-e-observavel/spec.md,137,363db7fd0613b909c75beaeb9eb7dfe1e3cb52c8f4ecbbbbb697241e381dde9b
r2-08-operacao-elastica-e-observavel:R2-OPE-06-S03,R2-OPE-06-S03,r2-08-operacao-elastica-e-observavel,R2-OPE-06,Fallback seletivo e dependências mínimas,Todas cópias autoritativas indisponíveis,openspec/changes/r2-08-operacao-elastica-e-observavel/specs/operacao-elastica-e-observavel/spec.md,143,363db7fd0613b909c75beaeb9eb7dfe1e3cb52c8f4ecbbbbb697241e381dde9b
r2-08-operacao-elastica-e-observavel:R2-OPE-07-S01,R2-OPE-07-S01,r2-08-operacao-elastica-e-observavel,R2-OPE-07,Telemetria e SLA com investigação acionável,Fluxo rastreável,openspec/changes/r2-08-operacao-elastica-e-observavel/specs/operacao-elastica-e-observavel/spec.md,155,363db7fd0613b909c75beaeb9eb7dfe1e3cb52c8f4ecbbbbb697241e381dde9b
r2-08-operacao-elastica-e-observavel:R2-OPE-07-S02,R2-OPE-07-S02,r2-08-operacao-elastica-e-observavel,R2-OPE-07,Telemetria e SLA com investigação acionável,Alerta exercitado,openspec/changes/r2-08-operacao-elastica-e-observavel/specs/operacao-elastica-e-observavel/spec.md,161,363db7fd0613b909c75beaeb9eb7dfe1e3cb52c8f4ecbbbbb697241e381dde9b
r2-08-operacao-elastica-e-observavel:R2-OPE-07-S03,R2-OPE-07-S03,r2-08-operacao-elastica-e-observavel,R2-OPE-07,Telemetria e SLA com investigação acionável,Backend de observabilidade fora,openspec/changes/r2-08-operacao-elastica-e-observavel/specs/operacao-elastica-e-observavel/spec.md,167,363db7fd0613b909c75beaeb9eb7dfe1e3cb52c8f4ecbbbbb697241e381dde9b
r2-08-operacao-elastica-e-observavel:R2-OPE-08-S01,R2-OPE-08-S01,r2-08-operacao-elastica-e-observavel,R2-OPE-08,Segurança e reprodutibilidade de infraestrutura,AWS real,openspec/changes/r2-08-operacao-elastica-e-observavel/specs/operacao-elastica-e-observavel/spec.md,179,363db7fd0613b909c75beaeb9eb7dfe1e3cb52c8f4ecbbbbb697241e381dde9b
r2-08-operacao-elastica-e-observavel:R2-OPE-08-S02,R2-OPE-08-S02,r2-08-operacao-elastica-e-observavel,R2-OPE-08,Segurança e reprodutibilidade de infraestrutura,IAM insuficiente,openspec/changes/r2-08-operacao-elastica-e-observavel/specs/operacao-elastica-e-observavel/spec.md,185,363db7fd0613b909c75beaeb9eb7dfe1e3cb52c8f4ecbbbbb697241e381dde9b
r2-08-operacao-elastica-e-observavel:R2-OPE-08-S03,R2-OPE-08-S03,r2-08-operacao-elastica-e-observavel,R2-OPE-08,Segurança e reprodutibilidade de infraestrutura,Atualização de dependência,openspec/changes/r2-08-operacao-elastica-e-observavel/specs/operacao-elastica-e-observavel/spec.md,191,363db7fd0613b909c75beaeb9eb7dfe1e3cb52c8f4ecbbbbb697241e381dde9b
r2-08-operacao-elastica-e-observavel:R2-OPE-09-S01,R2-OPE-09-S01,r2-08-operacao-elastica-e-observavel,R2-OPE-09,"SLO, isolamento e continuidade qualificados",Perfil de referência,openspec/changes/r2-08-operacao-elastica-e-observavel/specs/operacao-elastica-e-observavel/spec.md,203,363db7fd0613b909c75beaeb9eb7dfe1e3cb52c8f4ecbbbbb697241e381dde9b
r2-08-operacao-elastica-e-observavel:R2-OPE-09-S02,R2-OPE-09-S02,r2-08-operacao-elastica-e-observavel,R2-OPE-09,"SLO, isolamento e continuidade qualificados",Manutenção e ruído,openspec/changes/r2-08-operacao-elastica-e-observavel/specs/operacao-elastica-e-observavel/spec.md,209,363db7fd0613b909c75beaeb9eb7dfe1e3cb52c8f4ecbbbbb697241e381dde9b
r2-08-operacao-elastica-e-observavel:R2-OPE-09-S03,R2-OPE-09-S03,r2-08-operacao-elastica-e-observavel,R2-OPE-09,"SLO, isolamento e continuidade qualificados",Uso crítico,openspec/changes/r2-08-operacao-elastica-e-observavel/specs/operacao-elastica-e-observavel/spec.md,215,363db7fd0613b909c75beaeb9eb7dfe1e3cb52c8f4ecbbbbb697241e381dde9b
r2-09-qualificacao-e-rastreabilidade:R2-QUA-01-S01,R2-QUA-01-S01,r2-09-qualificacao-e-rastreabilidade,R2-QUA-01,Rastreabilidade do alvo até evidência,Novo requisito implementado,openspec/changes/r2-09-qualificacao-e-rastreabilidade/specs/qualificacao-integrada-r2/spec.md,11,363db7fd0613b909c75beaeb9eb7dfe1e3cb52c8f4ecbbbbb697241e381dde9b
r2-09-qualificacao-e-rastreabilidade:R2-QUA-01-S02,R2-QUA-01-S02,r2-09-qualificacao-e-rastreabilidade,R2-QUA-01,Rastreabilidade do alvo até evidência,Evidência incompatível,openspec/changes/r2-09-qualificacao-e-rastreabilidade/specs/qualificacao-integrada-r2/spec.md,17,363db7fd0613b909c75beaeb9eb7dfe1e3cb52c8f4ecbbbbb697241e381dde9b
r2-09-qualificacao-e-rastreabilidade:R2-QUA-01-S03,R2-QUA-01-S03,r2-09-qualificacao-e-rastreabilidade,R2-QUA-01,Rastreabilidade do alvo até evidência,Decisão ainda pendente,openspec/changes/r2-09-qualificacao-e-rastreabilidade/specs/qualificacao-integrada-r2/spec.md,23,363db7fd0613b909c75beaeb9eb7dfe1e3cb52c8f4ecbbbbb697241e381dde9b
r2-09-qualificacao-e-rastreabilidade:R2-QUA-02-S01,R2-QUA-02-S01,r2-09-qualificacao-e-rastreabilidade,R2-QUA-02,Fixtures e oráculos independentes reproduzíveis,Ambiente limpo,openspec/changes/r2-09-qualificacao-e-rastreabilidade/specs/qualificacao-integrada-r2/spec.md,35,363db7fd0613b909c75beaeb9eb7dfe1e3cb52c8f4ecbbbbb697241e381dde9b
r2-09-qualificacao-e-rastreabilidade:R2-QUA-02-S02,R2-QUA-02-S02,r2-09-qualificacao-e-rastreabilidade,R2-QUA-02,Fixtures e oráculos independentes reproduzíveis,Regressão do eco,openspec/changes/r2-09-qualificacao-e-rastreabilidade/specs/qualificacao-integrada-r2/spec.md,41,363db7fd0613b909c75beaeb9eb7dfe1e3cb52c8f4ecbbbbb697241e381dde9b
r2-09-qualificacao-e-rastreabilidade:R2-QUA-02-S03,R2-QUA-02-S03,r2-09-qualificacao-e-rastreabilidade,R2-QUA-02,Fixtures e oráculos independentes reproduzíveis,Regressão financeira,openspec/changes/r2-09-qualificacao-e-rastreabilidade/specs/qualificacao-integrada-r2/spec.md,47,363db7fd0613b909c75beaeb9eb7dfe1e3cb52c8f4ecbbbbb697241e381dde9b
r2-09-qualificacao-e-rastreabilidade:R2-QUA-03-S01,R2-QUA-03-S01,r2-09-qualificacao-e-rastreabilidade,R2-QUA-03,"Gates de contrato, experiência e operação",PR de backend,openspec/changes/r2-09-qualificacao-e-rastreabilidade/specs/qualificacao-integrada-r2/spec.md,59,363db7fd0613b909c75beaeb9eb7dfe1e3cb52c8f4ecbbbbb697241e381dde9b
r2-09-qualificacao-e-rastreabilidade:R2-QUA-03-S02,R2-QUA-03-S02,r2-09-qualificacao-e-rastreabilidade,R2-QUA-03,"Gates de contrato, experiência e operação",UI sem backend,openspec/changes/r2-09-qualificacao-e-rastreabilidade/specs/qualificacao-integrada-r2/spec.md,65,363db7fd0613b909c75beaeb9eb7dfe1e3cb52c8f4ecbbbbb697241e381dde9b
r2-09-qualificacao-e-rastreabilidade:R2-QUA-03-S03,R2-QUA-03-S03,r2-09-qualificacao-e-rastreabilidade,R2-QUA-03,"Gates de contrato, experiência e operação",P0 reaberto,openspec/changes/r2-09-qualificacao-e-rastreabilidade/specs/qualificacao-integrada-r2/spec.md,71,363db7fd0613b909c75beaeb9eb7dfe1e3cb52c8f4ecbbbbb697241e381dde9b
r2-09-qualificacao-e-rastreabilidade:R2-QUA-04-S01,R2-QUA-04-S01,r2-09-qualificacao-e-rastreabilidade,R2-QUA-04,Evolução OpenSpec e baseline sem falso arquivamento,Importação deste pacote,openspec/changes/r2-09-qualificacao-e-rastreabilidade/specs/qualificacao-integrada-r2/spec.md,83,363db7fd0613b909c75beaeb9eb7dfe1e3cb52c8f4ecbbbbb697241e381dde9b
r2-09-qualificacao-e-rastreabilidade:R2-QUA-04-S02,R2-QUA-04-S02,r2-09-qualificacao-e-rastreabilidade,R2-QUA-04,Evolução OpenSpec e baseline sem falso arquivamento,Mudança R2 concluída,openspec/changes/r2-09-qualificacao-e-rastreabilidade/specs/qualificacao-integrada-r2/spec.md,89,363db7fd0613b909c75beaeb9eb7dfe1e3cb52c8f4ecbbbbb697241e381dde9b
r2-09-qualificacao-e-rastreabilidade:R2-QUA-04-S03,R2-QUA-04-S03,r2-09-qualificacao-e-rastreabilidade,R2-QUA-04,Evolução OpenSpec e baseline sem falso arquivamento,Regressão posterior,openspec/changes/r2-09-qualificacao-e-rastreabilidade/specs/qualificacao-integrada-r2/spec.md,95,363db7fd0613b909c75beaeb9eb7dfe1e3cb52c8f4ecbbbbb697241e381dde9b
r3-01-custodia-e-integracao-externa:R3-EXE-01-S01,R3-EXE-01-S01,r3-01-custodia-e-integracao-externa,R3-EXE-01,Adapters executáveis e autenticação completa,conta REST homologada com API Key,openspec/changes/r3-01-custodia-e-integracao-externa/specs/01-custodia-e-integracao-externa/spec.md,8,363db7fd0613b909c75beaeb9eb7dfe1e3cb52c8f4ecbbbbb697241e381dde9b
r3-01-custodia-e-integracao-externa:R3-EXE-01-S02,R3-EXE-01-S02,r3-01-custodia-e-integracao-externa,R3-EXE-01,Adapters executáveis e autenticação completa,adapter ausente ou autenticação incompleta,openspec/changes/r3-01-custodia-e-integracao-externa/specs/01-custodia-e-integracao-externa/spec.md,13,363db7fd0613b909c75beaeb9eb7dfe1e3cb52c8f4ecbbbbb697241e381dde9b
r3-01-custodia-e-integracao-externa:R3-EXE-01-S03,R3-EXE-01-S03,r3-01-custodia-e-integracao-externa,R3-EXE-01,Adapters executáveis e autenticação completa,dois tenants com bindings específicos,openspec/changes/r3-01-custodia-e-integracao-externa/specs/01-custodia-e-integracao-externa/spec.md,18,363db7fd0613b909c75beaeb9eb7dfe1e3cb52c8f4ecbbbbb697241e381dde9b
r3-01-custodia-e-integracao-externa:R3-EXE-02-S01,R3-EXE-02-S01,r3-01-custodia-e-integracao-externa,R3-EXE-02,Callback com confirmação de custódia,callback válido de operação conhecida,openspec/changes/r3-01-custodia-e-integracao-externa/specs/01-custodia-e-integracao-externa/spec.md,26,363db7fd0613b909c75beaeb9eb7dfe1e3cb52c8f4ecbbbbb697241e381dde9b
r3-01-custodia-e-integracao-externa:R3-EXE-02-S02,R3-EXE-02-S02,r3-01-custodia-e-integracao-externa,R3-EXE-02,Callback com confirmação de custódia,banco indisponível ou assinatura inválida,openspec/changes/r3-01-custodia-e-integracao-externa/specs/01-custodia-e-integracao-externa/spec.md,31,363db7fd0613b909c75beaeb9eb7dfe1e3cb52c8f4ecbbbbb697241e381dde9b
r3-01-custodia-e-integracao-externa:R3-EXE-02-S03,R3-EXE-02-S03,r3-01-custodia-e-integracao-externa,R3-EXE-02,Callback com confirmação de custódia,callback anterior à correlação e outro após final,openspec/changes/r3-01-custodia-e-integracao-externa/specs/01-custodia-e-integracao-externa/spec.md,36,363db7fd0613b909c75beaeb9eb7dfe1e3cb52c8f4ecbbbbb697241e381dde9b
r3-01-custodia-e-integracao-externa:R3-EXE-03-S01,R3-EXE-03-S01,r3-01-custodia-e-integracao-externa,R3-EXE-03,Recuperação de efeito incerto e fencing,queda após intenção antes do HTTP,openspec/changes/r3-01-custodia-e-integracao-externa/specs/01-custodia-e-integracao-externa/spec.md,44,363db7fd0613b909c75beaeb9eb7dfe1e3cb52c8f4ecbbbbb697241e381dde9b
r3-01-custodia-e-integracao-externa:R3-EXE-03-S02,R3-EXE-03-S02,r3-01-custodia-e-integracao-externa,R3-EXE-03,Recuperação de efeito incerto e fencing,provedor executou e a resposta se perdeu,openspec/changes/r3-01-custodia-e-integracao-externa/specs/01-custodia-e-integracao-externa/spec.md,49,363db7fd0613b909c75beaeb9eb7dfe1e3cb52c8f4ecbbbbb697241e381dde9b
r3-01-custodia-e-integracao-externa:R3-EXE-03-S03,R3-EXE-03-S03,r3-01-custodia-e-integracao-externa,R3-EXE-03,Recuperação de efeito incerto e fencing,owner antigo ou replay com aplicação/hash distintos,openspec/changes/r3-01-custodia-e-integracao-externa/specs/01-custodia-e-integracao-externa/spec.md,54,363db7fd0613b909c75beaeb9eb7dfe1e3cb52c8f4ecbbbbb697241e381dde9b
r3-01-custodia-e-integracao-externa:R3-EXE-04-S01,R3-EXE-04-S01,r3-01-custodia-e-integracao-externa,R3-EXE-04,"Relógios de retry, polling e prazo final",provedor saudável demora com polling e callback ativos,openspec/changes/r3-01-custodia-e-integracao-externa/specs/01-custodia-e-integracao-externa/spec.md,62,363db7fd0613b909c75beaeb9eb7dfe1e3cb52c8f4ecbbbbb697241e381dde9b
r3-01-custodia-e-integracao-externa:R3-EXE-04-S02,R3-EXE-04-S02,r3-01-custodia-e-integracao-externa,R3-EXE-04,"Relógios de retry, polling e prazo final",primeira falha em t1 com TTL 30 segundos,openspec/changes/r3-01-custodia-e-integracao-externa/specs/01-custodia-e-integracao-externa/spec.md,67,363db7fd0613b909c75beaeb9eb7dfe1e3cb52c8f4ecbbbbb697241e381dde9b
r3-01-custodia-e-integracao-externa:R3-EXE-04-S03,R3-EXE-04-S03,r3-01-custodia-e-integracao-externa,R3-EXE-04,"Relógios de retry, polling e prazo final",pausa entre decisão e commit atravessa SLA,openspec/changes/r3-01-custodia-e-integracao-externa/specs/01-custodia-e-integracao-externa/spec.md,72,363db7fd0613b909c75beaeb9eb7dfe1e3cb52c8f4ecbbbbb697241e381dde9b
r3-01-custodia-e-integracao-externa:R3-EXE-05-S01,R3-EXE-05-S01,r3-01-custodia-e-integracao-externa,R3-EXE-05,Topologia de mensagens e quarentena recuperável,primeira inicialização sem assinatura financeira,openspec/changes/r3-01-custodia-e-integracao-externa/specs/01-custodia-e-integracao-externa/spec.md,80,363db7fd0613b909c75beaeb9eb7dfe1e3cb52c8f4ecbbbbb697241e381dde9b
r3-01-custodia-e-integracao-externa:R3-EXE-05-S02,R3-EXE-05-S02,r3-01-custodia-e-integracao-externa,R3-EXE-05,Topologia de mensagens e quarentena recuperável,envelope inválido ou versão desconhecida,openspec/changes/r3-01-custodia-e-integracao-externa/specs/01-custodia-e-integracao-externa/spec.md,85,363db7fd0613b909c75beaeb9eb7dfe1e3cb52c8f4ecbbbbb697241e381dde9b
r3-01-custodia-e-integracao-externa:R3-EXE-05-S03,R3-EXE-05-S03,r3-01-custodia-e-integracao-externa,R3-EXE-05,Topologia de mensagens e quarentena recuperável,broker cai e retorna,openspec/changes/r3-01-custodia-e-integracao-externa/specs/01-custodia-e-integracao-externa/spec.md,90,363db7fd0613b909c75beaeb9eb7dfe1e3cb52c8f4ecbbbbb697241e381dde9b
r3-02-portfolio-e-contratos-efetivos:R3-CAT-01-S01,R3-CAT-01-S01,r3-02-portfolio-e-contratos-efetivos,R3-CAT-01,Precisão numérica e validação de schemas,inteiro 9007199254740993 e decimal exato,openspec/changes/r3-02-portfolio-e-contratos-efetivos/specs/02-portfolio-e-contratos-efetivos/spec.md,8,363db7fd0613b909c75beaeb9eb7dfe1e3cb52c8f4ecbbbbb697241e381dde9b
r3-02-portfolio-e-contratos-efetivos:R3-CAT-01-S02,R3-CAT-01-S02,r3-02-portfolio-e-contratos-efetivos,R3-CAT-01,Precisão numérica e validação de schemas,"enum, nested schema ou additionalProperties violados",openspec/changes/r3-02-portfolio-e-contratos-efetivos/specs/02-portfolio-e-contratos-efetivos/spec.md,13,363db7fd0613b909c75beaeb9eb7dfe1e3cb52c8f4ecbbbbb697241e381dde9b
r3-02-portfolio-e-contratos-efetivos:R3-CAT-01-S03,R3-CAT-01-S03,r3-02-portfolio-e-contratos-efetivos,R3-CAT-01,Precisão numérica e validação de schemas,payload abusivo A e cliente B saudável,openspec/changes/r3-02-portfolio-e-contratos-efetivos/specs/02-portfolio-e-contratos-efetivos/spec.md,18,363db7fd0613b909c75beaeb9eb7dfe1e3cb52c8f4ecbbbbb697241e381dde9b
r3-02-portfolio-e-contratos-efetivos:R3-CAT-02-S01,R3-CAT-02-S01,r3-02-portfolio-e-contratos-efetivos,R3-CAT-02,Política efetiva e representação por cliente,mesmo serviço com dois perfis e SLAs,openspec/changes/r3-02-portfolio-e-contratos-efetivos/specs/02-portfolio-e-contratos-efetivos/spec.md,26,363db7fd0613b909c75beaeb9eb7dfe1e3cb52c8f4ecbbbbb697241e381dde9b
r3-02-portfolio-e-contratos-efetivos:R3-CAT-02-S02,R3-CAT-02-S02,r3-02-portfolio-e-contratos-efetivos,R3-CAT-02,Política efetiva e representação por cliente,versão não ofertada ou override inválido,openspec/changes/r3-02-portfolio-e-contratos-efetivos/specs/02-portfolio-e-contratos-efetivos/spec.md,31,363db7fd0613b909c75beaeb9eb7dfe1e3cb52c8f4ecbbbbb697241e381dde9b
r3-02-portfolio-e-contratos-efetivos:R3-CAT-02-S03,R3-CAT-02-S03,r3-02-portfolio-e-contratos-efetivos,R3-CAT-02,Política efetiva e representação por cliente,nova publicação durante execução,openspec/changes/r3-02-portfolio-e-contratos-efetivos/specs/02-portfolio-e-contratos-efetivos/spec.md,36,363db7fd0613b909c75beaeb9eb7dfe1e3cb52c8f4ecbbbbb697241e381dde9b
r3-02-portfolio-e-contratos-efetivos:R3-CAT-03-S01,R3-CAT-03-S01,r3-02-portfolio-e-contratos-efetivos,R3-CAT-03,Agregação e composição com executor de DAG,A/B independentes e C depende de ambos,openspec/changes/r3-02-portfolio-e-contratos-efetivos/specs/02-portfolio-e-contratos-efetivos/spec.md,44,363db7fd0613b909c75beaeb9eb7dfe1e3cb52c8f4ecbbbbb697241e381dde9b
r3-02-portfolio-e-contratos-efetivos:R3-CAT-03-S02,R3-CAT-03-S02,r3-02-portfolio-e-contratos-efetivos,R3-CAT-03,Agregação e composição com executor de DAG,ciclo ou contrato incompatível entre etapas,openspec/changes/r3-02-portfolio-e-contratos-efetivos/specs/02-portfolio-e-contratos-efetivos/spec.md,49,363db7fd0613b909c75beaeb9eb7dfe1e3cb52c8f4ecbbbbb697241e381dde9b
r3-02-portfolio-e-contratos-efetivos:R3-CAT-03-S03,R3-CAT-03-S03,r3-02-portfolio-e-contratos-efetivos,R3-CAT-03,Agregação e composição com executor de DAG,queda após A e falha B,openspec/changes/r3-02-portfolio-e-contratos-efetivos/specs/02-portfolio-e-contratos-efetivos/spec.md,54,363db7fd0613b909c75beaeb9eb7dfe1e3cb52c8f4ecbbbbb697241e381dde9b
r3-02-portfolio-e-contratos-efetivos:R3-CAT-04-S01,R3-CAT-04-S01,r3-02-portfolio-e-contratos-efetivos,R3-CAT-04,Resolução indexada e projeção disponível,tenant com 150 ofertas,openspec/changes/r3-02-portfolio-e-contratos-efetivos/specs/02-portfolio-e-contratos-efetivos/spec.md,62,363db7fd0613b909c75beaeb9eb7dfe1e3cb52c8f4ecbbbbb697241e381dde9b
r3-02-portfolio-e-contratos-efetivos:R3-CAT-04-S02,R3-CAT-04-S02,r3-02-portfolio-e-contratos-efetivos,R3-CAT-04,Resolução indexada e projeção disponível,Atlas e Redis indisponíveis com projeção válida,openspec/changes/r3-02-portfolio-e-contratos-efetivos/specs/02-portfolio-e-contratos-efetivos/spec.md,67,363db7fd0613b909c75beaeb9eb7dfe1e3cb52c8f4ecbbbbb697241e381dde9b
r3-02-portfolio-e-contratos-efetivos:R3-CAT-04-S03,R3-CAT-04-S03,r3-02-portfolio-e-contratos-efetivos,R3-CAT-04,Resolução indexada e projeção disponível,snapshot vencido ou revogado,openspec/changes/r3-02-portfolio-e-contratos-efetivos/specs/02-portfolio-e-contratos-efetivos/spec.md,72,363db7fd0613b909c75beaeb9eb7dfe1e3cb52c8f4ecbbbbb697241e381dde9b
r3-03-capacidade-credenciais-e-latencia:R3-INT-01-S01,R3-INT-01-S01,r3-03-capacidade-credenciais-e-latencia,R3-INT-01,Controle adaptativo conectado a todo I/O,provedor aumenta capacidade sob demanda,openspec/changes/r3-03-capacidade-credenciais-e-latencia/specs/03-capacidade-credenciais-e-latencia/spec.md,8,363db7fd0613b909c75beaeb9eb7dfe1e3cb52c8f4ecbbbbb697241e381dde9b
r3-03-capacidade-credenciais-e-latencia:R3-INT-01-S02,R3-INT-01-S02,r3-03-capacidade-credenciais-e-latencia,R3-INT-01,Controle adaptativo conectado a todo I/O,provedor retorna 429/timeouts,openspec/changes/r3-03-capacidade-credenciais-e-latencia/specs/03-capacidade-credenciais-e-latencia/spec.md,13,363db7fd0613b909c75beaeb9eb7dfe1e3cb52c8f4ecbbbbb697241e381dde9b
r3-03-capacidade-credenciais-e-latencia:R3-INT-01-S03,R3-INT-01-S03,r3-03-capacidade-credenciais-e-latencia,R3-INT-01,Controle adaptativo conectado a todo I/O,vários pods e tenants na conta compartilhada,openspec/changes/r3-03-capacidade-credenciais-e-latencia/specs/03-capacidade-credenciais-e-latencia/spec.md,18,363db7fd0613b909c75beaeb9eb7dfe1e3cb52c8f4ecbbbbb697241e381dde9b
r3-03-capacidade-credenciais-e-latencia:R3-INT-02-S01,R3-INT-02-S01,r3-03-capacidade-credenciais-e-latencia,R3-INT-02,Cache de autenticação isolado e sem tokens no Redis,L1 válido e Redis/cofre temporariamente fora,openspec/changes/r3-03-capacidade-credenciais-e-latencia/specs/03-capacidade-credenciais-e-latencia/spec.md,26,363db7fd0613b909c75beaeb9eb7dfe1e3cb52c8f4ecbbbbb697241e381dde9b
r3-03-capacidade-credenciais-e-latencia:R3-INT-02-S02,R3-INT-02-S02,r3-03-capacidade-credenciais-e-latencia,R3-INT-02,Cache de autenticação isolado e sem tokens no Redis,token expirado/revogado e cofre indisponível,openspec/changes/r3-03-capacidade-credenciais-e-latencia/specs/03-capacidade-credenciais-e-latencia/spec.md,31,363db7fd0613b909c75beaeb9eb7dfe1e3cb52c8f4ecbbbbb697241e381dde9b
r3-03-capacidade-credenciais-e-latencia:R3-INT-02-S03,R3-INT-02-S03,r3-03-capacidade-credenciais-e-latencia,R3-INT-02,Cache de autenticação isolado e sem tokens no Redis,OAuth da conta A lento e B saudável,openspec/changes/r3-03-capacidade-credenciais-e-latencia/specs/03-capacidade-credenciais-e-latencia/spec.md,36,363db7fd0613b909c75beaeb9eb7dfe1e3cb52c8f4ecbbbbb697241e381dde9b
r3-03-capacidade-credenciais-e-latencia:R3-INT-03-S01,R3-INT-03-S01,r3-03-capacidade-credenciais-e-latencia,R3-INT-03,Pools HTTP e budgets de concorrência,milhares de chamadas à origem,openspec/changes/r3-03-capacidade-credenciais-e-latencia/specs/03-capacidade-credenciais-e-latencia/spec.md,44,363db7fd0613b909c75beaeb9eb7dfe1e3cb52c8f4ecbbbbb697241e381dde9b
r3-03-capacidade-credenciais-e-latencia:R3-INT-03-S02,R3-INT-03-S02,r3-03-capacidade-credenciais-e-latencia,R3-INT-03,Pools HTTP e budgets de concorrência,certificado mTLS muda de versão,openspec/changes/r3-03-capacidade-credenciais-e-latencia/specs/03-capacidade-credenciais-e-latencia/spec.md,49,363db7fd0613b909c75beaeb9eb7dfe1e3cb52c8f4ecbbbbb697241e381dde9b
r3-03-capacidade-credenciais-e-latencia:R3-INT-03-S03,R3-INT-03-S03,r3-03-capacidade-credenciais-e-latencia,R3-INT-03,Pools HTTP e budgets de concorrência,provedor A lento e B saudável,openspec/changes/r3-03-capacidade-credenciais-e-latencia/specs/03-capacidade-credenciais-e-latencia/spec.md,54,363db7fd0613b909c75beaeb9eb7dfe1e3cb52c8f4ecbbbbb697241e381dde9b
r3-04-console-e-autorizacao:R3-ADM-01-S01,R3-ADM-01-S01,r3-04-console-e-autorizacao,R3-ADM-01,Fronteira administrativa e aplicação,operador nominal global com MFA,openspec/changes/r3-04-console-e-autorizacao/specs/04-console-e-autorizacao/spec.md,8,363db7fd0613b909c75beaeb9eb7dfe1e3cb52c8f4ecbbbbb697241e381dde9b
r3-04-console-e-autorizacao:R3-ADM-01-S02,R3-ADM-01-S02,r3-04-console-e-autorizacao,R3-ADM-01,Fronteira administrativa e aplicação,token consumidor aplicação A,openspec/changes/r3-04-console-e-autorizacao/specs/04-console-e-autorizacao/spec.md,13,363db7fd0613b909c75beaeb9eb7dfe1e3cb52c8f4ecbbbbb697241e381dde9b
r3-04-console-e-autorizacao:R3-ADM-01-S03,R3-ADM-01-S03,r3-04-console-e-autorizacao,R3-ADM-01,Fronteira administrativa e aplicação,papel revogado durante paginação,openspec/changes/r3-04-console-e-autorizacao/specs/04-console-e-autorizacao/spec.md,18,363db7fd0613b909c75beaeb9eb7dfe1e3cb52c8f4ecbbbbb697241e381dde9b
r3-04-console-e-autorizacao:R3-ADM-02-S01,R3-ADM-02-S01,r3-04-console-e-autorizacao,R3-ADM-02,Ações operacionais com API efetiva,duas entregas do mesmo protocolo,openspec/changes/r3-04-console-e-autorizacao/specs/04-console-e-autorizacao/spec.md,26,363db7fd0613b909c75beaeb9eb7dfe1e3cb52c8f4ecbbbbb697241e381dde9b
r3-04-console-e-autorizacao:R3-ADM-02-S02,R3-ADM-02-S02,r3-04-console-e-autorizacao,R3-ADM-02,Ações operacionais com API efetiva,API retorna 401/403/409/503 ou JSON inválido,openspec/changes/r3-04-console-e-autorizacao/specs/04-console-e-autorizacao/spec.md,31,363db7fd0613b909c75beaeb9eb7dfe1e3cb52c8f4ecbbbbb697241e381dde9b
r3-04-console-e-autorizacao:R3-ADM-02-S03,R3-ADM-02-S03,r3-04-console-e-autorizacao,R3-ADM-02,Ações operacionais com API efetiva,operador reconcilia e consulta SLA,openspec/changes/r3-04-console-e-autorizacao/specs/04-console-e-autorizacao/spec.md,36,363db7fd0613b909c75beaeb9eb7dfe1e3cb52c8f4ecbbbbb697241e381dde9b
r3-04-console-e-autorizacao:R3-ADM-03-S01,R3-ADM-03-S01,r3-04-console-e-autorizacao,R3-ADM-03,Comandos financeiros compatíveis,operador autorizado seleciona tenant B,openspec/changes/r3-04-console-e-autorizacao/specs/04-console-e-autorizacao/spec.md,44,363db7fd0613b909c75beaeb9eb7dfe1e3cb52c8f4ecbbbbb697241e381dde9b
r3-04-console-e-autorizacao:R3-ADM-03-S02,R3-ADM-03-S02,r3-04-console-e-autorizacao,R3-ADM-03,Comandos financeiros compatíveis,resposta se perde após commit,openspec/changes/r3-04-console-e-autorizacao/specs/04-console-e-autorizacao/spec.md,49,363db7fd0613b909c75beaeb9eb7dfe1e3cb52c8f4ecbbbbb697241e381dde9b
r3-04-console-e-autorizacao:R3-ADM-03-S03,R3-ADM-03-S03,r3-04-console-e-autorizacao,R3-ADM-03,Comandos financeiros compatíveis,autor tenta autoaprovação ou altera tenant,openspec/changes/r3-04-console-e-autorizacao/specs/04-console-e-autorizacao/spec.md,54,363db7fd0613b909c75beaeb9eb7dfe1e3cb52c8f4ecbbbbb697241e381dde9b
r3-04-console-e-autorizacao:R3-ADM-04-S01,R3-ADM-04-S01,r3-04-console-e-autorizacao,R3-ADM-04,Formulários completos e tempo local,oferta SYNC+ASYNC+AUTO e contas OAuth/API Key/mTLS,openspec/changes/r3-04-console-e-autorizacao/specs/04-console-e-autorizacao/spec.md,62,363db7fd0613b909c75beaeb9eb7dfe1e3cb52c8f4ecbbbbb697241e381dde9b
r3-04-console-e-autorizacao:R3-ADM-04-S02,R3-ADM-04-S02,r3-04-console-e-autorizacao,R3-ADM-04,Formulários completos e tempo local,UTC aberto em America/Sao_Paulo e referência além da centena,openspec/changes/r3-04-console-e-autorizacao/specs/04-console-e-autorizacao/spec.md,67,363db7fd0613b909c75beaeb9eb7dfe1e3cb52c8f4ecbbbbb697241e381dde9b
r3-04-console-e-autorizacao:R3-ADM-04-S03,R3-ADM-04-S03,r3-04-console-e-autorizacao,R3-ADM-04,Formulários completos e tempo local,JSON inválido em 200 ou erro de campo,openspec/changes/r3-04-console-e-autorizacao/specs/04-console-e-autorizacao/spec.md,72,363db7fd0613b909c75beaeb9eb7dfe1e3cb52c8f4ecbbbbb697241e381dde9b
r3-05-financeiro-e-entregas:R3-FIN-01-S01,R3-FIN-01-S01,r3-05-financeiro-e-entregas,R3-FIN-01,Reserva estrita e franquia antes do efeito,tarifa efetiva 2 e reserva inicial 1,openspec/changes/r3-05-financeiro-e-entregas/specs/05-financeiro-e-entregas/spec.md,8,363db7fd0613b909c75beaeb9eb7dfe1e3cb52c8f4ecbbbbb697241e381dde9b
r3-05-financeiro-e-entregas:R3-FIN-01-S02,R3-FIN-01-S02,r3-05-financeiro-e-entregas,R3-FIN-01,Reserva estrita e franquia antes do efeito,franquia DENY esgotada e admissões concorrentes,openspec/changes/r3-05-financeiro-e-entregas/specs/05-financeiro-e-entregas/spec.md,13,363db7fd0613b909c75beaeb9eb7dfe1e3cb52c8f4ecbbbbb697241e381dde9b
r3-05-financeiro-e-entregas:R3-FIN-01-S03,R3-FIN-01-S03,r3-05-financeiro-e-entregas,R3-FIN-01,Reserva estrita e franquia antes do efeito,UNKNOWN seguido de prova de execução/ausência,openspec/changes/r3-05-financeiro-e-entregas/specs/05-financeiro-e-entregas/spec.md,18,363db7fd0613b909c75beaeb9eb7dfe1e3cb52c8f4ecbbbbb697241e381dde9b
r3-05-financeiro-e-entregas:R3-FIN-02-S01,R3-FIN-02-S01,r3-05-financeiro-e-entregas,R3-FIN-02,Incidência completa e fechamento operacional,contrato cobra cada STATUS e receita só no sucesso,openspec/changes/r3-05-financeiro-e-entregas/specs/05-financeiro-e-entregas/spec.md,26,363db7fd0613b909c75beaeb9eb7dfe1e3cb52c8f4ecbbbbb697241e381dde9b
r3-05-financeiro-e-entregas:R3-FIN-02-S02,R3-FIN-02-S02,r3-05-financeiro-e-entregas,R3-FIN-02,Incidência completa e fechamento operacional,fato faltante ou disputa aberta,openspec/changes/r3-05-financeiro-e-entregas/specs/05-financeiro-e-entregas/spec.md,31,363db7fd0613b909c75beaeb9eb7dfe1e3cb52c8f4ecbbbbb697241e381dde9b
r3-05-financeiro-e-entregas:R3-FIN-02-S03,R3-FIN-02-S03,r3-05-financeiro-e-entregas,R3-FIN-02,Incidência completa e fechamento operacional,duplicata ou fato após período fechado,openspec/changes/r3-05-financeiro-e-entregas/specs/05-financeiro-e-entregas/spec.md,36,363db7fd0613b909c75beaeb9eb7dfe1e3cb52c8f4ecbbbbb697241e381dde9b
r3-05-financeiro-e-entregas:R3-FIN-03-S01,R3-FIN-03-S01,r3-05-financeiro-e-entregas,R3-FIN-03,Destino de webhook congelado por aplicação,destino v1 no aceite e v2 antes do final,openspec/changes/r3-05-financeiro-e-entregas/specs/05-financeiro-e-entregas/spec.md,44,363db7fd0613b909c75beaeb9eb7dfe1e3cb52c8f4ecbbbbb697241e381dde9b
r3-05-financeiro-e-entregas:R3-FIN-03-S02,R3-FIN-03-S02,r3-05-financeiro-e-entregas,R3-FIN-03,Destino de webhook congelado por aplicação,aplicações A/B do mesmo tenant com destinos diferentes,openspec/changes/r3-05-financeiro-e-entregas/specs/05-financeiro-e-entregas/spec.md,49,363db7fd0613b909c75beaeb9eb7dfe1e3cb52c8f4ecbbbbb697241e381dde9b
r3-05-financeiro-e-entregas:R3-FIN-03-S03,R3-FIN-03-S03,r3-05-financeiro-e-entregas,R3-FIN-03,Destino de webhook congelado por aplicação,queda após envio e redelivery manual,openspec/changes/r3-05-financeiro-e-entregas/specs/05-financeiro-e-entregas/spec.md,54,363db7fd0613b909c75beaeb9eb7dfe1e3cb52c8f4ecbbbbb697241e381dde9b
r3-06-dados-plataforma-e-continuidade:R3-OPE-01-S01,R3-OPE-01-S01,r3-06-dados-plataforma-e-continuidade,R3-OPE-01,Objetos conectados ao fluxo e retenção,entrada/saída volumosas,openspec/changes/r3-06-dados-plataforma-e-continuidade/specs/06-dados-plataforma-e-continuidade/spec.md,8,363db7fd0613b909c75beaeb9eb7dfe1e3cb52c8f4ecbbbbb697241e381dde9b
r3-06-dados-plataforma-e-continuidade:R3-OPE-01-S02,R3-OPE-01-S02,r3-06-dados-plataforma-e-continuidade,R3-OPE-01,Objetos conectados ao fluxo e retenção,falha entre upload e final ou limpeza concorrente,openspec/changes/r3-06-dados-plataforma-e-continuidade/specs/06-dados-plataforma-e-continuidade/spec.md,13,363db7fd0613b909c75beaeb9eb7dfe1e3cb52c8f4ecbbbbb697241e381dde9b
r3-06-dados-plataforma-e-continuidade:R3-OPE-01-S03,R3-OPE-01-S03,r3-06-dados-plataforma-e-continuidade,R3-OPE-01,Objetos conectados ao fluxo e retenção,outro tenant usa FileRef ou retenção vence com disputa,openspec/changes/r3-06-dados-plataforma-e-continuidade/specs/06-dados-plataforma-e-continuidade/spec.md,18,363db7fd0613b909c75beaeb9eb7dfe1e3cb52c8f4ecbbbbb697241e381dde9b
r3-06-dados-plataforma-e-continuidade:R3-OPE-02-S01,R3-OPE-02-S01,r3-06-dados-plataforma-e-continuidade,R3-OPE-02,Kind completo e ambientes reprodutíveis,máquina limpa com pré-requisitos,openspec/changes/r3-06-dados-plataforma-e-continuidade/specs/06-dados-plataforma-e-continuidade/spec.md,26,363db7fd0613b909c75beaeb9eb7dfe1e3cb52c8f4ecbbbbb697241e381dde9b
r3-06-dados-plataforma-e-continuidade:R3-OPE-02-S02,R3-OPE-02-S02,r3-06-dados-plataforma-e-continuidade,R3-OPE-02,Kind completo e ambientes reprodutíveis,recriação de containers/nós,openspec/changes/r3-06-dados-plataforma-e-continuidade/specs/06-dados-plataforma-e-continuidade/spec.md,31,363db7fd0613b909c75beaeb9eb7dfe1e3cb52c8f4ecbbbbb697241e381dde9b
r3-06-dados-plataforma-e-continuidade:R3-OPE-02-S03,R3-OPE-02-S03,r3-06-dados-plataforma-e-continuidade,R3-OPE-02,Kind completo e ambientes reprodutíveis,overlays dev/hom/ppd/prd,openspec/changes/r3-06-dados-plataforma-e-continuidade/specs/06-dados-plataforma-e-continuidade/spec.md,36,363db7fd0613b909c75beaeb9eb7dfe1e3cb52c8f4ecbbbbb697241e381dde9b
r3-06-dados-plataforma-e-continuidade:R3-OPE-03-S01,R3-OPE-03-S01,r3-06-dados-plataforma-e-continuidade,R3-OPE-03,Escala e continuidade com envelope,crescimento dentro do envelope,openspec/changes/r3-06-dados-plataforma-e-continuidade/specs/06-dados-plataforma-e-continuidade/spec.md,44,363db7fd0613b909c75beaeb9eb7dfe1e3cb52c8f4ecbbbbb697241e381dde9b
r3-06-dados-plataforma-e-continuidade:R3-OPE-03-S02,R3-OPE-03-S02,r3-06-dados-plataforma-e-continuidade,R3-OPE-03,Escala e continuidade com envelope,rollout ou perda de zona,openspec/changes/r3-06-dados-plataforma-e-continuidade/specs/06-dados-plataforma-e-continuidade/spec.md,49,363db7fd0613b909c75beaeb9eb7dfe1e3cb52c8f4ecbbbbb697241e381dde9b
r3-06-dados-plataforma-e-continuidade:R3-OPE-03-S03,R3-OPE-03-S03,r3-06-dados-plataforma-e-continuidade,R3-OPE-03,Escala e continuidade com envelope,quota esgotada ou autoridade indisponível,openspec/changes/r3-06-dados-plataforma-e-continuidade/specs/06-dados-plataforma-e-continuidade/spec.md,54,363db7fd0613b909c75beaeb9eb7dfe1e3cb52c8f4ecbbbbb697241e381dde9b
r3-06-dados-plataforma-e-continuidade:R3-OPE-04-S01,R3-OPE-04-S01,r3-06-dados-plataforma-e-continuidade,R3-OPE-04,"Autoridade durável, isolamento e restore",papel runtime sem ownership e pool reutilizado,openspec/changes/r3-06-dados-plataforma-e-continuidade/specs/06-dados-plataforma-e-continuidade/spec.md,62,363db7fd0613b909c75beaeb9eb7dfe1e3cb52c8f4ecbbbbb697241e381dde9b
r3-06-dados-plataforma-e-continuidade:R3-OPE-04-S02,R3-OPE-04-S02,r3-06-dados-plataforma-e-continuidade,R3-OPE-04,"Autoridade durável, isolamento e restore",Redis fora e manutenção de réplica PostgreSQL,openspec/changes/r3-06-dados-plataforma-e-continuidade/specs/06-dados-plataforma-e-continuidade/spec.md,67,363db7fd0613b909c75beaeb9eb7dfe1e3cb52c8f4ecbbbbb697241e381dde9b
r3-06-dados-plataforma-e-continuidade:R3-OPE-04-S03,R3-OPE-04-S03,r3-06-dados-plataforma-e-continuidade,R3-OPE-04,"Autoridade durável, isolamento e restore",restore anterior a efeitos já realizados,openspec/changes/r3-06-dados-plataforma-e-continuidade/specs/06-dados-plataforma-e-continuidade/spec.md,72,363db7fd0613b909c75beaeb9eb7dfe1e3cb52c8f4ecbbbbb697241e381dde9b
r3-06-dados-plataforma-e-continuidade:R3-OPE-05-S01,R3-OPE-05-S01,r3-06-dados-plataforma-e-continuidade,R3-OPE-05,SLA bilateral e telemetria verificável,um resultado tempestivo e outro tardio,openspec/changes/r3-06-dados-plataforma-e-continuidade/specs/06-dados-plataforma-e-continuidade/spec.md,80,363db7fd0613b909c75beaeb9eb7dfe1e3cb52c8f4ecbbbbb697241e381dde9b
r3-06-dados-plataforma-e-continuidade:R3-OPE-05-S02,R3-OPE-05-S02,r3-06-dados-plataforma-e-continuidade,R3-OPE-05,SLA bilateral e telemetria verificável,obrigação parada e provedor degradado,openspec/changes/r3-06-dados-plataforma-e-continuidade/specs/06-dados-plataforma-e-continuidade/spec.md,85,363db7fd0613b909c75beaeb9eb7dfe1e3cb52c8f4ecbbbbb697241e381dde9b
r3-06-dados-plataforma-e-continuidade:R3-OPE-05-S03,R3-OPE-05-S03,r3-06-dados-plataforma-e-continuidade,R3-OPE-05,SLA bilateral e telemetria verificável,payload secreto e muitos protocolos,openspec/changes/r3-06-dados-plataforma-e-continuidade/specs/06-dados-plataforma-e-continuidade/spec.md,90,363db7fd0613b909c75beaeb9eb7dfe1e3cb52c8f4ecbbbbb697241e381dde9b
r3-07-qualificacao-integral:R3-QUA-01-S01,R3-QUA-01-S01,r3-07-qualificacao-integral,R3-QUA-01,Qualificação integral do SHA sem skips ocultos,checkout limpo e imagens do SHA,openspec/changes/r3-07-qualificacao-integral/specs/07-qualificacao-integral/spec.md,8,363db7fd0613b909c75beaeb9eb7dfe1e3cb52c8f4ecbbbbb697241e381dde9b
r3-07-qualificacao-integral:R3-QUA-01-S02,R3-QUA-01-S02,r3-07-qualificacao-integral,R3-QUA-01,Qualificação integral do SHA sem skips ocultos,dependência de fixture ausente,openspec/changes/r3-07-qualificacao-integral/specs/07-qualificacao-integral/spec.md,13,363db7fd0613b909c75beaeb9eb7dfe1e3cb52c8f4ecbbbbb697241e381dde9b
r3-07-qualificacao-integral:R3-QUA-01-S03,R3-QUA-01-S03,r3-07-qualificacao-integral,R3-QUA-01,Qualificação integral do SHA sem skips ocultos,um achado corrigido e baseline pendente,openspec/changes/r3-07-qualificacao-integral/specs/07-qualificacao-integral/spec.md,18,363db7fd0613b909c75beaeb9eb7dfe1e3cb52c8f4ecbbbbb697241e381dde9b
r4-01-callbacks-autenticados-e-recuperaveis:R4-CBK-01-S01,R4-CBK-01-S01,r4-01-callbacks-autenticados-e-recuperaveis,R4-CBK-01,Rota de callback compatível com a autenticação do provedor,provedor homologado com credencial própria e callback conhecido,openspec/changes/r4-01-callbacks-autenticados-e-recuperaveis/specs/r4-01-callbacks-autenticados-e-recuperaveis/spec.md,8,363db7fd0613b909c75beaeb9eb7dfe1e3cb52c8f4ecbbbbb697241e381dde9b
r4-01-callbacks-autenticados-e-recuperaveis:R4-CBK-01-S02,R4-CBK-01-S02,r4-01-callbacks-autenticados-e-recuperaveis,R4-CBK-01,Rota de callback compatível com a autenticação do provedor,token ausente/inválido ou identidade de outra conta,openspec/changes/r4-01-callbacks-autenticados-e-recuperaveis/specs/r4-01-callbacks-autenticados-e-recuperaveis/spec.md,13,363db7fd0613b909c75beaeb9eb7dfe1e3cb52c8f4ecbbbbb697241e381dde9b
r4-01-callbacks-autenticados-e-recuperaveis:R4-CBK-01-S03,R4-CBK-01-S03,r4-01-callbacks-autenticados-e-recuperaveis,R4-CBK-01,Rota de callback compatível com a autenticação do provedor,rotação de segredo e observação repetida,openspec/changes/r4-01-callbacks-autenticados-e-recuperaveis/specs/r4-01-callbacks-autenticados-e-recuperaveis/spec.md,18,363db7fd0613b909c75beaeb9eb7dfe1e3cb52c8f4ecbbbbb697241e381dde9b
r4-01-callbacks-autenticados-e-recuperaveis:R4-CBK-02-S01,R4-CBK-02-S01,r4-01-callbacks-autenticados-e-recuperaveis,R4-CBK-02,Admissão e deduplicação segura da inbox órfã,callback autenticado anterior à correlação,openspec/changes/r4-01-callbacks-autenticados-e-recuperaveis/specs/r4-01-callbacks-autenticados-e-recuperaveis/spec.md,26,363db7fd0613b909c75beaeb9eb7dfe1e3cb52c8f4ecbbbbb697241e381dde9b
r4-01-callbacks-autenticados-e-recuperaveis:R4-CBK-02-S02,R4-CBK-02-S02,r4-01-callbacks-autenticados-e-recuperaveis,R4-CBK-02,Admissão e deduplicação segura da inbox órfã,tentativa de token incorreto seguida de correto para mesmo ID/body,openspec/changes/r4-01-callbacks-autenticados-e-recuperaveis/specs/r4-01-callbacks-autenticados-e-recuperaveis/spec.md,31,363db7fd0613b909c75beaeb9eb7dfe1e3cb52c8f4ecbbbbb697241e381dde9b
r4-01-callbacks-autenticados-e-recuperaveis:R4-CBK-02-S03,R4-CBK-02-S03,r4-01-callbacks-autenticados-e-recuperaveis,R4-CBK-02,Admissão e deduplicação segura da inbox órfã,origem excede quota ou tenta outro tenant,openspec/changes/r4-01-callbacks-autenticados-e-recuperaveis/specs/r4-01-callbacks-autenticados-e-recuperaveis/spec.md,36,363db7fd0613b909c75beaeb9eb7dfe1e3cb52c8f4ecbbbbb697241e381dde9b
r4-01-callbacks-autenticados-e-recuperaveis:R4-CBK-03-S01,R4-CBK-03-S01,r4-01-callbacks-autenticados-e-recuperaveis,R4-CBK-03,Recuperador autônomo limitado e independente do HTTP,órfão admitido e correlação criada sem novo callback,openspec/changes/r4-01-callbacks-autenticados-e-recuperaveis/specs/r4-01-callbacks-autenticados-e-recuperaveis/spec.md,44,363db7fd0613b909c75beaeb9eb7dfe1e3cb52c8f4ecbbbbb697241e381dde9b
r4-01-callbacks-autenticados-e-recuperaveis:R4-CBK-03-S02,R4-CBK-03-S02,r4-01-callbacks-autenticados-e-recuperaveis,R4-CBK-03,Recuperador autônomo limitado e independente do HTTP,item defeituoso antecede recibo válido de outro tenant,openspec/changes/r4-01-callbacks-autenticados-e-recuperaveis/specs/r4-01-callbacks-autenticados-e-recuperaveis/spec.md,49,363db7fd0613b909c75beaeb9eb7dfe1e3cb52c8f4ecbbbbb697241e381dde9b
r4-01-callbacks-autenticados-e-recuperaveis:R4-CBK-03-S03,R4-CBK-03-S03,r4-01-callbacks-autenticados-e-recuperaveis,R4-CBK-03,Recuperador autônomo limitado e independente do HTTP,dois workers e pool SQL pequeno com perda de lease,openspec/changes/r4-01-callbacks-autenticados-e-recuperaveis/specs/r4-01-callbacks-autenticados-e-recuperaveis/spec.md,54,363db7fd0613b909c75beaeb9eb7dfe1e3cb52c8f4ecbbbbb697241e381dde9b
r4-01-callbacks-autenticados-e-recuperaveis:R4-CBK-04-S01,R4-CBK-04-S01,r4-01-callbacks-autenticados-e-recuperaveis,R4-CBK-04,"Uma validação de resultado para SUBMIT, polling e callback","mesmo resultado recebido por SYNC, poll e callback",openspec/changes/r4-01-callbacks-autenticados-e-recuperaveis/specs/r4-01-callbacks-autenticados-e-recuperaveis/spec.md,62,363db7fd0613b909c75beaeb9eb7dfe1e3cb52c8f4ecbbbbb697241e381dde9b
r4-01-callbacks-autenticados-e-recuperaveis:R4-CBK-04-S02,R4-CBK-04-S02,r4-01-callbacks-autenticados-e-recuperaveis,R4-CBK-04,"Uma validação de resultado para SUBMIT, polling e callback",callback com ID de provedor divergente ou schema inválido,openspec/changes/r4-01-callbacks-autenticados-e-recuperaveis/specs/r4-01-callbacks-autenticados-e-recuperaveis/spec.md,67,363db7fd0613b909c75beaeb9eb7dfe1e3cb52c8f4ecbbbbb697241e381dde9b
r4-01-callbacks-autenticados-e-recuperaveis:R4-CBK-04-S03,R4-CBK-04-S03,r4-01-callbacks-autenticados-e-recuperaveis,R4-CBK-04,"Uma validação de resultado para SUBMIT, polling e callback",resultado válido depois do final do cliente,openspec/changes/r4-01-callbacks-autenticados-e-recuperaveis/specs/r4-01-callbacks-autenticados-e-recuperaveis/spec.md,72,363db7fd0613b909c75beaeb9eb7dfe1e3cb52c8f4ecbbbbb697241e381dde9b
r4-02-contratos-json-estritos:R4-CTR-01-S01,R4-CTR-01-S01,r4-02-contratos-json-estritos,R4-CTR-01,Documento JSON único e tipos sem coerção,objeto com inteiro 9007199254740993 e string legítima,openspec/changes/r4-02-contratos-json-estritos/specs/r4-02-contratos-json-estritos/spec.md,8,363db7fd0613b909c75beaeb9eb7dfe1e3cb52c8f4ecbbbbb697241e381dde9b
r4-02-contratos-json-estritos:R4-CTR-01-S02,R4-CTR-01-S02,r4-02-contratos-json-estritos,R4-CTR-01,Documento JSON único e tipos sem coerção,"null para string ou ""123"" para integer",openspec/changes/r4-02-contratos-json-estritos/specs/r4-02-contratos-json-estritos/spec.md,13,363db7fd0613b909c75beaeb9eb7dfe1e3cb52c8f4ecbbbbb697241e381dde9b
r4-02-contratos-json-estritos:R4-CTR-01-S03,R4-CTR-01-S03,r4-02-contratos-json-estritos,R4-CTR-01,Documento JSON único e tipos sem coerção,segundo documento ou lixo após objeto válido,openspec/changes/r4-02-contratos-json-estritos/specs/r4-02-contratos-json-estritos/spec.md,18,363db7fd0613b909c75beaeb9eb7dfe1e3cb52c8f4ecbbbbb697241e381dde9b
r4-02-contratos-json-estritos:R4-CTR-02-S01,R4-CTR-02-S01,r4-02-contratos-json-estritos,R4-CTR-02,Dialeto de schema publicado e semântica numérica,minimum/maximum/enum suportados ou explicitamente não suportados,openspec/changes/r4-02-contratos-json-estritos/specs/r4-02-contratos-json-estritos/spec.md,26,363db7fd0613b909c75beaeb9eb7dfe1e3cb52c8f4ecbbbbb697241e381dde9b
r4-02-contratos-json-estritos:R4-CTR-02-S02,R4-CTR-02-S02,r4-02-contratos-json-estritos,R4-CTR-02,Dialeto de schema publicado e semântica numérica,"valores 1, 1.0 e 1e0 no dialeto JSON Schema escolhido",openspec/changes/r4-02-contratos-json-estritos/specs/r4-02-contratos-json-estritos/spec.md,31,363db7fd0613b909c75beaeb9eb7dfe1e3cb52c8f4ecbbbbb697241e381dde9b
r4-02-contratos-json-estritos:R4-CTR-02-S03,R4-CTR-02-S03,r4-02-contratos-json-estritos,R4-CTR-02,Dialeto de schema publicado e semântica numérica,keyword desconhecida aninhada ou schema excessivamente profundo,openspec/changes/r4-02-contratos-json-estritos/specs/r4-02-contratos-json-estritos/spec.md,36,363db7fd0613b909c75beaeb9eb7dfe1e3cb52c8f4ecbbbbb697241e381dde9b
r4-03-upgrade-cache-e-crescimento:R4-OPE-01-S01,R4-OPE-01-S01,r4-03-upgrade-cache-e-crescimento,R4-OPE-01,L1 utilizável na falha de cofre e coordenação limitada,token válido e versão ainda autorizada em L1 com cofre fora,openspec/changes/r4-03-upgrade-cache-e-crescimento/specs/r4-03-upgrade-cache-e-crescimento/spec.md,8,363db7fd0613b909c75beaeb9eb7dfe1e3cb52c8f4ecbbbbb697241e381dde9b
r4-03-upgrade-cache-e-crescimento:R4-OPE-01-S02,R4-OPE-01-S02,r4-03-upgrade-cache-e-crescimento,R4-OPE-01,L1 utilizável na falha de cofre e coordenação limitada,token vencido/revogado ou binding distinto,openspec/changes/r4-03-upgrade-cache-e-crescimento/specs/r4-03-upgrade-cache-e-crescimento/spec.md,13,363db7fd0613b909c75beaeb9eb7dfe1e3cb52c8f4ecbbbbb697241e381dde9b
r4-03-upgrade-cache-e-crescimento:R4-OPE-01-S03,R4-OPE-01-S03,r4-03-upgrade-cache-e-crescimento,R4-OPE-01,L1 utilizável na falha de cofre e coordenação limitada,muitas rotações e chamadas canceladas aguardando refresh,openspec/changes/r4-03-upgrade-cache-e-crescimento/specs/r4-03-upgrade-cache-e-crescimento/spec.md,18,363db7fd0613b909c75beaeb9eb7dfe1e3cb52c8f4ecbbbbb697241e381dde9b
r4-03-upgrade-cache-e-crescimento:R4-OPE-02-S01,R4-OPE-02-S01,r4-03-upgrade-cache-e-crescimento,R4-OPE-02,Upgrade com migração histórica imutável,banco R2 com checksum histórico e dados,openspec/changes/r4-03-upgrade-cache-e-crescimento/specs/r4-03-upgrade-cache-e-crescimento/spec.md,26,363db7fd0613b909c75beaeb9eb7dfe1e3cb52c8f4ecbbbbb697241e381dde9b
r4-03-upgrade-cache-e-crescimento:R4-OPE-02-S02,R4-OPE-02-S02,r4-03-upgrade-cache-e-crescimento,R4-OPE-02,Upgrade com migração histórica imutável,banco limpo e banco criado com variante R3 conhecida,openspec/changes/r4-03-upgrade-cache-e-crescimento/specs/r4-03-upgrade-cache-e-crescimento/spec.md,31,363db7fd0613b909c75beaeb9eb7dfe1e3cb52c8f4ecbbbbb697241e381dde9b
r4-03-upgrade-cache-e-crescimento:R4-OPE-02-S03,R4-OPE-02-S03,r4-03-upgrade-cache-e-crescimento,R4-OPE-02,Upgrade com migração histórica imutável,checksum desconhecido/adulterado,openspec/changes/r4-03-upgrade-cache-e-crescimento/specs/r4-03-upgrade-cache-e-crescimento/spec.md,36,363db7fd0613b909c75beaeb9eb7dfe1e3cb52c8f4ecbbbbb697241e381dde9b
r4-03-upgrade-cache-e-crescimento:R4-OPE-03-S01,R4-OPE-03-S01,r4-03-upgrade-cache-e-crescimento,R4-OPE-03,Consulta de oferta seletiva sem materializar o portfólio,milhares de ofertas não relacionadas e uma elegível,openspec/changes/r4-03-upgrade-cache-e-crescimento/specs/r4-03-upgrade-cache-e-crescimento/spec.md,44,363db7fd0613b909c75beaeb9eb7dfe1e3cb52c8f4ecbbbbb697241e381dde9b
r4-03-upgrade-cache-e-crescimento:R4-OPE-03-S02,R4-OPE-03-S02,r4-03-upgrade-cache-e-crescimento,R4-OPE-03,Consulta de oferta seletiva sem materializar o portfólio,duas ofertas realmente elegíveis e vigentes,openspec/changes/r4-03-upgrade-cache-e-crescimento/specs/r4-03-upgrade-cache-e-crescimento/spec.md,49,363db7fd0613b909c75beaeb9eb7dfe1e3cb52c8f4ecbbbbb697241e381dde9b
r4-03-upgrade-cache-e-crescimento:R4-OPE-03-S03,R4-OPE-03-S03,r4-03-upgrade-cache-e-crescimento,R4-OPE-03,Consulta de oferta seletiva sem materializar o portfólio,Atlas fora com projeção válida versus projeção vencida,openspec/changes/r4-03-upgrade-cache-e-crescimento/specs/r4-03-upgrade-cache-e-crescimento/spec.md,54,363db7fd0613b909c75beaeb9eb7dfe1e3cb52c8f4ecbbbbb697241e381dde9b
r4-04-conclusao-integrada-da-baseline:R4-QUA-01-S01,R4-QUA-01-S01,r4-04-conclusao-integrada-da-baseline,R4-QUA-01,Inventário integral e evidência coerente com o conteúdo,specs atuais e pacote R4,openspec/changes/r4-04-conclusao-integrada-da-baseline/specs/r4-04-conclusao-integrada-da-baseline/spec.md,8,363db7fd0613b909c75beaeb9eb7dfe1e3cb52c8f4ecbbbbb697241e381dde9b
r4-04-conclusao-integrada-da-baseline:R4-QUA-01-S02,R4-QUA-01-S02,r4-04-conclusao-integrada-da-baseline,R4-QUA-01,Inventário integral e evidência coerente com o conteúdo,código muda após teste ou relatório contradiz checkpoint,openspec/changes/r4-04-conclusao-integrada-da-baseline/specs/r4-04-conclusao-integrada-da-baseline/spec.md,13,363db7fd0613b909c75beaeb9eb7dfe1e3cb52c8f4ecbbbbb697241e381dde9b
r4-04-conclusao-integrada-da-baseline:R4-QUA-01-S03,R4-QUA-01-S03,r4-04-conclusao-integrada-da-baseline,R4-QUA-01,Inventário integral e evidência coerente com o conteúdo,correção pontual com requisito integral pendente,openspec/changes/r4-04-conclusao-integrada-da-baseline/specs/r4-04-conclusao-integrada-da-baseline/spec.md,18,363db7fd0613b909c75beaeb9eb7dfe1e3cb52c8f4ecbbbbb697241e381dde9b
r4-04-conclusao-integrada-da-baseline:R4-QUA-02-S01,R4-QUA-02-S01,r4-04-conclusao-integrada-da-baseline,R4-QUA-02,Entrega vertical do console e baseline remanescente,operador faz catálogo→execução→consulta→entrega→financeiro,openspec/changes/r4-04-conclusao-integrada-da-baseline/specs/r4-04-conclusao-integrada-da-baseline/spec.md,26,363db7fd0613b909c75beaeb9eb7dfe1e3cb52c8f4ecbbbbb697241e381dde9b
r4-04-conclusao-integrada-da-baseline:R4-QUA-02-S02,R4-QUA-02-S02,r4-04-conclusao-integrada-da-baseline,R4-QUA-02,Entrega vertical do console e baseline remanescente,"duas entregas do mesmo protocolo, erro financeiro e token consumidor",openspec/changes/r4-04-conclusao-integrada-da-baseline/specs/r4-04-conclusao-integrada-da-baseline/spec.md,31,363db7fd0613b909c75beaeb9eb7dfe1e3cb52c8f4ecbbbbb697241e381dde9b
r4-04-conclusao-integrada-da-baseline:R4-QUA-02-S03,R4-QUA-02-S03,r4-04-conclusao-integrada-da-baseline,R4-QUA-02,Entrega vertical do console e baseline remanescente,helper ou menu implementado sem conexão real,openspec/changes/r4-04-conclusao-integrada-da-baseline/specs/r4-04-conclusao-integrada-da-baseline/spec.md,36,363db7fd0613b909c75beaeb9eb7dfe1e3cb52c8f4ecbbbbb697241e381dde9b
r4-04-conclusao-integrada-da-baseline:R4-QUA-03-S01,R4-QUA-03-S01,r4-04-conclusao-integrada-da-baseline,R4-QUA-03,Qualificação reproduzível com um ecossistema local,ambiente com ecossistema Hub existente,openspec/changes/r4-04-conclusao-integrada-da-baseline/specs/r4-04-conclusao-integrada-da-baseline/spec.md,44,363db7fd0613b909c75beaeb9eb7dfe1e3cb52c8f4ecbbbbb697241e381dde9b
r4-04-conclusao-integrada-da-baseline:R4-QUA-03-S02,R4-QUA-03-S02,r4-04-conclusao-integrada-da-baseline,R4-QUA-03,Qualificação reproduzível com um ecossistema local,dependência integrada ausente ou teste t.Skip,openspec/changes/r4-04-conclusao-integrada-da-baseline/specs/r4-04-conclusao-integrada-da-baseline/spec.md,49,363db7fd0613b909c75beaeb9eb7dfe1e3cb52c8f4ecbbbbb697241e381dde9b
r4-04-conclusao-integrada-da-baseline:R4-QUA-03-S03,R4-QUA-03-S03,r4-04-conclusao-integrada-da-baseline,R4-QUA-03,Qualificação reproduzível com um ecossistema local,Compose e kind preparados com imagens do conteúdo atual,openspec/changes/r4-04-conclusao-integrada-da-baseline/specs/r4-04-conclusao-integrada-da-baseline/spec.md,54,363db7fd0613b909c75beaeb9eb7dfe1e3cb52c8f4ecbbbbb697241e381dde9b
