scenario_key,scenario_id,change,requirement_id,requirement_title,scenario_title,status,evidence,spec,line,source_digest
hub-interoperabilidade-v4:ARQ-01:S001,ARQ-01:S001,hub-interoperabilidade-v4,ARQ-01,Fronteiras,Portal não orquestra nem precifica,NAO_QUALIFICADO_NESTA_RODADA,sem execução/evidência vinculada nesta rodada,openspec/changes/hub-interoperabilidade-v4/specs/arquitetura-e-comunicacao/spec.md,8,363db7fd0613b909c75beaeb9eb7dfe1e3cb52c8f4ecbbbbb697241e381dde9b
hub-interoperabilidade-v4:ARQ-01:S002,ARQ-01:S002,hub-interoperabilidade-v4,ARQ-01,Fronteiras,Órbita delega execução externa a Cometa sem manter segredos,NAO_QUALIFICADO_NESTA_RODADA,sem execução/evidência vinculada nesta rodada,openspec/changes/hub-interoperabilidade-v4/specs/arquitetura-e-comunicacao/spec.md,13,363db7fd0613b909c75beaeb9eb7dfe1e3cb52c8f4ecbbbbb697241e381dde9b
hub-interoperabilidade-v4:ARQ-01:S003,ARQ-01:S003,hub-interoperabilidade-v4,ARQ-01,Fronteiras,Libra não infere consumo apenas de logs nem fatura todo evento técnico,NAO_QUALIFICADO_NESTA_RODADA,sem execução/evidência vinculada nesta rodada,openspec/changes/hub-interoperabilidade-v4/specs/arquitetura-e-comunicacao/spec.md,18,363db7fd0613b909c75beaeb9eb7dfe1e3cb52c8f4ecbbbbb697241e381dde9b
hub-interoperabilidade-v4:ARQ-01:S004,ARQ-01:S004,hub-interoperabilidade-v4,ARQ-01,Fronteiras,Isolamento de adaptador ou temporizador apenas por critério explícito,NAO_QUALIFICADO_NESTA_RODADA,sem execução/evidência vinculada nesta rodada,openspec/changes/hub-interoperabilidade-v4/specs/arquitetura-e-comunicacao/spec.md,23,363db7fd0613b909c75beaeb9eb7dfe1e3cb52c8f4ecbbbbb697241e381dde9b
hub-interoperabilidade-v4:ARQ-02:S001,ARQ-02:S001,hub-interoperabilidade-v4,ARQ-02,Topologia de referência,SYNC persiste o fato externo via resposta HTTPS sem depender da fila,NAO_QUALIFICADO_NESTA_RODADA,sem execução/evidência vinculada nesta rodada,openspec/changes/hub-interoperabilidade-v4/specs/arquitetura-e-comunicacao/spec.md,31,363db7fd0613b909c75beaeb9eb7dfe1e3cb52c8f4ecbbbbb697241e381dde9b
hub-interoperabilidade-v4:ARQ-02:S002,ARQ-02:S002,hub-interoperabilidade-v4,ARQ-02,Topologia de referência,ASYNC usa fila e mantém os mesmos invariantes com deduplicação de eventos posteriores,NAO_QUALIFICADO_NESTA_RODADA,sem execução/evidência vinculada nesta rodada,openspec/changes/hub-interoperabilidade-v4/specs/arquitetura-e-comunicacao/spec.md,36,363db7fd0613b909c75beaeb9eb7dfe1e3cb52c8f4ecbbbbb697241e381dde9b
hub-interoperabilidade-v4:ARQ-02:S003,ARQ-02:S003,hub-interoperabilidade-v4,ARQ-02,Topologia de referência,Cada domínio grava somente seu próprio estado no core compartilhado,NAO_QUALIFICADO_NESTA_RODADA,sem execução/evidência vinculada nesta rodada,openspec/changes/hub-interoperabilidade-v4/specs/arquitetura-e-comunicacao/spec.md,41,363db7fd0613b909c75beaeb9eb7dfe1e3cb52c8f4ecbbbbb697241e381dde9b
hub-interoperabilidade-v4:ARQ-02:S004,ARQ-02:S004,hub-interoperabilidade-v4,ARQ-02,Topologia de referência,Tráfego estabelecido não consulta Atlas/Crossplane a cada pedido,NAO_QUALIFICADO_NESTA_RODADA,sem execução/evidência vinculada nesta rodada,openspec/changes/hub-interoperabilidade-v4/specs/arquitetura-e-comunicacao/spec.md,46,363db7fd0613b909c75beaeb9eb7dfe1e3cb52c8f4ecbbbbb697241e381dde9b
hub-interoperabilidade-v4:ARQ-03:S001,ARQ-03:S001,hub-interoperabilidade-v4,ARQ-03,Escolha tecnológica,PostgreSQL é a escolha para o banco transacional por célula,NAO_QUALIFICADO_NESTA_RODADA,sem execução/evidência vinculada nesta rodada,openspec/changes/hub-interoperabilidade-v4/specs/arquitetura-e-comunicacao/spec.md,54,363db7fd0613b909c75beaeb9eb7dfe1e3cb52c8f4ecbbbbb697241e381dde9b
hub-interoperabilidade-v4:ARQ-03:S002,ARQ-03:S002,hub-interoperabilidade-v4,ARQ-03,Escolha tecnológica,SNS + SQS Standard é a escolha para o barramento sem presumir ordem,NAO_QUALIFICADO_NESTA_RODADA,sem execução/evidência vinculada nesta rodada,openspec/changes/hub-interoperabilidade-v4/specs/arquitetura-e-comunicacao/spec.md,59,363db7fd0613b909c75beaeb9eb7dfe1e3cb52c8f4ecbbbbb697241e381dde9b
hub-interoperabilidade-v4:ARQ-03:S003,ARQ-03:S003,hub-interoperabilidade-v4,ARQ-03,Escolha tecnológica,Cache funciona e cumpre o SLO qualificado sem Redis,NAO_QUALIFICADO_NESTA_RODADA,sem execução/evidência vinculada nesta rodada,openspec/changes/hub-interoperabilidade-v4/specs/arquitetura-e-comunicacao/spec.md,64,363db7fd0613b909c75beaeb9eb7dfe1e3cb52c8f4ecbbbbb697241e381dde9b
hub-interoperabilidade-v4:ARQ-03:S004,ARQ-03:S004,hub-interoperabilidade-v4,ARQ-03,Escolha tecnológica,Operar sem serviços AWS exige nova decisão de arquitetura,NAO_QUALIFICADO_NESTA_RODADA,sem execução/evidência vinculada nesta rodada,openspec/changes/hub-interoperabilidade-v4/specs/arquitetura-e-comunicacao/spec.md,69,363db7fd0613b909c75beaeb9eb7dfe1e3cb52c8f4ecbbbbb697241e381dde9b
hub-interoperabilidade-v4:ARQ-04:S001,ARQ-04:S001,hub-interoperabilidade-v4,ARQ-04,Linguagem e tecnologia por aplicação,"Atlas API usa Go pela uniformidade de toolchain, não pela velocidade de CRUD",NAO_QUALIFICADO_NESTA_RODADA,sem execução/evidência vinculada nesta rodada,openspec/changes/hub-interoperabilidade-v4/specs/arquitetura-e-comunicacao/spec.md,77,363db7fd0613b909c75beaeb9eb7dfe1e3cb52c8f4ecbbbbb697241e381dde9b
hub-interoperabilidade-v4:ARQ-04:S002,ARQ-04:S002,hub-interoperabilidade-v4,ARQ-04,Linguagem e tecnologia por aplicação,"Espera de rede suportada libera a thread, mas bloqueio evitável no caminho crítico é proibido",NAO_QUALIFICADO_NESTA_RODADA,sem execução/evidência vinculada nesta rodada,openspec/changes/hub-interoperabilidade-v4/specs/arquitetura-e-comunicacao/spec.md,82,363db7fd0613b909c75beaeb9eb7dfe1e3cb52c8f4ecbbbbb697241e381dde9b
hub-interoperabilidade-v4:ARQ-04:S003,ARQ-04:S003,hub-interoperabilidade-v4,ARQ-04,Linguagem e tecnologia por aplicação,Interface de Atlas em TypeScript/React não processa pedidos de clientes,NAO_QUALIFICADO_NESTA_RODADA,sem execução/evidência vinculada nesta rodada,openspec/changes/hub-interoperabilidade-v4/specs/arquitetura-e-comunicacao/spec.md,87,363db7fd0613b909c75beaeb9eb7dfe1e3cb52c8f4ecbbbbb697241e381dde9b
hub-interoperabilidade-v4:ARQ-04:S004,ARQ-04:S004,hub-interoperabilidade-v4,ARQ-04,Linguagem e tecnologia por aplicação,Comparação de desempenho entre Go e outras linguagens exige equivalência de condições,NAO_QUALIFICADO_NESTA_RODADA,sem execução/evidência vinculada nesta rodada,openspec/changes/hub-interoperabilidade-v4/specs/arquitetura-e-comunicacao/spec.md,92,363db7fd0613b909c75beaeb9eb7dfe1e3cb52c8f4ecbbbbb697241e381dde9b
hub-interoperabilidade-v4:ARQ-05:S001,ARQ-05:S001,hub-interoperabilidade-v4,ARQ-05,Razões das dependências e revisão de alternativas,PostgreSQL compartilhado entre células é separado por célula,NAO_QUALIFICADO_NESTA_RODADA,sem execução/evidência vinculada nesta rodada,openspec/changes/hub-interoperabilidade-v4/specs/arquitetura-e-comunicacao/spec.md,100,363db7fd0613b909c75beaeb9eb7dfe1e3cb52c8f4ecbbbbb697241e381dde9b
hub-interoperabilidade-v4:ARQ-05:S002,ARQ-05:S002,hub-interoperabilidade-v4,ARQ-05,Razões das dependências e revisão de alternativas,"Dependência de produção exige versão fixada, plano de atualização, licença e proprietário",NAO_QUALIFICADO_NESTA_RODADA,sem execução/evidência vinculada nesta rodada,openspec/changes/hub-interoperabilidade-v4/specs/arquitetura-e-comunicacao/spec.md,105,363db7fd0613b909c75beaeb9eb7dfe1e3cb52c8f4ecbbbbb697241e381dde9b
hub-interoperabilidade-v4:ARQ-05:S003,ARQ-05:S003,hub-interoperabilidade-v4,ARQ-05,Razões das dependências e revisão de alternativas,Mesh ou Envoy não são adotados automaticamente para o controle adaptativo do Cometa,NAO_QUALIFICADO_NESTA_RODADA,sem execução/evidência vinculada nesta rodada,openspec/changes/hub-interoperabilidade-v4/specs/arquitetura-e-comunicacao/spec.md,110,363db7fd0613b909c75beaeb9eb7dfe1e3cb52c8f4ecbbbbb697241e381dde9b
hub-interoperabilidade-v4:ARQ-05:S004,ARQ-05:S004,hub-interoperabilidade-v4,ARQ-05,Razões das dependências e revisão de alternativas,Traces do OpenTelemetry/Tempo não servem como fonte contábil ou única evidência de SLA,NAO_QUALIFICADO_NESTA_RODADA,sem execução/evidência vinculada nesta rodada,openspec/changes/hub-interoperabilidade-v4/specs/arquitetura-e-comunicacao/spec.md,115,363db7fd0613b909c75beaeb9eb7dfe1e3cb52c8f4ecbbbbb697241e381dde9b
hub-interoperabilidade-v4:ARQ-06:S001,ARQ-06:S001,hub-interoperabilidade-v4,ARQ-06,Tecnologias para expansão e continuidade,KEDA é o único proprietário do HPA de um Deployment de worker,NAO_QUALIFICADO_NESTA_RODADA,sem execução/evidência vinculada nesta rodada,openspec/changes/hub-interoperabilidade-v4/specs/arquitetura-e-comunicacao/spec.md,123,363db7fd0613b909c75beaeb9eb7dfe1e3cb52c8f4ecbbbbb697241e381dde9b
hub-interoperabilidade-v4:ARQ-06:S002,ARQ-06:S002,hub-interoperabilidade-v4,ARQ-06,Tecnologias para expansão e continuidade,Crossplane reconcilia recursos mas não decide quando expandir,NAO_QUALIFICADO_NESTA_RODADA,sem execução/evidência vinculada nesta rodada,openspec/changes/hub-interoperabilidade-v4/specs/arquitetura-e-comunicacao/spec.md,128,363db7fd0613b909c75beaeb9eb7dfe1e3cb52c8f4ecbbbbb697241e381dde9b
hub-interoperabilidade-v4:ARQ-06:S003,ARQ-06:S003,hub-interoperabilidade-v4,ARQ-06,Tecnologias para expansão e continuidade,Redução de pods ou nós não apaga dados protegidos,NAO_QUALIFICADO_NESTA_RODADA,sem execução/evidência vinculada nesta rodada,openspec/changes/hub-interoperabilidade-v4/specs/arquitetura-e-comunicacao/spec.md,133,363db7fd0613b909c75beaeb9eb7dfe1e3cb52c8f4ecbbbbb697241e381dde9b
hub-interoperabilidade-v4:ARQ-06:S004,ARQ-06:S004,hub-interoperabilidade-v4,ARQ-06,Tecnologias para expansão e continuidade,Perda do plano de gestão impede novas expansões mas não desliga células prontas,NAO_QUALIFICADO_NESTA_RODADA,sem execução/evidência vinculada nesta rodada,openspec/changes/hub-interoperabilidade-v4/specs/arquitetura-e-comunicacao/spec.md,138,363db7fd0613b909c75beaeb9eb7dfe1e3cb52c8f4ecbbbbb697241e381dde9b
hub-interoperabilidade-v4:COM-01:S001,COM-01:S001,hub-interoperabilidade-v4,COM-01,Comunicação interna definida,SYNC entre Órbita e Cometa dispensa broker no percurso obrigatório,NAO_QUALIFICADO_NESTA_RODADA,sem execução/evidência vinculada nesta rodada,openspec/changes/hub-interoperabilidade-v4/specs/arquitetura-e-comunicacao/spec.md,146,363db7fd0613b909c75beaeb9eb7dfe1e3cb52c8f4ecbbbbb697241e381dde9b
hub-interoperabilidade-v4:COM-01:S002,COM-01:S002,hub-interoperabilidade-v4,COM-01,Comunicação interna definida,Retorno HTTP interno perdido não autoriza nova operação,NAO_QUALIFICADO_NESTA_RODADA,sem execução/evidência vinculada nesta rodada,openspec/changes/hub-interoperabilidade-v4/specs/arquitetura-e-comunicacao/spec.md,151,363db7fd0613b909c75beaeb9eb7dfe1e3cb52c8f4ecbbbbb697241e381dde9b
hub-interoperabilidade-v4:COM-01:S003,COM-01:S003,hub-interoperabilidade-v4,COM-01,Comunicação interna definida,gRPC e request/reply sobre broker não são adotados como padrão do caminho SYNC,NAO_QUALIFICADO_NESTA_RODADA,sem execução/evidência vinculada nesta rodada,openspec/changes/hub-interoperabilidade-v4/specs/arquitetura-e-comunicacao/spec.md,156,363db7fd0613b909c75beaeb9eb7dfe1e3cb52c8f4ecbbbbb697241e381dde9b
hub-interoperabilidade-v4:COM-01:S004,COM-01:S004,hub-interoperabilidade-v4,COM-01,Comunicação interna definida,Pulsar consulta Órbita por HTTPS autenticado sem acesso direto ao banco,NAO_QUALIFICADO_NESTA_RODADA,sem execução/evidência vinculada nesta rodada,openspec/changes/hub-interoperabilidade-v4/specs/arquitetura-e-comunicacao/spec.md,161,363db7fd0613b909c75beaeb9eb7dfe1e3cb52c8f4ecbbbbb697241e381dde9b
hub-interoperabilidade-v4:COM-02:S001,COM-02:S001,hub-interoperabilidade-v4,COM-02,Integração de clientes e provedores,REST/JSON por HTTPS é disponibilizado mediante OpenAPI e schemas homologados,NAO_QUALIFICADO_NESTA_RODADA,sem execução/evidência vinculada nesta rodada,openspec/changes/hub-interoperabilidade-v4/specs/arquitetura-e-comunicacao/spec.md,169,363db7fd0613b909c75beaeb9eb7dfe1e3cb52c8f4ecbbbbb697241e381dde9b
hub-interoperabilidade-v4:COM-02:S002,COM-02:S002,hub-interoperabilidade-v4,COM-02,Integração de clientes e provedores,SFTP e gRPC/Protobuf não são aceitos automaticamente na v4,NAO_QUALIFICADO_NESTA_RODADA,sem execução/evidência vinculada nesta rodada,openspec/changes/hub-interoperabilidade-v4/specs/arquitetura-e-comunicacao/spec.md,174,363db7fd0613b909c75beaeb9eb7dfe1e3cb52c8f4ecbbbbb697241e381dde9b
hub-interoperabilidade-v4:COM-02:S003,COM-02:S003,hub-interoperabilidade-v4,COM-02,Integração de clientes e provedores,Conexão direta do cliente ao banco é recusada independentemente do catálogo,NAO_QUALIFICADO_NESTA_RODADA,sem execução/evidência vinculada nesta rodada,openspec/changes/hub-interoperabilidade-v4/specs/arquitetura-e-comunicacao/spec.md,179,363db7fd0613b909c75beaeb9eb7dfe1e3cb52c8f4ecbbbbb697241e381dde9b
hub-interoperabilidade-v4:COM-02:S004,COM-02:S004,hub-interoperabilidade-v4,COM-02,Integração de clientes e provedores,Integração via broker externo do parceiro exige ADR explícito,NAO_QUALIFICADO_NESTA_RODADA,sem execução/evidência vinculada nesta rodada,openspec/changes/hub-interoperabilidade-v4/specs/arquitetura-e-comunicacao/spec.md,184,363db7fd0613b909c75beaeb9eb7dfe1e3cb52c8f4ecbbbbb697241e381dde9b
hub-interoperabilidade-v4:COM-03:S001,COM-03:S001,hub-interoperabilidade-v4,COM-03,Mensagens e idempotência,Publicação usa outbox na mesma transação do estado local,NAO_QUALIFICADO_NESTA_RODADA,sem execução/evidência vinculada nesta rodada,openspec/changes/hub-interoperabilidade-v4/specs/arquitetura-e-comunicacao/spec.md,192,363db7fd0613b909c75beaeb9eb7dfe1e3cb52c8f4ecbbbbb697241e381dde9b
hub-interoperabilidade-v4:COM-03:S002,COM-03:S002,hub-interoperabilidade-v4,COM-03,Mensagens e idempotência,Ack ao broker ocorre somente após o commit do inbox,NAO_QUALIFICADO_NESTA_RODADA,sem execução/evidência vinculada nesta rodada,openspec/changes/hub-interoperabilidade-v4/specs/arquitetura-e-comunicacao/spec.md,197,363db7fd0613b909c75beaeb9eb7dfe1e3cb52c8f4ecbbbbb697241e381dde9b
hub-interoperabilidade-v4:COM-03:S003,COM-03:S003,hub-interoperabilidade-v4,COM-03,Mensagens e idempotência,Chave semântica reconhece fatos econômicos equivalentes com event_ids distintos,NAO_QUALIFICADO_NESTA_RODADA,sem execução/evidência vinculada nesta rodada,openspec/changes/hub-interoperabilidade-v4/specs/arquitetura-e-comunicacao/spec.md,202,363db7fd0613b909c75beaeb9eb7dfe1e3cb52c8f4ecbbbbb697241e381dde9b
hub-interoperabilidade-v4:COM-03:S004,COM-03:S004,hub-interoperabilidade-v4,COM-03,Mensagens e idempotência,Evento antigo não regride estado e gera pendência de reconciliação,NAO_QUALIFICADO_NESTA_RODADA,sem execução/evidência vinculada nesta rodada,openspec/changes/hub-interoperabilidade-v4/specs/arquitetura-e-comunicacao/spec.md,207,363db7fd0613b909c75beaeb9eb7dfe1e3cb52c8f4ecbbbbb697241e381dde9b
hub-interoperabilidade-v4:COM-04:S001,COM-04:S001,hub-interoperabilidade-v4,COM-04,Evolução de contratos,Mudança aditiva sem alteração de significado mantém compatibilidade,NAO_QUALIFICADO_NESTA_RODADA,sem execução/evidência vinculada nesta rodada,openspec/changes/hub-interoperabilidade-v4/specs/arquitetura-e-comunicacao/spec.md,215,363db7fd0613b909c75beaeb9eb7dfe1e3cb52c8f4ecbbbbb697241e381dde9b
hub-interoperabilidade-v4:COM-04:S002,COM-04:S002,hub-interoperabilidade-v4,COM-04,Evolução de contratos,Remoção de campo ou mudança de unidade exige nova versão,NAO_QUALIFICADO_NESTA_RODADA,sem execução/evidência vinculada nesta rodada,openspec/changes/hub-interoperabilidade-v4/specs/arquitetura-e-comunicacao/spec.md,220,363db7fd0613b909c75beaeb9eb7dfe1e3cb52c8f4ecbbbbb697241e381dde9b
hub-interoperabilidade-v4:COM-04:S003,COM-04:S003,hub-interoperabilidade-v4,COM-04,Evolução de contratos,Consumidor desconhecendo a versão obrigatória coloca a mensagem em quarentena,NAO_QUALIFICADO_NESTA_RODADA,sem execução/evidência vinculada nesta rodada,openspec/changes/hub-interoperabilidade-v4/specs/arquitetura-e-comunicacao/spec.md,225,363db7fd0613b909c75beaeb9eb7dfe1e3cb52c8f4ecbbbbb697241e381dde9b
hub-interoperabilidade-v4:COM-04:S004,COM-04:S004,hub-interoperabilidade-v4,COM-04,Evolução de contratos,Campo crítico ausente rejeita a mensagem,NAO_QUALIFICADO_NESTA_RODADA,sem execução/evidência vinculada nesta rodada,openspec/changes/hub-interoperabilidade-v4/specs/arquitetura-e-comunicacao/spec.md,230,363db7fd0613b909c75beaeb9eb7dfe1e3cb52c8f4ecbbbbb697241e381dde9b
hub-interoperabilidade-v4:COM-05:S001,COM-05:S001,hub-interoperabilidade-v4,COM-05,Mesmo contrato em GET e webhook,"GET e webhook entregam o mesmo corpo final, diferindo apenas em cabeçalhos de transporte",NAO_QUALIFICADO_NESTA_RODADA,sem execução/evidência vinculada nesta rodada,openspec/changes/hub-interoperabilidade-v4/specs/arquitetura-e-comunicacao/spec.md,238,363db7fd0613b909c75beaeb9eb7dfe1e3cb52c8f4ecbbbbb697241e381dde9b
hub-interoperabilidade-v4:COM-05:S002,COM-05:S002,hub-interoperabilidade-v4,COM-05,Mesmo contrato em GET e webhook,GET pendente retorna 200 com a variante pendente sem ser evento final,NAO_QUALIFICADO_NESTA_RODADA,sem execução/evidência vinculada nesta rodada,openspec/changes/hub-interoperabilidade-v4/specs/arquitetura-e-comunicacao/spec.md,243,363db7fd0613b909c75beaeb9eb7dfe1e3cb52c8f4ecbbbbb697241e381dde9b
hub-interoperabilidade-v4:COM-05:S003,COM-05:S003,hub-interoperabilidade-v4,COM-05,Mesmo contrato em GET e webhook,Protocolo EXPIRED usa representação de erro prevista e não envia resultado tardio,NAO_QUALIFICADO_NESTA_RODADA,sem execução/evidência vinculada nesta rodada,openspec/changes/hub-interoperabilidade-v4/specs/arquitetura-e-comunicacao/spec.md,248,363db7fd0613b909c75beaeb9eb7dfe1e3cb52c8f4ecbbbbb697241e381dde9b
hub-interoperabilidade-v4:COM-05:S004,COM-05:S004,hub-interoperabilidade-v4,COM-05,Mesmo contrato em GET e webhook,URL pré-assinada de arquivo não é injetada no corpo final congelado,NAO_QUALIFICADO_NESTA_RODADA,sem execução/evidência vinculada nesta rodada,openspec/changes/hub-interoperabilidade-v4/specs/arquitetura-e-comunicacao/spec.md,253,363db7fd0613b909c75beaeb9eb7dfe1e3cb52c8f4ecbbbbb697241e381dde9b
hub-interoperabilidade-v4:COM-06:S001,COM-06:S001,hub-interoperabilidade-v4,COM-06,Contrato do despacho direto,Fato final externo durável permite finalizar sucesso no mesmo HTTP público,NAO_QUALIFICADO_NESTA_RODADA,sem execução/evidência vinculada nesta rodada,openspec/changes/hub-interoperabilidade-v4/specs/arquitetura-e-comunicacao/spec.md,261,363db7fd0613b909c75beaeb9eb7dfe1e3cb52c8f4ecbbbbb697241e381dde9b
hub-interoperabilidade-v4:COM-06:S002,COM-06:S002,hub-interoperabilidade-v4,COM-06,Contrato do despacho direto,HTTP 200 sem fato conservado não é tratado como final válido,NAO_QUALIFICADO_NESTA_RODADA,sem execução/evidência vinculada nesta rodada,openspec/changes/hub-interoperabilidade-v4/specs/arquitetura-e-comunicacao/spec.md,266,363db7fd0613b909c75beaeb9eb7dfe1e3cb52c8f4ecbbbbb697241e381dde9b
hub-interoperabilidade-v4:COM-06:S003,COM-06:S003,hub-interoperabilidade-v4,COM-06,Contrato do despacho direto,Timeout de rede não autoriza retry automático de negócio fora de Órbita/Cometa,NAO_QUALIFICADO_NESTA_RODADA,sem execução/evidência vinculada nesta rodada,openspec/changes/hub-interoperabilidade-v4/specs/arquitetura-e-comunicacao/spec.md,271,363db7fd0613b909c75beaeb9eb7dfe1e3cb52c8f4ecbbbbb697241e381dde9b
hub-interoperabilidade-v4:COM-06:S004,COM-06:S004,hub-interoperabilidade-v4,COM-06,Contrato do despacho direto,Intenção ASYNC marcada DIRECT não é tratada como comando QUEUED,NAO_QUALIFICADO_NESTA_RODADA,sem execução/evidência vinculada nesta rodada,openspec/changes/hub-interoperabilidade-v4/specs/arquitetura-e-comunicacao/spec.md,276,363db7fd0613b909c75beaeb9eb7dfe1e3cb52c8f4ecbbbbb697241e381dde9b
hub-interoperabilidade-v4:CAT-01:S001,CAT-01:S001,hub-interoperabilidade-v4,CAT-01,Catálogo de serviços,Publicação de versão com metadados completos e vínculo homologado,NAO_QUALIFICADO_NESTA_RODADA,sem execução/evidência vinculada nesta rodada,openspec/changes/hub-interoperabilidade-v4/specs/catalogo-e-portfolio/spec.md,8,363db7fd0613b909c75beaeb9eb7dfe1e3cb52c8f4ecbbbbb697241e381dde9b
hub-interoperabilidade-v4:CAT-01:S002,CAT-01:S002,hub-interoperabilidade-v4,CAT-01,Catálogo de serviços,Entrada incompatível é recusada antes da execução,NAO_QUALIFICADO_NESTA_RODADA,sem execução/evidência vinculada nesta rodada,openspec/changes/hub-interoperabilidade-v4/specs/catalogo-e-portfolio/spec.md,13,363db7fd0613b909c75beaeb9eb7dfe1e3cb52c8f4ecbbbbb697241e381dde9b
hub-interoperabilidade-v4:CAT-01:S003,CAT-01:S003,hub-interoperabilidade-v4,CAT-01,Catálogo de serviços,Consulta histórica de versão descontinuada preserva semântica original,NAO_QUALIFICADO_NESTA_RODADA,sem execução/evidência vinculada nesta rodada,openspec/changes/hub-interoperabilidade-v4/specs/catalogo-e-portfolio/spec.md,18,363db7fd0613b909c75beaeb9eb7dfe1e3cb52c8f4ecbbbbb697241e381dde9b
hub-interoperabilidade-v4:CAT-02:S001,CAT-02:S001,hub-interoperabilidade-v4,CAT-02,Portfólio e disponibilidade,Cliente visualiza apenas ofertas contratadas e autorizadas,NAO_QUALIFICADO_NESTA_RODADA,sem execução/evidência vinculada nesta rodada,openspec/changes/hub-interoperabilidade-v4/specs/catalogo-e-portfolio/spec.md,26,363db7fd0613b909c75beaeb9eb7dfe1e3cb52c8f4ecbbbbb697241e381dde9b
hub-interoperabilidade-v4:CAT-02:S002,CAT-02:S002,hub-interoperabilidade-v4,CAT-02,Portfólio e disponibilidade,Oferta publicada mas não contratada é negada mesmo com token válido,NAO_QUALIFICADO_NESTA_RODADA,sem execução/evidência vinculada nesta rodada,openspec/changes/hub-interoperabilidade-v4/specs/catalogo-e-portfolio/spec.md,31,363db7fd0613b909c75beaeb9eb7dfe1e3cb52c8f4ecbbbbb697241e381dde9b
hub-interoperabilidade-v4:CAT-02:S003,CAT-02:S003,hub-interoperabilidade-v4,CAT-02,Portfólio e disponibilidade,Suspensão de novas vendas não afeta pedidos já aceitos,NAO_QUALIFICADO_NESTA_RODADA,sem execução/evidência vinculada nesta rodada,openspec/changes/hub-interoperabilidade-v4/specs/catalogo-e-portfolio/spec.md,36,363db7fd0613b909c75beaeb9eb7dfe1e3cb52c8f4ecbbbbb697241e381dde9b
hub-interoperabilidade-v4:CAT-03:S001,CAT-03:S001,hub-interoperabilidade-v4,CAT-03,Agregação,Agregação bem-sucedida com seções obrigatória e opcionais presentes,NAO_QUALIFICADO_NESTA_RODADA,sem execução/evidência vinculada nesta rodada,openspec/changes/hub-interoperabilidade-v4/specs/catalogo-e-portfolio/spec.md,44,363db7fd0613b909c75beaeb9eb7dfe1e3cb52c8f4ecbbbbb697241e381dde9b
hub-interoperabilidade-v4:CAT-03:S002,CAT-03:S002,hub-interoperabilidade-v4,CAT-03,Agregação,Falha da parte obrigatória impede anúncio de sucesso completo,NAO_QUALIFICADO_NESTA_RODADA,sem execução/evidência vinculada nesta rodada,openspec/changes/hub-interoperabilidade-v4/specs/catalogo-e-portfolio/spec.md,49,363db7fd0613b909c75beaeb9eb7dfe1e3cb52c8f4ecbbbbb697241e381dde9b
hub-interoperabilidade-v4:CAT-03:S003,CAT-03:S003,hub-interoperabilidade-v4,CAT-03,Agregação,Resposta opcional ausente é declarada explicitamente,NAO_QUALIFICADO_NESTA_RODADA,sem execução/evidência vinculada nesta rodada,openspec/changes/hub-interoperabilidade-v4/specs/catalogo-e-portfolio/spec.md,54,363db7fd0613b909c75beaeb9eb7dfe1e3cb52c8f4ecbbbbb697241e381dde9b
hub-interoperabilidade-v4:CAT-04:S001,CAT-04:S001,hub-interoperabilidade-v4,CAT-04,Composição,Composição publicada com grafo acíclico válido,NAO_QUALIFICADO_NESTA_RODADA,sem execução/evidência vinculada nesta rodada,openspec/changes/hub-interoperabilidade-v4/specs/catalogo-e-portfolio/spec.md,62,363db7fd0613b909c75beaeb9eb7dfe1e3cb52c8f4ecbbbbb697241e381dde9b
hub-interoperabilidade-v4:CAT-04:S002,CAT-04:S002,hub-interoperabilidade-v4,CAT-04,Composição,Geocodificação com múltiplas opções segue política do contrato,NAO_QUALIFICADO_NESTA_RODADA,sem execução/evidência vinculada nesta rodada,openspec/changes/hub-interoperabilidade-v4/specs/catalogo-e-portfolio/spec.md,67,363db7fd0613b909c75beaeb9eb7dfe1e3cb52c8f4ecbbbbb697241e381dde9b
hub-interoperabilidade-v4:CAT-04:S003,CAT-04:S003,hub-interoperabilidade-v4,CAT-04,Composição,Publicação recusada por ciclo ou ausência de política de falha,NAO_QUALIFICADO_NESTA_RODADA,sem execução/evidência vinculada nesta rodada,openspec/changes/hub-interoperabilidade-v4/specs/catalogo-e-portfolio/spec.md,72,363db7fd0613b909c75beaeb9eb7dfe1e3cb52c8f4ecbbbbb697241e381dde9b
hub-interoperabilidade-v4:CAT-05:S001,CAT-05:S001,hub-interoperabilidade-v4,CAT-05,Consolidação e efeitos,Consolidação por quórum sem cancelar trabalho em voo,NAO_QUALIFICADO_NESTA_RODADA,sem execução/evidência vinculada nesta rodada,openspec/changes/hub-interoperabilidade-v4/specs/catalogo-e-portfolio/spec.md,80,363db7fd0613b909c75beaeb9eb7dfe1e3cb52c8f4ecbbbbb697241e381dde9b
hub-interoperabilidade-v4:CAT-05:S002,CAT-05:S002,hub-interoperabilidade-v4,CAT-05,Consolidação e efeitos,Falha parcial não gera rollback universal,NAO_QUALIFICADO_NESTA_RODADA,sem execução/evidência vinculada nesta rodada,openspec/changes/hub-interoperabilidade-v4/specs/catalogo-e-portfolio/spec.md,85,363db7fd0613b909c75beaeb9eb7dfe1e3cb52c8f4ecbbbbb697241e381dde9b
hub-interoperabilidade-v4:CAT-05:S003,CAT-05:S003,hub-interoperabilidade-v4,CAT-05,Consolidação e efeitos,Produto com efeito irreversível oferece opção de resultado parcial,NAO_QUALIFICADO_NESTA_RODADA,sem execução/evidência vinculada nesta rodada,openspec/changes/hub-interoperabilidade-v4/specs/catalogo-e-portfolio/spec.md,90,363db7fd0613b909c75beaeb9eb7dfe1e3cb52c8f4ecbbbbb697241e381dde9b
hub-interoperabilidade-v4:CAT-06:S001,CAT-06:S001,hub-interoperabilidade-v4,CAT-06,Seleção e equivalência de provedores,Seleção de provedor elegível ordenado por regra versionada com decisão persistida,NAO_QUALIFICADO_NESTA_RODADA,sem execução/evidência vinculada nesta rodada,openspec/changes/hub-interoperabilidade-v4/specs/catalogo-e-portfolio/spec.md,98,363db7fd0613b909c75beaeb9eb7dfe1e3cb52c8f4ecbbbbb697241e381dde9b
hub-interoperabilidade-v4:CAT-06:S002,CAT-06:S002,hub-interoperabilidade-v4,CAT-06,Seleção e equivalência de provedores,Failover recusado sem prova de segurança após timeout,NAO_QUALIFICADO_NESTA_RODADA,sem execução/evidência vinculada nesta rodada,openspec/changes/hub-interoperabilidade-v4/specs/catalogo-e-portfolio/spec.md,103,363db7fd0613b909c75beaeb9eb7dfe1e3cb52c8f4ecbbbbb697241e381dde9b
hub-interoperabilidade-v4:CAT-06:S003,CAT-06:S003,hub-interoperabilidade-v4,CAT-06,Seleção e equivalência de provedores,Hedging permanece desabilitado,NAO_QUALIFICADO_NESTA_RODADA,sem execução/evidência vinculada nesta rodada,openspec/changes/hub-interoperabilidade-v4/specs/catalogo-e-portfolio/spec.md,108,363db7fd0613b909c75beaeb9eb7dfe1e3cb52c8f4ecbbbbb697241e381dde9b
hub-interoperabilidade-v4:CAT-07:S001,CAT-07:S001,hub-interoperabilidade-v4,CAT-07,Política comercial do produto,Pacote com três passos gera receita única e discrimina custos sem triplicar preço,NAO_QUALIFICADO_NESTA_RODADA,sem execução/evidência vinculada nesta rodada,openspec/changes/hub-interoperabilidade-v4/specs/catalogo-e-portfolio/spec.md,116,363db7fd0613b909c75beaeb9eb7dfe1e3cb52c8f4ecbbbbb697241e381dde9b
hub-interoperabilidade-v4:CAT-07:S002,CAT-07:S002,hub-interoperabilidade-v4,CAT-07,Política comercial do produto,Configuração impede cobrança simultânea de pacote e componentes,NAO_QUALIFICADO_NESTA_RODADA,sem execução/evidência vinculada nesta rodada,openspec/changes/hub-interoperabilidade-v4/specs/catalogo-e-portfolio/spec.md,121,363db7fd0613b909c75beaeb9eb7dfe1e3cb52c8f4ecbbbbb697241e381dde9b
hub-interoperabilidade-v4:CAT-07:S003,CAT-07:S003,hub-interoperabilidade-v4,CAT-07,Política comercial do produto,Oferta não liberada sem contrato válido para todos os passos,NAO_QUALIFICADO_NESTA_RODADA,sem execução/evidência vinculada nesta rodada,openspec/changes/hub-interoperabilidade-v4/specs/catalogo-e-portfolio/spec.md,126,363db7fd0613b909c75beaeb9eb7dfe1e3cb52c8f4ecbbbbb697241e381dde9b
hub-interoperabilidade-v4:CAT-08:S001,CAT-08:S001,hub-interoperabilidade-v4,CAT-08,Rastreabilidade da composição,Resposta final e apuração financeira reconstruídas a partir de evidências persistidas,NAO_QUALIFICADO_NESTA_RODADA,sem execução/evidência vinculada nesta rodada,openspec/changes/hub-interoperabilidade-v4/specs/catalogo-e-portfolio/spec.md,134,363db7fd0613b909c75beaeb9eb7dfe1e3cb52c8f4ecbbbbb697241e381dde9b
hub-interoperabilidade-v4:CAT-08:S002,CAT-08:S002,hub-interoperabilidade-v4,CAT-08,Rastreabilidade da composição,Passo compartilhado executa uma única vez quando declarado pelo produto,NAO_QUALIFICADO_NESTA_RODADA,sem execução/evidência vinculada nesta rodada,openspec/changes/hub-interoperabilidade-v4/specs/catalogo-e-portfolio/spec.md,139,363db7fd0613b909c75beaeb9eb7dfe1e3cb52c8f4ecbbbbb697241e381dde9b
hub-interoperabilidade-v4:CAT-08:S003,CAT-08:S003,hub-interoperabilidade-v4,CAT-08,Rastreabilidade da composição,Pedidos distintos com payload coincidente não são deduplicados globalmente,NAO_QUALIFICADO_NESTA_RODADA,sem execução/evidência vinculada nesta rodada,openspec/changes/hub-interoperabilidade-v4/specs/catalogo-e-portfolio/spec.md,144,363db7fd0613b909c75beaeb9eb7dfe1e3cb52c8f4ecbbbbb697241e381dde9b
hub-interoperabilidade-v4:CAT-09:S001,CAT-09:S001,hub-interoperabilidade-v4,CAT-09,Contratos técnicos por cliente,"Contrato técnico do cliente valida entrada, traduz e valida saída antes da conclusão",NAO_QUALIFICADO_NESTA_RODADA,sem execução/evidência vinculada nesta rodada,openspec/changes/hub-interoperabilidade-v4/specs/catalogo-e-portfolio/spec.md,152,363db7fd0613b909c75beaeb9eb7dfe1e3cb52c8f4ecbbbbb697241e381dde9b
hub-interoperabilidade-v4:CAT-09:S002,CAT-09:S002,hub-interoperabilidade-v4,CAT-09,Contratos técnicos por cliente,Erro de transformação impede sucesso e preserva evidência canônica,NAO_QUALIFICADO_NESTA_RODADA,sem execução/evidência vinculada nesta rodada,openspec/changes/hub-interoperabilidade-v4/specs/catalogo-e-portfolio/spec.md,157,363db7fd0613b909c75beaeb9eb7dfe1e3cb52c8f4ecbbbbb697241e381dde9b
hub-interoperabilidade-v4:CAT-09:S003,CAT-09:S003,hub-interoperabilidade-v4,CAT-09,Contratos técnicos por cliente,Cliente não pode selecionar tenant ou transformação arbitrária no pedido,NAO_QUALIFICADO_NESTA_RODADA,sem execução/evidência vinculada nesta rodada,openspec/changes/hub-interoperabilidade-v4/specs/catalogo-e-portfolio/spec.md,162,363db7fd0613b909c75beaeb9eb7dfe1e3cb52c8f4ecbbbbb697241e381dde9b
hub-interoperabilidade-v4:CAT-09:S004,CAT-09:S004,hub-interoperabilidade-v4,CAT-09,Contratos técnicos por cliente,Alteração de configuração não afeta protocolo em voo nem histórico,NAO_QUALIFICADO_NESTA_RODADA,sem execução/evidência vinculada nesta rodada,openspec/changes/hub-interoperabilidade-v4/specs/catalogo-e-portfolio/spec.md,167,363db7fd0613b909c75beaeb9eb7dfe1e3cb52c8f4ecbbbbb697241e381dde9b
hub-interoperabilidade-v4:CAT-10:S001,CAT-10:S001,hub-interoperabilidade-v4,CAT-10,Elegibilidade de SLA e capacidade,Oferta com prazo compatível com caminho crítico qualificado,NAO_QUALIFICADO_NESTA_RODADA,sem execução/evidência vinculada nesta rodada,openspec/changes/hub-interoperabilidade-v4/specs/catalogo-e-portfolio/spec.md,175,363db7fd0613b909c75beaeb9eb7dfe1e3cb52c8f4ecbbbbb697241e381dde9b
hub-interoperabilidade-v4:CAT-10:S002,CAT-10:S002,hub-interoperabilidade-v4,CAT-10,Elegibilidade de SLA e capacidade,Timeout não é convertido automaticamente em sucesso parcial,NAO_QUALIFICADO_NESTA_RODADA,sem execução/evidência vinculada nesta rodada,openspec/changes/hub-interoperabilidade-v4/specs/catalogo-e-portfolio/spec.md,180,363db7fd0613b909c75beaeb9eb7dfe1e3cb52c8f4ecbbbbb697241e381dde9b
hub-interoperabilidade-v4:CAT-10:S003,CAT-10:S003,hub-interoperabilidade-v4,CAT-10,Elegibilidade de SLA e capacidade,Classe compartilhada não é anunciada como isolamento físico total,NAO_QUALIFICADO_NESTA_RODADA,sem execução/evidência vinculada nesta rodada,openspec/changes/hub-interoperabilidade-v4/specs/catalogo-e-portfolio/spec.md,185,363db7fd0613b909c75beaeb9eb7dfe1e3cb52c8f4ecbbbbb697241e381dde9b
hub-interoperabilidade-v4:CAT-11:S001,CAT-11:S001,hub-interoperabilidade-v4,CAT-11,"Crescimento, modalidade e elegibilidade de credencial","Integração de novo cliente por configuração, sem alteração de código",NAO_QUALIFICADO_NESTA_RODADA,sem execução/evidência vinculada nesta rodada,openspec/changes/hub-interoperabilidade-v4/specs/catalogo-e-portfolio/spec.md,193,363db7fd0613b909c75beaeb9eb7dfe1e3cb52c8f4ecbbbbb697241e381dde9b
hub-interoperabilidade-v4:CAT-11:S002,CAT-11:S002,hub-interoperabilidade-v4,CAT-11,"Crescimento, modalidade e elegibilidade de credencial",Ativação recusada explicitamente por falta de capacidade homologada,NAO_QUALIFICADO_NESTA_RODADA,sem execução/evidência vinculada nesta rodada,openspec/changes/hub-interoperabilidade-v4/specs/catalogo-e-portfolio/spec.md,198,363db7fd0613b909c75beaeb9eb7dfe1e3cb52c8f4ecbbbbb697241e381dde9b
hub-interoperabilidade-v4:CAT-11:S003,CAT-11:S003,hub-interoperabilidade-v4,CAT-11,"Crescimento, modalidade e elegibilidade de credencial",AUTO nunca é conversão silenciosa de SYNC,NAO_QUALIFICADO_NESTA_RODADA,sem execução/evidência vinculada nesta rodada,openspec/changes/hub-interoperabilidade-v4/specs/catalogo-e-portfolio/spec.md,203,363db7fd0613b909c75beaeb9eb7dfe1e3cb52c8f4ecbbbbb697241e381dde9b
hub-interoperabilidade-v4:CFG-01:S001,CFG-01:S001,hub-interoperabilidade-v4,CFG-01,Portal e API administrativa,Reconfiguração de integração existente sem deploy,NAO_QUALIFICADO_NESTA_RODADA,sem execução/evidência vinculada nesta rodada,openspec/changes/hub-interoperabilidade-v4/specs/configuracao-e-seguranca/spec.md,8,363db7fd0613b909c75beaeb9eb7dfe1e3cb52c8f4ecbbbbb697241e381dde9b
hub-interoperabilidade-v4:CFG-01:S002,CFG-01:S002,hub-interoperabilidade-v4,CFG-01,Portal e API administrativa,Tentativa de introduzir transformação fora do conjunto seguro é recusada,NAO_QUALIFICADO_NESTA_RODADA,sem execução/evidência vinculada nesta rodada,openspec/changes/hub-interoperabilidade-v4/specs/configuracao-e-seguranca/spec.md,13,363db7fd0613b909c75beaeb9eb7dfe1e3cb52c8f4ecbbbbb697241e381dde9b
hub-interoperabilidade-v4:CFG-01:S003,CFG-01:S003,hub-interoperabilidade-v4,CFG-01,Portal e API administrativa,"Tela de cadastro expõe campos obrigatórios, faixa válida e impacto",NAO_QUALIFICADO_NESTA_RODADA,sem execução/evidência vinculada nesta rodada,openspec/changes/hub-interoperabilidade-v4/specs/configuracao-e-seguranca/spec.md,18,363db7fd0613b909c75beaeb9eb7dfe1e3cb52c8f4ecbbbbb697241e381dde9b
hub-interoperabilidade-v4:CFG-02:S001,CFG-02:S001,hub-interoperabilidade-v4,CFG-02,Publicação governada,Publicação parcial de conjunto inconsistente é recusada,NAO_QUALIFICADO_NESTA_RODADA,sem execução/evidência vinculada nesta rodada,openspec/changes/hub-interoperabilidade-v4/specs/configuracao-e-seguranca/spec.md,26,363db7fd0613b909c75beaeb9eb7dfe1e3cb52c8f4ecbbbbb697241e381dde9b
hub-interoperabilidade-v4:CFG-02:S002,CFG-02:S002,hub-interoperabilidade-v4,CFG-02,Publicação governada,Nó desatualizado recusa novas admissões em vez de misturar versões,NAO_QUALIFICADO_NESTA_RODADA,sem execução/evidência vinculada nesta rodada,openspec/changes/hub-interoperabilidade-v4/specs/configuracao-e-seguranca/spec.md,31,363db7fd0613b909c75beaeb9eb7dfe1e3cb52c8f4ecbbbbb697241e381dde9b
hub-interoperabilidade-v4:CFG-02:S003,CFG-02:S003,hub-interoperabilidade-v4,CFG-02,Publicação governada,Revogação emergencial é distribuída independentemente da interface humana,NAO_QUALIFICADO_NESTA_RODADA,sem execução/evidência vinculada nesta rodada,openspec/changes/hub-interoperabilidade-v4/specs/configuracao-e-seguranca/spec.md,36,363db7fd0613b909c75beaeb9eb7dfe1e3cb52c8f4ecbbbbb697241e381dde9b
hub-interoperabilidade-v4:CFG-02:S004,CFG-02:S004,hub-interoperabilidade-v4,CFG-02,Publicação governada,Evidência de autorização vencida bloqueia apenas o escopo afetado,NAO_QUALIFICADO_NESTA_RODADA,sem execução/evidência vinculada nesta rodada,openspec/changes/hub-interoperabilidade-v4/specs/configuracao-e-seguranca/spec.md,41,363db7fd0613b909c75beaeb9eb7dfe1e3cb52c8f4ecbbbbb697241e381dde9b
hub-interoperabilidade-v4:CFG-03:S001,CFG-03:S001,hub-interoperabilidade-v4,CFG-03,Manutenção e diagnóstico,Acesso a payload sensível exige acesso excepcional auditado,NAO_QUALIFICADO_NESTA_RODADA,sem execução/evidência vinculada nesta rodada,openspec/changes/hub-interoperabilidade-v4/specs/configuracao-e-seguranca/spec.md,49,363db7fd0613b909c75beaeb9eb7dfe1e3cb52c8f4ecbbbbb697241e381dde9b
hub-interoperabilidade-v4:CFG-03:S002,CFG-03:S002,hub-interoperabilidade-v4,CFG-03,Manutenção e diagnóstico,Reexecução gera novo protocolo enquanto replay técnico preserva identidade,NAO_QUALIFICADO_NESTA_RODADA,sem execução/evidência vinculada nesta rodada,openspec/changes/hub-interoperabilidade-v4/specs/configuracao-e-seguranca/spec.md,54,363db7fd0613b909c75beaeb9eb7dfe1e3cb52c8f4ecbbbbb697241e381dde9b
hub-interoperabilidade-v4:CFG-03:S003,CFG-03:S003,hub-interoperabilidade-v4,CFG-03,Manutenção e diagnóstico,Ação de reprocessamento em massa não está disponível,NAO_QUALIFICADO_NESTA_RODADA,sem execução/evidência vinculada nesta rodada,openspec/changes/hub-interoperabilidade-v4/specs/configuracao-e-seguranca/spec.md,59,363db7fd0613b909c75beaeb9eb7dfe1e3cb52c8f4ecbbbbb697241e381dde9b
hub-interoperabilidade-v4:SEG-01:S001,SEG-01:S001,hub-interoperabilidade-v4,SEG-01,Identidade e autorização,Gateway elimina cabeçalho de identidade forjado pelo cliente,NAO_QUALIFICADO_NESTA_RODADA,sem execução/evidência vinculada nesta rodada,openspec/changes/hub-interoperabilidade-v4/specs/configuracao-e-seguranca/spec.md,67,363db7fd0613b909c75beaeb9eb7dfe1e3cb52c8f4ecbbbbb697241e381dde9b
hub-interoperabilidade-v4:SEG-01:S002,SEG-01:S002,hub-interoperabilidade-v4,SEG-01,Identidade e autorização,Serviço interno não confia apenas na origem de rede interna,NAO_QUALIFICADO_NESTA_RODADA,sem execução/evidência vinculada nesta rodada,openspec/changes/hub-interoperabilidade-v4/specs/configuracao-e-seguranca/spec.md,72,363db7fd0613b909c75beaeb9eb7dfe1e3cb52c8f4ecbbbbb697241e381dde9b
hub-interoperabilidade-v4:SEG-01:S003,SEG-01:S003,hub-interoperabilidade-v4,SEG-01,Identidade e autorização,Operador de runtime não pode editar ledger publicado,NAO_QUALIFICADO_NESTA_RODADA,sem execução/evidência vinculada nesta rodada,openspec/changes/hub-interoperabilidade-v4/specs/configuracao-e-seguranca/spec.md,77,363db7fd0613b909c75beaeb9eb7dfe1e3cb52c8f4ecbbbbb697241e381dde9b
hub-interoperabilidade-v4:SEG-02:S001,SEG-02:S001,hub-interoperabilidade-v4,SEG-02,"Destinos, callbacks e dados",Registro de destino em rede de metadados é bloqueado,NAO_QUALIFICADO_NESTA_RODADA,sem execução/evidência vinculada nesta rodada,openspec/changes/hub-interoperabilidade-v4/specs/configuracao-e-seguranca/spec.md,85,363db7fd0613b909c75beaeb9eb7dfe1e3cb52c8f4ecbbbbb697241e381dde9b
hub-interoperabilidade-v4:SEG-02:S002,SEG-02:S002,hub-interoperabilidade-v4,SEG-02,"Destinos, callbacks e dados",Redirecionamento para destino não validado não é seguido,NAO_QUALIFICADO_NESTA_RODADA,sem execução/evidência vinculada nesta rodada,openspec/changes/hub-interoperabilidade-v4/specs/configuracao-e-seguranca/spec.md,90,363db7fd0613b909c75beaeb9eb7dfe1e3cb52c8f4ecbbbbb697241e381dde9b
hub-interoperabilidade-v4:SEG-02:S003,SEG-02:S003,hub-interoperabilidade-v4,SEG-02,"Destinos, callbacks e dados",Conteúdo XML com entidade externa é rejeitado,NAO_QUALIFICADO_NESTA_RODADA,sem execução/evidência vinculada nesta rodada,openspec/changes/hub-interoperabilidade-v4/specs/configuracao-e-seguranca/spec.md,95,363db7fd0613b909c75beaeb9eb7dfe1e3cb52c8f4ecbbbbb697241e381dde9b
hub-interoperabilidade-v4:SEG-02:S004,SEG-02:S004,hub-interoperabilidade-v4,SEG-02,"Destinos, callbacks e dados","Segredo não aparece em log, evento ou arquivo versionado",NAO_QUALIFICADO_NESTA_RODADA,sem execução/evidência vinculada nesta rodada,openspec/changes/hub-interoperabilidade-v4/specs/configuracao-e-seguranca/spec.md,100,363db7fd0613b909c75beaeb9eb7dfe1e3cb52c8f4ecbbbbb697241e381dde9b
hub-interoperabilidade-v4:SEG-03:S001,SEG-03:S001,hub-interoperabilidade-v4,SEG-03,Isolamento e auditoria,Tentativa de acesso cross-tenant por troca de ID é negada,NAO_QUALIFICADO_NESTA_RODADA,sem execução/evidência vinculada nesta rodada,openspec/changes/hub-interoperabilidade-v4/specs/configuracao-e-seguranca/spec.md,108,363db7fd0613b909c75beaeb9eb7dfe1e3cb52c8f4ecbbbbb697241e381dde9b
hub-interoperabilidade-v4:SEG-03:S002,SEG-03:S002,hub-interoperabilidade-v4,SEG-03,Isolamento e auditoria,Ação sensível gera registro de auditoria completo,NAO_QUALIFICADO_NESTA_RODADA,sem execução/evidência vinculada nesta rodada,openspec/changes/hub-interoperabilidade-v4/specs/configuracao-e-seguranca/spec.md,113,363db7fd0613b909c75beaeb9eb7dfe1e3cb52c8f4ecbbbbb697241e381dde9b
hub-interoperabilidade-v4:SEG-03:S003,SEG-03:S003,hub-interoperabilidade-v4,SEG-03,Isolamento e auditoria,Expurgo de logs Loki não elimina evidência de cobrança,NAO_QUALIFICADO_NESTA_RODADA,sem execução/evidência vinculada nesta rodada,openspec/changes/hub-interoperabilidade-v4/specs/configuracao-e-seguranca/spec.md,118,363db7fd0613b909c75beaeb9eb7dfe1e3cb52c8f4ecbbbbb697241e381dde9b
hub-interoperabilidade-v4:CFG-04:S001,CFG-04:S001,hub-interoperabilidade-v4,CFG-04,Configuração dos novos limites,Publicação recusa configuração de retry com max_attempts inválido,NAO_QUALIFICADO_NESTA_RODADA,sem execução/evidência vinculada nesta rodada,openspec/changes/hub-interoperabilidade-v4/specs/configuracao-e-seguranca/spec.md,126,363db7fd0613b909c75beaeb9eb7dfe1e3cb52c8f4ecbbbbb697241e381dde9b
hub-interoperabilidade-v4:CFG-04:S002,CFG-04:S002,hub-interoperabilidade-v4,CFG-04,Configuração dos novos limites,Portal exibe origem do valor resolvido e impede override silencioso,NAO_QUALIFICADO_NESTA_RODADA,sem execução/evidência vinculada nesta rodada,openspec/changes/hub-interoperabilidade-v4/specs/configuracao-e-seguranca/spec.md,131,363db7fd0613b909c75beaeb9eb7dfe1e3cb52c8f4ecbbbbb697241e381dde9b
hub-interoperabilidade-v4:CFG-04:S003,CFG-04:S003,hub-interoperabilidade-v4,CFG-04,Configuração dos novos limites,Alteração em voo não estende deadline do pedido,NAO_QUALIFICADO_NESTA_RODADA,sem execução/evidência vinculada nesta rodada,openspec/changes/hub-interoperabilidade-v4/specs/configuracao-e-seguranca/spec.md,136,363db7fd0613b909c75beaeb9eb7dfe1e3cb52c8f4ecbbbbb697241e381dde9b
hub-interoperabilidade-v4:CFG-04:S004,CFG-04:S004,hub-interoperabilidade-v4,CFG-04,Configuração dos novos limites,Retomada após limite emergencial começa conservadoramente,NAO_QUALIFICADO_NESTA_RODADA,sem execução/evidência vinculada nesta rodada,openspec/changes/hub-interoperabilidade-v4/specs/configuracao-e-seguranca/spec.md,141,363db7fd0613b909c75beaeb9eb7dfe1e3cb52c8f4ecbbbbb697241e381dde9b
hub-interoperabilidade-v4:SEG-04:S001,SEG-04:S001,hub-interoperabilidade-v4,SEG-04,Administração entre tenants para desenvolvedores,Tentativa de acesso cross-tenant por cliente é negada sem revelar existência,NAO_QUALIFICADO_NESTA_RODADA,sem execução/evidência vinculada nesta rodada,openspec/changes/hub-interoperabilidade-v4/specs/configuracao-e-seguranca/spec.md,149,363db7fd0613b909c75beaeb9eb7dfe1e3cb52c8f4ecbbbbb697241e381dde9b
hub-interoperabilidade-v4:SEG-04:S002,SEG-04:S002,hub-interoperabilidade-v4,SEG-04,Administração entre tenants para desenvolvedores,hub_protocol_reader consulta protocolo de outro tenant com dados mascarados e auditados,NAO_QUALIFICADO_NESTA_RODADA,sem execução/evidência vinculada nesta rodada,openspec/changes/hub-interoperabilidade-v4/specs/configuracao-e-seguranca/spec.md,154,363db7fd0613b909c75beaeb9eb7dfe1e3cb52c8f4ecbbbbb697241e381dde9b
hub-interoperabilidade-v4:SEG-04:S003,SEG-04:S003,hub-interoperabilidade-v4,SEG-04,Administração entre tenants para desenvolvedores,Privilégio administrativo não é aceito por flag em JWT de cliente,NAO_QUALIFICADO_NESTA_RODADA,sem execução/evidência vinculada nesta rodada,openspec/changes/hub-interoperabilidade-v4/specs/configuracao-e-seguranca/spec.md,159,363db7fd0613b909c75beaeb9eb7dfe1e3cb52c8f4ecbbbbb697241e381dde9b
hub-interoperabilidade-v4:SEG-04:S004,SEG-04:S004,hub-interoperabilidade-v4,SEG-04,Administração entre tenants para desenvolvedores,Portal administrativo não usa superusuário PostgreSQL nem desativa RLS globalmente,NAO_QUALIFICADO_NESTA_RODADA,sem execução/evidência vinculada nesta rodada,openspec/changes/hub-interoperabilidade-v4/specs/configuracao-e-seguranca/spec.md,164,363db7fd0613b909c75beaeb9eb7dfe1e3cb52c8f4ecbbbbb697241e381dde9b
hub-interoperabilidade-v4:SEG-04:S005,SEG-04:S005,hub-interoperabilidade-v4,SEG-04,Administração entre tenants para desenvolvedores,Resposta parcial quando apenas parte das células responde,NAO_QUALIFICADO_NESTA_RODADA,sem execução/evidência vinculada nesta rodada,openspec/changes/hub-interoperabilidade-v4/specs/configuracao-e-seguranca/spec.md,169,363db7fd0613b909c75beaeb9eb7dfe1e3cb52c8f4ecbbbbb697241e381dde9b
hub-interoperabilidade-v4:CFG-05:S001,CFG-05:S001,hub-interoperabilidade-v4,CFG-05,Gestão de credenciais Hub–cliente–provedor,Interface não permite leitura de segredo em claro,NAO_QUALIFICADO_NESTA_RODADA,sem execução/evidência vinculada nesta rodada,openspec/changes/hub-interoperabilidade-v4/specs/configuracao-e-seguranca/spec.md,177,363db7fd0613b909c75beaeb9eb7dfe1e3cb52c8f4ecbbbbb697241e381dde9b
hub-interoperabilidade-v4:CFG-05:S002,CFG-05:S002,hub-interoperabilidade-v4,CFG-05,Gestão de credenciais Hub–cliente–provedor,Ausência de endpoint de teste não autoriza execução real invisível,NAO_QUALIFICADO_NESTA_RODADA,sem execução/evidência vinculada nesta rodada,openspec/changes/hub-interoperabilidade-v4/specs/configuracao-e-seguranca/spec.md,182,363db7fd0613b909c75beaeb9eb7dfe1e3cb52c8f4ecbbbbb697241e381dde9b
hub-interoperabilidade-v4:CFG-05:S003,CFG-05:S003,hub-interoperabilidade-v4,CFG-05,Gestão de credenciais Hub–cliente–provedor,Cliente não pode escolher secret_ref arbitrário nem ler cofre do Hub,NAO_QUALIFICADO_NESTA_RODADA,sem execução/evidência vinculada nesta rodada,openspec/changes/hub-interoperabilidade-v4/specs/configuracao-e-seguranca/spec.md,187,363db7fd0613b909c75beaeb9eb7dfe1e3cb52c8f4ecbbbbb697241e381dde9b
hub-interoperabilidade-v4:CFG-05:S004,CFG-05:S004,hub-interoperabilidade-v4,CFG-05,Gestão de credenciais Hub–cliente–provedor,Suspensão de vínculo afeta apenas os protocolos daquele vínculo,NAO_QUALIFICADO_NESTA_RODADA,sem execução/evidência vinculada nesta rodada,openspec/changes/hub-interoperabilidade-v4/specs/configuracao-e-seguranca/spec.md,192,363db7fd0613b909c75beaeb9eb7dfe1e3cb52c8f4ecbbbbb697241e381dde9b
hub-interoperabilidade-v4:CFG-06:S001,CFG-06:S001,hub-interoperabilidade-v4,CFG-06,Onboarding e capacidade como serviço interno,Reserva de capacidade concorrente e idempotente evita dupla promessa,NAO_QUALIFICADO_NESTA_RODADA,sem execução/evidência vinculada nesta rodada,openspec/changes/hub-interoperabilidade-v4/specs/configuracao-e-seguranca/spec.md,200,363db7fd0613b909c75beaeb9eb7dfe1e3cb52c8f4ecbbbbb697241e381dde9b
hub-interoperabilidade-v4:CFG-06:S002,CFG-06:S002,hub-interoperabilidade-v4,CFG-06,Onboarding e capacidade como serviço interno,Onboarding retomado após crash não duplica recursos nem publica rota prematuramente,NAO_QUALIFICADO_NESTA_RODADA,sem execução/evidência vinculada nesta rodada,openspec/changes/hub-interoperabilidade-v4/specs/configuracao-e-seguranca/spec.md,205,363db7fd0613b909c75beaeb9eb7dfe1e3cb52c8f4ecbbbbb697241e381dde9b
hub-interoperabilidade-v4:CFG-06:S003,CFG-06:S003,hub-interoperabilidade-v4,CFG-06,Onboarding e capacidade como serviço interno,Orçamento esgotado aparece como impedimento explícito antes da saturação,NAO_QUALIFICADO_NESTA_RODADA,sem execução/evidência vinculada nesta rodada,openspec/changes/hub-interoperabilidade-v4/specs/configuracao-e-seguranca/spec.md,210,363db7fd0613b909c75beaeb9eb7dfe1e3cb52c8f4ecbbbbb697241e381dde9b
hub-interoperabilidade-v4:CFG-06:S004,CFG-06:S004,hub-interoperabilidade-v4,CFG-06,Onboarding e capacidade como serviço interno,Desativação de cliente drena obrigações sem destruir recursos compartilhados,NAO_QUALIFICADO_NESTA_RODADA,sem execução/evidência vinculada nesta rodada,openspec/changes/hub-interoperabilidade-v4/specs/configuracao-e-seguranca/spec.md,215,363db7fd0613b909c75beaeb9eb7dfe1e3cb52c8f4ecbbbbb697241e381dde9b
hub-interoperabilidade-v4:SEG-05:S001,SEG-05:S001,hub-interoperabilidade-v4,SEG-05,"Resolução, rotação e isolamento de segredo",Credencial dedicada indisponível não recorre a fallback compartilhado ou de outro tenant,NAO_QUALIFICADO_NESTA_RODADA,sem execução/evidência vinculada nesta rodada,openspec/changes/hub-interoperabilidade-v4/specs/configuracao-e-seguranca/spec.md,223,363db7fd0613b909c75beaeb9eb7dfe1e3cb52c8f4ecbbbbb697241e381dde9b
hub-interoperabilidade-v4:SEG-05:S002,SEG-05:S002,hub-interoperabilidade-v4,SEG-05,"Resolução, rotação e isolamento de segredo",Rotação de segredo mantém sobreposição controlada e preserva operações em voo,NAO_QUALIFICADO_NESTA_RODADA,sem execução/evidência vinculada nesta rodada,openspec/changes/hub-interoperabilidade-v4/specs/configuracao-e-seguranca/spec.md,228,363db7fd0613b909c75beaeb9eb7dfe1e3cb52c8f4ecbbbbb697241e381dde9b
hub-interoperabilidade-v4:SEG-05:S003,SEG-05:S003,hub-interoperabilidade-v4,SEG-05,"Resolução, rotação e isolamento de segredo",Cofre indisponível limita uso do material cacheado ao menor limite de validade,NAO_QUALIFICADO_NESTA_RODADA,sem execução/evidência vinculada nesta rodada,openspec/changes/hub-interoperabilidade-v4/specs/configuracao-e-seguranca/spec.md,233,363db7fd0613b909c75beaeb9eb7dfe1e3cb52c8f4ecbbbbb697241e381dde9b
hub-interoperabilidade-v4:SEG-05:S004,SEG-05:S004,hub-interoperabilidade-v4,SEG-05,"Resolução, rotação e isolamento de segredo",Perfil hub_protocol_reader não obtém valor secreto,NAO_QUALIFICADO_NESTA_RODADA,sem execução/evidência vinculada nesta rodada,openspec/changes/hub-interoperabilidade-v4/specs/configuracao-e-seguranca/spec.md,238,363db7fd0613b909c75beaeb9eb7dfe1e3cb52c8f4ecbbbbb697241e381dde9b
hub-interoperabilidade-v4:SEG-05:S005,SEG-05:S005,hub-interoperabilidade-v4,SEG-05,"Resolução, rotação e isolamento de segredo",Revogação emergencial prevalece sobre TTL de retry em voo,NAO_QUALIFICADO_NESTA_RODADA,sem execução/evidência vinculada nesta rodada,openspec/changes/hub-interoperabilidade-v4/specs/configuracao-e-seguranca/spec.md,243,363db7fd0613b909c75beaeb9eb7dfe1e3cb52c8f4ecbbbbb697241e381dde9b
hub-interoperabilidade-v4:FIN-01:S001,FIN-01:S001,hub-interoperabilidade-v4,FIN-01,Contrato de aquisição,Conta de provedor vinculada a contrato de compra completo,NAO_QUALIFICADO_NESTA_RODADA,sem execução/evidência vinculada nesta rodada,openspec/changes/hub-interoperabilidade-v4/specs/contratos-e-financeiro/spec.md,8,363db7fd0613b909c75beaeb9eb7dfe1e3cb52c8f4ecbbbbb697241e381dde9b
hub-interoperabilidade-v4:FIN-01:S002,FIN-01:S002,hub-interoperabilidade-v4,FIN-01,Contrato de aquisição,"Tabela ausente ou ambígua bloqueia publicação, não é custo zero",NAO_QUALIFICADO_NESTA_RODADA,sem execução/evidência vinculada nesta rodada,openspec/changes/hub-interoperabilidade-v4/specs/contratos-e-financeiro/spec.md,13,363db7fd0613b909c75beaeb9eb7dfe1e3cb52c8f4ecbbbbb697241e381dde9b
hub-interoperabilidade-v4:FIN-01:S003,FIN-01:S003,hub-interoperabilidade-v4,FIN-01,Contrato de aquisição,Contrato vencido bloqueia novas operações mas respeita continuidade acordada,NAO_QUALIFICADO_NESTA_RODADA,sem execução/evidência vinculada nesta rodada,openspec/changes/hub-interoperabilidade-v4/specs/contratos-e-financeiro/spec.md,18,363db7fd0613b909c75beaeb9eb7dfe1e3cb52c8f4ecbbbbb697241e381dde9b
hub-interoperabilidade-v4:FIN-01:S004,FIN-01:S004,hub-interoperabilidade-v4,FIN-01,Contrato de aquisição,Versão de aquisição registrada por operação orienta polls posteriores,NAO_QUALIFICADO_NESTA_RODADA,sem execução/evidência vinculada nesta rodada,openspec/changes/hub-interoperabilidade-v4/specs/contratos-e-financeiro/spec.md,23,363db7fd0613b909c75beaeb9eb7dfe1e3cb52c8f4ecbbbbb697241e381dde9b
hub-interoperabilidade-v4:FIN-02:S001,FIN-02:S001,hub-interoperabilidade-v4,FIN-02,Contrato de venda e planos,Contrato de venda com todos os campos exigidos,NAO_QUALIFICADO_NESTA_RODADA,sem execução/evidência vinculada nesta rodada,openspec/changes/hub-interoperabilidade-v4/specs/contratos-e-financeiro/spec.md,31,363db7fd0613b909c75beaeb9eb7dfe1e3cb52c8f4ecbbbbb697241e381dde9b
hub-interoperabilidade-v4:FIN-02:S002,FIN-02:S002,hub-interoperabilidade-v4,FIN-02,Contrato de venda e planos,Configuração diferencia faixa progressiva marginal de faixa por volume total,NAO_QUALIFICADO_NESTA_RODADA,sem execução/evidência vinculada nesta rodada,openspec/changes/hub-interoperabilidade-v4/specs/contratos-e-financeiro/spec.md,36,363db7fd0613b909c75beaeb9eb7dfe1e3cb52c8f4ecbbbbb697241e381dde9b
hub-interoperabilidade-v4:FIN-02:S003,FIN-02:S003,hub-interoperabilidade-v4,FIN-02,Contrato de venda e planos,Franquia sem rollover e sem devolução automática por default,NAO_QUALIFICADO_NESTA_RODADA,sem execução/evidência vinculada nesta rodada,openspec/changes/hub-interoperabilidade-v4/specs/contratos-e-financeiro/spec.md,41,363db7fd0613b909c75beaeb9eb7dfe1e3cb52c8f4ecbbbbb697241e381dde9b
hub-interoperabilidade-v4:FIN-02:S004,FIN-02:S004,hub-interoperabilidade-v4,FIN-02,Contrato de venda e planos,Quota de tráfego não é confundida com franquia financeira,NAO_QUALIFICADO_NESTA_RODADA,sem execução/evidência vinculada nesta rodada,openspec/changes/hub-interoperabilidade-v4/specs/contratos-e-financeiro/spec.md,46,363db7fd0613b909c75beaeb9eb7dfe1e3cb52c8f4ecbbbbb697241e381dde9b
hub-interoperabilidade-v4:FIN-03:S001,FIN-03:S001,hub-interoperabilidade-v4,FIN-03,Vigência e snapshot,"Snapshot fixa contrato, versão da oferta e instantes do fato",NAO_QUALIFICADO_NESTA_RODADA,sem execução/evidência vinculada nesta rodada,openspec/changes/hub-interoperabilidade-v4/specs/contratos-e-financeiro/spec.md,54,363db7fd0613b909c75beaeb9eb7dfe1e3cb52c8f4ecbbbbb697241e381dde9b
hub-interoperabilidade-v4:FIN-03:S002,FIN-03:S002,hub-interoperabilidade-v4,FIN-03,Vigência e snapshot,Alteração de tabela não reprifica protocolos em voo,NAO_QUALIFICADO_NESTA_RODADA,sem execução/evidência vinculada nesta rodada,openspec/changes/hub-interoperabilidade-v4/specs/contratos-e-financeiro/spec.md,59,363db7fd0613b909c75beaeb9eb7dfe1e3cb52c8f4ecbbbbb697241e381dde9b
hub-interoperabilidade-v4:FIN-03:S003,FIN-03:S003,hub-interoperabilidade-v4,FIN-03,Vigência e snapshot,Exceção temporal para polls cobrados pela tabela vigente no instante da consulta,NAO_QUALIFICADO_NESTA_RODADA,sem execução/evidência vinculada nesta rodada,openspec/changes/hub-interoperabilidade-v4/specs/contratos-e-financeiro/spec.md,64,363db7fd0613b909c75beaeb9eb7dfe1e3cb52c8f4ecbbbbb697241e381dde9b
hub-interoperabilidade-v4:FIN-03:S004,FIN-03:S004,hub-interoperabilidade-v4,FIN-03,Vigência e snapshot,Contratos sobrepostos exigem prioridade explícita,NAO_QUALIFICADO_NESTA_RODADA,sem execução/evidência vinculada nesta rodada,openspec/changes/hub-interoperabilidade-v4/specs/contratos-e-financeiro/spec.md,69,363db7fd0613b909c75beaeb9eb7dfe1e3cb52c8f4ecbbbbb697241e381dde9b
hub-interoperabilidade-v4:FIN-03:S005,FIN-03:S005,hub-interoperabilidade-v4,FIN-03,Vigência e snapshot,Aditivo retroativo preserva cálculo original com lançamento de ajuste,NAO_QUALIFICADO_NESTA_RODADA,sem execução/evidência vinculada nesta rodada,openspec/changes/hub-interoperabilidade-v4/specs/contratos-e-financeiro/spec.md,74,363db7fd0613b909c75beaeb9eb7dfe1e3cb52c8f4ecbbbbb697241e381dde9b
hub-interoperabilidade-v4:FIN-03:S006,FIN-03:S006,hub-interoperabilidade-v4,FIN-03,Vigência e snapshot,Revogação de segurança gera evidência sem reescrever contrato ou custo incorrido,NAO_QUALIFICADO_NESTA_RODADA,sem execução/evidência vinculada nesta rodada,openspec/changes/hub-interoperabilidade-v4/specs/contratos-e-financeiro/spec.md,79,363db7fd0613b909c75beaeb9eb7dfe1e3cb52c8f4ecbbbbb697241e381dde9b
hub-interoperabilidade-v4:FIN-04:S001,FIN-04:S001,hub-interoperabilidade-v4,FIN-04,Medição e chaves econômicas,"Libra aplica contrato a partir de fatos duráveis, não de logs técnicos",NAO_QUALIFICADO_NESTA_RODADA,sem execução/evidência vinculada nesta rodada,openspec/changes/hub-interoperabilidade-v4/specs/contratos-e-financeiro/spec.md,87,363db7fd0613b909c75beaeb9eb7dfe1e3cb52c8f4ecbbbbb697241e381dde9b
hub-interoperabilidade-v4:FIN-04:S002,FIN-04:S002,hub-interoperabilidade-v4,FIN-04,Medição e chaves econômicas,Receita por produto é uma unidade elegível apesar de múltiplos passos,NAO_QUALIFICADO_NESTA_RODADA,sem execução/evidência vinculada nesta rodada,openspec/changes/hub-interoperabilidade-v4/specs/contratos-e-financeiro/spec.md,92,363db7fd0613b909c75beaeb9eb7dfe1e3cb52c8f4ecbbbbb697241e381dde9b
hub-interoperabilidade-v4:FIN-04:S003,FIN-04:S003,hub-interoperabilidade-v4,FIN-04,Medição e chaves econômicas,Custo por operação preserva identidade entre retransmissões,NAO_QUALIFICADO_NESTA_RODADA,sem execução/evidência vinculada nesta rodada,openspec/changes/hub-interoperabilidade-v4/specs/contratos-e-financeiro/spec.md,97,363db7fd0613b909c75beaeb9eb7dfe1e3cb52c8f4ecbbbbb697241e381dde9b
hub-interoperabilidade-v4:FIN-04:S004,FIN-04:S004,hub-interoperabilidade-v4,FIN-04,Medição e chaves econômicas,"Custo incerto é registrado como provisão, nunca como zero definitivo",NAO_QUALIFICADO_NESTA_RODADA,sem execução/evidência vinculada nesta rodada,openspec/changes/hub-interoperabilidade-v4/specs/contratos-e-financeiro/spec.md,102,363db7fd0613b909c75beaeb9eb7dfe1e3cb52c8f4ecbbbbb697241e381dde9b
hub-interoperabilidade-v4:FIN-05:S001,FIN-05:S001,hub-interoperabilidade-v4,FIN-05,Matriz de incidência,Pedido recusado antes do aceite não gera receita nem custo,NAO_QUALIFICADO_NESTA_RODADA,sem execução/evidência vinculada nesta rodada,openspec/changes/hub-interoperabilidade-v4/specs/contratos-e-financeiro/spec.md,110,363db7fd0613b909c75beaeb9eb7dfe1e3cb52c8f4ecbbbbb697241e381dde9b
hub-interoperabilidade-v4:FIN-05:S002,FIN-05:S002,hub-interoperabilidade-v4,FIN-05,Matriz de incidência,Pedido aceito ainda pendente segue o marco contratado sem presumir final,NAO_QUALIFICADO_NESTA_RODADA,sem execução/evidência vinculada nesta rodada,openspec/changes/hub-interoperabilidade-v4/specs/contratos-e-financeiro/spec.md,115,363db7fd0613b909c75beaeb9eb7dfe1e3cb52c8f4ecbbbbb697241e381dde9b
hub-interoperabilidade-v4:FIN-05:S003,FIN-05:S003,hub-interoperabilidade-v4,FIN-05,Matriz de incidência,Sucesso válido gera receita pelo medidor previsto e custo comprovado,NAO_QUALIFICADO_NESTA_RODADA,sem execução/evidência vinculada nesta rodada,openspec/changes/hub-interoperabilidade-v4/specs/contratos-e-financeiro/spec.md,120,363db7fd0613b909c75beaeb9eb7dfe1e3cb52c8f4ecbbbbb697241e381dde9b
hub-interoperabilidade-v4:FIN-05:S004,FIN-05:S004,hub-interoperabilidade-v4,FIN-05,Matriz de incidência,"""Não encontrado"" válido segue a semântica do serviço mesmo sem dados",NAO_QUALIFICADO_NESTA_RODADA,sem execução/evidência vinculada nesta rodada,openspec/changes/hub-interoperabilidade-v4/specs/contratos-e-financeiro/spec.md,125,363db7fd0613b909c75beaeb9eb7dfe1e3cb52c8f4ecbbbbb697241e381dde9b
hub-interoperabilidade-v4:FIN-05:S005,FIN-05:S005,hub-interoperabilidade-v4,FIN-05,Matriz de incidência,"Falha técnica conhecida não gera receita de sucesso por default, mas pode gerar custo",NAO_QUALIFICADO_NESTA_RODADA,sem execução/evidência vinculada nesta rodada,openspec/changes/hub-interoperabilidade-v4/specs/contratos-e-financeiro/spec.md,130,363db7fd0613b909c75beaeb9eb7dfe1e3cb52c8f4ecbbbbb697241e381dde9b
hub-interoperabilidade-v4:FIN-05:S006,FIN-05:S006,hub-interoperabilidade-v4,FIN-05,Matriz de incidência,Resultado parcial de produto usa preço de parcialidade publicado,NAO_QUALIFICADO_NESTA_RODADA,sem execução/evidência vinculada nesta rodada,openspec/changes/hub-interoperabilidade-v4/specs/contratos-e-financeiro/spec.md,135,363db7fd0613b909c75beaeb9eb7dfe1e3cb52c8f4ecbbbbb697241e381dde9b
hub-interoperabilidade-v4:FIN-05:S007,FIN-05:S007,hub-interoperabilidade-v4,FIN-05,Matriz de incidência,Falha ou reentrega de webhook não altera receita nem reexecuta o provedor,NAO_QUALIFICADO_NESTA_RODADA,sem execução/evidência vinculada nesta rodada,openspec/changes/hub-interoperabilidade-v4/specs/contratos-e-financeiro/spec.md,140,363db7fd0613b909c75beaeb9eb7dfe1e3cb52c8f4ecbbbbb697241e381dde9b
hub-interoperabilidade-v4:FIN-05:S008,FIN-05:S008,hub-interoperabilidade-v4,FIN-05,Matriz de incidência,GET de resultado armazenado não gera nova receita nem nova chamada externa,NAO_QUALIFICADO_NESTA_RODADA,sem execução/evidência vinculada nesta rodada,openspec/changes/hub-interoperabilidade-v4/specs/contratos-e-financeiro/spec.md,145,363db7fd0613b909c75beaeb9eb7dfe1e3cb52c8f4ecbbbbb697241e381dde9b
hub-interoperabilidade-v4:FIN-05:S009,FIN-05:S009,hub-interoperabilidade-v4,FIN-05,Matriz de incidência,Callback e polling do mesmo final geram uma única unidade de receita,NAO_QUALIFICADO_NESTA_RODADA,sem execução/evidência vinculada nesta rodada,openspec/changes/hub-interoperabilidade-v4/specs/contratos-e-financeiro/spec.md,150,363db7fd0613b909c75beaeb9eb7dfe1e3cb52c8f4ecbbbbb697241e381dde9b
hub-interoperabilidade-v4:FIN-05:S010,FIN-05:S010,hub-interoperabilidade-v4,FIN-05,Matriz de incidência,Failover autorizado após incerteza contabiliza ambos os custos comprovados,NAO_QUALIFICADO_NESTA_RODADA,sem execução/evidência vinculada nesta rodada,openspec/changes/hub-interoperabilidade-v4/specs/contratos-e-financeiro/spec.md,155,363db7fd0613b909c75beaeb9eb7dfe1e3cb52c8f4ecbbbbb697241e381dde9b
hub-interoperabilidade-v4:FIN-05:S011,FIN-05:S011,hub-interoperabilidade-v4,FIN-05,Matriz de incidência,Cancelamento ou compensação segue regra de estorno explícita sem eliminar custo original,NAO_QUALIFICADO_NESTA_RODADA,sem execução/evidência vinculada nesta rodada,openspec/changes/hub-interoperabilidade-v4/specs/contratos-e-financeiro/spec.md,160,363db7fd0613b909c75beaeb9eb7dfe1e3cb52c8f4ecbbbbb697241e381dde9b
hub-interoperabilidade-v4:FIN-05:S012,FIN-05:S012,hub-interoperabilidade-v4,FIN-05,Matriz de incidência,Resultado corrigido gera ajuste rastreável sem assumir cancelamento do custo original,NAO_QUALIFICADO_NESTA_RODADA,sem execução/evidência vinculada nesta rodada,openspec/changes/hub-interoperabilidade-v4/specs/contratos-e-financeiro/spec.md,165,363db7fd0613b909c75beaeb9eb7dfe1e3cb52c8f4ecbbbbb697241e381dde9b
hub-interoperabilidade-v4:FIN-05:S013,FIN-05:S013,hub-interoperabilidade-v4,FIN-05,Matriz de incidência,Final tardio após EXPIRED/SLA_EXCEEDED não gera receita de sucesso,NAO_QUALIFICADO_NESTA_RODADA,sem execução/evidência vinculada nesta rodada,openspec/changes/hub-interoperabilidade-v4/specs/contratos-e-financeiro/spec.md,170,363db7fd0613b909c75beaeb9eb7dfe1e3cb52c8f4ecbbbbb697241e381dde9b
hub-interoperabilidade-v4:FIN-05:S014,FIN-05:S014,hub-interoperabilidade-v4,FIN-05,Matriz de incidência,Contrato omitindo linha aplicável não é habilitado para faturamento automático,NAO_QUALIFICADO_NESTA_RODADA,sem execução/evidência vinculada nesta rodada,openspec/changes/hub-interoperabilidade-v4/specs/contratos-e-financeiro/spec.md,175,363db7fd0613b909c75beaeb9eb7dfe1e3cb52c8f4ecbbbbb697241e381dde9b
hub-interoperabilidade-v4:FIN-06:S001,FIN-06:S001,hub-interoperabilidade-v4,FIN-06,Reserva de saldo e limites,Reserva atômica obrigatória antes de qualquer efeito externo em teto estrito,NAO_QUALIFICADO_NESTA_RODADA,sem execução/evidência vinculada nesta rodada,openspec/changes/hub-interoperabilidade-v4/specs/contratos-e-financeiro/spec.md,183,363db7fd0613b909c75beaeb9eb7dfe1e3cb52c8f4ecbbbbb697241e381dde9b
hub-interoperabilidade-v4:FIN-06:S002,FIN-06:S002,hub-interoperabilidade-v4,FIN-06,Reserva de saldo e limites,"Libra indisponível mantém pendência até o prazo, negação exige falha conhecida",NAO_QUALIFICADO_NESTA_RODADA,sem execução/evidência vinculada nesta rodada,openspec/changes/hub-interoperabilidade-v4/specs/contratos-e-financeiro/spec.md,188,363db7fd0613b909c75beaeb9eb7dfe1e3cb52c8f4ecbbbbb697241e381dde9b
hub-interoperabilidade-v4:FIN-06:S003,FIN-06:S003,hub-interoperabilidade-v4,FIN-06,Reserva de saldo e limites,Reserva cobre o máximo autorizável ou o contrato não é oferecido como teto estrito,NAO_QUALIFICADO_NESTA_RODADA,sem execução/evidência vinculada nesta rodada,openspec/changes/hub-interoperabilidade-v4/specs/contratos-e-financeiro/spec.md,193,363db7fd0613b909c75beaeb9eb7dfe1e3cb52c8f4ecbbbbb697241e381dde9b
hub-interoperabilidade-v4:FIN-06:S004,FIN-06:S004,hub-interoperabilidade-v4,FIN-06,Reserva de saldo e limites,Expiração de reserva não libera saldo de operação em voo sem reconciliar,NAO_QUALIFICADO_NESTA_RODADA,sem execução/evidência vinculada nesta rodada,openspec/changes/hub-interoperabilidade-v4/specs/contratos-e-financeiro/spec.md,198,363db7fd0613b909c75beaeb9eb7dfe1e3cb52c8f4ecbbbbb697241e381dde9b
hub-interoperabilidade-v4:FIN-06:S005,FIN-06:S005,hub-interoperabilidade-v4,FIN-06,Reserva de saldo e limites,Pós-pago sem teto estrito continua processando dentro do limite de risco aprovado,NAO_QUALIFICADO_NESTA_RODADA,sem execução/evidência vinculada nesta rodada,openspec/changes/hub-interoperabilidade-v4/specs/contratos-e-financeiro/spec.md,203,363db7fd0613b909c75beaeb9eb7dfe1e3cb52c8f4ecbbbbb697241e381dde9b
hub-interoperabilidade-v4:FIN-07:S001,FIN-07:S001,hub-interoperabilidade-v4,FIN-07,Apuração e ledger,Receita a receber e obrigação a pagar são lançamentos distintos,NAO_QUALIFICADO_NESTA_RODADA,sem execução/evidência vinculada nesta rodada,openspec/changes/hub-interoperabilidade-v4/specs/contratos-e-financeiro/spec.md,211,363db7fd0613b909c75beaeb9eb7dfe1e3cb52c8f4ecbbbbb697241e381dde9b
hub-interoperabilidade-v4:FIN-07:S002,FIN-07:S002,hub-interoperabilidade-v4,FIN-07,Apuração e ledger,Arredondamento declarado e totais reproduzem o mesmo cálculo sem ponto flutuante monetário,NAO_QUALIFICADO_NESTA_RODADA,sem execução/evidência vinculada nesta rodada,openspec/changes/hub-interoperabilidade-v4/specs/contratos-e-financeiro/spec.md,216,363db7fd0613b909c75beaeb9eb7dfe1e3cb52c8f4ecbbbbb697241e381dde9b
hub-interoperabilidade-v4:FIN-07:S003,FIN-07:S003,hub-interoperabilidade-v4,FIN-07,Apuração e ledger,Moedas distintas não são somadas sem câmbio explícito,NAO_QUALIFICADO_NESTA_RODADA,sem execução/evidência vinculada nesta rodada,openspec/changes/hub-interoperabilidade-v4/specs/contratos-e-financeiro/spec.md,221,363db7fd0613b909c75beaeb9eb7dfe1e3cb52c8f4ecbbbbb697241e381dde9b
hub-interoperabilidade-v4:FIN-07:S004,FIN-07:S004,hub-interoperabilidade-v4,FIN-07,Apuração e ledger,"Lançamento publicado é imutável, correção usa lançamento inverso ou ajuste vinculado",NAO_QUALIFICADO_NESTA_RODADA,sem execução/evidência vinculada nesta rodada,openspec/changes/hub-interoperabilidade-v4/specs/contratos-e-financeiro/spec.md,226,363db7fd0613b909c75beaeb9eb7dfe1e3cb52c8f4ecbbbbb697241e381dde9b
hub-interoperabilidade-v4:FIN-07:S005,FIN-07:S005,hub-interoperabilidade-v4,FIN-07,Apuração e ledger,Fechamento não deixa fato elegível silenciosamente não apurado,NAO_QUALIFICADO_NESTA_RODADA,sem execução/evidência vinculada nesta rodada,openspec/changes/hub-interoperabilidade-v4/specs/contratos-e-financeiro/spec.md,231,363db7fd0613b909c75beaeb9eb7dfe1e3cb52c8f4ecbbbbb697241e381dde9b
hub-interoperabilidade-v4:FIN-08:S001,FIN-08:S001,hub-interoperabilidade-v4,FIN-08,"Fechamento, conciliação e pagamento",Ciclo de venda segue os estados definidos sem marcar PAGO/RECEBIDO na exportação,NAO_QUALIFICADO_NESTA_RODADA,sem execução/evidência vinculada nesta rodada,openspec/changes/hub-interoperabilidade-v4/specs/contratos-e-financeiro/spec.md,239,363db7fd0613b909c75beaeb9eb7dfe1e3cb52c8f4ecbbbbb697241e381dde9b
hub-interoperabilidade-v4:FIN-08:S002,FIN-08:S002,hub-interoperabilidade-v4,FIN-08,"Fechamento, conciliação e pagamento","Agregação sem granularidade suficiente abre divergência, não casamento aproximado",NAO_QUALIFICADO_NESTA_RODADA,sem execução/evidência vinculada nesta rodada,openspec/changes/hub-interoperabilidade-v4/specs/contratos-e-financeiro/spec.md,244,363db7fd0613b909c75beaeb9eb7dfe1e3cb52c8f4ecbbbbb697241e381dde9b
hub-interoperabilidade-v4:FIN-08:S003,FIN-08:S003,hub-interoperabilidade-v4,FIN-08,"Fechamento, conciliação e pagamento",Fato tardio após fechamento não altera fatura emitida silenciosamente,NAO_QUALIFICADO_NESTA_RODADA,sem execução/evidência vinculada nesta rodada,openspec/changes/hub-interoperabilidade-v4/specs/contratos-e-financeiro/spec.md,249,363db7fd0613b909c75beaeb9eb7dfe1e3cb52c8f4ecbbbbb697241e381dde9b
hub-interoperabilidade-v4:FIN-08:S004,FIN-08:S004,hub-interoperabilidade-v4,FIN-08,"Fechamento, conciliação e pagamento",Transferência bancária automática e emissão fiscal não estão autorizadas,NAO_QUALIFICADO_NESTA_RODADA,sem execução/evidência vinculada nesta rodada,openspec/changes/hub-interoperabilidade-v4/specs/contratos-e-financeiro/spec.md,254,363db7fd0613b909c75beaeb9eb7dfe1e3cb52c8f4ecbbbbb697241e381dde9b
hub-interoperabilidade-v4:FIN-08:S005,FIN-08:S005,hub-interoperabilidade-v4,FIN-08,"Fechamento, conciliação e pagamento","Ajuste manual, aprovação e confirmação de pagamento exigem segregação de funções",NAO_QUALIFICADO_NESTA_RODADA,sem execução/evidência vinculada nesta rodada,openspec/changes/hub-interoperabilidade-v4/specs/contratos-e-financeiro/spec.md,259,363db7fd0613b909c75beaeb9eb7dfe1e3cb52c8f4ecbbbbb697241e381dde9b
hub-interoperabilidade-v4:FIN-09:S001,FIN-09:S001,hub-interoperabilidade-v4,FIN-09,Exemplos de referência para QA,Produto em pacote reconhece receita e custo compostos sem alteração por GET/callback,NAO_QUALIFICADO_NESTA_RODADA,sem execução/evidência vinculada nesta rodada,openspec/changes/hub-interoperabilidade-v4/specs/contratos-e-financeiro/spec.md,267,363db7fd0613b909c75beaeb9eb7dfe1e3cb52c8f4ecbbbbb697241e381dde9b
hub-interoperabilidade-v4:FIN-09:S002,FIN-09:S002,hub-interoperabilidade-v4,FIN-09,Exemplos de referência para QA,Franquia mensal com excedente calcula parcelas distintas,NAO_QUALIFICADO_NESTA_RODADA,sem execução/evidência vinculada nesta rodada,openspec/changes/hub-interoperabilidade-v4/specs/contratos-e-financeiro/spec.md,272,363db7fd0613b909c75beaeb9eb7dfe1e3cb52c8f4ecbbbbb697241e381dde9b
hub-interoperabilidade-v4:FIN-09:S003,FIN-09:S003,hub-interoperabilidade-v4,FIN-09,Exemplos de referência para QA,Faixa progressiva marginal aplica preço apenas à parcela dentro de cada faixa,NAO_QUALIFICADO_NESTA_RODADA,sem execução/evidência vinculada nesta rodada,openspec/changes/hub-interoperabilidade-v4/specs/contratos-e-financeiro/spec.md,277,363db7fd0613b909c75beaeb9eb7dfe1e3cb52c8f4ecbbbbb697241e381dde9b
hub-interoperabilidade-v4:FIN-09:S004,FIN-09:S004,hub-interoperabilidade-v4,FIN-09,Exemplos de referência para QA,Faixa por volume total aplica a faixa atingida a todo o volume elegível,NAO_QUALIFICADO_NESTA_RODADA,sem execução/evidência vinculada nesta rodada,openspec/changes/hub-interoperabilidade-v4/specs/contratos-e-financeiro/spec.md,282,363db7fd0613b909c75beaeb9eb7dfe1e3cb52c8f4ecbbbbb697241e381dde9b
hub-interoperabilidade-v4:FIN-09:S005,FIN-09:S005,hub-interoperabilidade-v4,FIN-09,Exemplos de referência para QA,Incerteza com failover autorizado contabiliza o custo dos dois provedores comprovados,NAO_QUALIFICADO_NESTA_RODADA,sem execução/evidência vinculada nesta rodada,openspec/changes/hub-interoperabilidade-v4/specs/contratos-e-financeiro/spec.md,287,363db7fd0613b909c75beaeb9eb7dfe1e3cb52c8f4ecbbbbb697241e381dde9b
hub-interoperabilidade-v4:FIN-09:S006,FIN-09:S006,hub-interoperabilidade-v4,FIN-09,Exemplos de referência para QA,Correção de cobrança indevida gera estorno vinculado com lote balanceado,NAO_QUALIFICADO_NESTA_RODADA,sem execução/evidência vinculada nesta rodada,openspec/changes/hub-interoperabilidade-v4/specs/contratos-e-financeiro/spec.md,292,363db7fd0613b909c75beaeb9eb7dfe1e3cb52c8f4ecbbbbb697241e381dde9b
hub-interoperabilidade-v4:FIN-10:S001,FIN-10:S001,hub-interoperabilidade-v4,FIN-10,"Quebra de SLA, custo tardio e créditos",EXPIRED por SLA não gera receita de sucesso mesmo com conclusão tardia do provedor,NAO_QUALIFICADO_NESTA_RODADA,sem execução/evidência vinculada nesta rodada,openspec/changes/hub-interoperabilidade-v4/specs/contratos-e-financeiro/spec.md,300,363db7fd0613b909c75beaeb9eb7dfe1e3cb52c8f4ecbbbbb697241e381dde9b
hub-interoperabilidade-v4:FIN-10:S002,FIN-10:S002,hub-interoperabilidade-v4,FIN-10,"Quebra de SLA, custo tardio e créditos",Custo do provedor não é eliminado automaticamente pela rejeição no hub,NAO_QUALIFICADO_NESTA_RODADA,sem execução/evidência vinculada nesta rodada,openspec/changes/hub-interoperabilidade-v4/specs/contratos-e-financeiro/spec.md,305,363db7fd0613b909c75beaeb9eb7dfe1e3cb52c8f4ecbbbbb697241e381dde9b
hub-interoperabilidade-v4:FIN-10:S003,FIN-10:S003,hub-interoperabilidade-v4,FIN-10,"Quebra de SLA, custo tardio e créditos",Crédito prometido não confirmado não reduz obrigação sem regra aprovada,NAO_QUALIFICADO_NESTA_RODADA,sem execução/evidência vinculada nesta rodada,openspec/changes/hub-interoperabilidade-v4/specs/contratos-e-financeiro/spec.md,310,363db7fd0613b909c75beaeb9eb7dfe1e3cb52c8f4ecbbbbb697241e381dde9b
hub-interoperabilidade-v4:FIN-10:S004,FIN-10:S004,hub-interoperabilidade-v4,FIN-10,"Quebra de SLA, custo tardio e créditos","Diagnósticos de desenvolvedores não alteram ledger, ajuste ou liquidação",NAO_QUALIFICADO_NESTA_RODADA,sem execução/evidência vinculada nesta rodada,openspec/changes/hub-interoperabilidade-v4/specs/contratos-e-financeiro/spec.md,315,363db7fd0613b909c75beaeb9eb7dfe1e3cb52c8f4ecbbbbb697241e381dde9b
hub-interoperabilidade-v4:FIN-10:S005,FIN-10:S005,hub-interoperabilidade-v4,FIN-10,"Quebra de SLA, custo tardio e créditos",Controle adaptativo registra retries extras sem alterar preço ou unidade contratada,NAO_QUALIFICADO_NESTA_RODADA,sem execução/evidência vinculada nesta rodada,openspec/changes/hub-interoperabilidade-v4/specs/contratos-e-financeiro/spec.md,320,363db7fd0613b909c75beaeb9eb7dfe1e3cb52c8f4ecbbbbb697241e381dde9b
hub-interoperabilidade-v4:FIN-11:S001,FIN-11:S001,hub-interoperabilidade-v4,FIN-11,"Conta, credencial e responsabilidade econômica","Settlement_party é explícito por vínculo, não inferido pelo nome do segredo",NAO_QUALIFICADO_NESTA_RODADA,sem execução/evidência vinculada nesta rodada,openspec/changes/hub-interoperabilidade-v4/specs/contratos-e-financeiro/spec.md,328,363db7fd0613b909c75beaeb9eb7dfe1e3cb52c8f4ecbbbbb697241e381dde9b
hub-interoperabilidade-v4:FIN-11:S002,FIN-11:S002,hub-interoperabilidade-v4,FIN-11,"Conta, credencial e responsabilidade econômica",SHARED_HUB comprado pelo Hub segrega consumo e mantém venda independente,NAO_QUALIFICADO_NESTA_RODADA,sem execução/evidência vinculada nesta rodada,openspec/changes/hub-interoperabilidade-v4/specs/contratos-e-financeiro/spec.md,333,363db7fd0613b909c75beaeb9eb7dfe1e3cb52c8f4ecbbbbb697241e381dde9b
hub-interoperabilidade-v4:FIN-11:S003,FIN-11:S003,hub-interoperabilidade-v4,FIN-11,"Conta, credencial e responsabilidade econômica",TENANT_DEDICATED comprado pelo Hub não elimina obrigação de compra,NAO_QUALIFICADO_NESTA_RODADA,sem execução/evidência vinculada nesta rodada,openspec/changes/hub-interoperabilidade-v4/specs/contratos-e-financeiro/spec.md,338,363db7fd0613b909c75beaeb9eb7dfe1e3cb52c8f4ecbbbbb697241e381dde9b
hub-interoperabilidade-v4:FIN-11:S004,FIN-11:S004,hub-interoperabilidade-v4,FIN-11,"Conta, credencial e responsabilidade econômica",TENANT_DEDICATED com compra direta do cliente não gera conta a pagar pelo Hub,NAO_QUALIFICADO_NESTA_RODADA,sem execução/evidência vinculada nesta rodada,openspec/changes/hub-interoperabilidade-v4/specs/contratos-e-financeiro/spec.md,343,363db7fd0613b909c75beaeb9eb7dfe1e3cb52c8f4ecbbbbb697241e381dde9b
hub-interoperabilidade-v4:FIN-11:S005,FIN-11:S005,hub-interoperabilidade-v4,FIN-11,"Conta, credencial e responsabilidade econômica","Rotação de segredo não reinicia medidor, quota ou franquia",NAO_QUALIFICADO_NESTA_RODADA,sem execução/evidência vinculada nesta rodada,openspec/changes/hub-interoperabilidade-v4/specs/contratos-e-financeiro/spec.md,348,363db7fd0613b909c75beaeb9eb7dfe1e3cb52c8f4ecbbbbb697241e381dde9b
hub-interoperabilidade-v4:FIN-11:S006,FIN-11:S006,hub-interoperabilidade-v4,FIN-11,"Conta, credencial e responsabilidade econômica",Fato de consumo conserva identificadores completos sem expor valor do segredo,NAO_QUALIFICADO_NESTA_RODADA,sem execução/evidência vinculada nesta rodada,openspec/changes/hub-interoperabilidade-v4/specs/contratos-e-financeiro/spec.md,353,363db7fd0613b909c75beaeb9eb7dfe1e3cb52c8f4ecbbbbb697241e381dde9b
hub-interoperabilidade-v4:FIN-11:S007,FIN-11:S007,hub-interoperabilidade-v4,FIN-11,"Conta, credencial e responsabilidade econômica",Falha de Libra não autoriza fallback automático de credencial ou pagador,NAO_QUALIFICADO_NESTA_RODADA,sem execução/evidência vinculada nesta rodada,openspec/changes/hub-interoperabilidade-v4/specs/contratos-e-financeiro/spec.md,358,363db7fd0613b909c75beaeb9eb7dfe1e3cb52c8f4ecbbbbb697241e381dde9b
hub-interoperabilidade-v4:DEC-01:S001,DEC-01:S001,hub-interoperabilidade-v4,DEC-01,Decisões arquiteturais de referência,ADR-04 mantém a custódia do resultado no Hub,NAO_QUALIFICADO_NESTA_RODADA,sem execução/evidência vinculada nesta rodada,openspec/changes/hub-interoperabilidade-v4/specs/decisoes-e-governanca/spec.md,8,363db7fd0613b909c75beaeb9eb7dfe1e3cb52c8f4ecbbbbb697241e381dde9b
hub-interoperabilidade-v4:DEC-01:S002,DEC-01:S002,hub-interoperabilidade-v4,DEC-01,Decisões arquiteturais de referência,ADR-06 recusa promessa de exactly-once sem suporte externo,NAO_QUALIFICADO_NESTA_RODADA,sem execução/evidência vinculada nesta rodada,openspec/changes/hub-interoperabilidade-v4/specs/decisoes-e-governanca/spec.md,13,363db7fd0613b909c75beaeb9eb7dfe1e3cb52c8f4ecbbbbb697241e381dde9b
hub-interoperabilidade-v4:DEC-01:S003,DEC-01:S003,hub-interoperabilidade-v4,DEC-01,Decisões arquiteturais de referência,ADR-05 mantém deadline rígido e TTL sem renovação,NAO_QUALIFICADO_NESTA_RODADA,sem execução/evidência vinculada nesta rodada,openspec/changes/hub-interoperabilidade-v4/specs/decisoes-e-governanca/spec.md,18,363db7fd0613b909c75beaeb9eb7dfe1e3cb52c8f4ecbbbbb697241e381dde9b
hub-interoperabilidade-v4:DEC-01:S004,DEC-01:S004,hub-interoperabilidade-v4,DEC-01,Decisões arquiteturais de referência,Pendências de implantação não decididas por ADR ficam registradas em DEC-02,NAO_QUALIFICADO_NESTA_RODADA,sem execução/evidência vinculada nesta rodada,openspec/changes/hub-interoperabilidade-v4/specs/decisoes-e-governanca/spec.md,23,363db7fd0613b909c75beaeb9eb7dfe1e3cb52c8f4ecbbbbb697241e381dde9b
hub-interoperabilidade-v4:DEC-02:S001,DEC-02:S001,hub-interoperabilidade-v4,DEC-02,Registro de decisões pendentes (P-01 a P-11),P-08 bloqueia a promessa de ausência de perda regional até desenho e prova de recuperação,NAO_QUALIFICADO_NESTA_RODADA,sem execução/evidência vinculada nesta rodada,openspec/changes/hub-interoperabilidade-v4/specs/decisoes-e-governanca/spec.md,31,363db7fd0613b909c75beaeb9eb7dfe1e3cb52c8f4ecbbbbb697241e381dde9b
hub-interoperabilidade-v4:DEC-02:S002,DEC-02:S002,hub-interoperabilidade-v4,DEC-02,Registro de decisões pendentes (P-01 a P-11),P-10 bloqueia oferta com impacto em vida/segurança até perfil de criticidade aprovado,NAO_QUALIFICADO_NESTA_RODADA,sem execução/evidência vinculada nesta rodada,openspec/changes/hub-interoperabilidade-v4/specs/decisoes-e-governanca/spec.md,36,363db7fd0613b909c75beaeb9eb7dfe1e3cb52c8f4ecbbbbb697241e381dde9b
hub-interoperabilidade-v4:DEC-02:S003,DEC-02:S003,hub-interoperabilidade-v4,DEC-02,Registro de decisões pendentes (P-01 a P-11),P-11 bloqueia o gate ppd de expansão automática até envelopes e quotas aprovados,NAO_QUALIFICADO_NESTA_RODADA,sem execução/evidência vinculada nesta rodada,openspec/changes/hub-interoperabilidade-v4/specs/decisoes-e-governanca/spec.md,41,363db7fd0613b909c75beaeb9eb7dfe1e3cb52c8f4ecbbbbb697241e381dde9b
hub-interoperabilidade-v4:DEC-02:S004,DEC-02:S004,hub-interoperabilidade-v4,DEC-02,Registro de decisões pendentes (P-01 a P-11),P-01 bloqueia IaC remota e o gate ppd até a topologia de plataforma ser aprovada,NAO_QUALIFICADO_NESTA_RODADA,sem execução/evidência vinculada nesta rodada,openspec/changes/hub-interoperabilidade-v4/specs/decisoes-e-governanca/spec.md,46,363db7fd0613b909c75beaeb9eb7dfe1e3cb52c8f4ecbbbbb697241e381dde9b
hub-interoperabilidade-v4:DEC-02:S005,DEC-02:S005,hub-interoperabilidade-v4,DEC-02,Registro de decisões pendentes (P-01 a P-11),P-09 bloqueia o gate G0 da fatia até responsáveis e aprovação da v4 registrados,NAO_QUALIFICADO_NESTA_RODADA,sem execução/evidência vinculada nesta rodada,openspec/changes/hub-interoperabilidade-v4/specs/decisoes-e-governanca/spec.md,51,363db7fd0613b909c75beaeb9eb7dfe1e3cb52c8f4ecbbbbb697241e381dde9b
hub-interoperabilidade-v4:DEC-03:S001,DEC-03:S001,hub-interoperabilidade-v4,DEC-03,Decisões herdadas da v3 e preservadas,ADR-12 impede que retorno tardio após EXPIRED por SLA vire sucesso,NAO_QUALIFICADO_NESTA_RODADA,sem execução/evidência vinculada nesta rodada,openspec/changes/hub-interoperabilidade-v4/specs/decisoes-e-governanca/spec.md,59,363db7fd0613b909c75beaeb9eb7dfe1e3cb52c8f4ecbbbbb697241e381dde9b
hub-interoperabilidade-v4:DEC-03:S002,DEC-03:S002,hub-interoperabilidade-v4,DEC-03,Decisões herdadas da v3 e preservadas,ADR-18 mantém o compromisso regional de RPO zero bloqueado até desenho adequado,NAO_QUALIFICADO_NESTA_RODADA,sem execução/evidência vinculada nesta rodada,openspec/changes/hub-interoperabilidade-v4/specs/decisoes-e-governanca/spec.md,64,363db7fd0613b909c75beaeb9eb7dfe1e3cb52c8f4ecbbbbb697241e381dde9b
hub-interoperabilidade-v4:DEC-03:S003,DEC-03:S003,hub-interoperabilidade-v4,DEC-03,Decisões herdadas da v3 e preservadas,Consulta de resultado pendente usa representação unificada (200) herdada da correção v2→v3,NAO_QUALIFICADO_NESTA_RODADA,sem execução/evidência vinculada nesta rodada,openspec/changes/hub-interoperabilidade-v4/specs/decisoes-e-governanca/spec.md,69,363db7fd0613b909c75beaeb9eb7dfe1e3cb52c8f4ecbbbbb697241e381dde9b
hub-interoperabilidade-v4:DEC-03:S004,DEC-03:S004,hub-interoperabilidade-v4,DEC-03,Decisões herdadas da v3 e preservadas,A antiga meta regional de RPO de 15 minutos não é mais padrão implícito,NAO_QUALIFICADO_NESTA_RODADA,sem execução/evidência vinculada nesta rodada,openspec/changes/hub-interoperabilidade-v4/specs/decisoes-e-governanca/spec.md,74,363db7fd0613b909c75beaeb9eb7dfe1e3cb52c8f4ecbbbbb697241e381dde9b
hub-interoperabilidade-v4:DEC-03:S005,DEC-03:S005,hub-interoperabilidade-v4,DEC-03,Decisões herdadas da v3 e preservadas,IDs de ADR-11 a ADR-18 permanecem estáveis para rastreabilidade entre capítulos,NAO_QUALIFICADO_NESTA_RODADA,sem execução/evidência vinculada nesta rodada,openspec/changes/hub-interoperabilidade-v4/specs/decisoes-e-governanca/spec.md,79,363db7fd0613b909c75beaeb9eb7dfe1e3cb52c8f4ecbbbbb697241e381dde9b
hub-interoperabilidade-v4:DEC-04:S001,DEC-04:S001,hub-interoperabilidade-v4,DEC-04,Decisões e compatibilidade introduzidas na v4,ADR-19 retira a fila obrigatória do caminho SYNC sem fallback silencioso,NAO_QUALIFICADO_NESTA_RODADA,sem execução/evidência vinculada nesta rodada,openspec/changes/hub-interoperabilidade-v4/specs/decisoes-e-governanca/spec.md,87,363db7fd0613b909c75beaeb9eb7dfe1e3cb52c8f4ecbbbbb697241e381dde9b
hub-interoperabilidade-v4:DEC-04:S002,DEC-04:S002,hub-interoperabilidade-v4,DEC-04,Decisões e compatibilidade introduzidas na v4,ADR-20 recupera protocolo perdido por HTTP via idempotência com UUIDv7 universal,NAO_QUALIFICADO_NESTA_RODADA,sem execução/evidência vinculada nesta rodada,openspec/changes/hub-interoperabilidade-v4/specs/decisoes-e-governanca/spec.md,92,363db7fd0613b909c75beaeb9eb7dfe1e3cb52c8f4ecbbbbb697241e381dde9b
hub-interoperabilidade-v4:DEC-04:S003,DEC-04:S003,hub-interoperabilidade-v4,DEC-04,Decisões e compatibilidade introduzidas na v4,ADR-21 proíbe fallback implícito de credencial entre SHARED_HUB e TENANT_DEDICATED,NAO_QUALIFICADO_NESTA_RODADA,sem execução/evidência vinculada nesta rodada,openspec/changes/hub-interoperabilidade-v4/specs/decisoes-e-governanca/spec.md,97,363db7fd0613b909c75beaeb9eb7dfe1e3cb52c8f4ecbbbbb697241e381dde9b
hub-interoperabilidade-v4:DEC-04:S004,DEC-04:S004,hub-interoperabilidade-v4,DEC-04,Decisões e compatibilidade introduzidas na v4,ADR-22 dispensa broker/Atlas/cofre por pedido quando material válido já existe,NAO_QUALIFICADO_NESTA_RODADA,sem execução/evidência vinculada nesta rodada,openspec/changes/hub-interoperabilidade-v4/specs/decisoes-e-governanca/spec.md,102,363db7fd0613b909c75beaeb9eb7dfe1e3cb52c8f4ecbbbbb697241e381dde9b
hub-interoperabilidade-v4:DEC-04:S005,DEC-04:S005,hub-interoperabilidade-v4,DEC-04,Decisões e compatibilidade introduzidas na v4,ADR-25 exige prova específica de RTO e perda de região para uso com impacto em vida/segurança,NAO_QUALIFICADO_NESTA_RODADA,sem execução/evidência vinculada nesta rodada,openspec/changes/hub-interoperabilidade-v4/specs/decisoes-e-governanca/spec.md,107,363db7fd0613b909c75beaeb9eb7dfe1e3cb52c8f4ecbbbbb697241e381dde9b
hub-interoperabilidade-v4:DEC-05:S001,DEC-05:S001,hub-interoperabilidade-v4,DEC-05,"Registro de gaps, riscos e mitigação",GAP-02 (Crítica) permanece com qualificação pendente até crash/duplicata/UNKNOWN comprovados,NAO_QUALIFICADO_NESTA_RODADA,sem execução/evidência vinculada nesta rodada,openspec/changes/hub-interoperabilidade-v4/specs/decisoes-e-governanca/spec.md,115,363db7fd0613b909c75beaeb9eb7dfe1e3cb52c8f4ecbbbbb697241e381dde9b
hub-interoperabilidade-v4:DEC-05:S002,DEC-05:S002,hub-interoperabilidade-v4,DEC-05,"Registro de gaps, riscos e mitigação",GAP-09 (Crítica) exige limite de corte dentro do SLA sem split-brain antes de fechar migração de célula,NAO_QUALIFICADO_NESTA_RODADA,sem execução/evidência vinculada nesta rodada,openspec/changes/hub-interoperabilidade-v4/specs/decisoes-e-governanca/spec.md,120,363db7fd0613b909c75beaeb9eb7dfe1e3cb52c8f4ecbbbbb697241e381dde9b
hub-interoperabilidade-v4:DEC-05:S003,DEC-05:S003,hub-interoperabilidade-v4,DEC-05,"Registro de gaps, riscos e mitigação",GAP-12 (Crítica) mantém a referência atual sem qualificar RPO zero regional,NAO_QUALIFICADO_NESTA_RODADA,sem execução/evidência vinculada nesta rodada,openspec/changes/hub-interoperabilidade-v4/specs/decisoes-e-governanca/spec.md,125,363db7fd0613b909c75beaeb9eb7dfe1e3cb52c8f4ecbbbbb697241e381dde9b
hub-interoperabilidade-v4:DEC-05:S004,DEC-05:S004,hub-interoperabilidade-v4,DEC-05,"Registro de gaps, riscos e mitigação","GAP-05 (Crítica) impede que ""banco opcional"" confirme pedido ou final sem prova de custódia",NAO_QUALIFICADO_NESTA_RODADA,sem execução/evidência vinculada nesta rodada,openspec/changes/hub-interoperabilidade-v4/specs/decisoes-e-governanca/spec.md,130,363db7fd0613b909c75beaeb9eb7dfe1e3cb52c8f4ecbbbbb697241e381dde9b
hub-interoperabilidade-v4:DEC-05:S005,DEC-05:S005,hub-interoperabilidade-v4,DEC-05,"Registro de gaps, riscos e mitigação",GAP-13 (Crítica) restringe oferta de garantia externa que o provedor não sustenta,NAO_QUALIFICADO_NESTA_RODADA,sem execução/evidência vinculada nesta rodada,openspec/changes/hub-interoperabilidade-v4/specs/decisoes-e-governanca/spec.md,135,363db7fd0613b909c75beaeb9eb7dfe1e3cb52c8f4ecbbbbb697241e381dde9b
hub-interoperabilidade-v4:DEC-05:S006,DEC-05:S006,hub-interoperabilidade-v4,DEC-05,"Registro de gaps, riscos e mitigação",GAP-15 (Crítica) impede confundir texto completo com disponibilidade comprovada,NAO_QUALIFICADO_NESTA_RODADA,sem execução/evidência vinculada nesta rodada,openspec/changes/hub-interoperabilidade-v4/specs/decisoes-e-governanca/spec.md,140,363db7fd0613b909c75beaeb9eb7dfe1e3cb52c8f4ecbbbbb697241e381dde9b
hub-interoperabilidade-v4:OPE-01:S001,OPE-01:S001,hub-interoperabilidade-v4,OPE-01,Modelo de capacidade,Cálculo de operações pendentes e custo de polling,NAO_QUALIFICADO_NESTA_RODADA,sem execução/evidência vinculada nesta rodada,openspec/changes/hub-interoperabilidade-v4/specs/desempenho-e-operacao/spec.md,8,363db7fd0613b909c75beaeb9eb7dfe1e3cb52c8f4ecbbbbb697241e381dde9b
hub-interoperabilidade-v4:OPE-01:S002,OPE-01:S002,hub-interoperabilidade-v4,OPE-01,Modelo de capacidade,Qualificação por perfil misto de carga,NAO_QUALIFICADO_NESTA_RODADA,sem execução/evidência vinculada nesta rodada,openspec/changes/hub-interoperabilidade-v4/specs/desempenho-e-operacao/spec.md,13,363db7fd0613b909c75beaeb9eb7dfe1e3cb52c8f4ecbbbbb697241e381dde9b
hub-interoperabilidade-v4:OPE-01:S003,OPE-01:S003,hub-interoperabilidade-v4,OPE-01,Modelo de capacidade,Ensaio isolado de arquivos grandes,NAO_QUALIFICADO_NESTA_RODADA,sem execução/evidência vinculada nesta rodada,openspec/changes/hub-interoperabilidade-v4/specs/desempenho-e-operacao/spec.md,18,363db7fd0613b909c75beaeb9eb7dfe1e3cb52c8f4ecbbbbb697241e381dde9b
hub-interoperabilidade-v4:OPE-02:S001,OPE-02:S001,hub-interoperabilidade-v4,OPE-02,Estratégia de baixa latência,Consultas finais usam fonte autoritativa sem provedor,NAO_QUALIFICADO_NESTA_RODADA,sem execução/evidência vinculada nesta rodada,openspec/changes/hub-interoperabilidade-v4/specs/desempenho-e-operacao/spec.md,26,363db7fd0613b909c75beaeb9eb7dfe1e3cb52c8f4ecbbbbb697241e381dde9b
hub-interoperabilidade-v4:OPE-02:S002,OPE-02:S002,hub-interoperabilidade-v4,OPE-02,Estratégia de baixa latência,Cache opcional não vira fonte única de correlação,NAO_QUALIFICADO_NESTA_RODADA,sem execução/evidência vinculada nesta rodada,openspec/changes/hub-interoperabilidade-v4/specs/desempenho-e-operacao/spec.md,31,363db7fd0613b909c75beaeb9eb7dfe1e3cb52c8f4ecbbbbb697241e381dde9b
hub-interoperabilidade-v4:OPE-02:S003,OPE-02:S003,hub-interoperabilidade-v4,OPE-02,Estratégia de baixa latência,Orçamento justo de conexões sob autoscaling,NAO_QUALIFICADO_NESTA_RODADA,sem execução/evidência vinculada nesta rodada,openspec/changes/hub-interoperabilidade-v4/specs/desempenho-e-operacao/spec.md,36,363db7fd0613b909c75beaeb9eb7dfe1e3cb52c8f4ecbbbbb697241e381dde9b
hub-interoperabilidade-v4:OPE-03:S001,OPE-03:S001,hub-interoperabilidade-v4,OPE-03,SLOs e semântica de garantia,Disponibilidade de admissão e GET local,NAO_QUALIFICADO_NESTA_RODADA,sem execução/evidência vinculada nesta rodada,openspec/changes/hub-interoperabilidade-v4/specs/desempenho-e-operacao/spec.md,44,363db7fd0613b909c75beaeb9eb7dfe1e3cb52c8f4ecbbbbb697241e381dde9b
hub-interoperabilidade-v4:OPE-03:S002,OPE-03:S002,hub-interoperabilidade-v4,OPE-03,SLOs e semântica de garantia,Latência de aceite ASYNC e consulta de resultado local,NAO_QUALIFICADO_NESTA_RODADA,sem execução/evidência vinculada nesta rodada,openspec/changes/hub-interoperabilidade-v4/specs/desempenho-e-operacao/spec.md,49,363db7fd0613b909c75beaeb9eb7dfe1e3cb52c8f4ecbbbbb697241e381dde9b
hub-interoperabilidade-v4:OPE-03:S003,OPE-03:S003,hub-interoperabilidade-v4,OPE-03,SLOs e semântica de garantia,"Final ASYNC, primeira tentativa de webhook e atualidade financeira",NAO_QUALIFICADO_NESTA_RODADA,sem execução/evidência vinculada nesta rodada,openspec/changes/hub-interoperabilidade-v4/specs/desempenho-e-operacao/spec.md,54,363db7fd0613b909c75beaeb9eb7dfe1e3cb52c8f4ecbbbbb697241e381dde9b
hub-interoperabilidade-v4:OPE-03:S004,OPE-03:S004,hub-interoperabilidade-v4,OPE-03,SLOs e semântica de garantia,RTO de zona e de região não substituem qualificação crítica,NAO_QUALIFICADO_NESTA_RODADA,sem execução/evidência vinculada nesta rodada,openspec/changes/hub-interoperabilidade-v4/specs/desempenho-e-operacao/spec.md,59,363db7fd0613b909c75beaeb9eb7dfe1e3cb52c8f4ecbbbbb697241e381dde9b
hub-interoperabilidade-v4:OPE-04:S001,OPE-04:S001,hub-interoperabilidade-v4,OPE-04,Ambientes e alta disponibilidade,Dependências gerenciadas com HA real antes do gate ppd,NAO_QUALIFICADO_NESTA_RODADA,sem execução/evidência vinculada nesta rodada,openspec/changes/hub-interoperabilidade-v4/specs/desempenho-e-operacao/spec.md,67,363db7fd0613b909c75beaeb9eb7dfe1e3cb52c8f4ecbbbbb697241e381dde9b
hub-interoperabilidade-v4:OPE-04:S002,OPE-04:S002,hub-interoperabilidade-v4,OPE-04,Ambientes e alta disponibilidade,Kind e emulação local não substituem serviços gerenciados,NAO_QUALIFICADO_NESTA_RODADA,sem execução/evidência vinculada nesta rodada,openspec/changes/hub-interoperabilidade-v4/specs/desempenho-e-operacao/spec.md,72,363db7fd0613b909c75beaeb9eb7dfe1e3cb52c8f4ecbbbbb697241e381dde9b
hub-interoperabilidade-v4:OPE-04:S003,OPE-04:S003,hub-interoperabilidade-v4,OPE-04,Ambientes e alta disponibilidade,Isolamento por célula complementa e não substitui separação de ambiente,NAO_QUALIFICADO_NESTA_RODADA,sem execução/evidência vinculada nesta rodada,openspec/changes/hub-interoperabilidade-v4/specs/desempenho-e-operacao/spec.md,77,363db7fd0613b909c75beaeb9eb7dfe1e3cb52c8f4ecbbbbb697241e381dde9b
hub-interoperabilidade-v4:OPE-05:S001,OPE-05:S001,hub-interoperabilidade-v4,OPE-05,"Probes, escala e proteção",Readiness por capacidade evita que falha de envio derrube leitura saudável,NAO_QUALIFICADO_NESTA_RODADA,sem execução/evidência vinculada nesta rodada,openspec/changes/hub-interoperabilidade-v4/specs/desempenho-e-operacao/spec.md,85,363db7fd0613b909c75beaeb9eb7dfe1e3cb52c8f4ecbbbbb697241e381dde9b
hub-interoperabilidade-v4:OPE-05:S002,OPE-05:S002,hub-interoperabilidade-v4,OPE-05,"Probes, escala e proteção",Escala de workers por backlog e idade da obrigação,NAO_QUALIFICADO_NESTA_RODADA,sem execução/evidência vinculada nesta rodada,openspec/changes/hub-interoperabilidade-v4/specs/desempenho-e-operacao/spec.md,90,363db7fd0613b909c75beaeb9eb7dfe1e3cb52c8f4ecbbbbb697241e381dde9b
hub-interoperabilidade-v4:OPE-05:S003,OPE-05:S003,hub-interoperabilidade-v4,OPE-05,"Probes, escala e proteção",Drenagem preserva UNKNOWN em chamada externa incerta,NAO_QUALIFICADO_NESTA_RODADA,sem execução/evidência vinculada nesta rodada,openspec/changes/hub-interoperabilidade-v4/specs/desempenho-e-operacao/spec.md,95,363db7fd0613b909c75beaeb9eb7dfe1e3cb52c8f4ecbbbbb697241e381dde9b
hub-interoperabilidade-v4:OPE-06:S001,OPE-06:S001,hub-interoperabilidade-v4,OPE-06,Observabilidade e runbooks,Alerta de outbox envelhecida preserva pendência,NAO_QUALIFICADO_NESTA_RODADA,sem execução/evidência vinculada nesta rodada,openspec/changes/hub-interoperabilidade-v4/specs/desempenho-e-operacao/spec.md,103,363db7fd0613b909c75beaeb9eb7dfe1e3cb52c8f4ecbbbbb697241e381dde9b
hub-interoperabilidade-v4:OPE-06:S002,OPE-06:S002,hub-interoperabilidade-v4,OPE-06,Observabilidade e runbooks,Divergência financeira bloqueia fechamento incompleto,NAO_QUALIFICADO_NESTA_RODADA,sem execução/evidência vinculada nesta rodada,openspec/changes/hub-interoperabilidade-v4/specs/desempenho-e-operacao/spec.md,108,363db7fd0613b909c75beaeb9eb7dfe1e3cb52c8f4ecbbbbb697241e381dde9b
hub-interoperabilidade-v4:OPE-06:S003,OPE-06:S003,hub-interoperabilidade-v4,OPE-06,Observabilidade e runbooks,Auditoria de negócio não depende de amostragem de trace,NAO_QUALIFICADO_NESTA_RODADA,sem execução/evidência vinculada nesta rodada,openspec/changes/hub-interoperabilidade-v4/specs/desempenho-e-operacao/spec.md,113,363db7fd0613b909c75beaeb9eb7dfe1e3cb52c8f4ecbbbbb697241e381dde9b
hub-interoperabilidade-v4:OPE-07:S001,OPE-07:S001,hub-interoperabilidade-v4,OPE-07,Amortecimento e controle adaptativo do provedor,Redução multiplicativa sob 429 e Retry-After,NAO_QUALIFICADO_NESTA_RODADA,sem execução/evidência vinculada nesta rodada,openspec/changes/hub-interoperabilidade-v4/specs/desempenho-e-operacao/spec.md,121,363db7fd0613b909c75beaeb9eb7dfe1e3cb52c8f4ecbbbbb697241e381dde9b
hub-interoperabilidade-v4:OPE-07:S002,OPE-07:S002,hub-interoperabilidade-v4,OPE-07,Amortecimento e controle adaptativo do provedor,Aumento gradual em janela saudável,NAO_QUALIFICADO_NESTA_RODADA,sem execução/evidência vinculada nesta rodada,openspec/changes/hub-interoperabilidade-v4/specs/desempenho-e-operacao/spec.md,126,363db7fd0613b909c75beaeb9eb7dfe1e3cb52c8f4ecbbbbb697241e381dde9b
hub-interoperabilidade-v4:OPE-07:S003,OPE-07:S003,hub-interoperabilidade-v4,OPE-07,Amortecimento e controle adaptativo do provedor,Falha funcional não reduz capacidade global,NAO_QUALIFICADO_NESTA_RODADA,sem execução/evidência vinculada nesta rodada,openspec/changes/hub-interoperabilidade-v4/specs/desempenho-e-operacao/spec.md,131,363db7fd0613b909c75beaeb9eb7dfe1e3cb52c8f4ecbbbbb697241e381dde9b
hub-interoperabilidade-v4:OPE-07:S004,OPE-07:S004,hub-interoperabilidade-v4,OPE-07,Amortecimento e controle adaptativo do provedor,Coordenação distribuída em mudança de líder,NAO_QUALIFICADO_NESTA_RODADA,sem execução/evidência vinculada nesta rodada,openspec/changes/hub-interoperabilidade-v4/specs/desempenho-e-operacao/spec.md,136,363db7fd0613b909c75beaeb9eb7dfe1e3cb52c8f4ecbbbbb697241e381dde9b
hub-interoperabilidade-v4:OPE-08:S001,OPE-08:S001,hub-interoperabilidade-v4,OPE-08,Isolamento de concorrência e células,Classe Compartilhada protegida impõe limites por tenant,NAO_QUALIFICADO_NESTA_RODADA,sem execução/evidência vinculada nesta rodada,openspec/changes/hub-interoperabilidade-v4/specs/desempenho-e-operacao/spec.md,144,363db7fd0613b909c75beaeb9eb7dfe1e3cb52c8f4ecbbbbb697241e381dde9b
hub-interoperabilidade-v4:OPE-08:S002,OPE-08:S002,hub-interoperabilidade-v4,OPE-08,Isolamento de concorrência e células,Célula dedicada isola deployments e bancos,NAO_QUALIFICADO_NESTA_RODADA,sem execução/evidência vinculada nesta rodada,openspec/changes/hub-interoperabilidade-v4/specs/desempenho-e-operacao/spec.md,149,363db7fd0613b909c75beaeb9eb7dfe1e3cb52c8f4ecbbbbb697241e381dde9b
hub-interoperabilidade-v4:OPE-08:S003,OPE-08:S003,hub-interoperabilidade-v4,OPE-08,Isolamento de concorrência e células,Dedicada estrita não elimina falha externa global,NAO_QUALIFICADO_NESTA_RODADA,sem execução/evidência vinculada nesta rodada,openspec/changes/hub-interoperabilidade-v4/specs/desempenho-e-operacao/spec.md,154,363db7fd0613b909c75beaeb9eb7dfe1e3cb52c8f4ecbbbbb697241e381dde9b
hub-interoperabilidade-v4:OPE-08:S004,OPE-08:S004,hub-interoperabilidade-v4,OPE-08,Isolamento de concorrência e células,Teste de ruído entre tenants,NAO_QUALIFICADO_NESTA_RODADA,sem execução/evidência vinculada nesta rodada,openspec/changes/hub-interoperabilidade-v4/specs/desempenho-e-operacao/spec.md,159,363db7fd0613b909c75beaeb9eb7dfe1e3cb52c8f4ecbbbbb697241e381dde9b
hub-interoperabilidade-v4:OPE-09:S001,OPE-09:S001,hub-interoperabilidade-v4,OPE-09,Orçamento de latência e paralelismo,Percentis ponta a ponta medidos no mesmo conjunto de requisições,NAO_QUALIFICADO_NESTA_RODADA,sem execução/evidência vinculada nesta rodada,openspec/changes/hub-interoperabilidade-v4/specs/desempenho-e-operacao/spec.md,167,363db7fd0613b909c75beaeb9eb7dfe1e3cb52c8f4ecbbbbb697241e381dde9b
hub-interoperabilidade-v4:OPE-09:S002,OPE-09:S002,hub-interoperabilidade-v4,OPE-09,Orçamento de latência e paralelismo,SYNC remove fila obrigatória sem remover outbox de fatos,NAO_QUALIFICADO_NESTA_RODADA,sem execução/evidência vinculada nesta rodada,openspec/changes/hub-interoperabilidade-v4/specs/desempenho-e-operacao/spec.md,172,363db7fd0613b909c75beaeb9eb7dfe1e3cb52c8f4ecbbbbb697241e381dde9b
hub-interoperabilidade-v4:OPE-09:S003,OPE-09:S003,hub-interoperabilidade-v4,OPE-09,Orçamento de latência e paralelismo,Reserva de finalização considera prazo e capacidade mínimos,NAO_QUALIFICADO_NESTA_RODADA,sem execução/evidência vinculada nesta rodada,openspec/changes/hub-interoperabilidade-v4/specs/desempenho-e-operacao/spec.md,177,363db7fd0613b909c75beaeb9eb7dfe1e3cb52c8f4ecbbbbb697241e381dde9b
hub-interoperabilidade-v4:OPE-10:S001,OPE-10:S001,hub-interoperabilidade-v4,OPE-10,Aferição de SLA em ambas as relações,Taxa de quebra usa população elegível da coorte,NAO_QUALIFICADO_NESTA_RODADA,sem execução/evidência vinculada nesta rodada,openspec/changes/hub-interoperabilidade-v4/specs/desempenho-e-operacao/spec.md,185,363db7fd0613b909c75beaeb9eb7dfe1e3cb52c8f4ecbbbbb697241e381dde9b
hub-interoperabilidade-v4:OPE-10:S002,OPE-10:S002,hub-interoperabilidade-v4,OPE-10,Aferição de SLA em ambas as relações,Evidência de SLA durável e independente de amostragem,NAO_QUALIFICADO_NESTA_RODADA,sem execução/evidência vinculada nesta rodada,openspec/changes/hub-interoperabilidade-v4/specs/desempenho-e-operacao/spec.md,190,363db7fd0613b909c75beaeb9eb7dfe1e3cb52c8f4ecbbbbb697241e381dde9b
hub-interoperabilidade-v4:OPE-10:S003,OPE-10:S003,hub-interoperabilidade-v4,OPE-10,Aferição de SLA em ambas as relações,Alerta preventivo de orçamento não é violação confirmada,NAO_QUALIFICADO_NESTA_RODADA,sem execução/evidência vinculada nesta rodada,openspec/changes/hub-interoperabilidade-v4/specs/desempenho-e-operacao/spec.md,195,363db7fd0613b909c75beaeb9eb7dfe1e3cb52c8f4ecbbbbb697241e381dde9b
hub-interoperabilidade-v4:OPE-11:S001,OPE-11:S001,hub-interoperabilidade-v4,OPE-11,Preservação de informação e limites da garantia,Reconciliação identifica lacuna como incidente,NAO_QUALIFICADO_NESTA_RODADA,sem execução/evidência vinculada nesta rodada,openspec/changes/hub-interoperabilidade-v4/specs/desempenho-e-operacao/spec.md,203,363db7fd0613b909c75beaeb9eb7dfe1e3cb52c8f4ecbbbbb697241e381dde9b
hub-interoperabilidade-v4:OPE-11:S002,OPE-11:S002,hub-interoperabilidade-v4,OPE-11,Preservação de informação e limites da garantia,RPO zero regional exige persistência síncrona confirmada,NAO_QUALIFICADO_NESTA_RODADA,sem execução/evidência vinculada nesta rodada,openspec/changes/hub-interoperabilidade-v4/specs/desempenho-e-operacao/spec.md,208,363db7fd0613b909c75beaeb9eb7dfe1e3cb52c8f4ecbbbbb697241e381dde9b
hub-interoperabilidade-v4:OPE-11:S003,OPE-11:S003,hub-interoperabilidade-v4,OPE-11,Preservação de informação e limites da garantia,Operação ambígua preserva UNKNOWN sem inventar resultado,NAO_QUALIFICADO_NESTA_RODADA,sem execução/evidência vinculada nesta rodada,openspec/changes/hub-interoperabilidade-v4/specs/desempenho-e-operacao/spec.md,213,363db7fd0613b909c75beaeb9eb7dfe1e3cb52c8f4ecbbbbb697241e381dde9b
hub-interoperabilidade-v4:OPE-12:S001,OPE-12:S001,hub-interoperabilidade-v4,OPE-12,Escala automática de ponta a ponta,Expansão antecipa saturação de banco/célula,NAO_QUALIFICADO_NESTA_RODADA,sem execução/evidência vinculada nesta rodada,openspec/changes/hub-interoperabilidade-v4/specs/desempenho-e-operacao/spec.md,221,363db7fd0613b909c75beaeb9eb7dfe1e3cb52c8f4ecbbbbb697241e381dde9b
hub-interoperabilidade-v4:OPE-12:S002,OPE-12:S002,hub-interoperabilidade-v4,OPE-12,Escala automática de ponta a ponta,Controller de expansão indisponível não retira capacidade ativa,NAO_QUALIFICADO_NESTA_RODADA,sem execução/evidência vinculada nesta rodada,openspec/changes/hub-interoperabilidade-v4/specs/desempenho-e-operacao/spec.md,226,363db7fd0613b909c75beaeb9eb7dfe1e3cb52c8f4ecbbbbb697241e381dde9b
hub-interoperabilidade-v4:OPE-12:S003,OPE-12:S003,hub-interoperabilidade-v4,OPE-12,Escala automática de ponta a ponta,Falha da autoridade de orçamento admite apenas concessões válidas,NAO_QUALIFICADO_NESTA_RODADA,sem execução/evidência vinculada nesta rodada,openspec/changes/hub-interoperabilidade-v4/specs/desempenho-e-operacao/spec.md,231,363db7fd0613b909c75beaeb9eb7dfe1e3cb52c8f4ecbbbbb697241e381dde9b
hub-interoperabilidade-v4:OPE-13:S001,OPE-13:S001,hub-interoperabilidade-v4,OPE-13,Matriz de dependências e fallback seguro,Indisponibilidade do Redis usa bypass sem informação crítica exclusiva,NAO_QUALIFICADO_NESTA_RODADA,sem execução/evidência vinculada nesta rodada,openspec/changes/hub-interoperabilidade-v4/specs/desempenho-e-operacao/spec.md,239,363db7fd0613b909c75beaeb9eb7dfe1e3cb52c8f4ecbbbbb697241e381dde9b
hub-interoperabilidade-v4:OPE-13:S002,OPE-13:S002,hub-interoperabilidade-v4,OPE-13,Matriz de dependências e fallback seguro,Atlas indisponível mantém rotas conhecidas e bloqueia novo onboarding,NAO_QUALIFICADO_NESTA_RODADA,sem execução/evidência vinculada nesta rodada,openspec/changes/hub-interoperabilidade-v4/specs/desempenho-e-operacao/spec.md,244,363db7fd0613b909c75beaeb9eb7dfe1e3cb52c8f4ecbbbbb697241e381dde9b
hub-interoperabilidade-v4:OPE-13:S003,OPE-13:S003,hub-interoperabilidade-v4,OPE-13,Matriz de dependências e fallback seguro,PostgreSQL core writer indisponível preserva finais confirmados sem novos efeitos sem posse,NAO_QUALIFICADO_NESTA_RODADA,sem execução/evidência vinculada nesta rodada,openspec/changes/hub-interoperabilidade-v4/specs/desempenho-e-operacao/spec.md,249,363db7fd0613b909c75beaeb9eb7dfe1e3cb52c8f4ecbbbbb697241e381dde9b
hub-interoperabilidade-v4:OPE-13:S004,OPE-13:S004,hub-interoperabilidade-v4,OPE-13,Matriz de dependências e fallback seguro,Banco financeiro indisponível restringe reservas estritas,NAO_QUALIFICADO_NESTA_RODADA,sem execução/evidência vinculada nesta rodada,openspec/changes/hub-interoperabilidade-v4/specs/desempenho-e-operacao/spec.md,254,363db7fd0613b909c75beaeb9eb7dfe1e3cb52c8f4ecbbbbb697241e381dde9b
hub-interoperabilidade-v4:OPE-13:S005,OPE-13:S005,hub-interoperabilidade-v4,OPE-13,Matriz de dependências e fallback seguro,SNS/SQS indisponível recusa ASYNC sem slot durável,NAO_QUALIFICADO_NESTA_RODADA,sem execução/evidência vinculada nesta rodada,openspec/changes/hub-interoperabilidade-v4/specs/desempenho-e-operacao/spec.md,259,363db7fd0613b909c75beaeb9eb7dfe1e3cb52c8f4ecbbbbb697241e381dde9b
hub-interoperabilidade-v4:OPE-13:S006,OPE-13:S006,hub-interoperabilidade-v4,OPE-13,Matriz de dependências e fallback seguro,S3 indisponível não finaliza sucesso com referência não confirmada,NAO_QUALIFICADO_NESTA_RODADA,sem execução/evidência vinculada nesta rodada,openspec/changes/hub-interoperabilidade-v4/specs/desempenho-e-operacao/spec.md,264,363db7fd0613b909c75beaeb9eb7dfe1e3cb52c8f4ecbbbbb697241e381dde9b
hub-interoperabilidade-v4:OPE-13:S007,OPE-13:S007,hub-interoperabilidade-v4,OPE-13,Matriz de dependências e fallback seguro,Cofre/KMS indisponível bloqueia apenas o binding afetado,NAO_QUALIFICADO_NESTA_RODADA,sem execução/evidência vinculada nesta rodada,openspec/changes/hub-interoperabilidade-v4/specs/desempenho-e-operacao/spec.md,269,363db7fd0613b909c75beaeb9eb7dfe1e3cb52c8f4ecbbbbb697241e381dde9b
hub-interoperabilidade-v4:OPE-13:S008,OPE-13:S008,hub-interoperabilidade-v4,OPE-13,Matriz de dependências e fallback seguro,IdP indisponível não emite nova identidade por conta própria,NAO_QUALIFICADO_NESTA_RODADA,sem execução/evidência vinculada nesta rodada,openspec/changes/hub-interoperabilidade-v4/specs/desempenho-e-operacao/spec.md,274,363db7fd0613b909c75beaeb9eb7dfe1e3cb52c8f4ecbbbbb697241e381dde9b
hub-interoperabilidade-v4:OPE-13:S009,OPE-13:S009,hub-interoperabilidade-v4,OPE-13,Matriz de dependências e fallback seguro,Controlador de quota externa em partição nega novos tokens,NAO_QUALIFICADO_NESTA_RODADA,sem execução/evidência vinculada nesta rodada,openspec/changes/hub-interoperabilidade-v4/specs/desempenho-e-operacao/spec.md,279,363db7fd0613b909c75beaeb9eb7dfe1e3cb52c8f4ecbbbbb697241e381dde9b
hub-interoperabilidade-v4:OPE-13:S010,OPE-13:S010,hub-interoperabilidade-v4,OPE-13,Matriz de dependências e fallback seguro,Provedor específico indisponível isola apenas o vínculo afetado,NAO_QUALIFICADO_NESTA_RODADA,sem execução/evidência vinculada nesta rodada,openspec/changes/hub-interoperabilidade-v4/specs/desempenho-e-operacao/spec.md,284,363db7fd0613b909c75beaeb9eb7dfe1e3cb52c8f4ecbbbbb697241e381dde9b
hub-interoperabilidade-v4:OPE-13:S011,OPE-13:S011,hub-interoperabilidade-v4,OPE-13,Matriz de dependências e fallback seguro,Webhook do cliente indisponível preserva obrigação sem reexecutar produto,NAO_QUALIFICADO_NESTA_RODADA,sem execução/evidência vinculada nesta rodada,openspec/changes/hub-interoperabilidade-v4/specs/desempenho-e-operacao/spec.md,289,363db7fd0613b909c75beaeb9eb7dfe1e3cb52c8f4ecbbbbb697241e381dde9b
hub-interoperabilidade-v4:OPE-13:S012,OPE-13:S012,hub-interoperabilidade-v4,OPE-13,Matriz de dependências e fallback seguro,Observabilidade indisponível não bloqueia auditoria de negócio,NAO_QUALIFICADO_NESTA_RODADA,sem execução/evidência vinculada nesta rodada,openspec/changes/hub-interoperabilidade-v4/specs/desempenho-e-operacao/spec.md,294,363db7fd0613b909c75beaeb9eb7dfe1e3cb52c8f4ecbbbbb697241e381dde9b
hub-interoperabilidade-v4:OPE-13:S013,OPE-13:S013,hub-interoperabilidade-v4,OPE-13,Matriz de dependências e fallback seguro,Kubernetes API/Crossplane/Karpenter indisponíveis mantêm workloads saudáveis,NAO_QUALIFICADO_NESTA_RODADA,sem execução/evidência vinculada nesta rodada,openspec/changes/hub-interoperabilidade-v4/specs/desempenho-e-operacao/spec.md,299,363db7fd0613b909c75beaeb9eb7dfe1e3cb52c8f4ecbbbbb697241e381dde9b
hub-interoperabilidade-v4:OPE-14:S001,OPE-14:S001,hub-interoperabilidade-v4,OPE-14,Manutenção sem indisponibilidade evitável,Canary/rolling de APIs e workers preserva intenção,NAO_QUALIFICADO_NESTA_RODADA,sem execução/evidência vinculada nesta rodada,openspec/changes/hub-interoperabilidade-v4/specs/desempenho-e-operacao/spec.md,307,363db7fd0613b909c75beaeb9eb7dfe1e3cb52c8f4ecbbbbb697241e381dde9b
hub-interoperabilidade-v4:OPE-14:S002,OPE-14:S002,hub-interoperabilidade-v4,OPE-14,Manutenção sem indisponibilidade evitável,"Manutenção de PostgreSQL demonstra RTO real, não apenas ""multi-AZ""",NAO_QUALIFICADO_NESTA_RODADA,sem execução/evidência vinculada nesta rodada,openspec/changes/hub-interoperabilidade-v4/specs/desempenho-e-operacao/spec.md,312,363db7fd0613b909c75beaeb9eb7dfe1e3cb52c8f4ecbbbbb697241e381dde9b
hub-interoperabilidade-v4:OPE-14:S003,OPE-14:S003,hub-interoperabilidade-v4,OPE-14,Manutenção sem indisponibilidade evitável,Manutenção que excede orçamento síncrono é falha de disponibilidade,NAO_QUALIFICADO_NESTA_RODADA,sem execução/evidência vinculada nesta rodada,openspec/changes/hub-interoperabilidade-v4/specs/desempenho-e-operacao/spec.md,317,363db7fd0613b909c75beaeb9eb7dfe1e3cb52c8f4ecbbbbb697241e381dde9b
hub-interoperabilidade-v4:OPE-15:S001,OPE-15:S001,hub-interoperabilidade-v4,OPE-15,"Criticidade, tolerância a falhas e continuidade operacional","99,99% mensal não prova adequação a impacto crítico",NAO_QUALIFICADO_NESTA_RODADA,sem execução/evidência vinculada nesta rodada,openspec/changes/hub-interoperabilidade-v4/specs/desempenho-e-operacao/spec.md,325,363db7fd0613b909c75beaeb9eb7dfe1e3cb52c8f4ecbbbbb697241e381dde9b
hub-interoperabilidade-v4:OPE-15:S002,OPE-15:S002,hub-interoperabilidade-v4,OPE-15,"Criticidade, tolerância a falhas e continuidade operacional",Perda de região com RPO zero exige autoridade transacional qualificada,NAO_QUALIFICADO_NESTA_RODADA,sem execução/evidência vinculada nesta rodada,openspec/changes/hub-interoperabilidade-v4/specs/desempenho-e-operacao/spec.md,330,363db7fd0613b909c75beaeb9eb7dfe1e3cb52c8f4ecbbbbb697241e381dde9b
hub-interoperabilidade-v4:OPE-15:S003,OPE-15:S003,hub-interoperabilidade-v4,OPE-15,"Criticidade, tolerância a falhas e continuidade operacional",Durante partição regional apenas um lado aceita efeitos,NAO_QUALIFICADO_NESTA_RODADA,sem execução/evidência vinculada nesta rodada,openspec/changes/hub-interoperabilidade-v4/specs/desempenho-e-operacao/spec.md,335,363db7fd0613b909c75beaeb9eb7dfe1e3cb52c8f4ecbbbbb697241e381dde9b
hub-interoperabilidade-v4:OPE-15:S004,OPE-15:S004,hub-interoperabilidade-v4,OPE-15,"Criticidade, tolerância a falhas e continuidade operacional",Contrato de contingência do consumidor define uso de resultado antigo,NAO_QUALIFICADO_NESTA_RODADA,sem execução/evidência vinculada nesta rodada,openspec/changes/hub-interoperabilidade-v4/specs/desempenho-e-operacao/spec.md,340,363db7fd0613b909c75beaeb9eb7dfe1e3cb52c8f4ecbbbbb697241e381dde9b
hub-interoperabilidade-v4:EXE-01:S001,EXE-01:S001,hub-interoperabilidade-v4,EXE-01,Admissão durável,Mesma chave e mesmo hash recuperam o protocolo existente,NAO_QUALIFICADO_NESTA_RODADA,sem execução/evidência vinculada nesta rodada,openspec/changes/hub-interoperabilidade-v4/specs/execucao-e-integracoes/spec.md,8,363db7fd0613b909c75beaeb9eb7dfe1e3cb52c8f4ecbbbbb697241e381dde9b
hub-interoperabilidade-v4:EXE-01:S002,EXE-01:S002,hub-interoperabilidade-v4,EXE-01,Admissão durável,Mesma chave com payload diferente retorna conflito,NAO_QUALIFICADO_NESTA_RODADA,sem execução/evidência vinculada nesta rodada,openspec/changes/hub-interoperabilidade-v4/specs/execucao-e-integracoes/spec.md,13,363db7fd0613b909c75beaeb9eb7dfe1e3cb52c8f4ecbbbbb697241e381dde9b
hub-interoperabilidade-v4:EXE-01:S003,EXE-01:S003,hub-interoperabilidade-v4,EXE-01,Admissão durável,Resposta perdida após commit é recuperada pela repetição da mesma chave,NAO_QUALIFICADO_NESTA_RODADA,sem execução/evidência vinculada nesta rodada,openspec/changes/hub-interoperabilidade-v4/specs/execucao-e-integracoes/spec.md,18,363db7fd0613b909c75beaeb9eb7dfe1e3cb52c8f4ecbbbbb697241e381dde9b
hub-interoperabilidade-v4:EXE-01:S004,EXE-01:S004,hub-interoperabilidade-v4,EXE-01,Admissão durável,Ausência de banco de admissão impede confirmar aceite em memória,NAO_QUALIFICADO_NESTA_RODADA,sem execução/evidência vinculada nesta rodada,openspec/changes/hub-interoperabilidade-v4/specs/execucao-e-integracoes/spec.md,23,363db7fd0613b909c75beaeb9eb7dfe1e3cb52c8f4ecbbbbb697241e381dde9b
hub-interoperabilidade-v4:EXE-02:S001,EXE-02:S001,hub-interoperabilidade-v4,EXE-02,Modos de atendimento,Provedor síncrono em SYNC não converte para 202,NAO_QUALIFICADO_NESTA_RODADA,sem execução/evidência vinculada nesta rodada,openspec/changes/hub-interoperabilidade-v4/specs/execucao-e-integracoes/spec.md,31,363db7fd0613b909c75beaeb9eb7dfe1e3cb52c8f4ecbbbbb697241e381dde9b
hub-interoperabilidade-v4:EXE-02:S002,EXE-02:S002,hub-interoperabilidade-v4,EXE-02,Modos de atendimento,Provedor síncrono em AUTO aguarda fila sem equivaler a SYNC,NAO_QUALIFICADO_NESTA_RODADA,sem execução/evidência vinculada nesta rodada,openspec/changes/hub-interoperabilidade-v4/specs/execucao-e-integracoes/spec.md,36,363db7fd0613b909c75beaeb9eb7dfe1e3cb52c8f4ecbbbbb697241e381dde9b
hub-interoperabilidade-v4:EXE-02:S003,EXE-02:S003,hub-interoperabilidade-v4,EXE-02,Modos de atendimento,Prazo SYNC esgotado retorna 504 com final de expiração já persistido,NAO_QUALIFICADO_NESTA_RODADA,sem execução/evidência vinculada nesta rodada,openspec/changes/hub-interoperabilidade-v4/specs/execucao-e-integracoes/spec.md,41,363db7fd0613b909c75beaeb9eb7dfe1e3cb52c8f4ecbbbbb697241e381dde9b
hub-interoperabilidade-v4:EXE-02:S004,EXE-02:S004,hub-interoperabilidade-v4,EXE-02,Modos de atendimento,Provedor assíncrono em SYNC não é ofertado sem nova decisão,NAO_QUALIFICADO_NESTA_RODADA,sem execução/evidência vinculada nesta rodada,openspec/changes/hub-interoperabilidade-v4/specs/execucao-e-integracoes/spec.md,46,363db7fd0613b909c75beaeb9eb7dfe1e3cb52c8f4ecbbbbb697241e381dde9b
hub-interoperabilidade-v4:EXE-03:S001,EXE-03:S001,hub-interoperabilidade-v4,EXE-03,Estados e autoridade,"Cometa decide o fato externo, Órbita decide a conclusão do passo",NAO_QUALIFICADO_NESTA_RODADA,sem execução/evidência vinculada nesta rodada,openspec/changes/hub-interoperabilidade-v4/specs/execucao-e-integracoes/spec.md,54,363db7fd0613b909c75beaeb9eb7dfe1e3cb52c8f4ecbbbbb697241e381dde9b
hub-interoperabilidade-v4:EXE-03:S002,EXE-03:S002,hub-interoperabilidade-v4,EXE-03,Estados e autoridade,UNKNOWN não vira FAILED por conveniência,NAO_QUALIFICADO_NESTA_RODADA,sem execução/evidência vinculada nesta rodada,openspec/changes/hub-interoperabilidade-v4/specs/execucao-e-integracoes/spec.md,59,363db7fd0613b909c75beaeb9eb7dfe1e3cb52c8f4ecbbbbb697241e381dde9b
hub-interoperabilidade-v4:EXE-03:S003,EXE-03:S003,hub-interoperabilidade-v4,EXE-03,Estados e autoridade,CANCELLED exige inexistência comprovada de efeitos pendentes,NAO_QUALIFICADO_NESTA_RODADA,sem execução/evidência vinculada nesta rodada,openspec/changes/hub-interoperabilidade-v4/specs/execucao-e-integracoes/spec.md,64,363db7fd0613b909c75beaeb9eb7dfe1e3cb52c8f4ecbbbbb697241e381dde9b
hub-interoperabilidade-v4:EXE-03:S004,EXE-03:S004,hub-interoperabilidade-v4,EXE-03,Estados e autoridade,Evento intermediário atrasado não regride estado final,NAO_QUALIFICADO_NESTA_RODADA,sem execução/evidência vinculada nesta rodada,openspec/changes/hub-interoperabilidade-v4/specs/execucao-e-integracoes/spec.md,69,363db7fd0613b909c75beaeb9eb7dfe1e3cb52c8f4ecbbbbb697241e381dde9b
hub-interoperabilidade-v4:EXE-04:S001,EXE-04:S001,hub-interoperabilidade-v4,EXE-04,Operação e correlação,"Callback sem correlação vira UNCORRELATED, não associado por heurística",NAO_QUALIFICADO_NESTA_RODADA,sem execução/evidência vinculada nesta rodada,openspec/changes/hub-interoperabilidade-v4/specs/execucao-e-integracoes/spec.md,77,363db7fd0613b909c75beaeb9eb7dfe1e3cb52c8f4ecbbbbb697241e381dde9b
hub-interoperabilidade-v4:EXE-04:S002,EXE-04:S002,hub-interoperabilidade-v4,EXE-04,Operação e correlação,Troca autorizada de provedor cria nova operação vinculada ao mesmo passo,NAO_QUALIFICADO_NESTA_RODADA,sem execução/evidência vinculada nesta rodada,openspec/changes/hub-interoperabilidade-v4/specs/execucao-e-integracoes/spec.md,82,363db7fd0613b909c75beaeb9eb7dfe1e3cb52c8f4ecbbbbb697241e381dde9b
hub-interoperabilidade-v4:EXE-04:S003,EXE-04:S003,hub-interoperabilidade-v4,EXE-04,Operação e correlação,"Crash após envio sem resposta persistida exige reconstrução, não invenção de final",NAO_QUALIFICADO_NESTA_RODADA,sem execução/evidência vinculada nesta rodada,openspec/changes/hub-interoperabilidade-v4/specs/execucao-e-integracoes/spec.md,87,363db7fd0613b909c75beaeb9eb7dfe1e3cb52c8f4ecbbbbb697241e381dde9b
hub-interoperabilidade-v4:EXE-05:S001,EXE-05:S001,hub-interoperabilidade-v4,EXE-05,Polling configurável,Defaults propostos não se aplicam sem aprovação do vínculo,NAO_QUALIFICADO_NESTA_RODADA,sem execução/evidência vinculada nesta rodada,openspec/changes/hub-interoperabilidade-v4/specs/execucao-e-integracoes/spec.md,95,363db7fd0613b909c75beaeb9eb7dfe1e3cb52c8f4ecbbbbb697241e381dde9b
hub-interoperabilidade-v4:EXE-05:S002,EXE-05:S002,hub-interoperabilidade-v4,EXE-05,Polling configurável,"Retry-After respeitado dentro do prazo, expiração tratada além do deadline",NAO_QUALIFICADO_NESTA_RODADA,sem execução/evidência vinculada nesta rodada,openspec/changes/hub-interoperabilidade-v4/specs/execucao-e-integracoes/spec.md,100,363db7fd0613b909c75beaeb9eb7dfe1e3cb52c8f4ecbbbbb697241e381dde9b
hub-interoperabilidade-v4:EXE-05:S003,EXE-05:S003,hub-interoperabilidade-v4,EXE-05,Polling configurável,Worker reclama trabalho de forma exclusiva sem manter transação dormindo,NAO_QUALIFICADO_NESTA_RODADA,sem execução/evidência vinculada nesta rodada,openspec/changes/hub-interoperabilidade-v4/specs/execucao-e-integracoes/spec.md,105,363db7fd0613b909c75beaeb9eb7dfe1e3cb52c8f4ecbbbbb697241e381dde9b
hub-interoperabilidade-v4:EXE-05:S004,EXE-05:S004,hub-interoperabilidade-v4,EXE-05,Polling configurável,Pausar polling não cancela a operação nem apaga o prazo,NAO_QUALIFICADO_NESTA_RODADA,sem execução/evidência vinculada nesta rodada,openspec/changes/hub-interoperabilidade-v4/specs/execucao-e-integracoes/spec.md,110,363db7fd0613b909c75beaeb9eb7dfe1e3cb52c8f4ecbbbbb697241e381dde9b
hub-interoperabilidade-v4:EXE-06:S001,EXE-06:S001,hub-interoperabilidade-v4,EXE-06,Concorrência entre callback e polling,Callback e polling com o mesmo final aplicam transição única,NAO_QUALIFICADO_NESTA_RODADA,sem execução/evidência vinculada nesta rodada,openspec/changes/hub-interoperabilidade-v4/specs/execucao-e-integracoes/spec.md,118,363db7fd0613b909c75beaeb9eb7dfe1e3cb52c8f4ecbbbbb697241e381dde9b
hub-interoperabilidade-v4:EXE-06:S002,EXE-06:S002,hub-interoperabilidade-v4,EXE-06,Concorrência entre callback e polling,Finais conflitantes preservam ambos e marcam CONFLICT,NAO_QUALIFICADO_NESTA_RODADA,sem execução/evidência vinculada nesta rodada,openspec/changes/hub-interoperabilidade-v4/specs/execucao-e-integracoes/spec.md,123,363db7fd0613b909c75beaeb9eb7dfe1e3cb52c8f4ecbbbbb697241e381dde9b
hub-interoperabilidade-v4:EXE-06:S003,EXE-06:S003,hub-interoperabilidade-v4,EXE-06,Concorrência entre callback e polling,"""Não encontrado"" logo após submit usa janela documentada, sem reiniciar às cegas",NAO_QUALIFICADO_NESTA_RODADA,sem execução/evidência vinculada nesta rodada,openspec/changes/hub-interoperabilidade-v4/specs/execucao-e-integracoes/spec.md,128,363db7fd0613b909c75beaeb9eb7dfe1e3cb52c8f4ecbbbbb697241e381dde9b
hub-interoperabilidade-v4:EXE-07:S001,EXE-07:S001,hub-interoperabilidade-v4,EXE-07,Contrato de consultas públicas,Consultar resultado expurgado retorna 410 sem nova busca externa,NAO_QUALIFICADO_NESTA_RODADA,sem execução/evidência vinculada nesta rodada,openspec/changes/hub-interoperabilidade-v4/specs/execucao-e-integracoes/spec.md,136,363db7fd0613b909c75beaeb9eb7dfe1e3cb52c8f4ecbbbbb697241e381dde9b
hub-interoperabilidade-v4:EXE-07:S002,EXE-07:S002,hub-interoperabilidade-v4,EXE-07,Contrato de consultas públicas,Solicitar cancelamento registra intenção durável sem afirmar conclusão externa,NAO_QUALIFICADO_NESTA_RODADA,sem execução/evidência vinculada nesta rodada,openspec/changes/hub-interoperabilidade-v4/specs/execucao-e-integracoes/spec.md,141,363db7fd0613b909c75beaeb9eb7dfe1e3cb52c8f4ecbbbbb697241e381dde9b
hub-interoperabilidade-v4:EXE-07:S003,EXE-07:S003,hub-interoperabilidade-v4,EXE-07,Contrato de consultas públicas,Consultas públicas não incrementam o medidor de execução do provedor,NAO_QUALIFICADO_NESTA_RODADA,sem execução/evidência vinculada nesta rodada,openspec/changes/hub-interoperabilidade-v4/specs/execucao-e-integracoes/spec.md,146,363db7fd0613b909c75beaeb9eb7dfe1e3cb52c8f4ecbbbbb697241e381dde9b
hub-interoperabilidade-v4:EXE-07:S004,EXE-07:S004,hub-interoperabilidade-v4,EXE-07,Contrato de consultas públicas,Atualizar/reexecutar cria novo protocolo com referência ao anterior,NAO_QUALIFICADO_NESTA_RODADA,sem execução/evidência vinculada nesta rodada,openspec/changes/hub-interoperabilidade-v4/specs/execucao-e-integracoes/spec.md,151,363db7fd0613b909c75beaeb9eb7dfe1e3cb52c8f4ecbbbbb697241e381dde9b
hub-interoperabilidade-v4:EXE-08:S001,EXE-08:S001,hub-interoperabilidade-v4,EXE-08,Webhooks,Recibo é persistido antes da resposta 2xx ao provedor,NAO_QUALIFICADO_NESTA_RODADA,sem execução/evidência vinculada nesta rodada,openspec/changes/hub-interoperabilidade-v4/specs/execucao-e-integracoes/spec.md,159,363db7fd0613b909c75beaeb9eb7dfe1e3cb52c8f4ecbbbbb697241e381dde9b
hub-interoperabilidade-v4:EXE-08:S002,EXE-08:S002,hub-interoperabilidade-v4,EXE-08,Webhooks,"Destino de webhook precisa estar previamente cadastrado, sem URL arbitrária por pedido",NAO_QUALIFICADO_NESTA_RODADA,sem execução/evidência vinculada nesta rodada,openspec/changes/hub-interoperabilidade-v4/specs/execucao-e-integracoes/spec.md,164,363db7fd0613b909c75beaeb9eb7dfe1e3cb52c8f4ecbbbbb697241e381dde9b
hub-interoperabilidade-v4:EXE-08:S003,EXE-08:S003,hub-interoperabilidade-v4,EXE-08,Webhooks,Erros de entrega são classificados por família de status HTTP,NAO_QUALIFICADO_NESTA_RODADA,sem execução/evidência vinculada nesta rodada,openspec/changes/hub-interoperabilidade-v4/specs/execucao-e-integracoes/spec.md,169,363db7fd0613b909c75beaeb9eb7dfe1e3cb52c8f4ecbbbbb697241e381dde9b
hub-interoperabilidade-v4:EXE-08:S004,EXE-08:S004,hub-interoperabilidade-v4,EXE-08,Webhooks,"Esgotamento das tentativas gera EXHAUSTED e alerta, resultado permanece disponível",NAO_QUALIFICADO_NESTA_RODADA,sem execução/evidência vinculada nesta rodada,openspec/changes/hub-interoperabilidade-v4/specs/execucao-e-integracoes/spec.md,174,363db7fd0613b909c75beaeb9eb7dfe1e3cb52c8f4ecbbbbb697241e381dde9b
hub-interoperabilidade-v4:EXE-09:S001,EXE-09:S001,hub-interoperabilidade-v4,EXE-09,"Falhas, retry e encerramento",Falha anterior ao envio permite retry seguro,NAO_QUALIFICADO_NESTA_RODADA,sem execução/evidência vinculada nesta rodada,openspec/changes/hub-interoperabilidade-v4/specs/execucao-e-integracoes/spec.md,182,363db7fd0613b909c75beaeb9eb7dfe1e3cb52c8f4ecbbbbb697241e381dde9b
hub-interoperabilidade-v4:EXE-09:S002,EXE-09:S002,hub-interoperabilidade-v4,EXE-09,"Falhas, retry e encerramento",Falha após envio possível exige UNKNOWN e consulta/reenvio idempotente ou reconciliação manual,NAO_QUALIFICADO_NESTA_RODADA,sem execução/evidência vinculada nesta rodada,openspec/changes/hub-interoperabilidade-v4/specs/execucao-e-integracoes/spec.md,187,363db7fd0613b909c75beaeb9eb7dfe1e3cb52c8f4ecbbbbb697241e381dde9b
hub-interoperabilidade-v4:EXE-09:S003,EXE-09:S003,hub-interoperabilidade-v4,EXE-09,"Falhas, retry e encerramento",Resultado tardio após encerramento por SLA não reabre o protocolo,NAO_QUALIFICADO_NESTA_RODADA,sem execução/evidência vinculada nesta rodada,openspec/changes/hub-interoperabilidade-v4/specs/execucao-e-integracoes/spec.md,192,363db7fd0613b909c75beaeb9eb7dfe1e3cb52c8f4ecbbbbb697241e381dde9b
hub-interoperabilidade-v4:EXE-09:S004,EXE-09:S004,hub-interoperabilidade-v4,EXE-09,"Falhas, retry e encerramento","DLQ é diagnóstico, não encerramento da obrigação",NAO_QUALIFICADO_NESTA_RODADA,sem execução/evidência vinculada nesta rodada,openspec/changes/hub-interoperabilidade-v4/specs/execucao-e-integracoes/spec.md,197,363db7fd0613b909c75beaeb9eb7dfe1e3cb52c8f4ecbbbbb697241e381dde9b
hub-interoperabilidade-v4:EXE-10:S001,EXE-10:S001,hub-interoperabilidade-v4,EXE-10,TTL de reprocessamento em segundos,Exemplo numérico de retry_until com TTL 60s e reserva final 5s,NAO_QUALIFICADO_NESTA_RODADA,sem execução/evidência vinculada nesta rodada,openspec/changes/hub-interoperabilidade-v4/specs/execucao-e-integracoes/spec.md,205,363db7fd0613b909c75beaeb9eb7dfe1e3cb52c8f4ecbbbbb697241e381dde9b
hub-interoperabilidade-v4:EXE-10:S002,EXE-10:S002,hub-interoperabilidade-v4,EXE-10,TTL de reprocessamento em segundos,Zero desabilita retry de falha transitória,NAO_QUALIFICADO_NESTA_RODADA,sem execução/evidência vinculada nesta rodada,openspec/changes/hub-interoperabilidade-v4/specs/execucao-e-integracoes/spec.md,210,363db7fd0613b909c75beaeb9eb7dfe1e3cb52c8f4ecbbbbb697241e381dde9b
hub-interoperabilidade-v4:EXE-10:S003,EXE-10:S003,hub-interoperabilidade-v4,EXE-10,TTL de reprocessamento em segundos,Reinício ou troca de provedor não redefine first_transient_at,NAO_QUALIFICADO_NESTA_RODADA,sem execução/evidência vinculada nesta rodada,openspec/changes/hub-interoperabilidade-v4/specs/execucao-e-integracoes/spec.md,215,363db7fd0613b909c75beaeb9eb7dfe1e3cb52c8f4ecbbbbb697241e381dde9b
hub-interoperabilidade-v4:EXE-10:S004,EXE-10:S004,hub-interoperabilidade-v4,EXE-10,TTL de reprocessamento em segundos,Falha sem efeito até esgotar TTL antes do deadline resulta em FAILED com motivo específico,NAO_QUALIFICADO_NESTA_RODADA,sem execução/evidência vinculada nesta rodada,openspec/changes/hub-interoperabilidade-v4/specs/execucao-e-integracoes/spec.md,220,363db7fd0613b909c75beaeb9eb7dfe1e3cb52c8f4ecbbbbb697241e381dde9b
hub-interoperabilidade-v4:EXE-10:S005,EXE-10:S005,hub-interoperabilidade-v4,EXE-10,TTL de reprocessamento em segundos,"Fim do TTL não é, sozinho, causa de término quando o provedor volta a aceitar",NAO_QUALIFICADO_NESTA_RODADA,sem execução/evidência vinculada nesta rodada,openspec/changes/hub-interoperabilidade-v4/specs/execucao-e-integracoes/spec.md,225,363db7fd0613b909c75beaeb9eb7dfe1e3cb52c8f4ecbbbbb697241e381dde9b
hub-interoperabilidade-v4:EXE-11:S001,EXE-11:S001,hub-interoperabilidade-v4,EXE-11,"Deadline, encerramento e disputa temporal",Temporizador encerra o protocolo no deadline mesmo com polling saudável,NAO_QUALIFICADO_NESTA_RODADA,sem execução/evidência vinculada nesta rodada,openspec/changes/hub-interoperabilidade-v4/specs/execucao-e-integracoes/spec.md,233,363db7fd0613b909c75beaeb9eb7dfe1e3cb52c8f4ecbbbbb697241e381dde9b
hub-interoperabilidade-v4:EXE-11:S002,EXE-11:S002,hub-interoperabilidade-v4,EXE-11,"Deadline, encerramento e disputa temporal",Igualdade exata ao deadline é tratada como atraso,NAO_QUALIFICADO_NESTA_RODADA,sem execução/evidência vinculada nesta rodada,openspec/changes/hub-interoperabilidade-v4/specs/execucao-e-integracoes/spec.md,238,363db7fd0613b909c75beaeb9eb7dfe1e3cb52c8f4ecbbbbb697241e381dde9b
hub-interoperabilidade-v4:EXE-11:S003,EXE-11:S003,hub-interoperabilidade-v4,EXE-11,"Deadline, encerramento e disputa temporal",Infraestrutura incapaz de confirmar elegibilidade temporal não emite sucesso,NAO_QUALIFICADO_NESTA_RODADA,sem execução/evidência vinculada nesta rodada,openspec/changes/hub-interoperabilidade-v4/specs/execucao-e-integracoes/spec.md,243,363db7fd0613b909c75beaeb9eb7dfe1e3cb52c8f4ecbbbbb697241e381dde9b
hub-interoperabilidade-v4:EXE-11:S004,EXE-11:S004,hub-interoperabilidade-v4,EXE-11,"Deadline, encerramento e disputa temporal",MONITOR_ONLY e REJECT_LATE aplicam políticas distintas sem afetar o deadline do cliente,NAO_QUALIFICADO_NESTA_RODADA,sem execução/evidência vinculada nesta rodada,openspec/changes/hub-interoperabilidade-v4/specs/execucao-e-integracoes/spec.md,248,363db7fd0613b909c75beaeb9eb7dfe1e3cb52c8f4ecbbbbb697241e381dde9b
hub-interoperabilidade-v4:EXE-12:S001,EXE-12:S001,hub-interoperabilidade-v4,EXE-12,Rejeição de retorno tardio sem apagar evidência,Retorno tardio é persistido como REJECTED_LATE_SLA sem substituir o erro final,NAO_QUALIFICADO_NESTA_RODADA,sem execução/evidência vinculada nesta rodada,openspec/changes/hub-interoperabilidade-v4/specs/execucao-e-integracoes/spec.md,256,363db7fd0613b909c75beaeb9eb7dfe1e3cb52c8f4ecbbbbb697241e381dde9b
hub-interoperabilidade-v4:EXE-12:S002,EXE-12:S002,hub-interoperabilidade-v4,EXE-12,Rejeição de retorno tardio sem apagar evidência,Recusa pode responder 2xx ao provedor sem significar aceitação,NAO_QUALIFICADO_NESTA_RODADA,sem execução/evidência vinculada nesta rodada,openspec/changes/hub-interoperabilidade-v4/specs/execucao-e-integracoes/spec.md,261,363db7fd0613b909c75beaeb9eb7dfe1e3cb52c8f4ecbbbbb697241e381dde9b
hub-interoperabilidade-v4:EXE-12:S003,EXE-12:S003,hub-interoperabilidade-v4,EXE-12,Rejeição de retorno tardio sem apagar evidência,"Reexecução solicitada cria novo protocolo, não reutiliza conteúdo rejeitado",NAO_QUALIFICADO_NESTA_RODADA,sem execução/evidência vinculada nesta rodada,openspec/changes/hub-interoperabilidade-v4/specs/execucao-e-integracoes/spec.md,266,363db7fd0613b909c75beaeb9eb7dfe1e3cb52c8f4ecbbbbb697241e381dde9b
hub-interoperabilidade-v4:EXE-12:S004,EXE-12:S004,hub-interoperabilidade-v4,EXE-12,Rejeição de retorno tardio sem apagar evidência,GET e webhook de encerramento continuam devolvendo a representação de erro original,NAO_QUALIFICADO_NESTA_RODADA,sem execução/evidência vinculada nesta rodada,openspec/changes/hub-interoperabilidade-v4/specs/execucao-e-integracoes/spec.md,271,363db7fd0613b909c75beaeb9eb7dfe1e3cb52c8f4ecbbbbb697241e381dde9b
hub-interoperabilidade-v4:EXE-13:S001,EXE-13:S001,hub-interoperabilidade-v4,EXE-13,Paralelismo e espera eficiente,Passos READY sem dependências pendentes são agendados em paralelo dentro de limites,NAO_QUALIFICADO_NESTA_RODADA,sem execução/evidência vinculada nesta rodada,openspec/changes/hub-interoperabilidade-v4/specs/execucao-e-integracoes/spec.md,279,363db7fd0613b909c75beaeb9eb7dfe1e3cb52c8f4ecbbbbb697241e381dde9b
hub-interoperabilidade-v4:EXE-13:S002,EXE-13:S002,hub-interoperabilidade-v4,EXE-13,Paralelismo e espera eficiente,"Espera de polling/retry usa timers persistidos, não thread dedicada",NAO_QUALIFICADO_NESTA_RODADA,sem execução/evidência vinculada nesta rodada,openspec/changes/hub-interoperabilidade-v4/specs/execucao-e-integracoes/spec.md,284,363db7fd0613b909c75beaeb9eb7dfe1e3cb52c8f4ecbbbbb697241e381dde9b
hub-interoperabilidade-v4:EXE-13:S003,EXE-13:S003,hub-interoperabilidade-v4,EXE-13,Paralelismo e espera eficiente,Cancelar espera local não prova que o provedor cancelou a operação,NAO_QUALIFICADO_NESTA_RODADA,sem execução/evidência vinculada nesta rodada,openspec/changes/hub-interoperabilidade-v4/specs/execucao-e-integracoes/spec.md,289,363db7fd0613b909c75beaeb9eb7dfe1e3cb52c8f4ecbbbbb697241e381dde9b
hub-interoperabilidade-v4:EXE-14:S001,EXE-14:S001,hub-interoperabilidade-v4,EXE-14,"SYNC direto, prazo e resposta final",Pedido pode reduzir mas não ampliar connection_deadline_at,NAO_QUALIFICADO_NESTA_RODADA,sem execução/evidência vinculada nesta rodada,openspec/changes/hub-interoperabilidade-v4/specs/execucao-e-integracoes/spec.md,297,363db7fd0613b909c75beaeb9eb7dfe1e3cb52c8f4ecbbbbb697241e381dde9b
hub-interoperabilidade-v4:EXE-14:S002,EXE-14:S002,hub-interoperabilidade-v4,EXE-14,"SYNC direto, prazo e resposta final","SYNC não retorna 202 diante de fila, provedor lento ou banco em failover",NAO_QUALIFICADO_NESTA_RODADA,sem execução/evidência vinculada nesta rodada,openspec/changes/hub-interoperabilidade-v4/specs/execucao-e-integracoes/spec.md,302,363db7fd0613b909c75beaeb9eb7dfe1e3cb52c8f4ecbbbbb697241e381dde9b
hub-interoperabilidade-v4:EXE-14:S003,EXE-14:S003,hub-interoperabilidade-v4,EXE-14,"SYNC direto, prazo e resposta final",Aceite que já consome o orçamento útil é recusado antes de efeito externo,NAO_QUALIFICADO_NESTA_RODADA,sem execução/evidência vinculada nesta rodada,openspec/changes/hub-interoperabilidade-v4/specs/execucao-e-integracoes/spec.md,307,363db7fd0613b909c75beaeb9eb7dfe1e3cb52c8f4ecbbbbb697241e381dde9b
hub-interoperabilidade-v4:EXE-14:S004,EXE-14:S004,hub-interoperabilidade-v4,EXE-14,"SYNC direto, prazo e resposta final",Fechamento da conexão interrompe espera local sem provar cancelamento do provedor,NAO_QUALIFICADO_NESTA_RODADA,sem execução/evidência vinculada nesta rodada,openspec/changes/hub-interoperabilidade-v4/specs/execucao-e-integracoes/spec.md,312,363db7fd0613b909c75beaeb9eb7dfe1e3cb52c8f4ecbbbbb697241e381dde9b
hub-interoperabilidade-v4:EXE-14:S005,EXE-14:S005,hub-interoperabilidade-v4,EXE-14,"SYNC direto, prazo e resposta final","Mesmo corpo final é retornado na criação SYNC, no GET e no webhook",NAO_QUALIFICADO_NESTA_RODADA,sem execução/evidência vinculada nesta rodada,openspec/changes/hub-interoperabilidade-v4/specs/execucao-e-integracoes/spec.md,317,363db7fd0613b909c75beaeb9eb7dfe1e3cb52c8f4ecbbbbb697241e381dde9b
hub-interoperabilidade-v4:EXE-15:S001,EXE-15:S001,hub-interoperabilidade-v4,EXE-15,"Posse única entre despacho direto, fila e recuperação",Intenção DIRECT não é duplicada como comando de execução em SQS,NAO_QUALIFICADO_NESTA_RODADA,sem execução/evidência vinculada nesta rodada,openspec/changes/hub-interoperabilidade-v4/specs/execucao-e-integracoes/spec.md,325,363db7fd0613b909c75beaeb9eb7dfe1e3cb52c8f4ecbbbbb697241e381dde9b
hub-interoperabilidade-v4:EXE-15:S002,EXE-15:S002,hub-interoperabilidade-v4,EXE-15,"Posse única entre despacho direto, fila e recuperação",Lease expirado sozinho não torna seguro um segundo submit,NAO_QUALIFICADO_NESTA_RODADA,sem execução/evidência vinculada nesta rodada,openspec/changes/hub-interoperabilidade-v4/specs/execucao-e-integracoes/spec.md,330,363db7fd0613b909c75beaeb9eb7dfe1e3cb52c8f4ecbbbbb697241e381dde9b
hub-interoperabilidade-v4:EXE-15:S003,EXE-15:S003,hub-interoperabilidade-v4,EXE-15,"Posse única entre despacho direto, fila e recuperação",Transferência para fila conserva command_id/operation_id sem mudar modo ou estender deadline,NAO_QUALIFICADO_NESTA_RODADA,sem execução/evidência vinculada nesta rodada,openspec/changes/hub-interoperabilidade-v4/specs/execucao-e-integracoes/spec.md,335,363db7fd0613b909c75beaeb9eb7dfe1e3cb52c8f4ecbbbbb697241e381dde9b
hub-interoperabilidade-v4:EXE-15:S004,EXE-15:S004,hub-interoperabilidade-v4,EXE-15,"Posse única entre despacho direto, fila e recuperação",Crash após final do Cometa e antes da resposta direta é resolvido por leitura da operação existente,NAO_QUALIFICADO_NESTA_RODADA,sem execução/evidência vinculada nesta rodada,openspec/changes/hub-interoperabilidade-v4/specs/execucao-e-integracoes/spec.md,340,363db7fd0613b909c75beaeb9eb7dfe1e3cb52c8f4ecbbbbb697241e381dde9b
hub-interoperabilidade-v4:EXE-15:S005,EXE-15:S005,hub-interoperabilidade-v4,EXE-15,"Posse única entre despacho direto, fila e recuperação","Em SYNC com conexão perdida, a obrigação durável continua sem prometer resposta à conexão encerrada",NAO_QUALIFICADO_NESTA_RODADA,sem execução/evidência vinculada nesta rodada,openspec/changes/hub-interoperabilidade-v4/specs/execucao-e-integracoes/spec.md,345,363db7fd0613b909c75beaeb9eb7dfe1e3cb52c8f4ecbbbbb697241e381dde9b
hub-interoperabilidade-v4:EXE-16:S001,EXE-16:S001,hub-interoperabilidade-v4,EXE-16,"UUIDv7, repetição e consulta futura",Repetição da mesma Idempotency-Key recupera o mesmo UUID mesmo sem resposta anterior recebida,NAO_QUALIFICADO_NESTA_RODADA,sem execução/evidência vinculada nesta rodada,openspec/changes/hub-interoperabilidade-v4/specs/execucao-e-integracoes/spec.md,353,363db7fd0613b909c75beaeb9eb7dfe1e3cb52c8f4ecbbbbb697241e381dde9b
hub-interoperabilidade-v4:EXE-16:S002,EXE-16:S002,hub-interoperabilidade-v4,EXE-16,"UUIDv7, repetição e consulta futura",Componente temporal do UUIDv7 não prova autorização nem commit,NAO_QUALIFICADO_NESTA_RODADA,sem execução/evidência vinculada nesta rodada,openspec/changes/hub-interoperabilidade-v4/specs/execucao-e-integracoes/spec.md,358,363db7fd0613b909c75beaeb9eb7dfe1e3cb52c8f4ecbbbbb697241e381dde9b
hub-interoperabilidade-v4:EXE-16:S003,EXE-16:S003,hub-interoperabilidade-v4,EXE-16,"UUIDv7, repetição e consulta futura",Nenhuma credencial de cliente consulta outro tenant por conhecer o UUID,NAO_QUALIFICADO_NESTA_RODADA,sem execução/evidência vinculada nesta rodada,openspec/changes/hub-interoperabilidade-v4/specs/execucao-e-integracoes/spec.md,363,363db7fd0613b909c75beaeb9eb7dfe1e3cb52c8f4ecbbbbb697241e381dde9b
hub-interoperabilidade-v4:EXE-16:S004,EXE-16:S004,hub-interoperabilidade-v4,EXE-16,"UUIDv7, repetição e consulta futura",Request_id técnico de pedido recusado antes do commit não é anunciado como protocolo aceito,NAO_QUALIFICADO_NESTA_RODADA,sem execução/evidência vinculada nesta rodada,openspec/changes/hub-interoperabilidade-v4/specs/execucao-e-integracoes/spec.md,368,363db7fd0613b909c75beaeb9eb7dfe1e3cb52c8f4ecbbbbb697241e381dde9b
hub-interoperabilidade-v4:DAD-01:S001,DAD-01:S001,hub-interoperabilidade-v4,DAD-01,Bancos e propriedade,"Isolamento entre domínios impede join, escrita cruzada e chave estrangeira",NAO_QUALIFICADO_NESTA_RODADA,sem execução/evidência vinculada nesta rodada,openspec/changes/hub-interoperabilidade-v4/specs/persistencia-e-dados/spec.md,8,363db7fd0613b909c75beaeb9eb7dfe1e3cb52c8f4ecbbbbb697241e381dde9b
hub-interoperabilidade-v4:DAD-01:S002,DAD-01:S002,hub-interoperabilidade-v4,DAD-01,Bancos e propriedade,Contrato de saldo estrito mantém uma única autoridade financeira ativa,NAO_QUALIFICADO_NESTA_RODADA,sem execução/evidência vinculada nesta rodada,openspec/changes/hub-interoperabilidade-v4/specs/persistencia-e-dados/spec.md,13,363db7fd0613b909c75beaeb9eb7dfe1e3cb52c8f4ecbbbbb697241e381dde9b
hub-interoperabilidade-v4:DAD-01:S003,DAD-01:S003,hub-interoperabilidade-v4,DAD-01,Bancos e propriedade,Ausência em réplica atrasada não é tratada como inexistência do registro,NAO_QUALIFICADO_NESTA_RODADA,sem execução/evidência vinculada nesta rodada,openspec/changes/hub-interoperabilidade-v4/specs/persistencia-e-dados/spec.md,18,363db7fd0613b909c75beaeb9eb7dfe1e3cb52c8f4ecbbbbb697241e381dde9b
hub-interoperabilidade-v4:DAD-02:S001,DAD-02:S001,hub-interoperabilidade-v4,DAD-02,Modelo lógico mínimo,Unicidade de idempotência do Protocolo é preservada sob concorrência,NAO_QUALIFICADO_NESTA_RODADA,sem execução/evidência vinculada nesta rodada,openspec/changes/hub-interoperabilidade-v4/specs/persistencia-e-dados/spec.md,26,363db7fd0613b909c75beaeb9eb7dfe1e3cb52c8f4ecbbbbb697241e381dde9b
hub-interoperabilidade-v4:DAD-02:S002,DAD-02:S002,hub-interoperabilidade-v4,DAD-02,Modelo lógico mínimo,Resultado é imutável por versão e só o ponteiro atual muda com auditoria,NAO_QUALIFICADO_NESTA_RODADA,sem execução/evidência vinculada nesta rodada,openspec/changes/hub-interoperabilidade-v4/specs/persistencia-e-dados/spec.md,31,363db7fd0613b909c75beaeb9eb7dfe1e3cb52c8f4ecbbbbb697241e381dde9b
hub-interoperabilidade-v4:DAD-02:S003,DAD-02:S003,hub-interoperabilidade-v4,DAD-02,Modelo lógico mínimo,Campos de negócio consultados com frequência não ficam escondidos apenas em JSON,NAO_QUALIFICADO_NESTA_RODADA,sem execução/evidência vinculada nesta rodada,openspec/changes/hub-interoperabilidade-v4/specs/persistencia-e-dados/spec.md,36,363db7fd0613b909c75beaeb9eb7dfe1e3cb52c8f4ecbbbbb697241e381dde9b
hub-interoperabilidade-v4:DAD-03:S001,DAD-03:S001,hub-interoperabilidade-v4,DAD-03,Transações e referências,"Admissão persiste protocolo, idempotência, pedido e intenção em uma única transação",NAO_QUALIFICADO_NESTA_RODADA,sem execução/evidência vinculada nesta rodada,openspec/changes/hub-interoperabilidade-v4/specs/persistencia-e-dados/spec.md,44,363db7fd0613b909c75beaeb9eb7dfe1e3cb52c8f4ecbbbbb697241e381dde9b
hub-interoperabilidade-v4:DAD-03:S002,DAD-03:S002,hub-interoperabilidade-v4,DAD-03,Transações e referências,Sistema não mantém transação aberta esperando resposta externa,NAO_QUALIFICADO_NESTA_RODADA,sem execução/evidência vinculada nesta rodada,openspec/changes/hub-interoperabilidade-v4/specs/persistencia-e-dados/spec.md,49,363db7fd0613b909c75beaeb9eb7dfe1e3cb52c8f4ecbbbbb697241e381dde9b
hub-interoperabilidade-v4:DAD-03:S003,DAD-03:S003,hub-interoperabilidade-v4,DAD-03,Transações e referências,"Atualização concorrente de estado é arbitrada por versão, e lease não neutraliza chamada já enviada ao provedor",NAO_QUALIFICADO_NESTA_RODADA,sem execução/evidência vinculada nesta rodada,openspec/changes/hub-interoperabilidade-v4/specs/persistencia-e-dados/spec.md,54,363db7fd0613b909c75beaeb9eb7dfe1e3cb52c8f4ecbbbbb697241e381dde9b
hub-interoperabilidade-v4:DAD-04:S001,DAD-04:S001,hub-interoperabilidade-v4,DAD-04,Resultado como fonte de consulta,"GET do cliente nunca aciona consulta ao provedor, em qualquer estado do resultado",NAO_QUALIFICADO_NESTA_RODADA,sem execução/evidência vinculada nesta rodada,openspec/changes/hub-interoperabilidade-v4/specs/persistencia-e-dados/spec.md,62,363db7fd0613b909c75beaeb9eb7dfe1e3cb52c8f4ecbbbbb697241e381dde9b
hub-interoperabilidade-v4:DAD-04:S002,DAD-04:S002,hub-interoperabilidade-v4,DAD-04,Resultado como fonte de consulta,Link temporário de provedor deve ser capturado pelo hub antes de ser considerado disponível,NAO_QUALIFICADO_NESTA_RODADA,sem execução/evidência vinculada nesta rodada,openspec/changes/hub-interoperabilidade-v4/specs/persistencia-e-dados/spec.md,67,363db7fd0613b909c75beaeb9eb7dfe1e3cb52c8f4ecbbbbb697241e381dde9b
hub-interoperabilidade-v4:DAD-04:S003,DAD-04:S003,hub-interoperabilidade-v4,DAD-04,Resultado como fonte de consulta,Contrato que proíbe armazenamento bloqueia publicação sem decisão explícita,NAO_QUALIFICADO_NESTA_RODADA,sem execução/evidência vinculada nesta rodada,openspec/changes/hub-interoperabilidade-v4/specs/persistencia-e-dados/spec.md,72,363db7fd0613b909c75beaeb9eb7dfe1e3cb52c8f4ecbbbbb697241e381dde9b
hub-interoperabilidade-v4:DAD-04:S004,DAD-04:S004,hub-interoperabilidade-v4,DAD-04,Resultado como fonte de consulta,"Resultado expurgado não recria o pedido e ""atualizar dados"" gera novo protocolo",NAO_QUALIFICADO_NESTA_RODADA,sem execução/evidência vinculada nesta rodada,openspec/changes/hub-interoperabilidade-v4/specs/persistencia-e-dados/spec.md,77,363db7fd0613b909c75beaeb9eb7dfe1e3cb52c8f4ecbbbbb697241e381dde9b
hub-interoperabilidade-v4:DAD-05:S001,DAD-05:S001,hub-interoperabilidade-v4,DAD-05,Arquivos e atomicidade com objetos,Somente objeto no estado DISPONIVEL integra pedido executável,NAO_QUALIFICADO_NESTA_RODADA,sem execução/evidência vinculada nesta rodada,openspec/changes/hub-interoperabilidade-v4/specs/persistencia-e-dados/spec.md,85,363db7fd0613b909c75beaeb9eb7dfe1e3cb52c8f4ecbbbbb697241e381dde9b
hub-interoperabilidade-v4:DAD-05:S002,DAD-05:S002,hub-interoperabilidade-v4,DAD-05,Arquivos e atomicidade com objetos,"Falha entre confirmação do objeto e gravação da referência gera órfão, não referência quebrada",NAO_QUALIFICADO_NESTA_RODADA,sem execução/evidência vinculada nesta rodada,openspec/changes/hub-interoperabilidade-v4/specs/persistencia-e-dados/spec.md,90,363db7fd0613b909c75beaeb9eb7dfe1e3cb52c8f4ecbbbbb697241e381dde9b
hub-interoperabilidade-v4:DAD-05:S003,DAD-05:S003,hub-interoperabilidade-v4,DAD-05,Arquivos e atomicidade com objetos,Saída obrigatória indisponível impede publicação de sucesso completo,NAO_QUALIFICADO_NESTA_RODADA,sem execução/evidência vinculada nesta rodada,openspec/changes/hub-interoperabilidade-v4/specs/persistencia-e-dados/spec.md,95,363db7fd0613b909c75beaeb9eb7dfe1e3cb52c8f4ecbbbbb697241e381dde9b
hub-interoperabilidade-v4:DAD-06:S001,DAD-06:S001,hub-interoperabilidade-v4,DAD-06,Retenção e expurgo,Serviço não é publicado sem prazo de retenção explícito,NAO_QUALIFICADO_NESTA_RODADA,sem execução/evidência vinculada nesta rodada,openspec/changes/hub-interoperabilidade-v4/specs/persistencia-e-dados/spec.md,103,363db7fd0613b909c75beaeb9eb7dfe1e3cb52c8f4ecbbbbb697241e381dde9b
hub-interoperabilidade-v4:DAD-06:S002,DAD-06:S002,hub-interoperabilidade-v4,DAD-06,Retenção e expurgo,Resultado necessário a entrega pendente não é removido antes do fim da janela contratual,NAO_QUALIFICADO_NESTA_RODADA,sem execução/evidência vinculada nesta rodada,openspec/changes/hub-interoperabilidade-v4/specs/persistencia-e-dados/spec.md,108,363db7fd0613b909c75beaeb9eb7dfe1e3cb52c8f4ecbbbbb697241e381dde9b
hub-interoperabilidade-v4:DAD-06:S003,DAD-06:S003,hub-interoperabilidade-v4,DAD-06,Retenção e expurgo,"Exclusão em conflito com preservação é decidida pelo responsável pelos dados, sem contornar via tombstone",NAO_QUALIFICADO_NESTA_RODADA,sem execução/evidência vinculada nesta rodada,openspec/changes/hub-interoperabilidade-v4/specs/persistencia-e-dados/spec.md,113,363db7fd0613b909c75beaeb9eb7dfe1e3cb52c8f4ecbbbbb697241e381dde9b
hub-interoperabilidade-v4:DAD-07:S001,DAD-07:S001,hub-interoperabilidade-v4,DAD-07,"Isolamento, recuperação e auditoria",Conta de aplicação não possui BYPASSRLS e papel de migração é distinto do runtime,NAO_QUALIFICADO_NESTA_RODADA,sem execução/evidência vinculada nesta rodada,openspec/changes/hub-interoperabilidade-v4/specs/persistencia-e-dados/spec.md,121,363db7fd0613b909c75beaeb9eb7dfe1e3cb52c8f4ecbbbbb697241e381dde9b
hub-interoperabilidade-v4:DAD-07:S002,DAD-07:S002,hub-interoperabilidade-v4,DAD-07,"Isolamento, recuperação e auditoria",Contexto de tenant em conexão reutilizada é limpo a cada uso do pool,NAO_QUALIFICADO_NESTA_RODADA,sem execução/evidência vinculada nesta rodada,openspec/changes/hub-interoperabilidade-v4/specs/persistencia-e-dados/spec.md,126,363db7fd0613b909c75beaeb9eb7dfe1e3cb52c8f4ecbbbbb697241e381dde9b
hub-interoperabilidade-v4:DAD-07:S003,DAD-07:S003,hub-interoperabilidade-v4,DAD-07,"Isolamento, recuperação e auditoria","Restauração bloqueia efeitos externos e reconcilia antes de retomar, sem reexecutar todo o período",NAO_QUALIFICADO_NESTA_RODADA,sem execução/evidência vinculada nesta rodada,openspec/changes/hub-interoperabilidade-v4/specs/persistencia-e-dados/spec.md,131,363db7fd0613b909c75beaeb9eb7dfe1e3cb52c8f4ecbbbbb697241e381dde9b
hub-interoperabilidade-v4:DAD-08:S001,DAD-08:S001,hub-interoperabilidade-v4,DAD-08,"Persistência adicional de contrato, prazo e pressão","Deadline absoluto do protocolo não é renovado por retry, mensagem ou migração",NAO_QUALIFICADO_NESTA_RODADA,sem execução/evidência vinculada nesta rodada,openspec/changes/hub-interoperabilidade-v4/specs/persistencia-e-dados/spec.md,139,363db7fd0613b909c75beaeb9eb7dfe1e3cb52c8f4ecbbbbb697241e381dde9b
hub-interoperabilidade-v4:DAD-08:S002,DAD-08:S002,hub-interoperabilidade-v4,DAD-08,"Persistência adicional de contrato, prazo e pressão",Timestamp do provedor é evidência separada e não substitui o relógio autoritativo do hub,NAO_QUALIFICADO_NESTA_RODADA,sem execução/evidência vinculada nesta rodada,openspec/changes/hub-interoperabilidade-v4/specs/persistencia-e-dados/spec.md,144,363db7fd0613b909c75beaeb9eb7dfe1e3cb52c8f4ecbbbbb697241e381dde9b
hub-interoperabilidade-v4:DAD-08:S003,DAD-08:S003,hub-interoperabilidade-v4,DAD-08,"Persistência adicional de contrato, prazo e pressão","Tentativa tardia permanece vinculada à operação, mas não reabre resposta de sucesso já expirada",NAO_QUALIFICADO_NESTA_RODADA,sem execução/evidência vinculada nesta rodada,openspec/changes/hub-interoperabilidade-v4/specs/persistencia-e-dados/spec.md,149,363db7fd0613b909c75beaeb9eb7dfe1e3cb52c8f4ecbbbbb697241e381dde9b
hub-interoperabilidade-v4:DAD-08:S004,DAD-08:S004,hub-interoperabilidade-v4,DAD-08,"Persistência adicional de contrato, prazo e pressão",Representação final do cliente não muda em replay de GET ou webhook,NAO_QUALIFICADO_NESTA_RODADA,sem execução/evidência vinculada nesta rodada,openspec/changes/hub-interoperabilidade-v4/specs/persistencia-e-dados/spec.md,154,363db7fd0613b909c75beaeb9eb7dfe1e3cb52c8f4ecbbbbb697241e381dde9b
hub-interoperabilidade-v4:DAD-09:S001,DAD-09:S001,hub-interoperabilidade-v4,DAD-09,"Dependência mínima de escrita, sem custódia fictícia",Fronteiras síncronas obrigatórias registram seus dados antes da resposta ao cliente,NAO_QUALIFICADO_NESTA_RODADA,sem execução/evidência vinculada nesta rodada,openspec/changes/hub-interoperabilidade-v4/specs/persistencia-e-dados/spec.md,162,363db7fd0613b909c75beaeb9eb7dfe1e3cb52c8f4ecbbbbb697241e381dde9b
hub-interoperabilidade-v4:DAD-09:S002,DAD-09:S002,hub-interoperabilidade-v4,DAD-09,"Dependência mínima de escrita, sem custódia fictícia","Commit com resposta perdida é tratado como incerto, consultando a mesma autoridade recuperada",NAO_QUALIFICADO_NESTA_RODADA,sem execução/evidência vinculada nesta rodada,openspec/changes/hub-interoperabilidade-v4/specs/persistencia-e-dados/spec.md,167,363db7fd0613b909c75beaeb9eb7dfe1e3cb52c8f4ecbbbbb697241e381dde9b
hub-interoperabilidade-v4:DAD-09:S003,DAD-09:S003,hub-interoperabilidade-v4,DAD-09,"Dependência mínima de escrita, sem custódia fictícia",Sistema não emite aceite fictício por escrita alternativa durante falha do writer,NAO_QUALIFICADO_NESTA_RODADA,sem execução/evidência vinculada nesta rodada,openspec/changes/hub-interoperabilidade-v4/specs/persistencia-e-dados/spec.md,172,363db7fd0613b909c75beaeb9eb7dfe1e3cb52c8f4ecbbbbb697241e381dde9b
hub-interoperabilidade-v4:DAD-10:S001,DAD-10:S001,hub-interoperabilidade-v4,DAD-10,Cache dispensável e continuidade de leitura,Redis indisponível aciona bypass automático sem comprometer a corretude da leitura,NAO_QUALIFICADO_NESTA_RODADA,sem execução/evidência vinculada nesta rodada,openspec/changes/hub-interoperabilidade-v4/specs/persistencia-e-dados/spec.md,180,363db7fd0613b909c75beaeb9eb7dfe1e3cb52c8f4ecbbbbb697241e381dde9b
hub-interoperabilidade-v4:DAD-10:S002,DAD-10:S002,hub-interoperabilidade-v4,DAD-10,Cache dispensável e continuidade de leitura,Réplica atrasada não gera 404 definitivo nem sucesso fabricado,NAO_QUALIFICADO_NESTA_RODADA,sem execução/evidência vinculada nesta rodada,openspec/changes/hub-interoperabilidade-v4/specs/persistencia-e-dados/spec.md,185,363db7fd0613b909c75beaeb9eb7dfe1e3cb52c8f4ecbbbbb697241e381dde9b
hub-interoperabilidade-v4:DAD-10:S003,DAD-10:S003,hub-interoperabilidade-v4,DAD-10,Cache dispensável e continuidade de leitura,Cache antigo de final revisável não prova atualidade para versão corrente,NAO_QUALIFICADO_NESTA_RODADA,sem execução/evidência vinculada nesta rodada,openspec/changes/hub-interoperabilidade-v4/specs/persistencia-e-dados/spec.md,190,363db7fd0613b909c75beaeb9eb7dfe1e3cb52c8f4ecbbbbb697241e381dde9b
hub-interoperabilidade-v4:DAD-10:S004,DAD-10:S004,hub-interoperabilidade-v4,DAD-10,Cache dispensável e continuidade de leitura,Autorização insuficiente suspende a leitura mesmo em fallback de cache,NAO_QUALIFICADO_NESTA_RODADA,sem execução/evidência vinculada nesta rodada,openspec/changes/hub-interoperabilidade-v4/specs/persistencia-e-dados/spec.md,195,363db7fd0613b909c75beaeb9eb7dfe1e3cb52c8f4ecbbbbb697241e381dde9b
hub-interoperabilidade-v4:DAD-11:S001,DAD-11:S001,hub-interoperabilidade-v4,DAD-11,"Dados, placement e crescimento de células",Novo tenant é alocado em célula pronta sem infraestrutura exclusiva,NAO_QUALIFICADO_NESTA_RODADA,sem execução/evidência vinculada nesta rodada,openspec/changes/hub-interoperabilidade-v4/specs/persistencia-e-dados/spec.md,203,363db7fd0613b909c75beaeb9eb7dfe1e3cb52c8f4ecbbbbb697241e381dde9b
hub-interoperabilidade-v4:DAD-11:S002,DAD-11:S002,hub-interoperabilidade-v4,DAD-11,"Dados, placement e crescimento de células","Cliente não seleciona célula por header, e o caminho habitual não consulta diretório global",NAO_QUALIFICADO_NESTA_RODADA,sem execução/evidência vinculada nesta rodada,openspec/changes/hub-interoperabilidade-v4/specs/persistencia-e-dados/spec.md,208,363db7fd0613b909c75beaeb9eb7dfe1e3cb52c8f4ecbbbbb697241e381dde9b
hub-interoperabilidade-v4:DAD-11:S003,DAD-11:S003,hub-interoperabilidade-v4,DAD-11,"Dados, placement e crescimento de células",Migração é abortada e autoridade antiga é mantida quando o orçamento homologado não é atendido,NAO_QUALIFICADO_NESTA_RODADA,sem execução/evidência vinculada nesta rodada,openspec/changes/hub-interoperabilidade-v4/specs/persistencia-e-dados/spec.md,213,363db7fd0613b909c75beaeb9eb7dfe1e3cb52c8f4ecbbbbb697241e381dde9b
hub-interoperabilidade-v4:DAD-11:S004,DAD-11:S004,hub-interoperabilidade-v4,DAD-11,"Dados, placement e crescimento de células",Fragmentação de saldo entre múltiplas células ativas não é comportamento implícito,NAO_QUALIFICADO_NESTA_RODADA,sem execução/evidência vinculada nesta rodada,openspec/changes/hub-interoperabilidade-v4/specs/persistencia-e-dados/spec.md,218,363db7fd0613b909c75beaeb9eb7dfe1e3cb52c8f4ecbbbbb697241e381dde9b
hub-interoperabilidade-v4:QUA-01:S001,QUA-01:S001,hub-interoperabilidade-v4,QUA-01,Estratégia de engenharia,Matriz de rastreabilidade nasce com status NÃO EXECUTADO,NAO_QUALIFICADO_NESTA_RODADA,sem execução/evidência vinculada nesta rodada,openspec/changes/hub-interoperabilidade-v4/specs/qualidade-e-aceite/spec.md,8,363db7fd0613b909c75beaeb9eb7dfe1e3cb52c8f4ecbbbbb697241e381dde9b
hub-interoperabilidade-v4:QUA-01:S002,QUA-01:S002,hub-interoperabilidade-v4,QUA-01,Estratégia de engenharia,Cobertura de código alta não substitui cobertura de risco,NAO_QUALIFICADO_NESTA_RODADA,sem execução/evidência vinculada nesta rodada,openspec/changes/hub-interoperabilidade-v4/specs/qualidade-e-aceite/spec.md,13,363db7fd0613b909c75beaeb9eb7dfe1e3cb52c8f4ecbbbbb697241e381dde9b
hub-interoperabilidade-v4:QUA-01:S003,QUA-01:S003,hub-interoperabilidade-v4,QUA-01,Estratégia de engenharia,Coleção sintética de referência contém os casos obrigatórios,NAO_QUALIFICADO_NESTA_RODADA,sem execução/evidência vinculada nesta rodada,openspec/changes/hub-interoperabilidade-v4/specs/qualidade-e-aceite/spec.md,18,363db7fd0613b909c75beaeb9eb7dfe1e3cb52c8f4ecbbbbb697241e381dde9b
hub-interoperabilidade-v4:QUA-01:S004,QUA-01:S004,hub-interoperabilidade-v4,QUA-01,Estratégia de engenharia,Homologação usa sandbox real para capacidades não simuláveis,NAO_QUALIFICADO_NESTA_RODADA,sem execução/evidência vinculada nesta rodada,openspec/changes/hub-interoperabilidade-v4/specs/qualidade-e-aceite/spec.md,23,363db7fd0613b909c75beaeb9eb7dfe1e3cb52c8f4ecbbbbb697241e381dde9b
hub-interoperabilidade-v4:QUA-02:S001,QUA-02:S001,hub-interoperabilidade-v4,QUA-02,Casos críticos de falha e concorrência,Commit sem resposta ao cliente preserva idempotência,NAO_QUALIFICADO_NESTA_RODADA,sem execução/evidência vinculada nesta rodada,openspec/changes/hub-interoperabilidade-v4/specs/qualidade-e-aceite/spec.md,31,363db7fd0613b909c75beaeb9eb7dfe1e3cb52c8f4ecbbbbb697241e381dde9b
hub-interoperabilidade-v4:QUA-02:S002,QUA-02:S002,hub-interoperabilidade-v4,QUA-02,Casos críticos de falha e concorrência,Banco gravado com broker fora preserva o outbox,NAO_QUALIFICADO_NESTA_RODADA,sem execução/evidência vinculada nesta rodada,openspec/changes/hub-interoperabilidade-v4/specs/qualidade-e-aceite/spec.md,36,363db7fd0613b909c75beaeb9eb7dfe1e3cb52c8f4ecbbbbb697241e381dde9b
hub-interoperabilidade-v4:QUA-02:S003,QUA-02:S003,hub-interoperabilidade-v4,QUA-02,Casos críticos de falha e concorrência,Timeout externo ambíguo resulta em UNKNOWN sem failover indevido,NAO_QUALIFICADO_NESTA_RODADA,sem execução/evidência vinculada nesta rodada,openspec/changes/hub-interoperabilidade-v4/specs/qualidade-e-aceite/spec.md,41,363db7fd0613b909c75beaeb9eb7dfe1e3cb52c8f4ecbbbbb697241e381dde9b
hub-interoperabilidade-v4:QUA-02:S004,QUA-02:S004,hub-interoperabilidade-v4,QUA-02,Casos críticos de falha e concorrência,Callback e polling simultâneos produzem uma única conclusão,NAO_QUALIFICADO_NESTA_RODADA,sem execução/evidência vinculada nesta rodada,openspec/changes/hub-interoperabilidade-v4/specs/qualidade-e-aceite/spec.md,46,363db7fd0613b909c75beaeb9eb7dfe1e3cb52c8f4ecbbbbb697241e381dde9b
hub-interoperabilidade-v4:QUA-02:S005,QUA-02:S005,hub-interoperabilidade-v4,QUA-02,Casos críticos de falha e concorrência,Quota de provedor compartilhada respeita limite global sob escala horizontal,NAO_QUALIFICADO_NESTA_RODADA,sem execução/evidência vinculada nesta rodada,openspec/changes/hub-interoperabilidade-v4/specs/qualidade-e-aceite/spec.md,51,363db7fd0613b909c75beaeb9eb7dfe1e3cb52c8f4ecbbbbb697241e381dde9b
hub-interoperabilidade-v4:QUA-02:S006,QUA-02:S006,hub-interoperabilidade-v4,QUA-02,Casos críticos de falha e concorrência,Saldo disputado não excede o limite estrito do contrato,NAO_QUALIFICADO_NESTA_RODADA,sem execução/evidência vinculada nesta rodada,openspec/changes/hub-interoperabilidade-v4/specs/qualidade-e-aceite/spec.md,56,363db7fd0613b909c75beaeb9eb7dfe1e3cb52c8f4ecbbbbb697241e381dde9b
hub-interoperabilidade-v4:QUA-02:S007,QUA-02:S007,hub-interoperabilidade-v4,QUA-02,Casos críticos de falha e concorrência,Webhook indisponível não gera reexecução indevida,NAO_QUALIFICADO_NESTA_RODADA,sem execução/evidência vinculada nesta rodada,openspec/changes/hub-interoperabilidade-v4/specs/qualidade-e-aceite/spec.md,61,363db7fd0613b909c75beaeb9eb7dfe1e3cb52c8f4ecbbbbb697241e381dde9b
hub-interoperabilidade-v4:QUA-02:S008,QUA-02:S008,hub-interoperabilidade-v4,QUA-02,Casos críticos de falha e concorrência,Restauração de backup com efeitos externos já realizados bloqueia saída até reconciliar,NAO_QUALIFICADO_NESTA_RODADA,sem execução/evidência vinculada nesta rodada,openspec/changes/hub-interoperabilidade-v4/specs/qualidade-e-aceite/spec.md,66,363db7fd0613b909c75beaeb9eb7dfe1e3cb52c8f4ecbbbbb697241e381dde9b
hub-interoperabilidade-v4:QUA-02:S009,QUA-02:S009,hub-interoperabilidade-v4,QUA-02,Casos críticos de falha e concorrência,Casos adicionais de segurança e contrato são cobertos além da tabela principal,NAO_QUALIFICADO_NESTA_RODADA,sem execução/evidência vinculada nesta rodada,openspec/changes/hub-interoperabilidade-v4/specs/qualidade-e-aceite/spec.md,71,363db7fd0613b909c75beaeb9eb7dfe1e3cb52c8f4ecbbbbb697241e381dde9b
hub-interoperabilidade-v4:QUA-03:S001,QUA-03:S001,hub-interoperabilidade-v4,QUA-03,Critérios de aceite e evidência,Relatório de desempenho incompleto não qualifica um SLO,NAO_QUALIFICADO_NESTA_RODADA,sem execução/evidência vinculada nesta rodada,openspec/changes/hub-interoperabilidade-v4/specs/qualidade-e-aceite/spec.md,79,363db7fd0613b909c75beaeb9eb7dfe1e3cb52c8f4ecbbbbb697241e381dde9b
hub-interoperabilidade-v4:QUA-03:S002,QUA-03:S002,hub-interoperabilidade-v4,QUA-03,Critérios de aceite e evidência,"""Fila vazia"" não prova ausência de perda",NAO_QUALIFICADO_NESTA_RODADA,sem execução/evidência vinculada nesta rodada,openspec/changes/hub-interoperabilidade-v4/specs/qualidade-e-aceite/spec.md,84,363db7fd0613b909c75beaeb9eb7dfe1e3cb52c8f4ecbbbbb697241e381dde9b
hub-interoperabilidade-v4:QUA-03:S003,QUA-03:S003,hub-interoperabilidade-v4,QUA-03,Critérios de aceite e evidência,Faturamento é validado por calculadora independente antes do aceite,NAO_QUALIFICADO_NESTA_RODADA,sem execução/evidência vinculada nesta rodada,openspec/changes/hub-interoperabilidade-v4/specs/qualidade-e-aceite/spec.md,89,363db7fd0613b909c75beaeb9eb7dfe1e3cb52c8f4ecbbbbb697241e381dde9b
hub-interoperabilidade-v4:QUA-03:S004,QUA-03:S004,hub-interoperabilidade-v4,QUA-03,Critérios de aceite e evidência,Consulta local (GET) não gera nova chamada ao provedor,NAO_QUALIFICADO_NESTA_RODADA,sem execução/evidência vinculada nesta rodada,openspec/changes/hub-interoperabilidade-v4/specs/qualidade-e-aceite/spec.md,94,363db7fd0613b909c75beaeb9eb7dfe1e3cb52c8f4ecbbbbb697241e381dde9b
hub-interoperabilidade-v4:QUA-03:S005,QUA-03:S005,hub-interoperabilidade-v4,QUA-03,Critérios de aceite e evidência,Bloqueador de release não é reclassificado para cumprir prazo,NAO_QUALIFICADO_NESTA_RODADA,sem execução/evidência vinculada nesta rodada,openspec/changes/hub-interoperabilidade-v4/specs/qualidade-e-aceite/spec.md,99,363db7fd0613b909c75beaeb9eb7dfe1e3cb52c8f4ecbbbbb697241e381dde9b
hub-interoperabilidade-v4:QUA-04:S001,QUA-04:S001,hub-interoperabilidade-v4,QUA-04,Gates e definição de pronto,G0 não exige conta de produção para fatia sintética,NAO_QUALIFICADO_NESTA_RODADA,sem execução/evidência vinculada nesta rodada,openspec/changes/hub-interoperabilidade-v4/specs/qualidade-e-aceite/spec.md,107,363db7fd0613b909c75beaeb9eb7dfe1e3cb52c8f4ecbbbbb697241e381dde9b
hub-interoperabilidade-v4:QUA-04:S002,QUA-04:S002,hub-interoperabilidade-v4,QUA-04,Gates e definição de pronto,G2 bloqueia promoção sem testes negativos entre tenants aprovados,NAO_QUALIFICADO_NESTA_RODADA,sem execução/evidência vinculada nesta rodada,openspec/changes/hub-interoperabilidade-v4/specs/qualidade-e-aceite/spec.md,112,363db7fd0613b909c75beaeb9eb7dfe1e3cb52c8f4ecbbbbb697241e381dde9b
hub-interoperabilidade-v4:QUA-04:S003,QUA-04:S003,hub-interoperabilidade-v4,QUA-04,Gates e definição de pronto,G3 exige o mesmo artefato de produção e prova correspondente ao RPO assumido,NAO_QUALIFICADO_NESTA_RODADA,sem execução/evidência vinculada nesta rodada,openspec/changes/hub-interoperabilidade-v4/specs/qualidade-e-aceite/spec.md,117,363db7fd0613b909c75beaeb9eb7dfe1e3cb52c8f4ecbbbbb697241e381dde9b
hub-interoperabilidade-v4:QUA-04:S004,QUA-04:S004,hub-interoperabilidade-v4,QUA-04,Gates e definição de pronto,"G4 não declara produção pronta com endpoints ""não implementado""",NAO_QUALIFICADO_NESTA_RODADA,sem execução/evidência vinculada nesta rodada,openspec/changes/hub-interoperabilidade-v4/specs/qualidade-e-aceite/spec.md,122,363db7fd0613b909c75beaeb9eb7dfe1e3cb52c8f4ecbbbbb697241e381dde9b
hub-interoperabilidade-v4:QUA-04:S005,QUA-04:S005,hub-interoperabilidade-v4,QUA-04,Gates e definição de pronto,Oferta crítica em G4 exige perfil OPE-15 e cenários QUA-06 aprovados,NAO_QUALIFICADO_NESTA_RODADA,sem execução/evidência vinculada nesta rodada,openspec/changes/hub-interoperabilidade-v4/specs/qualidade-e-aceite/spec.md,127,363db7fd0613b909c75beaeb9eb7dfe1e3cb52c8f4ecbbbbb697241e381dde9b
hub-interoperabilidade-v4:QUA-05:S001,QUA-05:S001,hub-interoperabilidade-v4,QUA-05,Qualificação dos incrementos v3,TTL contínuo mantém a mesma janela através de reinício e troca de worker,NAO_QUALIFICADO_NESTA_RODADA,sem execução/evidência vinculada nesta rodada,openspec/changes/hub-interoperabilidade-v4/specs/qualidade-e-aceite/spec.md,135,363db7fd0613b909c75beaeb9eb7dfe1e3cb52c8f4ecbbbbb697241e381dde9b
hub-interoperabilidade-v4:QUA-05:S002,QUA-05:S002,hub-interoperabilidade-v4,QUA-05,Qualificação dos incrementos v3,TTL zero e erro permanente não geram repetição indevida,NAO_QUALIFICADO_NESTA_RODADA,sem execução/evidência vinculada nesta rodada,openspec/changes/hub-interoperabilidade-v4/specs/qualidade-e-aceite/spec.md,140,363db7fd0613b909c75beaeb9eb7dfe1e3cb52c8f4ecbbbbb697241e381dde9b
hub-interoperabilidade-v4:QUA-05:S003,QUA-05:S003,hub-interoperabilidade-v4,QUA-05,Qualificação dos incrementos v3,"Provedor lento sem falhas HTTP resulta em expiração explícita, não em sucesso tardio",NAO_QUALIFICADO_NESTA_RODADA,sem execução/evidência vinculada nesta rodada,openspec/changes/hub-interoperabilidade-v4/specs/qualidade-e-aceite/spec.md,145,363db7fd0613b909c75beaeb9eb7dfe1e3cb52c8f4ecbbbbb697241e381dde9b
hub-interoperabilidade-v4:QUA-05:S004,QUA-05:S004,hub-interoperabilidade-v4,QUA-05,Qualificação dos incrementos v3,Fronteira temporal do deadline produz um único final,NAO_QUALIFICADO_NESTA_RODADA,sem execução/evidência vinculada nesta rodada,openspec/changes/hub-interoperabilidade-v4/specs/qualidade-e-aceite/spec.md,150,363db7fd0613b909c75beaeb9eb7dfe1e3cb52c8f4ecbbbbb697241e381dde9b
hub-interoperabilidade-v4:QUA-05:S005,QUA-05:S005,hub-interoperabilidade-v4,QUA-05,Qualificação dos incrementos v3,Retorno tardio com impacto financeiro não gera receita de sucesso,NAO_QUALIFICADO_NESTA_RODADA,sem execução/evidência vinculada nesta rodada,openspec/changes/hub-interoperabilidade-v4/specs/qualidade-e-aceite/spec.md,155,363db7fd0613b909c75beaeb9eb7dfe1e3cb52c8f4ecbbbbb697241e381dde9b
hub-interoperabilidade-v4:QUA-05:S006,QUA-05:S006,hub-interoperabilidade-v4,QUA-05,Qualificação dos incrementos v3,Pressão variável ajusta o limite efetivo sem ultrapassar o teto,NAO_QUALIFICADO_NESTA_RODADA,sem execução/evidência vinculada nesta rodada,openspec/changes/hub-interoperabilidade-v4/specs/qualidade-e-aceite/spec.md,160,363db7fd0613b909c75beaeb9eb7dfe1e3cb52c8f4ecbbbbb697241e381dde9b
hub-interoperabilidade-v4:QUA-05:S007,QUA-05:S007,hub-interoperabilidade-v4,QUA-05,Qualificação dos incrementos v3,Múltiplas réplicas do Cometa respeitam a quota agregada com fencing,NAO_QUALIFICADO_NESTA_RODADA,sem execução/evidência vinculada nesta rodada,openspec/changes/hub-interoperabilidade-v4/specs/qualidade-e-aceite/spec.md,165,363db7fd0613b909c75beaeb9eb7dfe1e3cb52c8f4ecbbbbb697241e381dde9b
hub-interoperabilidade-v4:QUA-05:S008,QUA-05:S008,hub-interoperabilidade-v4,QUA-05,Qualificação dos incrementos v3,Cliente ruidoso não consome a reserva de outro tenant,NAO_QUALIFICADO_NESTA_RODADA,sem execução/evidência vinculada nesta rodada,openspec/changes/hub-interoperabilidade-v4/specs/qualidade-e-aceite/spec.md,170,363db7fd0613b909c75beaeb9eb7dfe1e3cb52c8f4ecbbbbb697241e381dde9b
hub-interoperabilidade-v4:QUA-05:S009,QUA-05:S009,hub-interoperabilidade-v4,QUA-05,Qualificação dos incrementos v3,Administração entre tenants nega cliente e audita administrador,NAO_QUALIFICADO_NESTA_RODADA,sem execução/evidência vinculada nesta rodada,openspec/changes/hub-interoperabilidade-v4/specs/qualidade-e-aceite/spec.md,175,363db7fd0613b909c75beaeb9eb7dfe1e3cb52c8f4ecbbbbb697241e381dde9b
hub-interoperabilidade-v4:QUA-05:S010,QUA-05:S010,hub-interoperabilidade-v4,QUA-05,Qualificação dos incrementos v3,Preservação de fatos confirmados após falha correlacionada,NAO_QUALIFICADO_NESTA_RODADA,sem execução/evidência vinculada nesta rodada,openspec/changes/hub-interoperabilidade-v4/specs/qualidade-e-aceite/spec.md,180,363db7fd0613b909c75beaeb9eb7dfe1e3cb52c8f4ecbbbbb697241e381dde9b
hub-interoperabilidade-v4:QUA-06:S001,QUA-06:S001,hub-interoperabilidade-v4,QUA-06,Qualificação integrada da v4,SYNC nativo conclui na mesma conexão com broker cortado,NAO_QUALIFICADO_NESTA_RODADA,sem execução/evidência vinculada nesta rodada,openspec/changes/hub-interoperabilidade-v4/specs/qualidade-e-aceite/spec.md,188,363db7fd0613b909c75beaeb9eb7dfe1e3cb52c8f4ecbbbbb697241e381dde9b
hub-interoperabilidade-v4:QUA-06:S002,QUA-06:S002,hub-interoperabilidade-v4,QUA-06,Qualificação integrada da v4,UUIDv7 persiste em todo protocolo mesmo com resposta de criação perdida,NAO_QUALIFICADO_NESTA_RODADA,sem execução/evidência vinculada nesta rodada,openspec/changes/hub-interoperabilidade-v4/specs/qualidade-e-aceite/spec.md,193,363db7fd0613b909c75beaeb9eb7dfe1e3cb52c8f4ecbbbbb697241e381dde9b
hub-interoperabilidade-v4:QUA-06:S003,QUA-06:S003,hub-interoperabilidade-v4,QUA-06,Qualificação integrada da v4,Redis totalmente desligado mantém o SLO qualificado sem dependência oculta,NAO_QUALIFICADO_NESTA_RODADA,sem execução/evidência vinculada nesta rodada,openspec/changes/hub-interoperabilidade-v4/specs/qualidade-e-aceite/spec.md,198,363db7fd0613b909c75beaeb9eb7dfe1e3cb52c8f4ecbbbbb697241e381dde9b
hub-interoperabilidade-v4:QUA-06:S004,QUA-06:S004,hub-interoperabilidade-v4,QUA-06,Qualificação integrada da v4,Writer indisponível antes do aceite impede falso aceite,NAO_QUALIFICADO_NESTA_RODADA,sem execução/evidência vinculada nesta rodada,openspec/changes/hub-interoperabilidade-v4/specs/qualidade-e-aceite/spec.md,203,363db7fd0613b909c75beaeb9eb7dfe1e3cb52c8f4ecbbbbb697241e381dde9b
hub-interoperabilidade-v4:QUA-06:S005,QUA-06:S005,hub-interoperabilidade-v4,QUA-06,Qualificação integrada da v4,Cofre quente/frio limita uso do material ao período de validade,NAO_QUALIFICADO_NESTA_RODADA,sem execução/evidência vinculada nesta rodada,openspec/changes/hub-interoperabilidade-v4/specs/qualidade-e-aceite/spec.md,208,363db7fd0613b909c75beaeb9eb7dfe1e3cb52c8f4ecbbbbb697241e381dde9b
hub-interoperabilidade-v4:QUA-06:S006,QUA-06:S006,hub-interoperabilidade-v4,QUA-06,Qualificação integrada da v4,Conta e pagador permanecem corretos e segregados sob polls pagos e final tardio,NAO_QUALIFICADO_NESTA_RODADA,sem execução/evidência vinculada nesta rodada,openspec/changes/hub-interoperabilidade-v4/specs/qualidade-e-aceite/spec.md,213,363db7fd0613b909c75beaeb9eb7dfe1e3cb52c8f4ecbbbbb697241e381dde9b
hub-interoperabilidade-v4:QUA-06:S007,QUA-06:S007,hub-interoperabilidade-v4,QUA-06,Qualificação integrada da v4,Redis versus autorização nega leitura mesmo em fallback,NAO_QUALIFICADO_NESTA_RODADA,sem execução/evidência vinculada nesta rodada,openspec/changes/hub-interoperabilidade-v4/specs/qualidade-e-aceite/spec.md,218,363db7fd0613b909c75beaeb9eb7dfe1e3cb52c8f4ecbbbbb697241e381dde9b
hub-interoperabilidade-v4:QUA-06:S008,QUA-06:S008,hub-interoperabilidade-v4,QUA-06,Qualificação integrada da v4,Perda regional/partição exige RPO/RTO comprovados dentro do perfil contratado,NAO_QUALIFICADO_NESTA_RODADA,sem execução/evidência vinculada nesta rodada,openspec/changes/hub-interoperabilidade-v4/specs/qualidade-e-aceite/spec.md,223,363db7fd0613b909c75beaeb9eb7dfe1e3cb52c8f4ecbbbbb697241e381dde9b
hub-interoperabilidade-v4:QUA-06:S009,QUA-06:S009,hub-interoperabilidade-v4,QUA-06,Qualificação integrada da v4,"Dado insuficiente resulta em NÃO QUALIFICADO, não em aprovação por ausência de erro",NAO_QUALIFICADO_NESTA_RODADA,sem execução/evidência vinculada nesta rodada,openspec/changes/hub-interoperabilidade-v4/specs/qualidade-e-aceite/spec.md,228,363db7fd0613b909c75beaeb9eb7dfe1e3cb52c8f4ecbbbbb697241e381dde9b
r2-01-identidade-e-isolamento:R2-SEG-01-S01,R2-SEG-01-S01,r2-01-identidade-e-isolamento,R2-SEG-01,Identidade autenticada e autorização por recurso,Cliente autorizado,PASS_UNITARIO,r2-security.log — TestR2Seg01Scenarios/R2-SEG-01-S01_cliente_autorizado,openspec/changes/r2-01-identidade-e-isolamento/specs/identidade-e-isolamento-operacional/spec.md,11,363db7fd0613b909c75beaeb9eb7dfe1e3cb52c8f4ecbbbbb697241e381dde9b
r2-01-identidade-e-isolamento:R2-SEG-01-S02,R2-SEG-01-S02,r2-01-identidade-e-isolamento,R2-SEG-01,Identidade autenticada e autorização por recurso,Tentativa entre tenants,PASS_INTEGRADO_LOCAL,r2-security.log — TestR2Seg01Scenarios/R2-SEG-01-S02_tentativa_entre_tenants com middleware JWT e headers removidos,openspec/changes/r2-01-identidade-e-isolamento/specs/identidade-e-isolamento-operacional/spec.md,17,363db7fd0613b909c75beaeb9eb7dfe1e3cb52c8f4ecbbbbb697241e381dde9b
r2-01-identidade-e-isolamento:R2-SEG-01-S03,R2-SEG-01-S03,r2-01-identidade-e-isolamento,R2-SEG-01,Identidade autenticada e autorização por recurso,Token inválido,PASS_INTEGRADO_LOCAL,r2-security.log — TestR2Seg01Scenarios/R2-SEG-01-S03_token_invalido com 401/403 e zero efeitos,openspec/changes/r2-01-identidade-e-isolamento/specs/identidade-e-isolamento-operacional/spec.md,23,363db7fd0613b909c75beaeb9eb7dfe1e3cb52c8f4ecbbbbb697241e381dde9b
r2-01-identidade-e-isolamento:R2-SEG-02-S01,R2-SEG-02-S01,r2-01-identidade-e-isolamento,R2-SEG-02,Workloads com menor privilégio,Chamada interna permitida,PASS_UNITARIO,r2-security.log — TestR2Seg02Scenarios/R2-SEG-02-S01_chamada_interna_permitida,openspec/changes/r2-01-identidade-e-isolamento/specs/identidade-e-isolamento-operacional/spec.md,35,363db7fd0613b909c75beaeb9eb7dfe1e3cb52c8f4ecbbbbb697241e381dde9b
r2-01-identidade-e-isolamento:R2-SEG-02-S02,R2-SEG-02-S02,r2-01-identidade-e-isolamento,R2-SEG-02,Workloads com menor privilégio,Bypass pela porta interna,PASS_UNITARIO,r2-security.log — TestR2Seg02Scenarios/R2-SEG-02-S02_bypass_pela_porta_interna,openspec/changes/r2-01-identidade-e-isolamento/specs/identidade-e-isolamento-operacional/spec.md,41,363db7fd0613b909c75beaeb9eb7dfe1e3cb52c8f4ecbbbbb697241e381dde9b
r2-01-identidade-e-isolamento:R2-SEG-02-S03,R2-SEG-02-S03,r2-01-identidade-e-isolamento,R2-SEG-02,Workloads com menor privilégio,Pool reutilizado,PASS_UNITARIO,r2-security.log — TestR2Seg02Scenarios/R2-SEG-02-S03_pool_reutilizado,openspec/changes/r2-01-identidade-e-isolamento/specs/identidade-e-isolamento-operacional/spec.md,47,363db7fd0613b909c75beaeb9eb7dfe1e3cb52c8f4ecbbbbb697241e381dde9b
r2-01-identidade-e-isolamento:R2-SEG-03-S01,R2-SEG-03-S01,r2-01-identidade-e-isolamento,R2-SEG-03,Leitura administrativa individual entre tenants,Diagnóstico de desenvolvedor,PASS_INTEGRADO,r2-security.log — TestR2Seg03Scenarios/R2-SEG-03-S01_diagnostico_de_desenvolvedor com PostgreSQL real,openspec/changes/r2-01-identidade-e-isolamento/specs/identidade-e-isolamento-operacional/spec.md,59,363db7fd0613b909c75beaeb9eb7dfe1e3cb52c8f4ecbbbbb697241e381dde9b
r2-01-identidade-e-isolamento:R2-SEG-03-S02,R2-SEG-03-S02,r2-01-identidade-e-isolamento,R2-SEG-03,Leitura administrativa individual entre tenants,Sem elevação implícita,PASS_INTEGRADO,r2-security.log — TestR2Seg03Scenarios/R2-SEG-03-S02_sem_elevacao_implicita com PostgreSQL real,openspec/changes/r2-01-identidade-e-isolamento/specs/identidade-e-isolamento-operacional/spec.md,65,363db7fd0613b909c75beaeb9eb7dfe1e3cb52c8f4ecbbbbb697241e381dde9b
r2-01-identidade-e-isolamento:R2-SEG-03-S03,R2-SEG-03-S03,r2-01-identidade-e-isolamento,R2-SEG-03,Leitura administrativa individual entre tenants,Auditoria indisponível,PASS_INTEGRADO,r2-security.log — TestR2Seg03Scenarios/R2-SEG-03-S03_auditoria_indisponivel com PostgreSQL real,openspec/changes/r2-01-identidade-e-isolamento/specs/identidade-e-isolamento-operacional/spec.md,71,363db7fd0613b909c75beaeb9eb7dfe1e3cb52c8f4ecbbbbb697241e381dde9b
r2-01-identidade-e-isolamento:R2-SEG-04-S01,R2-SEG-04-S01,r2-01-identidade-e-isolamento,R2-SEG-04,Destinos externos e callbacks protegidos,Destino homologado,PASS_INTEGRADO_LOCAL,r2-seg04-egress.log — HTTPS/TLS efetivo com transporte restrito à origem homologada,openspec/changes/r2-01-identidade-e-isolamento/specs/identidade-e-isolamento-operacional/spec.md,83,363db7fd0613b909c75beaeb9eb7dfe1e3cb52c8f4ecbbbbb697241e381dde9b
r2-01-identidade-e-isolamento:R2-SEG-04-S02,R2-SEG-04-S02,r2-01-identidade-e-isolamento,R2-SEG-04,Destinos externos e callbacks protegidos,SSRF e rebinding,PASS_INTEGRADO_LOCAL,r2-seg04-egress.log — SSRF/metadados recusados e redirect não seguido para outra origem,openspec/changes/r2-01-identidade-e-isolamento/specs/identidade-e-isolamento-operacional/spec.md,89,363db7fd0613b909c75beaeb9eb7dfe1e3cb52c8f4ecbbbbb697241e381dde9b
r2-01-identidade-e-isolamento:R2-SEG-04-S03,R2-SEG-04-S03,r2-01-identidade-e-isolamento,R2-SEG-04,Destinos externos e callbacks protegidos,Rede privada legítima,PASS_INTEGRADO_LOCAL,r2-seg04-egress.log — rede privada limitada ao host e porta aprovados,openspec/changes/r2-01-identidade-e-isolamento/specs/identidade-e-isolamento-operacional/spec.md,95,363db7fd0613b909c75beaeb9eb7dfe1e3cb52c8f4ecbbbbb697241e381dde9b
r2-01-identidade-e-isolamento:R2-SEG-05-S01,R2-SEG-05-S01,r2-01-identidade-e-isolamento,R2-SEG-05,Sessão administrativa e trilha de alterações,Alteração atribuível,PASS_INTEGRADO,"r2-seg05-admin.log — publicação registra autor, revisão, hash e razão em PostgreSQL",openspec/changes/r2-01-identidade-e-isolamento/specs/identidade-e-isolamento-operacional/spec.md,107,363db7fd0613b909c75beaeb9eb7dfe1e3cb52c8f4ecbbbbb697241e381dde9b
r2-01-identidade-e-isolamento:R2-SEG-05-S02,R2-SEG-05-S02,r2-01-identidade-e-isolamento,R2-SEG-05,Sessão administrativa e trilha de alterações,Sessão termina,PASS_INTEGRADO_LOCAL,r2-seg05-admin.log — Chromium limpa estado sensível e logout retorna 401 na API administrativa,openspec/changes/r2-01-identidade-e-isolamento/specs/identidade-e-isolamento-operacional/spec.md,113,363db7fd0613b909c75beaeb9eb7dfe1e3cb52c8f4ecbbbbb697241e381dde9b
r2-01-identidade-e-isolamento:R2-SEG-05-S03,R2-SEG-05-S03,r2-01-identidade-e-isolamento,R2-SEG-05,Sessão administrativa e trilha de alterações,Falha de backend,PASS_UNITARIO,"r2-seg05-admin.log — erro público tem código/correlação e não expõe DSN, token, stack ou segredo",openspec/changes/r2-01-identidade-e-isolamento/specs/identidade-e-isolamento-operacional/spec.md,119,363db7fd0613b909c75beaeb9eb7dfe1e3cb52c8f4ecbbbbb697241e381dde9b
r2-02-execucao-duravel-e-resultados:R2-EXE-01-S01,R2-EXE-01-S01,r2-02-execucao-duravel-e-resultados,R2-EXE-01,Aceite e intenção recuperáveis em todas as modalidades,Crash após aceite,PASS_INTEGRADO,"crash-after-acceptance-runtime-latest.json — aceite ASYNC durável sobreviveu ao reinício imediato de Órbita, a mesma obrigação foi recuperada até SUCCEEDED e PostgreSQL/provider-sim confirmaram um protocolo, uma operação e um efeito",openspec/changes/r2-02-execucao-duravel-e-resultados/specs/execucao-duravel-e-resultados/spec.md,11,363db7fd0613b909c75beaeb9eb7dfe1e3cb52c8f4ecbbbbb697241e381dde9b
r2-02-execucao-duravel-e-resultados:R2-EXE-01-S02,R2-EXE-01-S02,r2-02-execucao-duravel-e-resultados,R2-EXE-01,Aceite e intenção recuperáveis em todas as modalidades,Broker indisponível,PASS_INTEGRADO,async-broker-outage-runtime-latest.json — broker indisponível antes do aceite retornou 202/ACCEPTED,openspec/changes/r2-02-execucao-duravel-e-resultados/specs/execucao-duravel-e-resultados/spec.md,17,363db7fd0613b909c75beaeb9eb7dfe1e3cb52c8f4ecbbbbb697241e381dde9b
r2-02-execucao-duravel-e-resultados:R2-EXE-01-S03,R2-EXE-01-S03,r2-02-execucao-duravel-e-resultados,R2-EXE-01,Aceite e intenção recuperáveis em todas as modalidades,Commit incerto,PASS_INTEGRADO_LOCAL,"commit-uncertain-runtime-latest.json — cliente encerrou a conexão após enviar o request, PostgreSQL recuperou um único protocolo ACCEPTED e o replay autenticado retornou o mesmo UUID sem criar operação duplicada",openspec/changes/r2-02-execucao-duravel-e-resultados/specs/execucao-duravel-e-resultados/spec.md,23,363db7fd0613b909c75beaeb9eb7dfe1e3cb52c8f4ecbbbbb697241e381dde9b
r2-02-execucao-duravel-e-resultados:R2-EXE-02-S01,R2-EXE-02-S01,r2-02-execucao-duravel-e-resultados,R2-EXE-02,Idempotência concorrente com UUID recuperável,Concorrência real,PASS_INTEGRADO,r2-int-exe-qualification.log — TestAdmissionPostgresAtomicIdempotency disputa concorrente e converge em um protocolo,openspec/changes/r2-02-execucao-duravel-e-resultados/specs/execucao-duravel-e-resultados/spec.md,35,363db7fd0613b909c75beaeb9eb7dfe1e3cb52c8f4ecbbbbb697241e381dde9b
r2-02-execucao-duravel-e-resultados:R2-EXE-02-S02,R2-EXE-02-S02,r2-02-execucao-duravel-e-resultados,R2-EXE-02,Idempotência concorrente com UUID recuperável,Chave divergente,PASS_INTEGRADO,r2-int-exe-qualification.log — TestAdmissionPostgresAtomicIdempotency recusa hash divergente sem substituir o aceite,openspec/changes/r2-02-execucao-duravel-e-resultados/specs/execucao-duravel-e-resultados/spec.md,41,363db7fd0613b909c75beaeb9eb7dfe1e3cb52c8f4ecbbbbb697241e381dde9b
r2-02-execucao-duravel-e-resultados:R2-EXE-02-S03,R2-EXE-02-S03,r2-02-execucao-duravel-e-resultados,R2-EXE-02,Idempotência concorrente com UUID recuperável,Erro após aceite,PASS_INTEGRADO_LOCAL,commit-uncertain-runtime-latest.json — replay após perda da resposta recuperou o UUID do aceite conhecido e confirmou cardinalidade única de protocolo/operação,openspec/changes/r2-02-execucao-duravel-e-resultados/specs/execucao-duravel-e-resultados/spec.md,47,363db7fd0613b909c75beaeb9eb7dfe1e3cb52c8f4ecbbbbb697241e381dde9b
r2-02-execucao-duravel-e-resultados:R2-EXE-03-S01,R2-EXE-03-S01,r2-02-execucao-duravel-e-resultados,R2-EXE-03,Um dono de despacho e tentativa anterior ao efeito,Dois executores,PASS_INTEGRADO,r2-int-exe-qualification.log — TestPostgresSubmissionAndObservationCustody conserva tentativa e posse única,openspec/changes/r2-02-execucao-duravel-e-resultados/specs/execucao-duravel-e-resultados/spec.md,59,363db7fd0613b909c75beaeb9eb7dfe1e3cb52c8f4ecbbbbb697241e381dde9b
r2-02-execucao-duravel-e-resultados:R2-EXE-03-S02,R2-EXE-03-S02,r2-02-execucao-duravel-e-resultados,R2-EXE-03,Um dono de despacho e tentativa anterior ao efeito,Crash após envio,PASS_INTEGRADO,r2-int-exe-qualification.log — TestPostgresExecutorDropAfterEffectIsUnknownAndNotReexecuted,openspec/changes/r2-02-execucao-duravel-e-resultados/specs/execucao-duravel-e-resultados/spec.md,65,363db7fd0613b909c75beaeb9eb7dfe1e3cb52c8f4ecbbbbb697241e381dde9b
r2-02-execucao-duravel-e-resultados:R2-EXE-03-S03,R2-EXE-03-S03,r2-02-execucao-duravel-e-resultados,R2-EXE-03,Um dono de despacho e tentativa anterior ao efeito,Fencing antigo,PASS_INTEGRADO,r2-int-exe-qualification.log — TestPostgresSubmissionLeaseFencesStaleOwner,openspec/changes/r2-02-execucao-duravel-e-resultados/specs/execucao-duravel-e-resultados/spec.md,71,363db7fd0613b909c75beaeb9eb7dfe1e3cb52c8f4ecbbbbb697241e381dde9b
r2-02-execucao-duravel-e-resultados:R2-EXE-04-S01,R2-EXE-04-S01,r2-02-execucao-duravel-e-resultados,R2-EXE-04,Resultado externo válido e durável,Conteúdo real,PASS_INTEGRADO,r2-int-exe-qualification.log — TestOperationFactPostgresCustody conserva result_marker distinto do input e TestPostgresProviderReceiptIsSeparateFromNormalizedResult,openspec/changes/r2-02-execucao-duravel-e-resultados/specs/execucao-duravel-e-resultados/spec.md,83,363db7fd0613b909c75beaeb9eb7dfe1e3cb52c8f4ecbbbbb697241e381dde9b
r2-02-execucao-duravel-e-resultados:R2-EXE-04-S02,R2-EXE-04-S02,r2-02-execucao-duravel-e-resultados,R2-EXE-04,Resultado externo válido e durável,Resposta inválida,PASS_INTEGRADO_LOCAL,"invalid-provider-response-integration-latest.log — provedor HTTP retornou JSON inválido, Cometa conservou UNKNOWN com invalid_provider_response, não criou SUCCEEDED/recibo bruto e não repetiu o POST",openspec/changes/r2-02-execucao-duravel-e-resultados/specs/execucao-duravel-e-resultados/spec.md,89,363db7fd0613b909c75beaeb9eb7dfe1e3cb52c8f4ecbbbbb697241e381dde9b
r2-02-execucao-duravel-e-resultados:R2-EXE-04-S03,R2-EXE-04-S03,r2-02-execucao-duravel-e-resultados,R2-EXE-04,Resultado externo válido e durável,Commit falha,PASS_INTEGRADO_LOCAL,"commit-failure-recovery-latest.log — resposta SUCCEEDED válida seguida de falha de commit deixou obrigação UNKNOWN reconciliável, preservou correlação/recibo, não publicou outbox e não repetiu o submit",openspec/changes/r2-02-execucao-duravel-e-resultados/specs/execucao-duravel-e-resultados/spec.md,95,363db7fd0613b909c75beaeb9eb7dfe1e3cb52c8f4ecbbbbb697241e381dde9b
r2-02-execucao-duravel-e-resultados:R2-EXE-05-S01,R2-EXE-05-S01,r2-02-execucao-duravel-e-resultados,R2-EXE-05,"Inbox, outbox e confirmação de mensagens",Efeito falha,PASS_INTEGRADO,r2-int-exe-qualification.log — TestOperationFactPostgresCustody não confirma mensagem sem finalização durável,openspec/changes/r2-02-execucao-duravel-e-resultados/specs/execucao-duravel-e-resultados/spec.md,107,363db7fd0613b909c75beaeb9eb7dfe1e3cb52c8f4ecbbbbb697241e381dde9b
r2-02-execucao-duravel-e-resultados:R2-EXE-05-S02,R2-EXE-05-S02,r2-02-execucao-duravel-e-resultados,R2-EXE-05,"Inbox, outbox e confirmação de mensagens",Reentrega após commit,PASS_INTEGRADO,r2-int-exe-qualification.log — TestOperationFactPostgresCustody deduplica inbox após reentrega,openspec/changes/r2-02-execucao-duravel-e-resultados/specs/execucao-duravel-e-resultados/spec.md,113,363db7fd0613b909c75beaeb9eb7dfe1e3cb52c8f4ecbbbbb697241e381dde9b
r2-02-execucao-duravel-e-resultados:R2-EXE-05-S03,R2-EXE-05-S03,r2-02-execucao-duravel-e-resultados,R2-EXE-05,"Inbox, outbox e confirmação de mensagens",Schema desconhecido,PASS_INTEGRADO,r2-int-exe-qualification.log — TestOperationFactPostgresCustody quarentena tipo desconhecido e preserva identidade,openspec/changes/r2-02-execucao-duravel-e-resultados/specs/execucao-duravel-e-resultados/spec.md,119,363db7fd0613b909c75beaeb9eb7dfe1e3cb52c8f4ecbbbbb697241e381dde9b
r2-02-execucao-duravel-e-resultados:R2-EXE-06-S01,R2-EXE-06-S01,r2-02-execucao-duravel-e-resultados,R2-EXE-06,Deadline por confirmação durável e final tardio,Timer atrasado,PASS_INTEGRADO,late-success-expiry-smoke.json — finalização bem-sucedida após deadline foi arbitrada como EXPIRED/SLA_EXCEEDED sem persistir resultado do provedor,openspec/changes/r2-02-execucao-duravel-e-resultados/specs/execucao-duravel-e-resultados/spec.md,131,363db7fd0613b909c75beaeb9eb7dfe1e3cb52c8f4ecbbbbb697241e381dde9b
r2-02-execucao-duravel-e-resultados:R2-EXE-06-S02,R2-EXE-06-S02,r2-02-execucao-duravel-e-resultados,R2-EXE-06,Deadline por confirmação durável e final tardio,Commit cruza o limite,PASS_INTEGRADO,"commit-crosses-deadline-smoke.json — lock iniciado antes do deadline e liberado depois arbitrou EXPIRED/REJECTED_LATE_SLA, sem resultado tardio e com um único fato terminal",openspec/changes/r2-02-execucao-duravel-e-resultados/specs/execucao-duravel-e-resultados/spec.md,137,363db7fd0613b909c75beaeb9eb7dfe1e3cb52c8f4ecbbbbb697241e381dde9b
r2-02-execucao-duravel-e-resultados:R2-EXE-06-S03,R2-EXE-06-S03,r2-02-execucao-duravel-e-resultados,R2-EXE-06,Deadline por confirmação durável e final tardio,Final e expiração concorrentes,PASS_INTEGRADO,"finalize-expiry-race-smoke.json — finalização e expiração concorrentes convergiram via PostgreSQL para uma única transição terminal, result_version/version 1 e um único protocol.finalized",openspec/changes/r2-02-execucao-duravel-e-resultados/specs/execucao-duravel-e-resultados/spec.md,143,363db7fd0613b909c75beaeb9eb7dfe1e3cb52c8f4ecbbbbb697241e381dde9b
r2-02-execucao-duravel-e-resultados:R2-EXE-06-S04,R2-EXE-06-S04,r2-02-execucao-duravel-e-resultados,R2-EXE-06,Deadline por confirmação durável e final tardio,Resultado tardio custoso,PASS_INTEGRADO_LOCAL,late-costly-result-finance-latest.log — final tardio preservou EXPIRED/SLA_EXCEEDED no GET e na representação do webhook,openspec/changes/r2-02-execucao-duravel-e-resultados/specs/execucao-duravel-e-resultados/spec.md,149,363db7fd0613b909c75beaeb9eb7dfe1e3cb52c8f4ecbbbbb697241e381dde9b
r2-02-execucao-duravel-e-resultados:R2-EXE-07-S01,R2-EXE-07-S01,r2-02-execucao-duravel-e-resultados,R2-EXE-07,SYNC direto e AUTO com espera limitada,SYNC com broker parado,PASS_INTEGRADO,"broker-outage-runtime-latest.json — LocalStack foi interrompido, Orbita/Cometa foram recriados sem dependência do broker, SYNC e GET retornaram SUCCEEDED com persistência confirmada e o broker foi restaurado",openspec/changes/r2-02-execucao-duravel-e-resultados/specs/execucao-duravel-e-resultados/spec.md,161,363db7fd0613b909c75beaeb9eb7dfe1e3cb52c8f4ecbbbbb697241e381dde9b
r2-02-execucao-duravel-e-resultados:R2-EXE-07-S02,R2-EXE-07-S02,r2-02-execucao-duravel-e-resultados,R2-EXE-07,SYNC direto e AUTO com espera limitada,Natureza incompatível,PASS_INTEGRADO_LOCAL,"admin-technical-policy-smoke.json + offer-resolution-runtime-latest.json — publicação/resolução rejeitaram SYNC incompatível com provedor async_poll com erro explícito, sem ativar a oferta e sem escolher ASYNC automaticamente",openspec/changes/r2-02-execucao-duravel-e-resultados/specs/execucao-duravel-e-resultados/spec.md,167,363db7fd0613b909c75beaeb9eb7dfe1e3cb52c8f4ecbbbbb697241e381dde9b
r2-02-execucao-duravel-e-resultados:R2-EXE-07-S03,R2-EXE-07-S03,r2-02-execucao-duravel-e-resultados,R2-EXE-07,SYNC direto e AUTO com espera limitada,AUTO rápido e lento,PASS_INTEGRADO,r2-int-exe-qualification.log — TestAutoPostgresBoundedWait retorna final rápido ou 202 tardio sem renovar espera,openspec/changes/r2-02-execucao-duravel-e-resultados/specs/execucao-duravel-e-resultados/spec.md,173,363db7fd0613b909c75beaeb9eb7dfe1e3cb52c8f4ecbbbbb697241e381dde9b
r2-02-execucao-duravel-e-resultados:R2-EXE-07-S04,R2-EXE-07-S04,r2-02-execucao-duravel-e-resultados,R2-EXE-07,SYNC direto e AUTO com espera limitada,Cliente desconecta,PASS_INTEGRADO,r2-int-exe-qualification.log — TestAutoPostgresBoundedWait preserva intenção após desconexão,openspec/changes/r2-02-execucao-duravel-e-resultados/specs/execucao-duravel-e-resultados/spec.md,179,363db7fd0613b909c75beaeb9eb7dfe1e3cb52c8f4ecbbbbb697241e381dde9b
r2-02-execucao-duravel-e-resultados:R2-EXE-08-S01,R2-EXE-08-S01,r2-02-execucao-duravel-e-resultados,R2-EXE-08,Representação final única por contrato de cliente,Igualdade completa,PASS_INTEGRADO,"representation-runtime-latest.json — Chromium/OIDC publicou destino app-acme v4 com timeout compatível com o lease, POST SYNC retornou representação final, GET reutilizou os mesmos bytes/hash e Pulsar entregou o mesmo corpo ao webhook-sink",openspec/changes/r2-02-execucao-duravel-e-resultados/specs/execucao-duravel-e-resultados/spec.md,191,363db7fd0613b909c75beaeb9eb7dfe1e3cb52c8f4ecbbbbb697241e381dde9b
r2-02-execucao-duravel-e-resultados:R2-EXE-08-S02,R2-EXE-08-S02,r2-02-execucao-duravel-e-resultados,R2-EXE-08,Representação final única por contrato de cliente,Upgrade e mudança de contrato,PARCIAL_INTEGRADO,"final-representation-immutable-smoke.json — tentativa de substituir representação v1 por v2 após commit terminal foi recusada, preservando status, bytes, result_version e fato final",openspec/changes/r2-02-execucao-duravel-e-resultados/specs/execucao-duravel-e-resultados/spec.md,197,363db7fd0613b909c75beaeb9eb7dfe1e3cb52c8f4ecbbbbb697241e381dde9b
r2-02-execucao-duravel-e-resultados:R2-EXE-08-S03,R2-EXE-08-S03,r2-02-execucao-duravel-e-resultados,R2-EXE-08,Representação final única por contrato de cliente,Resultado pendente ou expirado,PASS_INTEGRADO,public-representation-state-smoke.json — PostgreSQL + HTTP público serviram WAITING_PROVIDER e EXPIRED com HTTP 200,openspec/changes/r2-02-execucao-duravel-e-resultados/specs/execucao-duravel-e-resultados/spec.md,203,363db7fd0613b909c75beaeb9eb7dfe1e3cb52c8f4ecbbbbb697241e381dde9b
r2-02-execucao-duravel-e-resultados:R2-EXE-09-S01,R2-EXE-09-S01,r2-02-execucao-duravel-e-resultados,R2-EXE-09,Reconciliação de obrigações sem reexecutar efeitos,Protocolo órfão de despacho,PASS_INTEGRADO,"orphan-dispatch-recovery-smoke.json — intenção READY antiga com lease expirado foi diagnosticada e recuperada com a mesma identidade, sem novo despacho",openspec/changes/r2-02-execucao-duravel-e-resultados/specs/execucao-duravel-e-resultados/spec.md,215,363db7fd0613b909c75beaeb9eb7dfe1e3cb52c8f4ecbbbbb697241e381dde9b
r2-02-execucao-duravel-e-resultados:R2-EXE-09-S02,R2-EXE-09-S02,r2-02-execucao-duravel-e-resultados,R2-EXE-09,Reconciliação de obrigações sem reexecutar efeitos,Parceiro sem consulta idempotente,PASS_INTEGRADO,r2-int-exe-qualification.log — TestReconciliationWorkerResolvesStatusWithoutReplay reconcilia com GET e zero POST,openspec/changes/r2-02-execucao-duravel-e-resultados/specs/execucao-duravel-e-resultados/spec.md,221,363db7fd0613b909c75beaeb9eb7dfe1e3cb52c8f4ecbbbbb697241e381dde9b
r2-02-execucao-duravel-e-resultados:R2-EXE-09-S03,R2-EXE-09-S03,r2-02-execucao-duravel-e-resultados,R2-EXE-09,Reconciliação de obrigações sem reexecutar efeitos,Callback antes da associação,PASS_INTEGRADO,r2-int-exe-qualification.log — TestPostgresOrphanCapabilityHashDoesNotShadowValidCallback,openspec/changes/r2-02-execucao-duravel-e-resultados/specs/execucao-duravel-e-resultados/spec.md,227,363db7fd0613b909c75beaeb9eb7dfe1e3cb52c8f4ecbbbbb697241e381dde9b
r2-03-integracoes-credenciais-e-pressao:R2-INT-01-S01,R2-INT-01-S01,r2-03-integracoes-credenciais-e-pressao,R2-INT-01,Adapter executável homologado por capacidade,REST real distinto do simulador,PASS_INTEGRADO,"rest-adapter-executor-smoke.json + r2-rest-adapter-latest.log — executor PostgreSQL chamou POST /analise pelo adapter rest-json-v1, persistiu SUCCEEDED e não usou provider-sim",openspec/changes/r2-03-integracoes-credenciais-e-pressao/specs/integracoes-credenciais-e-pressao/spec.md,11,363db7fd0613b909c75beaeb9eb7dfe1e3cb52c8f4ecbbbbb697241e381dde9b
r2-03-integracoes-credenciais-e-pressao:R2-INT-01-S02,R2-INT-01-S02,r2-03-integracoes-credenciais-e-pressao,R2-INT-01,Adapter executável homologado por capacidade,Capacidade ausente,PASS_UNITARIO,r2-int-exe-qualification.log — TestAdapterRegistryDoesNotTurnCatalogIDIntoTransport,openspec/changes/r2-03-integracoes-credenciais-e-pressao/specs/integracoes-credenciais-e-pressao/spec.md,17,363db7fd0613b909c75beaeb9eb7dfe1e3cb52c8f4ecbbbbb697241e381dde9b
r2-03-integracoes-credenciais-e-pressao:R2-INT-01-S03,R2-INT-01-S03,r2-03-integracoes-credenciais-e-pressao,R2-INT-01,Adapter executável homologado por capacidade,Protocolo especializado,PASS_UNITARIO,r2-int-exe-qualification.log — TestAdapterRegistryFailsClosedForUnknownRuntimeAdapter e TestAdapterRegistryReadsExplicitRuntimeAllowlist,openspec/changes/r2-03-integracoes-credenciais-e-pressao/specs/integracoes-credenciais-e-pressao/spec.md,23,363db7fd0613b909c75beaeb9eb7dfe1e3cb52c8f4ecbbbbb697241e381dde9b
r2-03-integracoes-credenciais-e-pressao:R2-INT-02-S01,R2-INT-02-S01,r2-03-integracoes-credenciais-e-pressao,R2-INT-02,Credencial efetiva vinculada ao cliente e à conta,Dois clientes na mesma conta,PASS_INTEGRADO_LOCAL,r2-int-exe-qualification.log — TestOAuthSameProviderAccountUsesEachDedicatedBindingCredential com duas credenciais simultâneas na mesma conta,openspec/changes/r2-03-integracoes-credenciais-e-pressao/specs/integracoes-credenciais-e-pressao/spec.md,35,363db7fd0613b909c75beaeb9eb7dfe1e3cb52c8f4ecbbbbb697241e381dde9b
r2-03-integracoes-credenciais-e-pressao:R2-INT-02-S02,R2-INT-02-S02,r2-03-integracoes-credenciais-e-pressao,R2-INT-02,Credencial efetiva vinculada ao cliente e à conta,Vínculo dedicado indisponível,PASS_UNITARIO,r2-int-exe-qualification.log — TestBasicUsesDecryptedVersionWithoutFallback recusa versão dedicada ausente,openspec/changes/r2-03-integracoes-credenciais-e-pressao/specs/integracoes-credenciais-e-pressao/spec.md,41,363db7fd0613b909c75beaeb9eb7dfe1e3cb52c8f4ecbbbbb697241e381dde9b
r2-03-integracoes-credenciais-e-pressao:R2-INT-02-S03,R2-INT-02-S03,r2-03-integracoes-credenciais-e-pressao,R2-INT-02,Credencial efetiva vinculada ao cliente e à conta,Rotação e cache,PASS_UNITARIO,r2-int-exe-qualification.log — TestOAuthCacheRevocationAndExpiry invalida versão antiga e respeita expiração,openspec/changes/r2-03-integracoes-credenciais-e-pressao/specs/integracoes-credenciais-e-pressao/spec.md,47,363db7fd0613b909c75beaeb9eb7dfe1e3cb52c8f4ecbbbbb697241e381dde9b
r2-03-integracoes-credenciais-e-pressao:R2-INT-03-S01,R2-INT-03-S01,r2-03-integracoes-credenciais-e-pressao,R2-INT-03,Segredos reais e cache dispensável,mTLS comprovado,PASS_INTEGRADO_LOCAL,r2-int-exe-qualification.log — TestMTLSOAuthUsesClientCertificateAndPinnedCA com handshake HTTPS real,openspec/changes/r2-03-integracoes-credenciais-e-pressao/specs/integracoes-credenciais-e-pressao/spec.md,59,363db7fd0613b909c75beaeb9eb7dfe1e3cb52c8f4ecbbbbb697241e381dde9b
r2-03-integracoes-credenciais-e-pressao:R2-INT-03-S02,R2-INT-03-S02,r2-03-integracoes-credenciais-e-pressao,R2-INT-03,Segredos reais e cache dispensável,Redis ausente,PASS_INTEGRADO_LOCAL,r2-int-exe-qualification.log — TestOAuthWorksWithoutRedisAndScopesTokensByBinding com cache L1 e Redis indisponível,openspec/changes/r2-03-integracoes-credenciais-e-pressao/specs/integracoes-credenciais-e-pressao/spec.md,65,363db7fd0613b909c75beaeb9eb7dfe1e3cb52c8f4ecbbbbb697241e381dde9b
r2-03-integracoes-credenciais-e-pressao:R2-INT-03-S03,R2-INT-03-S03,r2-03-integracoes-credenciais-e-pressao,R2-INT-03,Segredos reais e cache dispensável,Cofre indisponível,PASS_INTEGRADO_LOCAL,r2-int-exe-qualification.log — TestOAuthExpiredL1RefusesRevokedSecretWhileHealthyBindingContinues recusa material revogado sem header e mantém binding saudável,openspec/changes/r2-03-integracoes-credenciais-e-pressao/specs/integracoes-credenciais-e-pressao/spec.md,71,363db7fd0613b909c75beaeb9eb7dfe1e3cb52c8f4ecbbbbb697241e381dde9b
r2-03-integracoes-credenciais-e-pressao:R2-INT-04-S01,R2-INT-04-S01,r2-03-integracoes-credenciais-e-pressao,R2-INT-04,Polling e callback combináveis e coordenados,Ativação de polling,PASS_INTEGRADO_LOCAL,r2-int-exe-qualification.log — TestPostgresPollingAuthenticatedHTTP conserva agenda e autenticação,openspec/changes/r2-03-integracoes-credenciais-e-pressao/specs/integracoes-credenciais-e-pressao/spec.md,83,363db7fd0613b909c75beaeb9eb7dfe1e3cb52c8f4ecbbbbb697241e381dde9b
r2-03-integracoes-credenciais-e-pressao:R2-INT-04-S02,R2-INT-04-S02,r2-03-integracoes-credenciais-e-pressao,R2-INT-04,Polling e callback combináveis e coordenados,Resposta pendente saudável,PASS_INTEGRADO_LOCAL,r2-int-exe-qualification.log — TestPostgresPollingClaimsFenceAndAbsoluteDeadline preserva deadline e bloqueia orçamento insuficiente,openspec/changes/r2-03-integracoes-credenciais-e-pressao/specs/integracoes-credenciais-e-pressao/spec.md,89,363db7fd0613b909c75beaeb9eb7dfe1e3cb52c8f4ecbbbbb697241e381dde9b
r2-03-integracoes-credenciais-e-pressao:R2-INT-04-S03,R2-INT-04-S03,r2-03-integracoes-credenciais-e-pressao,R2-INT-04,Polling e callback combináveis e coordenados,Polling e callback concorrentes,PASS_INTEGRADO_LOCAL,r2-int-exe-qualification.log — TestPostgresPollingCallbackConflictRetainsBoth classifica observações concorrentes,openspec/changes/r2-03-integracoes-credenciais-e-pressao/specs/integracoes-credenciais-e-pressao/spec.md,95,363db7fd0613b909c75beaeb9eb7dfe1e3cb52c8f4ecbbbbb697241e381dde9b
r2-03-integracoes-credenciais-e-pressao:R2-INT-04-S04,R2-INT-04-S04,r2-03-integracoes-credenciais-e-pressao,R2-INT-04,Polling e callback combináveis e coordenados,Falha de recibo,PASS_INTEGRADO_LOCAL,r2-int-exe-qualification.log — TestCallbackDoesNotAckWhenCustodyAuthorityUnavailable retorna 503 sem ACK 2xx,openspec/changes/r2-03-integracoes-credenciais-e-pressao/specs/integracoes-credenciais-e-pressao/spec.md,101,363db7fd0613b909c75beaeb9eb7dfe1e3cb52c8f4ecbbbbb697241e381dde9b
r2-03-integracoes-credenciais-e-pressao:R2-INT-05-S01,R2-INT-05-S01,r2-03-integracoes-credenciais-e-pressao,R2-INT-05,Janela absoluta de retry e classificação de falha,TTL zero,PASS_INTEGRADO_LOCAL,r2-int-exe-qualification.log — TestPostgresRetryHorizonTTLZeroDoesNotRequeue,openspec/changes/r2-03-integracoes-credenciais-e-pressao/specs/integracoes-credenciais-e-pressao/spec.md,113,363db7fd0613b909c75beaeb9eb7dfe1e3cb52c8f4ecbbbbb697241e381dde9b
r2-03-integracoes-credenciais-e-pressao:R2-INT-05-S02,R2-INT-05-S02,r2-03-integracoes-credenciais-e-pressao,R2-INT-05,Janela absoluta de retry e classificação de falha,Reinício no meio da janela,PASS_INTEGRADO_LOCAL,r2-int-exe-qualification.log — TestPostgresRetryHorizonStartsOnceAndExpires preserva retry_until após takeover,openspec/changes/r2-03-integracoes-credenciais-e-pressao/specs/integracoes-credenciais-e-pressao/spec.md,119,363db7fd0613b909c75beaeb9eb7dfe1e3cb52c8f4ecbbbbb697241e381dde9b
r2-03-integracoes-credenciais-e-pressao:R2-INT-05-S03,R2-INT-05-S03,r2-03-integracoes-credenciais-e-pressao,R2-INT-05,Janela absoluta de retry e classificação de falha,429 com espera incompatível,PASS_INTEGRADO_LOCAL,r2-int-exe-qualification.log — TestPostgresPollingRetryAfterBeyondDeadlineIsNotClaimed,openspec/changes/r2-03-integracoes-credenciais-e-pressao/specs/integracoes-credenciais-e-pressao/spec.md,125,363db7fd0613b909c75beaeb9eb7dfe1e3cb52c8f4ecbbbbb697241e381dde9b
r2-03-integracoes-credenciais-e-pressao:R2-INT-05-S04,R2-INT-05-S04,r2-03-integracoes-credenciais-e-pressao,R2-INT-05,Janela absoluta de retry e classificação de falha,Timeout após envio,PASS_INTEGRADO_LOCAL,r2-int-exe-qualification.log — TestPostgresExecutorDropAfterEffectIsUnknownAndNotReexecuted,openspec/changes/r2-03-integracoes-credenciais-e-pressao/specs/integracoes-credenciais-e-pressao/spec.md,131,363db7fd0613b909c75beaeb9eb7dfe1e3cb52c8f4ecbbbbb697241e381dde9b
r2-03-integracoes-credenciais-e-pressao:R2-INT-06-S01,R2-INT-06-S01,r2-03-integracoes-credenciais-e-pressao,R2-INT-06,Controle adaptativo global por domínio de capacidade,Provedor degrada,PASS_INTEGRADO_LOCAL,r2-int-exe-qualification.log — TestPostgresCapacityAdaptiveAndPending reduz limite sob timeout/latência,openspec/changes/r2-03-integracoes-credenciais-e-pressao/specs/integracoes-credenciais-e-pressao/spec.md,143,363db7fd0613b909c75beaeb9eb7dfe1e3cb52c8f4ecbbbbb697241e381dde9b
r2-03-integracoes-credenciais-e-pressao:R2-INT-06-S02,R2-INT-06-S02,r2-03-integracoes-credenciais-e-pressao,R2-INT-06,Controle adaptativo global por domínio de capacidade,Provedor escala,PASS_INTEGRADO_LOCAL,r2-int-exe-qualification.log — TestPostgresCapacityAdaptiveAndPending recupera gradualmente após estabilidade,openspec/changes/r2-03-integracoes-credenciais-e-pressao/specs/integracoes-credenciais-e-pressao/spec.md,149,363db7fd0613b909c75beaeb9eb7dfe1e3cb52c8f4ecbbbbb697241e381dde9b
r2-03-integracoes-credenciais-e-pressao:R2-INT-06-S03,R2-INT-06-S03,r2-03-integracoes-credenciais-e-pressao,R2-INT-06,Controle adaptativo global por domínio de capacidade,Três réplicas e partição,PASS_INTEGRADO_LOCAL,"r2-int-exe-qualification.log — TestPostgresCapacityPartitionDeniesStaleReplicaAndPreservesHealthyTenant limita três réplicas, nega réplica particionada e preserva reserva de B",openspec/changes/r2-03-integracoes-credenciais-e-pressao/specs/integracoes-credenciais-e-pressao/spec.md,155,363db7fd0613b909c75beaeb9eb7dfe1e3cb52c8f4ecbbbbb697241e381dde9b
r2-03-integracoes-credenciais-e-pressao:R2-INT-06-S04,R2-INT-06-S04,r2-03-integracoes-credenciais-e-pressao,R2-INT-06,Controle adaptativo global por domínio de capacidade,Ruído de cliente,PASS_INTEGRADO_LOCAL,r2-int-exe-qualification.log — TestPostgresCapacityRollingRateIsolation e TestPostgresCapacityPartitionDeniesStaleReplicaAndPreservesHealthyTenant contêm ruído de A sem consumir quota de B,openspec/changes/r2-03-integracoes-credenciais-e-pressao/specs/integracoes-credenciais-e-pressao/spec.md,161,363db7fd0613b909c75beaeb9eb7dfe1e3cb52c8f4ecbbbbb697241e381dde9b
r2-03-integracoes-credenciais-e-pressao:R2-INT-07-S01,R2-INT-07-S01,r2-03-integracoes-credenciais-e-pressao,R2-INT-07,Entrega ao cliente com identidade e política próprias,Mesma URL em dois tenants,PASS_INTEGRADO,r2-int-exe-qualification.log — TestPostgresVersionedWebhookCustody separa chaves por tenant com mesma URL,openspec/changes/r2-03-integracoes-credenciais-e-pressao/specs/integracoes-credenciais-e-pressao/spec.md,173,363db7fd0613b909c75beaeb9eb7dfe1e3cb52c8f4ecbbbbb697241e381dde9b
r2-03-integracoes-credenciais-e-pressao:R2-INT-07-S02,R2-INT-07-S02,r2-03-integracoes-credenciais-e-pressao,R2-INT-07,Entrega ao cliente com identidade e política próprias,Rotação e replay,PASS_INTEGRADO,r2-int-exe-qualification.log — TestPostgresVersionedWebhookCustody congela versão histórica para reentrega,openspec/changes/r2-03-integracoes-credenciais-e-pressao/specs/integracoes-credenciais-e-pressao/spec.md,179,363db7fd0613b909c75beaeb9eb7dfe1e3cb52c8f4ecbbbbb697241e381dde9b
r2-03-integracoes-credenciais-e-pressao:R2-INT-07-S03,R2-INT-07-S03,r2-03-integracoes-credenciais-e-pressao,R2-INT-07,Entrega ao cliente com identidade e política próprias,Destino lento ou indisponível,PASS_INTEGRADO_LOCAL,"r2-int-exe-qualification.log — TestPostgresSlowWebhookTenantDoesNotBlockHealthyDelivery agenda retry, expõe EXHAUSTED e entrega B em paralelo",openspec/changes/r2-03-integracoes-credenciais-e-pressao/specs/integracoes-credenciais-e-pressao/spec.md,185,363db7fd0613b909c75beaeb9eb7dfe1e3cb52c8f4ecbbbbb697241e381dde9b
r2-03-integracoes-credenciais-e-pressao:R2-INT-07-S04,R2-INT-07-S04,r2-03-integracoes-credenciais-e-pressao,R2-INT-07,Entrega ao cliente com identidade e política próprias,Duplicata no receptor,PASS_INTEGRADO_LOCAL,"webhook-retry-representation-smoke.json + r2-int-exe-qualification.log — TestPostgresWebhookRetryPreservesFinalRepresentationAndHMAC simula perda do recibo e verifica mesma identidade, bytes e HMAC",openspec/changes/r2-03-integracoes-credenciais-e-pressao/specs/integracoes-credenciais-e-pressao/spec.md,191,363db7fd0613b909c75beaeb9eb7dfe1e3cb52c8f4ecbbbbb697241e381dde9b
r2-03-integracoes-credenciais-e-pressao:R2-INT-08-S01,R2-INT-08-S01,r2-03-integracoes-credenciais-e-pressao,R2-INT-08,SLA do provedor separado de SLA do cliente,Violação apenas do provedor,PASS_INTEGRADO_LOCAL,r2-int-exe-qualification.log — TestFinalizeMonitorOnlyPreservesClientSuccessAndReportsProviderBreach,openspec/changes/r2-03-integracoes-credenciais-e-pressao/specs/integracoes-credenciais-e-pressao/spec.md,203,363db7fd0613b909c75beaeb9eb7dfe1e3cb52c8f4ecbbbbb697241e381dde9b
r2-03-integracoes-credenciais-e-pressao:R2-INT-08-S02,R2-INT-08-S02,r2-03-integracoes-credenciais-e-pressao,R2-INT-08,SLA do provedor separado de SLA do cliente,Rejeição contratada,PASS_INTEGRADO_LOCAL,r2-int-exe-qualification.log — TestFinalizeRejectsSuccessAfterProviderSLABreach,openspec/changes/r2-03-integracoes-credenciais-e-pressao/specs/integracoes-credenciais-e-pressao/spec.md,209,363db7fd0613b909c75beaeb9eb7dfe1e3cb52c8f4ecbbbbb697241e381dde9b
r2-03-integracoes-credenciais-e-pressao:R2-INT-08-S03,R2-INT-08-S03,r2-03-integracoes-credenciais-e-pressao,R2-INT-08,SLA do provedor separado de SLA do cliente,Coorte ainda aberta,PASS_INTEGRADO_LOCAL,r2-int-exe-qualification.log — TestAdminSLAReportSeparatesOpenFulfilledExpiredAndExcludedCohort expõe resumo de coorte no endpoint consumido pelo portal,openspec/changes/r2-03-integracoes-credenciais-e-pressao/specs/integracoes-credenciais-e-pressao/spec.md,215,363db7fd0613b909c75beaeb9eb7dfe1e3cb52c8f4ecbbbbb697241e381dde9b
r2-04-catalogo-produtos-e-contratos:R2-CAT-01-S01,R2-CAT-01-S01,r2-04-catalogo-produtos-e-contratos,R2-CAT-01,Catálogo versionado com publicação governada,Publicação válida,PASS_INTEGRADO_LOCAL,r2-cat-dad-qualification.log — TestCatalogPostgresConcurrencyPublicationAndIsolation publica versão com hash/autor/revisão auditáveis,openspec/changes/r2-04-catalogo-produtos-e-contratos/specs/catalogo-produtos-e-contratos-versionados/spec.md,11,363db7fd0613b909c75beaeb9eb7dfe1e3cb52c8f4ecbbbbb697241e381dde9b
r2-04-catalogo-produtos-e-contratos:R2-CAT-01-S02,R2-CAT-01-S02,r2-04-catalogo-produtos-e-contratos,R2-CAT-01,Catálogo versionado com publicação governada,Sobrescrita de publicado,PASS_INTEGRADO_LOCAL,r2-cat-dad-qualification.log — TestCatalogPostgresConcurrencyPublicationAndIsolation rejeita mutação de versão publicada,openspec/changes/r2-04-catalogo-produtos-e-contratos/specs/catalogo-produtos-e-contratos-versionados/spec.md,17,363db7fd0613b909c75beaeb9eb7dfe1e3cb52c8f4ecbbbbb697241e381dde9b
r2-04-catalogo-produtos-e-contratos:R2-CAT-01-S03,R2-CAT-01-S03,r2-04-catalogo-produtos-e-contratos,R2-CAT-01,Catálogo versionado com publicação governada,Edição concorrente,PASS_INTEGRADO_LOCAL,r2-cat-dad-qualification.log — TestCatalogPostgresConcurrencyPublicationAndIsolation conserva uma edição e rejeita a revisão concorrente,openspec/changes/r2-04-catalogo-produtos-e-contratos/specs/catalogo-produtos-e-contratos-versionados/spec.md,23,363db7fd0613b909c75beaeb9eb7dfe1e3cb52c8f4ecbbbbb697241e381dde9b
r2-04-catalogo-produtos-e-contratos:R2-CAT-02-S01,R2-CAT-02-S01,r2-04-catalogo-produtos-e-contratos,R2-CAT-02,Ofertas por cliente e roteamento autorizado,Seleção elegível,PASS_INTEGRADO_LOCAL,"offer-resolution-runtime-latest.json — Atlas resolveu oferta publicada para app-acme/serviço assíncrono e selecionou prov-poll-2 com prioridade, versão, vínculo e hash registrados",openspec/changes/r2-04-catalogo-produtos-e-contratos/specs/catalogo-produtos-e-contratos-versionados/spec.md,35,363db7fd0613b909c75beaeb9eb7dfe1e3cb52c8f4ecbbbbb697241e381dde9b
r2-04-catalogo-produtos-e-contratos:R2-CAT-02-S02,R2-CAT-02-S02,r2-04-catalogo-produtos-e-contratos,R2-CAT-02,Ofertas por cliente e roteamento autorizado,Conta escolhida pelo cliente,PASS_INTEGRADO_LOCAL,offer-resolution-runtime-latest.json — conta prov-sync-1 fora da oferta foi recusada por HTTP 403/offer_not_eligible antes do efeito e o escopo cross-tenant também foi recusado,openspec/changes/r2-04-catalogo-produtos-e-contratos/specs/catalogo-produtos-e-contratos-versionados/spec.md,41,363db7fd0613b909c75beaeb9eb7dfe1e3cb52c8f4ecbbbbb697241e381dde9b
r2-04-catalogo-produtos-e-contratos:R2-CAT-02-S03,R2-CAT-02-S03,r2-04-catalogo-produtos-e-contratos,R2-CAT-02,Ofertas por cliente e roteamento autorizado,Sem combinação de SLA viável,PASS_INTEGRADO_LOCAL,"offer-resolution-runtime-latest.json — ofertas negativas com SLA/modalidade incompatíveis e vínculo de credencial divergente receberam field_errors específicos e permaneceram em DRAFT, sem ativação",openspec/changes/r2-04-catalogo-produtos-e-contratos/specs/catalogo-produtos-e-contratos-versionados/spec.md,47,363db7fd0613b909c75beaeb9eb7dfe1e3cb52c8f4ecbbbbb697241e381dde9b
r2-04-catalogo-produtos-e-contratos:R2-CAT-03-S01,R2-CAT-03-S01,r2-04-catalogo-produtos-e-contratos,R2-CAT-03,Agregação paralela limitada,A e B independentes,PASS_INTEGRADO,"product-http-latest.log — produto composto HTTP consolidou A/B independentes com max_parallel=2, duas operações/efeitos reais e início das operações sobreposto em 35 ms",openspec/changes/r2-04-catalogo-produtos-e-contratos/specs/catalogo-produtos-e-contratos-versionados/spec.md,59,363db7fd0613b909c75beaeb9eb7dfe1e3cb52c8f4ecbbbbb697241e381dde9b
r2-04-catalogo-produtos-e-contratos:R2-CAT-03-S02,R2-CAT-03-S02,r2-04-catalogo-produtos-e-contratos,R2-CAT-03,Agregação paralela limitada,Passo opcional falha,PASS_INTEGRADO_LOCAL,"product-optional-partial-finance-postgres.log — PostgreSQL confirmou A obrigatório SUCCEEDED, B opcional FAILED, representação PARTIALLY_SUCCEEDED, consumo da outbox pelo Libra, um custo elegível, uma receita parcial, quatro lançamentos balanceados e reserva CAPTURED",openspec/changes/r2-04-catalogo-produtos-e-contratos/specs/catalogo-produtos-e-contratos-versionados/spec.md,65,363db7fd0613b909c75beaeb9eb7dfe1e3cb52c8f4ecbbbbb697241e381dde9b
r2-04-catalogo-produtos-e-contratos:R2-CAT-03-S03,R2-CAT-03-S03,r2-04-catalogo-produtos-e-contratos,R2-CAT-03,Agregação paralela limitada,Fan-out abusivo,PASS_INTEGRADO_LOCAL,"admin-product-simulation-smoke.json — Chromium criou rascunho com 21 etapas, a autoridade retornou valid=false/""máximo de 20 passos"" antes da publicação e provider-sim não sofreu efeitos",openspec/changes/r2-04-catalogo-produtos-e-contratos/specs/catalogo-produtos-e-contratos-versionados/spec.md,71,363db7fd0613b909c75beaeb9eb7dfe1e3cb52c8f4ecbbbbb697241e381dde9b
r2-04-catalogo-produtos-e-contratos:R2-CAT-04-S01,R2-CAT-04-S01,r2-04-catalogo-produtos-e-contratos,R2-CAT-04,Composição por DAG e compensações,Dependência C,PASS_INTEGRADO_LOCAL,r2-cat-dad-qualification.log — TestProductPlanPersistsDependenciesAndConsolidatesAfterAllSteps mantém C pendente até A/B e materializa o mapeamento,openspec/changes/r2-04-catalogo-produtos-e-contratos/specs/catalogo-produtos-e-contratos-versionados/spec.md,83,363db7fd0613b909c75beaeb9eb7dfe1e3cb52c8f4ecbbbbb697241e381dde9b
r2-04-catalogo-produtos-e-contratos:R2-CAT-04-S02,R2-CAT-04-S02,r2-04-catalogo-produtos-e-contratos,R2-CAT-04,Composição por DAG e compensações,Ciclo ou referência inválida,PASS_UNITARIO,r2-cat-dad-qualification.log — TestDAGContract rejeita ciclos e referências inválidas,openspec/changes/r2-04-catalogo-produtos-e-contratos/specs/catalogo-produtos-e-contratos-versionados/spec.md,89,363db7fd0613b909c75beaeb9eb7dfe1e3cb52c8f4ecbbbbb697241e381dde9b
r2-04-catalogo-produtos-e-contratos:R2-CAT-04-S03,R2-CAT-04-S03,r2-04-catalogo-produtos-e-contratos,R2-CAT-04,Composição por DAG e compensações,Compensação incompleta,PASS_INTEGRADO_LOCAL,r2-cat-dad-qualification.log — TestProductPlanCompensationIsASeparateTrackedOperation cria compensação rastreável sem rollback fictício,openspec/changes/r2-04-catalogo-produtos-e-contratos/specs/catalogo-produtos-e-contratos-versionados/spec.md,95,363db7fd0613b909c75beaeb9eb7dfe1e3cb52c8f4ecbbbbb697241e381dde9b
r2-04-catalogo-produtos-e-contratos:R2-CAT-05-S01,R2-CAT-05-S01,r2-04-catalogo-produtos-e-contratos,R2-CAT-05,Perfis técnicos de entrada e saída por cliente,Dois contratos legados,PASS_INTEGRADO_LOCAL,"catalog-legacy-contracts-runtime-latest.json + admin-legacy-contract-smoke.json — dois perfis legados com campos e mapeamentos distintos normalizaram para cpf/delay_ms, terminaram SUCCEEDED e cada GET administrativo foi equivalente ao webhook correspondente",openspec/changes/r2-04-catalogo-produtos-e-contratos/specs/catalogo-produtos-e-contratos-versionados/spec.md,107,363db7fd0613b909c75beaeb9eb7dfe1e3cb52c8f4ecbbbbb697241e381dde9b
r2-04-catalogo-produtos-e-contratos:R2-CAT-05-S02,R2-CAT-05-S02,r2-04-catalogo-produtos-e-contratos,R2-CAT-05,Perfis técnicos de entrada e saída por cliente,Transformação inválida,PASS_UNITARIO,r2-cat-dad-qualification.log — TestTechnicalProjectionRejectsInvalidJSONDocumentsAndTypes e TestTechnicalProjectionEnforcesPublishedDialectAndBounds rejeitam transformação inválida,openspec/changes/r2-04-catalogo-produtos-e-contratos/specs/catalogo-produtos-e-contratos-versionados/spec.md,113,363db7fd0613b909c75beaeb9eb7dfe1e3cb52c8f4ecbbbbb697241e381dde9b
r2-04-catalogo-produtos-e-contratos:R2-CAT-05-S03,R2-CAT-05-S03,r2-04-catalogo-produtos-e-contratos,R2-CAT-05,Perfis técnicos de entrada e saída por cliente,Upgrade de schema,PASS_INTEGRADO_LOCAL,"catalog-schema-upgrade-runtime-latest.json — protocolo HTTP aceito com serviço v1 preservou snapshot, resultado e representação v1 enquanto versão incompatível removendo input.delay_ms e output.provider_request_id foi publicada durante o processamento",openspec/changes/r2-04-catalogo-produtos-e-contratos/specs/catalogo-produtos-e-contratos-versionados/spec.md,119,363db7fd0613b909c75beaeb9eb7dfe1e3cb52c8f4ecbbbbb697241e381dde9b
r2-04-catalogo-produtos-e-contratos:R2-CAT-06-S01,R2-CAT-06-S01,r2-04-catalogo-produtos-e-contratos,R2-CAT-06,Snapshot e projeções independentes de consulta por pedido,Contrato muda durante processamento,PASS_INTEGRADO_LOCAL,"catalog-snapshot-upgrade-runtime-latest.json — protocolo HTTP aceito com serviço v1 permaneceu com target/contratos/perfil v1 após publicação da v2, terminou SUCCEEDED e gerou receita sale-r4:1 com dois lançamentos contábeis",openspec/changes/r2-04-catalogo-produtos-e-contratos/specs/catalogo-produtos-e-contratos-versionados/spec.md,131,363db7fd0613b909c75beaeb9eb7dfe1e3cb52c8f4ecbbbbb697241e381dde9b
r2-04-catalogo-produtos-e-contratos:R2-CAT-06-S02,R2-CAT-06-S02,r2-04-catalogo-produtos-e-contratos,R2-CAT-06,Snapshot e projeções independentes de consulta por pedido,Atlas parado,PASS_INTEGRADO_LOCAL,"atlas-outage-runtime-latest.json — caminho real aqueceu a projeção, aceitou e persistiu nova admissão durante parada do Atlas e recusou a projeção após o TTL com offer_not_eligible",openspec/changes/r2-04-catalogo-produtos-e-contratos/specs/catalogo-produtos-e-contratos-versionados/spec.md,137,363db7fd0613b909c75beaeb9eb7dfe1e3cb52c8f4ecbbbbb697241e381dde9b
r2-04-catalogo-produtos-e-contratos:R2-CAT-06-S03,R2-CAT-06-S03,r2-04-catalogo-produtos-e-contratos,R2-CAT-06,Snapshot e projeções independentes de consulta por pedido,Revogação de segurança,PASS_INTEGRADO_LOCAL,"r2-int-exe-qualification.log + polling_custody_test.go — polling HTTP real usou binding v1 do snapshot, revogação durante trabalho pendente bloqueou novo acesso sem novo efeito no provedor e encerrou recibo/capacidade",openspec/changes/r2-04-catalogo-produtos-e-contratos/specs/catalogo-produtos-e-contratos-versionados/spec.md,143,363db7fd0613b909c75beaeb9eb7dfe1e3cb52c8f4ecbbbbb697241e381dde9b
r2-04-catalogo-produtos-e-contratos:R2-CAT-07-S01,R2-CAT-07-S01,r2-04-catalogo-produtos-e-contratos,R2-CAT-07,Importação segura e inventário executável distinto,Reimportação idempotente,PASS_INTEGRADO_LOCAL,r2-cat-dad-qualification.log — TestCatalogImportDiffStates identifica NEW/CHANGED/UNCHANGED sem duplicar catálogo,openspec/changes/r2-04-catalogo-produtos-e-contratos/specs/catalogo-produtos-e-contratos-versionados/spec.md,155,363db7fd0613b909c75beaeb9eb7dfe1e3cb52c8f4ecbbbbb697241e381dde9b
r2-04-catalogo-produtos-e-contratos:R2-CAT-07-S02,R2-CAT-07-S02,r2-04-catalogo-produtos-e-contratos,R2-CAT-07,Importação segura e inventário executável distinto,Falha no meio do lote,PASS_INTEGRADO_LOCAL,"catalog-import-failure-postgres.log — PostgreSQL recusou inventário anterior inválido antes de persistir novo lote, preservou o staging anterior e manteve catálogo executável vazio",openspec/changes/r2-04-catalogo-produtos-e-contratos/specs/catalogo-produtos-e-contratos-versionados/spec.md,161,363db7fd0613b909c75beaeb9eb7dfe1e3cb52c8f4ecbbbbb697241e381dde9b
r2-04-catalogo-produtos-e-contratos:R2-CAT-07-S03,R2-CAT-07-S03,r2-04-catalogo-produtos-e-contratos,R2-CAT-07,Importação segura e inventário executável distinto,Credenciais na collection,PASS_UNITARIO,r2-cat-dad-qualification.log — TestImportSecretSanitization remove tokens e headers sensíveis do preview,openspec/changes/r2-04-catalogo-produtos-e-contratos/specs/catalogo-produtos-e-contratos-versionados/spec.md,167,363db7fd0613b909c75beaeb9eb7dfe1e3cb52c8f4ecbbbbb697241e381dde9b
r2-04-catalogo-produtos-e-contratos:R2-CAT-08-S01,R2-CAT-08-S01,r2-04-catalogo-produtos-e-contratos,R2-CAT-08,Consulta administrativa persistente e onboarding,Milhares de registros,PASS_INTEGRADO_LOCAL,"r2-cat-dad-qualification.log — TestCatalogPostgresPaginationAndStaging limita página, conserva cursor e filtra no servidor",openspec/changes/r2-04-catalogo-produtos-e-contratos/specs/catalogo-produtos-e-contratos-versionados/spec.md,179,363db7fd0613b909c75beaeb9eb7dfe1e3cb52c8f4ecbbbbb697241e381dde9b
r2-04-catalogo-produtos-e-contratos:R2-CAT-08-S02,R2-CAT-08-S02,r2-04-catalogo-produtos-e-contratos,R2-CAT-08,Consulta administrativa persistente e onboarding,Refresh e outro operador,PASS_INTEGRADO_LOCAL,"admin-service-publication-smoke.json — operadora-a publicou a versão, leitor-a abriu a URL após logout/refresh e a autoridade devolveu a mesma revisão e content_hash persistidos",openspec/changes/r2-04-catalogo-produtos-e-contratos/specs/catalogo-produtos-e-contratos-versionados/spec.md,185,363db7fd0613b909c75beaeb9eb7dfe1e3cb52c8f4ecbbbbb697241e381dde9b
r2-04-catalogo-produtos-e-contratos:R2-CAT-08-S03,R2-CAT-08-S03,r2-04-catalogo-produtos-e-contratos,R2-CAT-08,Consulta administrativa persistente e onboarding,Capacidade insuficiente,PASS_INTEGRADO_LOCAL,"admin-client-lifecycle-smoke.json — Chromium confirmou onboarding com capacidade qualificada insuficiente em estado pendente, instrução de provisionamento e ausência de publicação/ativação fictícia",openspec/changes/r2-04-catalogo-produtos-e-contratos/specs/catalogo-produtos-e-contratos-versionados/spec.md,191,363db7fd0613b909c75beaeb9eb7dfe1e3cb52c8f4ecbbbbb697241e381dde9b
r2-05-console-administrativo:R2-ADM-01-S01,R2-ADM-01-S01,r2-05-console-administrativo,R2-ADM-01,"Sessão, contexto e navegação administrativa",Entrada autorizada,PASS_INTEGRADO_LOCAL,"browser-smoke.json — Chromium completou Authorization Code + PKCE, senha e OTP e abriu a área administrativa real",openspec/changes/r2-05-console-administrativo/specs/console-administrativo-operavel/spec.md,11,363db7fd0613b909c75beaeb9eb7dfe1e3cb52c8f4ecbbbbb697241e381dde9b
r2-05-console-administrativo:R2-ADM-01-S02,R2-ADM-01-S02,r2-05-console-administrativo,R2-ADM-01,"Sessão, contexto e navegação administrativa",URL sem permissão,PASS_INTEGRADO_LOCAL,admin-session-scope-smoke.json — leitor de acme recebeu 403 ao consultar beta na autoridade e a UI manteve tenant acme sem controle cross-tenant,openspec/changes/r2-05-console-administrativo/specs/console-administrativo-operavel/spec.md,17,363db7fd0613b909c75beaeb9eb7dfe1e3cb52c8f4ecbbbbb697241e381dde9b
r2-05-console-administrativo:R2-ADM-01-S03,R2-ADM-01-S03,r2-05-console-administrativo,R2-ADM-01,"Sessão, contexto e navegação administrativa",Logout,PASS_INTEGRADO_LOCAL,browser-smoke.json — logout removeu a sessão e a API administrativa respondeu 401 sem credencial,openspec/changes/r2-05-console-administrativo/specs/console-administrativo-operavel/spec.md,23,363db7fd0613b909c75beaeb9eb7dfe1e3cb52c8f4ecbbbbb697241e381dde9b
r2-05-console-administrativo:R2-ADM-02-S01,R2-ADM-02-S01,r2-05-console-administrativo,R2-ADM-02,Listagens reais e detalhe editável,Catálogo populoso,PASS_INTEGRADO_LOCAL,browser-smoke.json — listagem real de serviços abriu editor de contrato REST declarativo e preservou readback,openspec/changes/r2-05-console-administrativo/specs/console-administrativo-operavel/spec.md,35,363db7fd0613b909c75beaeb9eb7dfe1e3cb52c8f4ecbbbbb697241e381dde9b
r2-05-console-administrativo:R2-ADM-02-S02,R2-ADM-02-S02,r2-05-console-administrativo,R2-ADM-02,Listagens reais e detalhe editável,Lista falha,PASS_INTEGRADO_LOCAL,browser-smoke.json — resposta 200 não-JSON da autoridade foi recusada sem falso sucesso e a lista anterior foi preservada,openspec/changes/r2-05-console-administrativo/specs/console-administrativo-operavel/spec.md,41,363db7fd0613b909c75beaeb9eb7dfe1e3cb52c8f4ecbbbbb697241e381dde9b
r2-05-console-administrativo:R2-ADM-02-S03,R2-ADM-02-S03,r2-05-console-administrativo,R2-ADM-02,Listagens reais e detalhe editável,Conflito de edição,PASS_INTEGRADO_LOCAL,browser-smoke.json — revisão concorrente produziu 412 e o portal preservou a edição local exibindo a versão atual do servidor,openspec/changes/r2-05-console-administrativo/specs/console-administrativo-operavel/spec.md,47,363db7fd0613b909c75beaeb9eb7dfe1e3cb52c8f4ecbbbbb697241e381dde9b
r2-05-console-administrativo:R2-ADM-03-S01,R2-ADM-03-S01,r2-05-console-administrativo,R2-ADM-03,"Clientes, aplicações e ofertas contratadas",Novo cliente,PASS_INTEGRADO_LOCAL,browser-smoke.json — portal criou cliente com placement/capacidade e confirmou persistência após reload,openspec/changes/r2-05-console-administrativo/specs/console-administrativo-operavel/spec.md,59,363db7fd0613b909c75beaeb9eb7dfe1e3cb52c8f4ecbbbbb697241e381dde9b
r2-05-console-administrativo:R2-ADM-03-S02,R2-ADM-03-S02,r2-05-console-administrativo,R2-ADM-03,"Clientes, aplicações e ofertas contratadas",Pendência visível,PASS_INTEGRADO_LOCAL,"admin-client-lifecycle-smoke.json — cliente sintético com capacidade 999 exibiu bloqueio específico de capacidade qualificada e instrução de provisionamento, sem publicar sucesso fictício",openspec/changes/r2-05-console-administrativo/specs/console-administrativo-operavel/spec.md,65,363db7fd0613b909c75beaeb9eb7dfe1e3cb52c8f4ecbbbbb697241e381dde9b
r2-05-console-administrativo:R2-ADM-03-S03,R2-ADM-03-S03,r2-05-console-administrativo,R2-ADM-03,"Clientes, aplicações e ofertas contratadas",Suspensão,PASS_INTEGRADO_LOCAL,"admin-client-lifecycle-smoke.json — cliente publicado foi suspenso com razão, impacto de novas admissões e histórico preservado enquanto havia um protocolo RUNNING do tenant",openspec/changes/r2-05-console-administrativo/specs/console-administrativo-operavel/spec.md,71,363db7fd0613b909c75beaeb9eb7dfe1e3cb52c8f4ecbbbbb697241e381dde9b
r2-05-console-administrativo:R2-ADM-04-S01,R2-ADM-04-S01,r2-05-console-administrativo,R2-ADM-04,Catálogo importado e serviços executáveis,Importação por preview,PASS_INTEGRADO_LOCAL,"admin-import-preview-smoke.json — preview STAGED mostrou dois endpoints, estados/diferenças e não publicou nem excluiu catálogo",openspec/changes/r2-05-console-administrativo/specs/console-administrativo-operavel/spec.md,83,363db7fd0613b909c75beaeb9eb7dfe1e3cb52c8f4ecbbbbb697241e381dde9b
r2-05-console-administrativo:R2-ADM-04-S02,R2-ADM-04-S02,r2-05-console-administrativo,R2-ADM-04,Catálogo importado e serviços executáveis,Serviço validado,PASS_INTEGRADO_LOCAL,"admin-service-publication-smoke.json — serviço com adapter/schema/modo e qualificação vigente foi validado, publicado em v1 e tentativa de mutação retornou 409 preservando hash",openspec/changes/r2-05-console-administrativo/specs/console-administrativo-operavel/spec.md,89,363db7fd0613b909c75beaeb9eb7dfe1e3cb52c8f4ecbbbbb697241e381dde9b
r2-05-console-administrativo:R2-ADM-04-S03,R2-ADM-04-S03,r2-05-console-administrativo,R2-ADM-04,Catálogo importado e serviços executáveis,Sem adapter,PASS_INTEGRADO_LOCAL,admin-import-preview-smoke.json — endpoint importado sem adapter permaneceu explicitamente IMPORTED_NOT_EXECUTABLE e nenhum segredo do arquivo foi retido,openspec/changes/r2-05-console-administrativo/specs/console-administrativo-operavel/spec.md,95,363db7fd0613b909c75beaeb9eb7dfe1e3cb52c8f4ecbbbbb697241e381dde9b
r2-05-console-administrativo:R2-ADM-05-S01,R2-ADM-05-S01,r2-05-console-administrativo,R2-ADM-05,Produtos agregados e compostos,Editor de composição,PASS_INTEGRADO_LOCAL,browser-smoke.json — editor de produto criou duas etapas e persistiu dependência/mapeamento entre etapas,openspec/changes/r2-05-console-administrativo/specs/console-administrativo-operavel/spec.md,107,363db7fd0613b909c75beaeb9eb7dfe1e3cb52c8f4ecbbbbb697241e381dde9b
r2-05-console-administrativo:R2-ADM-05-S02,R2-ADM-05-S02,r2-05-console-administrativo,R2-ADM-05,Produtos agregados e compostos,Ciclo detectado,PASS_INTEGRADO_LOCAL,admin-product-simulation-smoke.json — ciclo entre etapa_a e etapa_c foi identificado no relatório de validação e bloqueou a publicação,openspec/changes/r2-05-console-administrativo/specs/console-administrativo-operavel/spec.md,113,363db7fd0613b909c75beaeb9eb7dfe1e3cb52c8f4ecbbbbb697241e381dde9b
r2-05-console-administrativo:R2-ADM-05-S03,R2-ADM-05-S03,r2-05-console-administrativo,R2-ADM-05,Produtos agregados e compostos,Simulação sem efeitos,PASS_INTEGRADO_LOCAL,"admin-product-simulation-smoke.json — grafo/tabela mostrou etapas paralelas e dependente, fixture sem chamadas ao provedor e provider-sim permaneceu em effects=0/protocols=0",openspec/changes/r2-05-console-administrativo/specs/console-administrativo-operavel/spec.md,119,363db7fd0613b909c75beaeb9eb7dfe1e3cb52c8f4ecbbbbb697241e381dde9b
r2-05-console-administrativo:R2-ADM-06-S01,R2-ADM-06-S01,r2-05-console-administrativo,R2-ADM-06,"Provedores, vínculos e saúde de integração",Diagnóstico de binding,PASS_INTEGRADO_LOCAL,"admin-integration-health-smoke.json — diagnóstico mostrou binding/version/pagador publicados e somente referência vault://, sem segredo em claro",openspec/changes/r2-05-console-administrativo/specs/console-administrativo-operavel/spec.md,131,363db7fd0613b909c75beaeb9eb7dfe1e3cb52c8f4ecbbbbb697241e381dde9b
r2-05-console-administrativo:R2-ADM-06-S02,R2-ADM-06-S02,r2-05-console-administrativo,R2-ADM-06,"Provedores, vínculos e saúde de integração",Rotação,PASS_INTEGRADO_LOCAL,admin-integration-health-smoke.json — rotação publicou v2 com vigência explícita e preservou links históricos v1/v2 sem leitura do segredo,openspec/changes/r2-05-console-administrativo/specs/console-administrativo-operavel/spec.md,137,363db7fd0613b909c75beaeb9eb7dfe1e3cb52c8f4ecbbbbb697241e381dde9b
r2-05-console-administrativo:R2-ADM-06-S03,R2-ADM-06-S03,r2-05-console-administrativo,R2-ADM-06,"Provedores, vínculos e saúde de integração",Pressão reduzida,PASS_INTEGRADO_LOCAL,"admin-integration-health-smoke.json — saúde de r4-sync mostrou limite efetivo 5, teto 8, latência, transportes, pendências, motivo UNAVAILABLE e evidência da política",openspec/changes/r2-05-console-administrativo/specs/console-administrativo-operavel/spec.md,143,363db7fd0613b909c75beaeb9eb7dfe1e3cb52c8f4ecbbbbb697241e381dde9b
r2-05-console-administrativo:R2-ADM-07-S01,R2-ADM-07-S01,r2-05-console-administrativo,R2-ADM-07,Contratos técnicos e políticas temporais,Contrato legado,PASS_INTEGRADO_LOCAL,"admin-legacy-contract-smoke.json — Chromium confirmou perfil JSON com polling, oferta com rotas polling/callback e o mesmo corpo final exposto no GET do protocolo e no detalhe do webhook",openspec/changes/r2-05-console-administrativo/specs/console-administrativo-operavel/spec.md,155,363db7fd0613b909c75beaeb9eb7dfe1e3cb52c8f4ecbbbbb697241e381dde9b
r2-05-console-administrativo:R2-ADM-07-S02,R2-ADM-07-S02,r2-05-console-administrativo,R2-ADM-07,Contratos técnicos e políticas temporais,TTL versus SLA,PASS_INTEGRADO_LOCAL,admin-technical-policy-smoke.json — perfil técnico com retry_ttl=300s e SLA=30s exibiu TTL efetivo de 28s sem sugerir renovação,openspec/changes/r2-05-console-administrativo/specs/console-administrativo-operavel/spec.md,161,363db7fd0613b909c75beaeb9eb7dfe1e3cb52c8f4ecbbbbb697241e381dde9b
r2-05-console-administrativo:R2-ADM-07-S03,R2-ADM-07-S03,r2-05-console-administrativo,R2-ADM-07,Contratos técnicos e políticas temporais,SYNC incompatível,PASS_INTEGRADO_LOCAL,admin-technical-policy-smoke.json — perfil com SYNC e provedor async_poll foi bloqueado com erro de incompatibilidade explícito,openspec/changes/r2-05-console-administrativo/specs/console-administrativo-operavel/spec.md,167,363db7fd0613b909c75beaeb9eb7dfe1e3cb52c8f4ecbbbbb697241e381dde9b
r2-05-console-administrativo:R2-ADM-08-S01,R2-ADM-08-S01,r2-05-console-administrativo,R2-ADM-08,Busca e timeline operacional de protocolos,Diagnóstico completo,PASS_INTEGRADO_LOCAL,browser-smoke.json — operador consultou detalhe persistido de protocolo e o leitor global consultou UUID cross-tenant com justificativa auditada,openspec/changes/r2-05-console-administrativo/specs/console-administrativo-operavel/spec.md,179,363db7fd0613b909c75beaeb9eb7dfe1e3cb52c8f4ecbbbbb697241e381dde9b
r2-05-console-administrativo:R2-ADM-08-S02,R2-ADM-08-S02,r2-05-console-administrativo,R2-ADM-08,Busca e timeline operacional de protocolos,Resultado custodiado,PASS_INTEGRADO_LOCAL,admin-protocol-scope-smoke.json — detalhe de protocolo com final_body materializado não chamou provider-sim e manteve effects/protocols inalterados,openspec/changes/r2-05-console-administrativo/specs/console-administrativo-operavel/spec.md,185,363db7fd0613b909c75beaeb9eb7dfe1e3cb52c8f4ecbbbbb697241e381dde9b
r2-05-console-administrativo:R2-ADM-08-S03,R2-ADM-08-S03,r2-05-console-administrativo,R2-ADM-08,Busca e timeline operacional de protocolos,Filtro entre tenants,PASS_INTEGRADO_LOCAL,"admin-protocol-scope-smoke.json — leitor tenant_reader tentou beta, mas a requisição efetiva foi normalizada para tenant_id=acme sem revelar registros alheios",openspec/changes/r2-05-console-administrativo/specs/console-administrativo-operavel/spec.md,191,363db7fd0613b909c75beaeb9eb7dfe1e3cb52c8f4ecbbbbb697241e381dde9b
r2-05-console-administrativo:R2-ADM-09-S01,R2-ADM-09-S01,r2-05-console-administrativo,R2-ADM-09,Entregas e reprocessamento com segurança de efeito,Webhook esgotado,PASS_INTEGRADO_LOCAL,"browser-smoke.json — redelivery de entrega EXHAUSTED registra ação auditada RETRY_SCHEDULED ligada à entrega e aos mesmos bytes, sem novo submit",openspec/changes/r2-05-console-administrativo/specs/console-administrativo-operavel/spec.md,203,363db7fd0613b909c75beaeb9eb7dfe1e3cb52c8f4ecbbbbb697241e381dde9b
r2-05-console-administrativo:R2-ADM-09-S02,R2-ADM-09-S02,r2-05-console-administrativo,R2-ADM-09,Entregas e reprocessamento com segurança de efeito,UNKNOWN externo,PASS_INTEGRADO_LOCAL,"browser-smoke.json — reconciliação de UNKNOWN sem provider_request_id é rejeitada de forma durável e auditada, sem oferecer replay genérico",openspec/changes/r2-05-console-administrativo/specs/console-administrativo-operavel/spec.md,209,363db7fd0613b909c75beaeb9eb7dfe1e3cb52c8f4ecbbbbb697241e381dde9b
r2-05-console-administrativo:R2-ADM-09-S03,R2-ADM-09-S03,r2-05-console-administrativo,R2-ADM-09,Entregas e reprocessamento com segurança de efeito,Leitor administrativo,PASS_INTEGRADO_LOCAL,r2-security.log + browser-smoke.json — leitor administrativo sem escopo de escrita recebe 403 no endpoint de reconciliação e o portal não exibe ação de replay,openspec/changes/r2-05-console-administrativo/specs/console-administrativo-operavel/spec.md,215,363db7fd0613b909c75beaeb9eb7dfe1e3cb52c8f4ecbbbbb697241e381dde9b
r2-05-console-administrativo:R2-ADM-10-S01,R2-ADM-10-S01,r2-05-console-administrativo,R2-ADM-10,SLA bilateral e painéis operacionais consultáveis,Apuração de quebra,PASS_INTEGRADO_LOCAL,browser-smoke.json — painel de SLA bilateral leu snapshots persistidos e foi exibido em Chromium autenticado,openspec/changes/r2-05-console-administrativo/specs/console-administrativo-operavel/spec.md,227,363db7fd0613b909c75beaeb9eb7dfe1e3cb52c8f4ecbbbbb697241e381dde9b
r2-05-console-administrativo:R2-ADM-10-S02,R2-ADM-10-S02,r2-05-console-administrativo,R2-ADM-10,SLA bilateral e painéis operacionais consultáveis,Dados desatualizados,PASS_INTEGRADO_LOCAL,"admin-sla-freshness-smoke.json — painel exibiu generated_at, watermark_at e atraso observado de 63077.047s, mantendo o aviso de que atraso não significa ausência de violações",openspec/changes/r2-05-console-administrativo/specs/console-administrativo-operavel/spec.md,233,363db7fd0613b909c75beaeb9eb7dfe1e3cb52c8f4ecbbbbb697241e381dde9b
r2-05-console-administrativo:R2-ADM-10-S03,R2-ADM-10-S03,r2-05-console-administrativo,R2-ADM-10,SLA bilateral e painéis operacionais consultáveis,Consulta limitada,PASS_INTEGRADO_LOCAL,"admin-sla-freshness-smoke.json — exportação CSV limitada a 100 registros usa os mesmos filtros autorizados, baixa somente sla-report.csv e confirma auditoria da autoridade",openspec/changes/r2-05-console-administrativo/specs/console-administrativo-operavel/spec.md,239,363db7fd0613b909c75beaeb9eb7dfe1e3cb52c8f4ecbbbbb697241e381dde9b
r2-05-console-administrativo:R2-ADM-11-S01,R2-ADM-11-S01,r2-05-console-administrativo,R2-ADM-11,"Financeiro de compra, venda e conciliação",Extrato explicável,PASS_INTEGRADO_LOCAL,"browser-smoke.json — portal consulta contas, fatos e journal persistidos pelo Libra, incluindo batch_id e origem financeira",openspec/changes/r2-05-console-administrativo/specs/console-administrativo-operavel/spec.md,251,363db7fd0613b909c75beaeb9eb7dfe1e3cb52c8f4ecbbbbb697241e381dde9b
r2-05-console-administrativo:R2-ADM-11-S02,R2-ADM-11-S02,r2-05-console-administrativo,R2-ADM-11,"Financeiro de compra, venda e conciliação",Fechamento incompleto,PASS_INTEGRADO_LOCAL,browser-smoke.json — portal recusa fechamento com obrigações pendentes e mantém o estado financeiro não conciliado,openspec/changes/r2-05-console-administrativo/specs/console-administrativo-operavel/spec.md,257,363db7fd0613b909c75beaeb9eb7dfe1e3cb52c8f4ecbbbbb697241e381dde9b
r2-05-console-administrativo:R2-ADM-11-S03,R2-ADM-11-S03,r2-05-console-administrativo,R2-ADM-11,"Financeiro de compra, venda e conciliação",Estorno,PASS_INTEGRADO_LOCAL,"admin-finance-adjustment-smoke.json — Chromium preparou ajuste compensatório com razão, exibiu bloqueio de autoaprovação e um auditor-global distinto aprovou com recibo persistido",openspec/changes/r2-05-console-administrativo/specs/console-administrativo-operavel/spec.md,263,363db7fd0613b909c75beaeb9eb7dfe1e3cb52c8f4ecbbbbb697241e381dde9b
r2-05-console-administrativo:R2-ADM-12-S01,R2-ADM-12-S01,r2-05-console-administrativo,R2-ADM-12,"Qualidade de uso, acessibilidade e integração real",Teclado e erro,PASS_INTEGRADO_LOCAL,"admin-usability-recovery-smoke.json — operador submeteu formulário inválido por teclado, resumo recebeu foco, campo foi identificado e JSON permaneceu preenchido",openspec/changes/r2-05-console-administrativo/specs/console-administrativo-operavel/spec.md,275,363db7fd0613b909c75beaeb9eb7dfe1e3cb52c8f4ecbbbbb697241e381dde9b
r2-05-console-administrativo:R2-ADM-12-S02,R2-ADM-12-S02,r2-05-console-administrativo,R2-ADM-12,"Qualidade de uso, acessibilidade e integração real",Falha de rede ou 409,PASS_INTEGRADO_LOCAL,"admin-usability-recovery-smoke.json — revisão obsoleta produziu HTTP 412, preservou texto local e exibiu diff da revisão do servidor sem falso sucesso",openspec/changes/r2-05-console-administrativo/specs/console-administrativo-operavel/spec.md,281,363db7fd0613b909c75beaeb9eb7dfe1e3cb52c8f4ecbbbbb697241e381dde9b
r2-05-console-administrativo:R2-ADM-12-S03,R2-ADM-12-S03,r2-05-console-administrativo,R2-ADM-12,"Qualidade de uso, acessibilidade e integração real",Jornada integrada,PASS_INTEGRADO_LOCAL,"browser-smoke.json — Playwright cria, publica/consulta e revisita recursos no backend real após refresh em viewport móvel",openspec/changes/r2-05-console-administrativo/specs/console-administrativo-operavel/spec.md,287,363db7fd0613b909c75beaeb9eb7dfe1e3cb52c8f4ecbbbbb697241e381dde9b
r2-06-financeiro-auditavel:R2-FIN-01-S01,R2-FIN-01-S01,r2-06-financeiro-auditavel,R2-FIN-01,"Compra, venda e incidência por snapshot",Preço muda antes de consumir,PASS_INTEGRADO,finance-postgres.log — TestFinancePostgresScenarios/R2-FIN-01-S01_snapshot_frozen com PostgreSQL real,openspec/changes/r2-06-financeiro-auditavel/specs/financeiro-auditavel-e-conciliacao/spec.md,11,363db7fd0613b909c75beaeb9eb7dfe1e3cb52c8f4ecbbbbb697241e381dde9b
r2-06-financeiro-auditavel:R2-FIN-01-S02,R2-FIN-01-S02,r2-06-financeiro-auditavel,R2-FIN-01,"Compra, venda e incidência por snapshot",Cliente paga diretamente,PASS_INTEGRADO,finance-postgres.log — TestFinancePostgresScenarios/R2-FIN-01-S02_client_direct com PostgreSQL real,openspec/changes/r2-06-financeiro-auditavel/specs/financeiro-auditavel-e-conciliacao/spec.md,17,363db7fd0613b909c75beaeb9eb7dfe1e3cb52c8f4ecbbbbb697241e381dde9b
r2-06-financeiro-auditavel:R2-FIN-01-S03,R2-FIN-01-S03,r2-06-financeiro-auditavel,R2-FIN-01,"Compra, venda e incidência por snapshot",Compra por submit,PASS_INTEGRADO,finance-postgres.log — TestFinancePostgresScenarios/R2-FIN-01-S03_submit_then_expiry com PostgreSQL real,openspec/changes/r2-06-financeiro-auditavel/specs/financeiro-auditavel-e-conciliacao/spec.md,23,363db7fd0613b909c75beaeb9eb7dfe1e3cb52c8f4ecbbbbb697241e381dde9b
r2-06-financeiro-auditavel:R2-FIN-02-S01,R2-FIN-02-S01,r2-06-financeiro-auditavel,R2-FIN-02,Medição exata e deduplicação econômica,Dois passos custosos,PASS_INTEGRADO,finance-postgres.log — TestFinancePostgresScenarios/R2-FIN-02-S01_distinct_operations com PostgreSQL real,openspec/changes/r2-06-financeiro-auditavel/specs/financeiro-auditavel-e-conciliacao/spec.md,35,363db7fd0613b909c75beaeb9eb7dfe1e3cb52c8f4ecbbbbb697241e381dde9b
r2-06-financeiro-auditavel:R2-FIN-02-S02,R2-FIN-02-S02,r2-06-financeiro-auditavel,R2-FIN-02,Medição exata e deduplicação econômica,Polling tarifado,PASS_INTEGRADO,finance-postgres.log — TestFinancePostgresScenarios/R2-FIN-02-S02_tariffed_polls com PostgreSQL real,openspec/changes/r2-06-financeiro-auditavel/specs/financeiro-auditavel-e-conciliacao/spec.md,41,363db7fd0613b909c75beaeb9eb7dfe1e3cb52c8f4ecbbbbb697241e381dde9b
r2-06-financeiro-auditavel:R2-FIN-02-S03,R2-FIN-02-S03,r2-06-financeiro-auditavel,R2-FIN-02,Medição exata e deduplicação econômica,Precisão,PASS_INTEGRADO,finance-postgres.log — TestFinancePostgresScenarios/R2-FIN-02-S03_exact_arithmetic com PostgreSQL real,openspec/changes/r2-06-financeiro-auditavel/specs/financeiro-auditavel-e-conciliacao/spec.md,47,363db7fd0613b909c75beaeb9eb7dfe1e3cb52c8f4ecbbbbb697241e381dde9b
r2-06-financeiro-auditavel:R2-FIN-03-S01,R2-FIN-03-S01,r2-06-financeiro-auditavel,R2-FIN-03,Saldo estrito e retenção de incerteza,Limite cumulativo,PASS_INTEGRADO,finance-postgres.log — TestFinancePostgresScenarios/R2-FIN-03-S01_cumulative_balance com PostgreSQL real,openspec/changes/r2-06-financeiro-auditavel/specs/financeiro-auditavel-e-conciliacao/spec.md,59,363db7fd0613b909c75beaeb9eb7dfe1e3cb52c8f4ecbbbbb697241e381dde9b
r2-06-financeiro-auditavel:R2-FIN-03-S02,R2-FIN-03-S02,r2-06-financeiro-auditavel,R2-FIN-03,Saldo estrito e retenção de incerteza,Concorrência pelo último saldo,PASS_INTEGRADO,finance-postgres.log — TestFinancePostgresScenarios/R2-FIN-03-S02_concurrent_last_balance com PostgreSQL real,openspec/changes/r2-06-financeiro-auditavel/specs/financeiro-auditavel-e-conciliacao/spec.md,65,363db7fd0613b909c75beaeb9eb7dfe1e3cb52c8f4ecbbbbb697241e381dde9b
r2-06-financeiro-auditavel:R2-FIN-03-S03,R2-FIN-03-S03,r2-06-financeiro-auditavel,R2-FIN-03,Saldo estrito e retenção de incerteza,Limite não configurado,PASS_INTEGRADO,finance-postgres.log — TestFinancePostgresScenarios/R2-FIN-03-S03_missing_limit com PostgreSQL real,openspec/changes/r2-06-financeiro-auditavel/specs/financeiro-auditavel-e-conciliacao/spec.md,71,363db7fd0613b909c75beaeb9eb7dfe1e3cb52c8f4ecbbbbb697241e381dde9b
r2-06-financeiro-auditavel:R2-FIN-03-S04,R2-FIN-03-S04,r2-06-financeiro-auditavel,R2-FIN-03,Saldo estrito e retenção de incerteza,Timeout com efeito incerto,PASS_INTEGRADO,finance-postgres.log — TestFinancePostgresScenarios/R2-FIN-03-S04_unknown_hold com PostgreSQL real,openspec/changes/r2-06-financeiro-auditavel/specs/financeiro-auditavel-e-conciliacao/spec.md,77,363db7fd0613b909c75beaeb9eb7dfe1e3cb52c8f4ecbbbbb697241e381dde9b
r2-06-financeiro-auditavel:R2-FIN-04-S01,R2-FIN-04-S01,r2-06-financeiro-auditavel,R2-FIN-04,"Planos, franquias e política de produto",Faixa marginal,PASS_INTEGRADO,finance-postgres.log — TestFinancePostgresScenarios/R2-FIN-04-S01_marginal_journal com PostgreSQL real,openspec/changes/r2-06-financeiro-auditavel/specs/financeiro-auditavel-e-conciliacao/spec.md,89,363db7fd0613b909c75beaeb9eb7dfe1e3cb52c8f4ecbbbbb697241e381dde9b
r2-06-financeiro-auditavel:R2-FIN-04-S02,R2-FIN-04-S02,r2-06-financeiro-auditavel,R2-FIN-04,"Planos, franquias e política de produto",Pacote versus soma,PASS_INTEGRADO,finance-postgres.log — TestFinancePostgresScenarios/R2-FIN-04-S02_package com PostgreSQL real,openspec/changes/r2-06-financeiro-auditavel/specs/financeiro-auditavel-e-conciliacao/spec.md,95,363db7fd0613b909c75beaeb9eb7dfe1e3cb52c8f4ecbbbbb697241e381dde9b
r2-06-financeiro-auditavel:R2-FIN-04-S03,R2-FIN-04-S03,r2-06-financeiro-auditavel,R2-FIN-04,"Planos, franquias e política de produto",Franquia final concorrente,PASS_INTEGRADO,finance-postgres.log — TestFinancePostgresScenarios/R2-FIN-04-S03_concurrent_allowance com PostgreSQL real,openspec/changes/r2-06-financeiro-auditavel/specs/financeiro-auditavel-e-conciliacao/spec.md,101,363db7fd0613b909c75beaeb9eb7dfe1e3cb52c8f4ecbbbbb697241e381dde9b
r2-06-financeiro-auditavel:R2-FIN-05-S01,R2-FIN-05-S01,r2-06-financeiro-auditavel,R2-FIN-05,Ledger imutável e ajustes compensatórios,Partidas balanceadas,PASS_INTEGRADO,finance-postgres.log — TestFinancePostgresScenarios/R2-FIN-05-S01_balanced_and_immutable com PostgreSQL real,openspec/changes/r2-06-financeiro-auditavel/specs/financeiro-auditavel-e-conciliacao/spec.md,113,363db7fd0613b909c75beaeb9eb7dfe1e3cb52c8f4ecbbbbb697241e381dde9b
r2-06-financeiro-auditavel:R2-FIN-05-S02,R2-FIN-05-S02,r2-06-financeiro-auditavel,R2-FIN-05,Ledger imutável e ajustes compensatórios,Reprocessamento,PASS_INTEGRADO,finance-postgres.log — TestFinancePostgresScenarios/R2-FIN-05-S02_replay_inbox_atomic com PostgreSQL real,openspec/changes/r2-06-financeiro-auditavel/specs/financeiro-auditavel-e-conciliacao/spec.md,119,363db7fd0613b909c75beaeb9eb7dfe1e3cb52c8f4ecbbbbb697241e381dde9b
r2-06-financeiro-auditavel:R2-FIN-05-S03,R2-FIN-05-S03,r2-06-financeiro-auditavel,R2-FIN-05,Ledger imutável e ajustes compensatórios,Estorno autorizado,PASS_INTEGRADO,finance-postgres.log — TestFinancePostgresScenarios/R2-FIN-05-S03_authorized_compensation com PostgreSQL real,openspec/changes/r2-06-financeiro-auditavel/specs/financeiro-auditavel-e-conciliacao/spec.md,125,363db7fd0613b909c75beaeb9eb7dfe1e3cb52c8f4ecbbbbb697241e381dde9b
r2-06-financeiro-auditavel:R2-FIN-06-S01,R2-FIN-06-S01,r2-06-financeiro-auditavel,R2-FIN-06,"Fechamento, reconciliação e integração financeira",Fato atrasado,PASS_INTEGRADO,finance-postgres.log — TestFinancePostgresScenarios/R2-FIN-06-S01_incomplete_watermark com PostgreSQL real,openspec/changes/r2-06-financeiro-auditavel/specs/financeiro-auditavel-e-conciliacao/spec.md,137,363db7fd0613b909c75beaeb9eb7dfe1e3cb52c8f4ecbbbbb697241e381dde9b
r2-06-financeiro-auditavel:R2-FIN-06-S02,R2-FIN-06-S02,r2-06-financeiro-auditavel,R2-FIN-06,"Fechamento, reconciliação e integração financeira",Exportação repetida,PASS_INTEGRADO,finance-postgres.log — TestFinancePostgresScenarios/R2-FIN-06-S02_export_repeated com PostgreSQL real,openspec/changes/r2-06-financeiro-auditavel/specs/financeiro-auditavel-e-conciliacao/spec.md,143,363db7fd0613b909c75beaeb9eb7dfe1e3cb52c8f4ecbbbbb697241e381dde9b
r2-06-financeiro-auditavel:R2-FIN-06-S03,R2-FIN-06-S03,r2-06-financeiro-auditavel,R2-FIN-06,"Fechamento, reconciliação e integração financeira",Contestação de SLA,PASS_INTEGRADO,finance-postgres.log — TestFinancePostgresScenarios/R2-FIN-06-S03_sla_dispute com PostgreSQL real,openspec/changes/r2-06-financeiro-auditavel/specs/financeiro-auditavel-e-conciliacao/spec.md,149,363db7fd0613b909c75beaeb9eb7dfe1e3cb52c8f4ecbbbbb697241e381dde9b
r2-07-objetos-dados-e-retencao:R2-DAD-01-S01,R2-DAD-01-S01,r2-07-objetos-dados-e-retencao,R2-DAD-01,Upload direto e referência imutável por tenant,Arquivo elegível,PASS_INTEGRADO_LOCAL,"file-upload-submit-smoke.json — upload HTTP direto, confirmação READY por hash e admissão real com FileRef",openspec/changes/r2-07-objetos-dados-e-retencao/specs/objetos-dados-e-retencao/spec.md,11,363db7fd0613b909c75beaeb9eb7dfe1e3cb52c8f4ecbbbbb697241e381dde9b
r2-07-objetos-dados-e-retencao:R2-DAD-01-S02,R2-DAD-01-S02,r2-07-objetos-dados-e-retencao,R2-DAD-01,Upload direto e referência imutável por tenant,Objeto de outro cliente,PASS_INTEGRADO_LOCAL,r2-cat-dad-qualification.log — FileRef pronto de tenant-a não pode ser baixado por tenant-b e a admissão consulta tenant_id sem revelar referência alheia,openspec/changes/r2-07-objetos-dados-e-retencao/specs/objetos-dados-e-retencao/spec.md,17,363db7fd0613b909c75beaeb9eb7dfe1e3cb52c8f4ecbbbbb697241e381dde9b
r2-07-objetos-dados-e-retencao:R2-DAD-01-S03,R2-DAD-01-S03,r2-07-objetos-dados-e-retencao,R2-DAD-01,Upload direto e referência imutável por tenant,Multipart incompleto,PASS_INTEGRADO_LOCAL,"multipart-incomplete-smoke.json — confirmação com parte ausente retornou erro de integridade e a FileRef permaneceu UPLOADING, nunca READY",openspec/changes/r2-07-objetos-dados-e-retencao/specs/objetos-dados-e-retencao/spec.md,23,363db7fd0613b909c75beaeb9eb7dfe1e3cb52c8f4ecbbbbb697241e381dde9b
r2-07-objetos-dados-e-retencao:R2-DAD-02-S01,R2-DAD-02-S01,r2-07-objetos-dados-e-retencao,R2-DAD-02,Custódia de resultado volumoso,Resultado grande,PASS_INTEGRADO_LOCAL,r2-cat-dad-qualification.log — TestFinalizeMaterializesLargeResultAndLinksAfterCommit e TestPostgresS3MultipartFileRef custodeiam resultado volumoso via FileRef,openspec/changes/r2-07-objetos-dados-e-retencao/specs/objetos-dados-e-retencao/spec.md,35,363db7fd0613b909c75beaeb9eb7dfe1e3cb52c8f4ecbbbbb697241e381dde9b
r2-07-objetos-dados-e-retencao:R2-DAD-02-S02,R2-DAD-02-S02,r2-07-objetos-dados-e-retencao,R2-DAD-02,Custódia de resultado volumoso,S3 falha,PASS_INTEGRADO_LOCAL,objectstore-failure-latest.log — endpoint S3 indisponível não produz FileRef READY/link quebrado,openspec/changes/r2-07-objetos-dados-e-retencao/specs/objetos-dados-e-retencao/spec.md,41,363db7fd0613b909c75beaeb9eb7dfe1e3cb52c8f4ecbbbbb697241e381dde9b
r2-07-objetos-dados-e-retencao:R2-DAD-02-S03,R2-DAD-02-S03,r2-07-objetos-dados-e-retencao,R2-DAD-02,Custódia de resultado volumoso,Objeto sem commit do protocolo,PASS_INTEGRADO_LOCAL,"result-reconciliation-smoke.json — objeto presente após gap de commit foi validado no storage, mantido ORPHAN, vínculo de obrigação alheia recusado e obrigação original promovida a READY com pin, sem reexecução externa",openspec/changes/r2-07-objetos-dados-e-retencao/specs/objetos-dados-e-retencao/spec.md,47,363db7fd0613b909c75beaeb9eb7dfe1e3cb52c8f4ecbbbbb697241e381dde9b
r2-07-objetos-dados-e-retencao:R2-DAD-03-S01,R2-DAD-03-S01,r2-07-objetos-dados-e-retencao,R2-DAD-03,Retenção por classe e obrigações abertas,Expurgo elegível,PASS_INTEGRADO_LOCAL,r2-cat-dad-qualification.log — TestPostgresS3MultipartFileRef permite expurgo somente após remoção do pin e deixa tombstone,openspec/changes/r2-07-objetos-dados-e-retencao/specs/objetos-dados-e-retencao/spec.md,59,363db7fd0613b909c75beaeb9eb7dfe1e3cb52c8f4ecbbbbb697241e381dde9b
r2-07-objetos-dados-e-retencao:R2-DAD-03-S02,R2-DAD-03-S02,r2-07-objetos-dados-e-retencao,R2-DAD-03,Retenção por classe e obrigações abertas,Entrega pendente,PASS_INTEGRADO_LOCAL,r2-cat-dad-qualification.log — TestPostgresS3MultipartFileRef mantém objeto protegido enquanto o pin de obrigação está aberto,openspec/changes/r2-07-objetos-dados-e-retencao/specs/objetos-dados-e-retencao/spec.md,65,363db7fd0613b909c75beaeb9eb7dfe1e3cb52c8f4ecbbbbb697241e381dde9b
r2-07-objetos-dados-e-retencao:R2-DAD-03-S03,R2-DAD-03-S03,r2-07-objetos-dados-e-retencao,R2-DAD-03,Retenção por classe e obrigações abertas,Mensagem antiga,PASS_INTEGRADO_LOCAL,"message-replay-tombstone-latest.log — TestOperationFactPostgresCustody repetiu evento após finalização, preservou inbox APPLIED/tombstone lógico, não criou novo outbox e quarentenou identidade divergente",openspec/changes/r2-07-objetos-dados-e-retencao/specs/objetos-dados-e-retencao/spec.md,71,363db7fd0613b909c75beaeb9eb7dfe1e3cb52c8f4ecbbbbb697241e381dde9b
r2-07-objetos-dados-e-retencao:R2-DAD-04-S01,R2-DAD-04-S01,r2-07-objetos-dados-e-retencao,R2-DAD-04,"Propriedade, RLS e continuidade de leitura",Writer indisponível com final válido,NAO_QUALIFICADO_NESTA_RODADA,sem execução/evidência vinculada nesta rodada,openspec/changes/r2-07-objetos-dados-e-retencao/specs/objetos-dados-e-retencao/spec.md,83,363db7fd0613b909c75beaeb9eb7dfe1e3cb52c8f4ecbbbbb697241e381dde9b
r2-07-objetos-dados-e-retencao:R2-DAD-04-S02,R2-DAD-04-S02,r2-07-objetos-dados-e-retencao,R2-DAD-04,"Propriedade, RLS e continuidade de leitura",Réplica atrasada,NAO_QUALIFICADO_NESTA_RODADA,sem execução/evidência vinculada nesta rodada,openspec/changes/r2-07-objetos-dados-e-retencao/specs/objetos-dados-e-retencao/spec.md,89,363db7fd0613b909c75beaeb9eb7dfe1e3cb52c8f4ecbbbbb697241e381dde9b
r2-07-objetos-dados-e-retencao:R2-DAD-04-S03,R2-DAD-04-S03,r2-07-objetos-dados-e-retencao,R2-DAD-04,"Propriedade, RLS e continuidade de leitura",Isolamento de domínio,PASS_INTEGRADO_LOCAL,rls-runtime-latest.log — rls-runtime-proof.sh rejeita acesso cross-tenant nas bases control/core/finance com hub_runtime,openspec/changes/r2-07-objetos-dados-e-retencao/specs/objetos-dados-e-retencao/spec.md,95,363db7fd0613b909c75beaeb9eb7dfe1e3cb52c8f4ecbbbbb697241e381dde9b
r2-07-objetos-dados-e-retencao:R2-DAD-05-S01,R2-DAD-05-S01,r2-07-objetos-dados-e-retencao,R2-DAD-05,Restauração reconciliada sem duplicar efeito,Restore controlado,PARCIAL_INTEGRADO,r2-cat-dad-qualification.log — restore-reconciliation.sh confronta digests/contagens e bloqueia readmissão antes da reconciliação,openspec/changes/r2-07-objetos-dados-e-retencao/specs/objetos-dados-e-retencao/spec.md,107,363db7fd0613b909c75beaeb9eb7dfe1e3cb52c8f4ecbbbbb697241e381dde9b
r2-07-objetos-dados-e-retencao:R2-DAD-05-S02,R2-DAD-05-S02,r2-07-objetos-dados-e-retencao,R2-DAD-05,Restauração reconciliada sem duplicar efeito,Operação após backup,PARCIAL_INTEGRADO,r2-cat-dad-qualification.log — restore-reconciliation.sh consulta o oráculo externo sem replay e preserva a readmissão desabilitada,openspec/changes/r2-07-objetos-dados-e-retencao/specs/objetos-dados-e-retencao/spec.md,113,363db7fd0613b909c75beaeb9eb7dfe1e3cb52c8f4ecbbbbb697241e381dde9b
r2-07-objetos-dados-e-retencao:R2-DAD-05-S03,R2-DAD-05-S03,r2-07-objetos-dados-e-retencao,R2-DAD-05,Restauração reconciliada sem duplicar efeito,Falha regional,NAO_QUALIFICADO_NESTA_RODADA,sem execução/evidência vinculada nesta rodada,openspec/changes/r2-07-objetos-dados-e-retencao/specs/objetos-dados-e-retencao/spec.md,119,363db7fd0613b909c75beaeb9eb7dfe1e3cb52c8f4ecbbbbb697241e381dde9b
r2-08-operacao-elastica-e-observavel:R2-OPE-01-S01,R2-OPE-01-S01,r2-08-operacao-elastica-e-observavel,R2-OPE-01,Plataforma local completa e persistente,Primeira instalação,PASS_INTEGRADO_LOCAL,"compose-bootstrap-r2-ope-01-latest.log — bootstrap oficial idempotente reconciliou identidade, aplicou migrations, construiu imagens, iniciou 16 unidades e confirmou probes de aplicação, UI, IdP e egress real",openspec/changes/r2-08-operacao-elastica-e-observavel/specs/operacao-elastica-e-observavel/spec.md,11,363db7fd0613b909c75beaeb9eb7dfe1e3cb52c8f4ecbbbbb697241e381dde9b
r2-08-operacao-elastica-e-observavel:R2-OPE-01-S02,R2-OPE-01-S02,r2-08-operacao-elastica-e-observavel,R2-OPE-01,Plataforma local completa e persistente,Recriação sem reset,PASS_INTEGRADO_LOCAL,"compose-recreation-latest.log + product-http-latest.log — Atlas foi recriado sem remover volumes, catálogo/protocolos preservaram contagens e produto HTTP voltou a concluir com dois efeitos e idempotência",openspec/changes/r2-08-operacao-elastica-e-observavel/specs/operacao-elastica-e-observavel/spec.md,17,363db7fd0613b909c75beaeb9eb7dfe1e3cb52c8f4ecbbbbb697241e381dde9b
r2-08-operacao-elastica-e-observavel:R2-OPE-01-S03,R2-OPE-01-S03,r2-08-operacao-elastica-e-observavel,R2-OPE-01,Plataforma local completa e persistente,Cache desligado,PASS_INTEGRADO_LOCAL,offline-startup.json — Orbita e Cometa iniciam prontos com broker e Redis fora do perfil opcional,openspec/changes/r2-08-operacao-elastica-e-observavel/specs/operacao-elastica-e-observavel/spec.md,23,363db7fd0613b909c75beaeb9eb7dfe1e3cb52c8f4ecbbbbb697241e381dde9b
r2-08-operacao-elastica-e-observavel:R2-OPE-02-S01,R2-OPE-02-S01,r2-08-operacao-elastica-e-observavel,R2-OPE-02,Kubernetes e cinco ambientes coerentes,Overlay aplicável,PASS_INTEGRADO_LOCAL,"kind-continuity-latest.log — bootstrap independente aplica dependências cluster-owned, workloads, UI, gateway e Jobs de migração",openspec/changes/r2-08-operacao-elastica-e-observavel/specs/operacao-elastica-e-observavel/spec.md,35,363db7fd0613b909c75beaeb9eb7dfe1e3cb52c8f4ecbbbbb697241e381dde9b
r2-08-operacao-elastica-e-observavel:R2-OPE-02-S02,R2-OPE-02-S02,r2-08-operacao-elastica-e-observavel,R2-OPE-02,Kubernetes e cinco ambientes coerentes,Separação ambiental,PARCIAL_ESTRUTURAL,environment-boundary-latest.log — overlays usam namespaces distintos e referências de segredos sem materialização,openspec/changes/r2-08-operacao-elastica-e-observavel/specs/operacao-elastica-e-observavel/spec.md,41,363db7fd0613b909c75beaeb9eb7dfe1e3cb52c8f4ecbbbbb697241e381dde9b
r2-08-operacao-elastica-e-observavel:R2-OPE-02-S03,R2-OPE-02-S03,r2-08-operacao-elastica-e-observavel,R2-OPE-02,Kubernetes e cinco ambientes coerentes,Produção sem perfil,PASS_ESTRUTURAL,environment-boundary-latest.log — promotion-gate bloqueia prd sem perfil/aprovações P-01/P-08/P-10 e permite desenvolvimento local,openspec/changes/r2-08-operacao-elastica-e-observavel/specs/operacao-elastica-e-observavel/spec.md,47,363db7fd0613b909c75beaeb9eb7dfe1e3cb52c8f4ecbbbbb697241e381dde9b
r2-08-operacao-elastica-e-observavel:R2-OPE-03-S01,R2-OPE-03-S01,r2-08-operacao-elastica-e-observavel,R2-OPE-03,Probes por capacidade e drenagem,Dependência opcional falha,PASS_INTEGRADO_LOCAL,"optional-dependency-runtime-latest.log — Alloy indisponível, readiness/liveness de Órbita e Cometa preservadas e Atlas/Pulsar/Libra sem reinício",openspec/changes/r2-08-operacao-elastica-e-observavel/specs/operacao-elastica-e-observavel/spec.md,59,363db7fd0613b909c75beaeb9eb7dfe1e3cb52c8f4ecbbbbb697241e381dde9b
r2-08-operacao-elastica-e-observavel:R2-OPE-03-S02,R2-OPE-03-S02,r2-08-operacao-elastica-e-observavel,R2-OPE-03,Probes por capacidade e drenagem,Rolling update,PASS_UNITARIO,go test ./internal/platform/httpserver — TestShutdownWaitsForAcceptedRequest drena requisição aceita antes de encerrar,openspec/changes/r2-08-operacao-elastica-e-observavel/specs/operacao-elastica-e-observavel/spec.md,65,363db7fd0613b909c75beaeb9eb7dfe1e3cb52c8f4ecbbbbb697241e381dde9b
r2-08-operacao-elastica-e-observavel:R2-OPE-03-S03,R2-OPE-03-S03,r2-08-operacao-elastica-e-observavel,R2-OPE-03,Probes por capacidade e drenagem,Provedor fora,PASS_INTEGRADO_LOCAL,"provider-outage-runtime-latest.json — provider-sim fora, SYNC respondeu 504 sem sucesso fictício, GET preservou estado, capacidade fechou transporte e workloads não afetados não reiniciaram",openspec/changes/r2-08-operacao-elastica-e-observavel/specs/operacao-elastica-e-observavel/spec.md,71,363db7fd0613b909c75beaeb9eb7dfe1e3cb52c8f4ecbbbbb697241e381dde9b
r2-08-operacao-elastica-e-observavel:R2-OPE-04-S01,R2-OPE-04-S01,r2-08-operacao-elastica-e-observavel,R2-OPE-04,"Escala de pods, nós e dados sem chamados rotineiros",Fila cresce com CPU baixa,PARCIAL_ESTRUTURAL,scaling-policy-latest.log — KEDA consulta backlog pendente e HPA/PDB/topology spread estão declarados,openspec/changes/r2-08-operacao-elastica-e-observavel/specs/operacao-elastica-e-observavel/spec.md,83,363db7fd0613b909c75beaeb9eb7dfe1e3cb52c8f4ecbbbbb697241e381dde9b
r2-08-operacao-elastica-e-observavel:R2-OPE-04-S02,R2-OPE-04-S02,r2-08-operacao-elastica-e-observavel,R2-OPE-04,"Escala de pods, nós e dados sem chamados rotineiros",Célula próxima do envelope,PASS_ESTRUTURAL,"scaling-policy-latest.log — ppd declara envelope 3→6 réplicas, PDB e placement por hostname",openspec/changes/r2-08-operacao-elastica-e-observavel/specs/operacao-elastica-e-observavel/spec.md,89,363db7fd0613b909c75beaeb9eb7dfe1e3cb52c8f4ecbbbbb697241e381dde9b
r2-08-operacao-elastica-e-observavel:R2-OPE-04-S03,R2-OPE-04-S03,r2-08-operacao-elastica-e-observavel,R2-OPE-04,"Escala de pods, nós e dados sem chamados rotineiros",Quota esgotada,PASS_UNITARIO,"capacity-quota-latest.log — 60 contenders em réplicas/células, limites A/B preservados, expiração não reciclada por owner stale e rate limit isolado",openspec/changes/r2-08-operacao-elastica-e-observavel/specs/operacao-elastica-e-observavel/spec.md,95,363db7fd0613b909c75beaeb9eb7dfe1e3cb52c8f4ecbbbbb697241e381dde9b
r2-08-operacao-elastica-e-observavel:R2-OPE-05-S01,R2-OPE-05-S01,r2-08-operacao-elastica-e-observavel,R2-OPE-05,"Placement, fencing e recursos por ambiente e célula",Cliente realocado,PASS_INTEGRADO_LOCAL,placement-relocation-latest.log — consulta pública do mesmo tenant resolveu protocolos antigos na célula A e novos na B após realocação,openspec/changes/r2-08-operacao-elastica-e-observavel/specs/operacao-elastica-e-observavel/spec.md,107,363db7fd0613b909c75beaeb9eb7dfe1e3cb52c8f4ecbbbbb697241e381dde9b
r2-08-operacao-elastica-e-observavel:R2-OPE-05-S02,R2-OPE-05-S02,r2-08-operacao-elastica-e-observavel,R2-OPE-05,"Placement, fencing e recursos por ambiente e célula",Dois ambientes/células,PASS_ESTRUTURAL,environment-cell-boundary-latest.log — nomes de recursos SNS/SQS ficaram distintos para dev/hom e células A/B pelo prefixo QUEUE_NAMESPACE,openspec/changes/r2-08-operacao-elastica-e-observavel/specs/operacao-elastica-e-observavel/spec.md,113,363db7fd0613b909c75beaeb9eb7dfe1e3cb52c8f4ecbbbbb697241e381dde9b
r2-08-operacao-elastica-e-observavel:R2-OPE-05-S03,R2-OPE-05-S03,r2-08-operacao-elastica-e-observavel,R2-OPE-05,"Placement, fencing e recursos por ambiente e célula",Falha parcial de provisionamento,PASS_INTEGRADO_LOCAL,provisioning-readiness-latest.log — célula sem headroom qualificado ficou em PROVISIONING sem placement de tráfego e duas reconciliações mantiveram uma única solicitação de provisionamento,openspec/changes/r2-08-operacao-elastica-e-observavel/specs/operacao-elastica-e-observavel/spec.md,119,363db7fd0613b909c75beaeb9eb7dfe1e3cb52c8f4ecbbbbb697241e381dde9b
r2-08-operacao-elastica-e-observavel:R2-OPE-06-S01,R2-OPE-06-S01,r2-08-operacao-elastica-e-observavel,R2-OPE-06,Fallback seletivo e dependências mínimas,Reinício com broker fora,PASS_INTEGRADO_LOCAL,"broker-outage-runtime-latest.json — localstack indisponível, Órbita/Cometa recriados prontos, SYNC/GET SUCCEEDED e broker restaurado",openspec/changes/r2-08-operacao-elastica-e-observavel/specs/operacao-elastica-e-observavel/spec.md,131,363db7fd0613b909c75beaeb9eb7dfe1e3cb52c8f4ecbbbbb697241e381dde9b
r2-08-operacao-elastica-e-observavel:R2-OPE-06-S02,R2-OPE-06-S02,r2-08-operacao-elastica-e-observavel,R2-OPE-06,Fallback seletivo e dependências mínimas,Redis lenta,PASS_UNITARIO,redis-l1-fallback-latest.log — TestOAuthL1RemainsUsableWhenResolverBecomesUnavailable reutilizou o token L1 sem nova emissão quando o resolver Redis ficou indisponível,openspec/changes/r2-08-operacao-elastica-e-observavel/specs/operacao-elastica-e-observavel/spec.md,137,363db7fd0613b909c75beaeb9eb7dfe1e3cb52c8f4ecbbbbb697241e381dde9b
r2-08-operacao-elastica-e-observavel:R2-OPE-06-S03,R2-OPE-06-S03,r2-08-operacao-elastica-e-observavel,R2-OPE-06,Fallback seletivo e dependências mínimas,Todas cópias autoritativas indisponíveis,PASS_INTEGRADO_LOCAL,authoritative-outage-runtime-latest.json — PostgreSQL parado produziu 503 admission_unavailable sem protocolo,openspec/changes/r2-08-operacao-elastica-e-observavel/specs/operacao-elastica-e-observavel/spec.md,143,363db7fd0613b909c75beaeb9eb7dfe1e3cb52c8f4ecbbbbb697241e381dde9b
r2-08-operacao-elastica-e-observavel:R2-OPE-07-S01,R2-OPE-07-S01,r2-08-operacao-elastica-e-observavel,R2-OPE-07,Telemetria e SLA com investigação acionável,Fluxo rastreável,PASS_INTEGRADO_LOCAL,"traceability-runtime-latest.json — jornada ASYNC correlacionou trace durável entre intenção, logs de Órbita/Cometa e timeline administrativa",openspec/changes/r2-08-operacao-elastica-e-observavel/specs/operacao-elastica-e-observavel/spec.md,155,363db7fd0613b909c75beaeb9eb7dfe1e3cb52c8f4ecbbbbb697241e381dde9b
r2-08-operacao-elastica-e-observavel:R2-OPE-07-S02,R2-OPE-07-S02,r2-08-operacao-elastica-e-observavel,R2-OPE-07,Telemetria e SLA com investigação acionável,Alerta exercitado,PASS_INTEGRADO_LOCAL,observability-alert-latest.log + observability-alert-runtime-latest.log + observability-outbox-runtime-latest.log — regras/runbooks e perda de telemetria foram exercitados,openspec/changes/r2-08-operacao-elastica-e-observavel/specs/operacao-elastica-e-observavel/spec.md,161,363db7fd0613b909c75beaeb9eb7dfe1e3cb52c8f4ecbbbbb697241e381dde9b
r2-08-operacao-elastica-e-observavel:R2-OPE-07-S03,R2-OPE-07-S03,r2-08-operacao-elastica-e-observavel,R2-OPE-07,Telemetria e SLA com investigação acionável,Backend de observabilidade fora,PASS_UNITARIO,go test ./internal/platform/httpserver — TestTelemetryDropsWithoutBlockingBusiness limita buffer e sinaliza descarte sem bloquear negócio,openspec/changes/r2-08-operacao-elastica-e-observavel/specs/operacao-elastica-e-observavel/spec.md,167,363db7fd0613b909c75beaeb9eb7dfe1e3cb52c8f4ecbbbbb697241e381dde9b
r2-08-operacao-elastica-e-observavel:R2-OPE-08-S01,R2-OPE-08-S01,r2-08-operacao-elastica-e-observavel,R2-OPE-08,Segurança e reprodutibilidade de infraestrutura,AWS real,NAO_QUALIFICADO_NESTA_RODADA,sem execução/evidência vinculada nesta rodada,openspec/changes/r2-08-operacao-elastica-e-observavel/specs/operacao-elastica-e-observavel/spec.md,179,363db7fd0613b909c75beaeb9eb7dfe1e3cb52c8f4ecbbbbb697241e381dde9b
r2-08-operacao-elastica-e-observavel:R2-OPE-08-S02,R2-OPE-08-S02,r2-08-operacao-elastica-e-observavel,R2-OPE-08,Segurança e reprodutibilidade de infraestrutura,IAM insuficiente,NAO_QUALIFICADO_NESTA_RODADA,sem execução/evidência vinculada nesta rodada,openspec/changes/r2-08-operacao-elastica-e-observavel/specs/operacao-elastica-e-observavel/spec.md,185,363db7fd0613b909c75beaeb9eb7dfe1e3cb52c8f4ecbbbbb697241e381dde9b
r2-08-operacao-elastica-e-observavel:R2-OPE-08-S03,R2-OPE-08-S03,r2-08-operacao-elastica-e-observavel,R2-OPE-08,Segurança e reprodutibilidade de infraestrutura,Atualização de dependência,NAO_QUALIFICADO_NESTA_RODADA,sem execução/evidência vinculada nesta rodada,openspec/changes/r2-08-operacao-elastica-e-observavel/specs/operacao-elastica-e-observavel/spec.md,191,363db7fd0613b909c75beaeb9eb7dfe1e3cb52c8f4ecbbbbb697241e381dde9b
r2-08-operacao-elastica-e-observavel:R2-OPE-09-S01,R2-OPE-09-S01,r2-08-operacao-elastica-e-observavel,R2-OPE-09,"SLO, isolamento e continuidade qualificados",Perfil de referência,PASS_INTEGRADO_LOCAL,"slo-load-latest.json — 30 admissões ASYNC e 30 GETs autenticados, payload 59989 bytes, concorrência 5, p95/p99 dentro das metas propostas",openspec/changes/r2-08-operacao-elastica-e-observavel/specs/operacao-elastica-e-observavel/spec.md,203,363db7fd0613b909c75beaeb9eb7dfe1e3cb52c8f4ecbbbbb697241e381dde9b
r2-08-operacao-elastica-e-observavel:R2-OPE-09-S02,R2-OPE-09-S02,r2-08-operacao-elastica-e-observavel,R2-OPE-09,"SLO, isolamento e continuidade qualificados",Manutenção e ruído,NAO_QUALIFICADO_NESTA_RODADA,sem execução/evidência vinculada nesta rodada,openspec/changes/r2-08-operacao-elastica-e-observavel/specs/operacao-elastica-e-observavel/spec.md,209,363db7fd0613b909c75beaeb9eb7dfe1e3cb52c8f4ecbbbbb697241e381dde9b
r2-08-operacao-elastica-e-observavel:R2-OPE-09-S03,R2-OPE-09-S03,r2-08-operacao-elastica-e-observavel,R2-OPE-09,"SLO, isolamento e continuidade qualificados",Uso crítico,NAO_QUALIFICADO_NESTA_RODADA,sem execução/evidência vinculada nesta rodada,openspec/changes/r2-08-operacao-elastica-e-observavel/specs/operacao-elastica-e-observavel/spec.md,215,363db7fd0613b909c75beaeb9eb7dfe1e3cb52c8f4ecbbbbb697241e381dde9b
r2-09-qualificacao-e-rastreabilidade:R2-QUA-01-S01,R2-QUA-01-S01,r2-09-qualificacao-e-rastreabilidade,R2-QUA-01,Rastreabilidade do alvo até evidência,Novo requisito implementado,PASS_ESTRUTURAL,"r2-cat-dad-qualification.log + r2-int-exe-qualification.log — cenários com prova ligam comando, ambiente, SHA e limite na matriz",openspec/changes/r2-09-qualificacao-e-rastreabilidade/specs/qualificacao-integrada-r2/spec.md,11,363db7fd0613b909c75beaeb9eb7dfe1e3cb52c8f4ecbbbbb697241e381dde9b
r2-09-qualificacao-e-rastreabilidade:R2-QUA-01-S02,R2-QUA-01-S02,r2-09-qualificacao-e-rastreabilidade,R2-QUA-01,Rastreabilidade do alvo até evidência,Evidência incompatível,NAO_QUALIFICADO_NESTA_RODADA,sem execução/evidência vinculada nesta rodada,openspec/changes/r2-09-qualificacao-e-rastreabilidade/specs/qualificacao-integrada-r2/spec.md,17,363db7fd0613b909c75beaeb9eb7dfe1e3cb52c8f4ecbbbbb697241e381dde9b
r2-09-qualificacao-e-rastreabilidade:R2-QUA-01-S03,R2-QUA-01-S03,r2-09-qualificacao-e-rastreabilidade,R2-QUA-01,Rastreabilidade do alvo até evidência,Decisão ainda pendente,PASS_ESTRUTURAL,OPENSPEC-AUDIT-2026-09-10.md + FINAL_REPORT.md — pendências de aprovação e cenários não exercitados permanecem abertas,openspec/changes/r2-09-qualificacao-e-rastreabilidade/specs/qualificacao-integrada-r2/spec.md,23,363db7fd0613b909c75beaeb9eb7dfe1e3cb52c8f4ecbbbbb697241e381dde9b
r2-09-qualificacao-e-rastreabilidade:R2-QUA-02-S01,R2-QUA-02-S01,r2-09-qualificacao-e-rastreabilidade,R2-QUA-02,Fixtures e oráculos independentes reproduzíveis,Ambiente limpo,NAO_QUALIFICADO_NESTA_RODADA,sem execução/evidência vinculada nesta rodada,openspec/changes/r2-09-qualificacao-e-rastreabilidade/specs/qualificacao-integrada-r2/spec.md,35,363db7fd0613b909c75beaeb9eb7dfe1e3cb52c8f4ecbbbbb697241e381dde9b
r2-09-qualificacao-e-rastreabilidade:R2-QUA-02-S02,R2-QUA-02-S02,r2-09-qualificacao-e-rastreabilidade,R2-QUA-02,Fixtures e oráculos independentes reproduzíveis,Regressão do eco,PASS_UNITARIO,"qualification-echo-regression-latest.log — fixture HTTP devolveu SUCCEEDED com input ecoado em SYNC e ASYNC, e o oráculo de conteúdo rejeitou a resposta",openspec/changes/r2-09-qualificacao-e-rastreabilidade/specs/qualificacao-integrada-r2/spec.md,41,363db7fd0613b909c75beaeb9eb7dfe1e3cb52c8f4ecbbbbb697241e381dde9b
r2-09-qualificacao-e-rastreabilidade:R2-QUA-02-S03,R2-QUA-02-S03,r2-09-qualificacao-e-rastreabilidade,R2-QUA-02,Fixtures e oráculos independentes reproduzíveis,Regressão financeira,PASS_INTEGRADO_LOCAL,"qualification-finance-regression-latest.log — PostgreSQL confirmou duas capturas consumidas no limite, terceira tentativa bloqueada antes da chamada externa e saldo disponível zero",openspec/changes/r2-09-qualificacao-e-rastreabilidade/specs/qualificacao-integrada-r2/spec.md,47,363db7fd0613b909c75beaeb9eb7dfe1e3cb52c8f4ecbbbbb697241e381dde9b
r2-09-qualificacao-e-rastreabilidade:R2-QUA-03-S01,R2-QUA-03-S01,r2-09-qualificacao-e-rastreabilidade,R2-QUA-03,"Gates de contrato, experiência e operação",PR de backend,NAO_QUALIFICADO_NESTA_RODADA,sem execução/evidência vinculada nesta rodada,openspec/changes/r2-09-qualificacao-e-rastreabilidade/specs/qualificacao-integrada-r2/spec.md,59,363db7fd0613b909c75beaeb9eb7dfe1e3cb52c8f4ecbbbbb697241e381dde9b
r2-09-qualificacao-e-rastreabilidade:R2-QUA-03-S02,R2-QUA-03-S02,r2-09-qualificacao-e-rastreabilidade,R2-QUA-03,"Gates de contrato, experiência e operação",UI sem backend,PASS_INTEGRADO_LOCAL,"browser-smoke.json — gate distingue build do portal de jornada autenticada no backend real, sem promover mock",openspec/changes/r2-09-qualificacao-e-rastreabilidade/specs/qualificacao-integrada-r2/spec.md,65,363db7fd0613b909c75beaeb9eb7dfe1e3cb52c8f4ecbbbbb697241e381dde9b
r2-09-qualificacao-e-rastreabilidade:R2-QUA-03-S03,R2-QUA-03-S03,r2-09-qualificacao-e-rastreabilidade,R2-QUA-03,"Gates de contrato, experiência e operação",P0 reaberto,NAO_QUALIFICADO_NESTA_RODADA,sem execução/evidência vinculada nesta rodada,openspec/changes/r2-09-qualificacao-e-rastreabilidade/specs/qualificacao-integrada-r2/spec.md,71,363db7fd0613b909c75beaeb9eb7dfe1e3cb52c8f4ecbbbbb697241e381dde9b
r2-09-qualificacao-e-rastreabilidade:R2-QUA-04-S01,R2-QUA-04-S01,r2-09-qualificacao-e-rastreabilidade,R2-QUA-04,Evolução OpenSpec e baseline sem falso arquivamento,Importação deste pacote,PASS_ESTRUTURAL,"OPENSPEC-AUDIT-2026-09-10.md — changes R2 e histórico v4 permanecem separados, com validação OpenSpec strict",openspec/changes/r2-09-qualificacao-e-rastreabilidade/specs/qualificacao-integrada-r2/spec.md,83,363db7fd0613b909c75beaeb9eb7dfe1e3cb52c8f4ecbbbbb697241e381dde9b
r2-09-qualificacao-e-rastreabilidade:R2-QUA-04-S02,R2-QUA-04-S02,r2-09-qualificacao-e-rastreabilidade,R2-QUA-04,Evolução OpenSpec e baseline sem falso arquivamento,Mudança R2 concluída,NAO_QUALIFICADO_NESTA_RODADA,sem execução/evidência vinculada nesta rodada,openspec/changes/r2-09-qualificacao-e-rastreabilidade/specs/qualificacao-integrada-r2/spec.md,89,363db7fd0613b909c75beaeb9eb7dfe1e3cb52c8f4ecbbbbb697241e381dde9b
r2-09-qualificacao-e-rastreabilidade:R2-QUA-04-S03,R2-QUA-04-S03,r2-09-qualificacao-e-rastreabilidade,R2-QUA-04,Evolução OpenSpec e baseline sem falso arquivamento,Regressão posterior,NAO_QUALIFICADO_NESTA_RODADA,sem execução/evidência vinculada nesta rodada,openspec/changes/r2-09-qualificacao-e-rastreabilidade/specs/qualificacao-integrada-r2/spec.md,95,363db7fd0613b909c75beaeb9eb7dfe1e3cb52c8f4ecbbbbb697241e381dde9b
r3-01-custodia-e-integracao-externa:R3-EXE-01-S01,R3-EXE-01-S01,r3-01-custodia-e-integracao-externa,R3-EXE-01,Adapters executáveis e autenticação completa,conta REST homologada com API Key,PARCIAL_INTEGRADO,r2-rest-adapter-latest.log — TestVersionedRESTAdapterUsesAPIKeyAndAsyncMarker com API Key por binding e fluxo 202/PENDING → 200/SUCCEEDED,openspec/changes/r3-01-custodia-e-integracao-externa/specs/01-custodia-e-integracao-externa/spec.md,8,363db7fd0613b909c75beaeb9eb7dfe1e3cb52c8f4ecbbbbb697241e381dde9b
r3-01-custodia-e-integracao-externa:R3-EXE-01-S02,R3-EXE-01-S02,r3-01-custodia-e-integracao-externa,R3-EXE-01,Adapters executáveis e autenticação completa,adapter ausente ou autenticação incompleta,NAO_QUALIFICADO_NESTA_RODADA,sem execução/evidência vinculada nesta rodada,openspec/changes/r3-01-custodia-e-integracao-externa/specs/01-custodia-e-integracao-externa/spec.md,13,363db7fd0613b909c75beaeb9eb7dfe1e3cb52c8f4ecbbbbb697241e381dde9b
r3-01-custodia-e-integracao-externa:R3-EXE-01-S03,R3-EXE-01-S03,r3-01-custodia-e-integracao-externa,R3-EXE-01,Adapters executáveis e autenticação completa,dois tenants com bindings específicos,NAO_QUALIFICADO_NESTA_RODADA,sem execução/evidência vinculada nesta rodada,openspec/changes/r3-01-custodia-e-integracao-externa/specs/01-custodia-e-integracao-externa/spec.md,18,363db7fd0613b909c75beaeb9eb7dfe1e3cb52c8f4ecbbbbb697241e381dde9b
r3-01-custodia-e-integracao-externa:R3-EXE-02-S01,R3-EXE-02-S01,r3-01-custodia-e-integracao-externa,R3-EXE-02,Callback com confirmação de custódia,callback válido de operação conhecida,NAO_QUALIFICADO_NESTA_RODADA,sem execução/evidência vinculada nesta rodada,openspec/changes/r3-01-custodia-e-integracao-externa/specs/01-custodia-e-integracao-externa/spec.md,26,363db7fd0613b909c75beaeb9eb7dfe1e3cb52c8f4ecbbbbb697241e381dde9b
r3-01-custodia-e-integracao-externa:R3-EXE-02-S02,R3-EXE-02-S02,r3-01-custodia-e-integracao-externa,R3-EXE-02,Callback com confirmação de custódia,banco indisponível ou assinatura inválida,NAO_QUALIFICADO_NESTA_RODADA,sem execução/evidência vinculada nesta rodada,openspec/changes/r3-01-custodia-e-integracao-externa/specs/01-custodia-e-integracao-externa/spec.md,31,363db7fd0613b909c75beaeb9eb7dfe1e3cb52c8f4ecbbbbb697241e381dde9b
r3-01-custodia-e-integracao-externa:R3-EXE-02-S03,R3-EXE-02-S03,r3-01-custodia-e-integracao-externa,R3-EXE-02,Callback com confirmação de custódia,callback anterior à correlação e outro após final,NAO_QUALIFICADO_NESTA_RODADA,sem execução/evidência vinculada nesta rodada,openspec/changes/r3-01-custodia-e-integracao-externa/specs/01-custodia-e-integracao-externa/spec.md,36,363db7fd0613b909c75beaeb9eb7dfe1e3cb52c8f4ecbbbbb697241e381dde9b
r3-01-custodia-e-integracao-externa:R3-EXE-03-S01,R3-EXE-03-S01,r3-01-custodia-e-integracao-externa,R3-EXE-03,Recuperação de efeito incerto e fencing,queda após intenção antes do HTTP,NAO_QUALIFICADO_NESTA_RODADA,sem execução/evidência vinculada nesta rodada,openspec/changes/r3-01-custodia-e-integracao-externa/specs/01-custodia-e-integracao-externa/spec.md,44,363db7fd0613b909c75beaeb9eb7dfe1e3cb52c8f4ecbbbbb697241e381dde9b
r3-01-custodia-e-integracao-externa:R3-EXE-03-S02,R3-EXE-03-S02,r3-01-custodia-e-integracao-externa,R3-EXE-03,Recuperação de efeito incerto e fencing,provedor executou e a resposta se perdeu,NAO_QUALIFICADO_NESTA_RODADA,sem execução/evidência vinculada nesta rodada,openspec/changes/r3-01-custodia-e-integracao-externa/specs/01-custodia-e-integracao-externa/spec.md,49,363db7fd0613b909c75beaeb9eb7dfe1e3cb52c8f4ecbbbbb697241e381dde9b
r3-01-custodia-e-integracao-externa:R3-EXE-03-S03,R3-EXE-03-S03,r3-01-custodia-e-integracao-externa,R3-EXE-03,Recuperação de efeito incerto e fencing,owner antigo ou replay com aplicação/hash distintos,NAO_QUALIFICADO_NESTA_RODADA,sem execução/evidência vinculada nesta rodada,openspec/changes/r3-01-custodia-e-integracao-externa/specs/01-custodia-e-integracao-externa/spec.md,54,363db7fd0613b909c75beaeb9eb7dfe1e3cb52c8f4ecbbbbb697241e381dde9b
r3-01-custodia-e-integracao-externa:R3-EXE-04-S01,R3-EXE-04-S01,r3-01-custodia-e-integracao-externa,R3-EXE-04,"Relógios de retry, polling e prazo final",provedor saudável demora com polling e callback ativos,NAO_QUALIFICADO_NESTA_RODADA,sem execução/evidência vinculada nesta rodada,openspec/changes/r3-01-custodia-e-integracao-externa/specs/01-custodia-e-integracao-externa/spec.md,62,363db7fd0613b909c75beaeb9eb7dfe1e3cb52c8f4ecbbbbb697241e381dde9b
r3-01-custodia-e-integracao-externa:R3-EXE-04-S02,R3-EXE-04-S02,r3-01-custodia-e-integracao-externa,R3-EXE-04,"Relógios de retry, polling e prazo final",primeira falha em t1 com TTL 30 segundos,NAO_QUALIFICADO_NESTA_RODADA,sem execução/evidência vinculada nesta rodada,openspec/changes/r3-01-custodia-e-integracao-externa/specs/01-custodia-e-integracao-externa/spec.md,67,363db7fd0613b909c75beaeb9eb7dfe1e3cb52c8f4ecbbbbb697241e381dde9b
r3-01-custodia-e-integracao-externa:R3-EXE-04-S03,R3-EXE-04-S03,r3-01-custodia-e-integracao-externa,R3-EXE-04,"Relógios de retry, polling e prazo final",pausa entre decisão e commit atravessa SLA,NAO_QUALIFICADO_NESTA_RODADA,sem execução/evidência vinculada nesta rodada,openspec/changes/r3-01-custodia-e-integracao-externa/specs/01-custodia-e-integracao-externa/spec.md,72,363db7fd0613b909c75beaeb9eb7dfe1e3cb52c8f4ecbbbbb697241e381dde9b
r3-01-custodia-e-integracao-externa:R3-EXE-05-S01,R3-EXE-05-S01,r3-01-custodia-e-integracao-externa,R3-EXE-05,Topologia de mensagens e quarentena recuperável,primeira inicialização sem assinatura financeira,NAO_QUALIFICADO_NESTA_RODADA,sem execução/evidência vinculada nesta rodada,openspec/changes/r3-01-custodia-e-integracao-externa/specs/01-custodia-e-integracao-externa/spec.md,80,363db7fd0613b909c75beaeb9eb7dfe1e3cb52c8f4ecbbbbb697241e381dde9b
r3-01-custodia-e-integracao-externa:R3-EXE-05-S02,R3-EXE-05-S02,r3-01-custodia-e-integracao-externa,R3-EXE-05,Topologia de mensagens e quarentena recuperável,envelope inválido ou versão desconhecida,NAO_QUALIFICADO_NESTA_RODADA,sem execução/evidência vinculada nesta rodada,openspec/changes/r3-01-custodia-e-integracao-externa/specs/01-custodia-e-integracao-externa/spec.md,85,363db7fd0613b909c75beaeb9eb7dfe1e3cb52c8f4ecbbbbb697241e381dde9b
r3-01-custodia-e-integracao-externa:R3-EXE-05-S03,R3-EXE-05-S03,r3-01-custodia-e-integracao-externa,R3-EXE-05,Topologia de mensagens e quarentena recuperável,broker cai e retorna,NAO_QUALIFICADO_NESTA_RODADA,sem execução/evidência vinculada nesta rodada,openspec/changes/r3-01-custodia-e-integracao-externa/specs/01-custodia-e-integracao-externa/spec.md,90,363db7fd0613b909c75beaeb9eb7dfe1e3cb52c8f4ecbbbbb697241e381dde9b
r3-02-portfolio-e-contratos-efetivos:R3-CAT-01-S01,R3-CAT-01-S01,r3-02-portfolio-e-contratos-efetivos,R3-CAT-01,Precisão numérica e validação de schemas,inteiro 9007199254740993 e decimal exato,NAO_QUALIFICADO_NESTA_RODADA,sem execução/evidência vinculada nesta rodada,openspec/changes/r3-02-portfolio-e-contratos-efetivos/specs/02-portfolio-e-contratos-efetivos/spec.md,8,363db7fd0613b909c75beaeb9eb7dfe1e3cb52c8f4ecbbbbb697241e381dde9b
r3-02-portfolio-e-contratos-efetivos:R3-CAT-01-S02,R3-CAT-01-S02,r3-02-portfolio-e-contratos-efetivos,R3-CAT-01,Precisão numérica e validação de schemas,"enum, nested schema ou additionalProperties violados",NAO_QUALIFICADO_NESTA_RODADA,sem execução/evidência vinculada nesta rodada,openspec/changes/r3-02-portfolio-e-contratos-efetivos/specs/02-portfolio-e-contratos-efetivos/spec.md,13,363db7fd0613b909c75beaeb9eb7dfe1e3cb52c8f4ecbbbbb697241e381dde9b
r3-02-portfolio-e-contratos-efetivos:R3-CAT-01-S03,R3-CAT-01-S03,r3-02-portfolio-e-contratos-efetivos,R3-CAT-01,Precisão numérica e validação de schemas,payload abusivo A e cliente B saudável,NAO_QUALIFICADO_NESTA_RODADA,sem execução/evidência vinculada nesta rodada,openspec/changes/r3-02-portfolio-e-contratos-efetivos/specs/02-portfolio-e-contratos-efetivos/spec.md,18,363db7fd0613b909c75beaeb9eb7dfe1e3cb52c8f4ecbbbbb697241e381dde9b
r3-02-portfolio-e-contratos-efetivos:R3-CAT-02-S01,R3-CAT-02-S01,r3-02-portfolio-e-contratos-efetivos,R3-CAT-02,Política efetiva e representação por cliente,mesmo serviço com dois perfis e SLAs,NAO_QUALIFICADO_NESTA_RODADA,sem execução/evidência vinculada nesta rodada,openspec/changes/r3-02-portfolio-e-contratos-efetivos/specs/02-portfolio-e-contratos-efetivos/spec.md,26,363db7fd0613b909c75beaeb9eb7dfe1e3cb52c8f4ecbbbbb697241e381dde9b
r3-02-portfolio-e-contratos-efetivos:R3-CAT-02-S02,R3-CAT-02-S02,r3-02-portfolio-e-contratos-efetivos,R3-CAT-02,Política efetiva e representação por cliente,versão não ofertada ou override inválido,NAO_QUALIFICADO_NESTA_RODADA,sem execução/evidência vinculada nesta rodada,openspec/changes/r3-02-portfolio-e-contratos-efetivos/specs/02-portfolio-e-contratos-efetivos/spec.md,31,363db7fd0613b909c75beaeb9eb7dfe1e3cb52c8f4ecbbbbb697241e381dde9b
r3-02-portfolio-e-contratos-efetivos:R3-CAT-02-S03,R3-CAT-02-S03,r3-02-portfolio-e-contratos-efetivos,R3-CAT-02,Política efetiva e representação por cliente,nova publicação durante execução,NAO_QUALIFICADO_NESTA_RODADA,sem execução/evidência vinculada nesta rodada,openspec/changes/r3-02-portfolio-e-contratos-efetivos/specs/02-portfolio-e-contratos-efetivos/spec.md,36,363db7fd0613b909c75beaeb9eb7dfe1e3cb52c8f4ecbbbbb697241e381dde9b
r3-02-portfolio-e-contratos-efetivos:R3-CAT-03-S01,R3-CAT-03-S01,r3-02-portfolio-e-contratos-efetivos,R3-CAT-03,Agregação e composição com executor de DAG,A/B independentes e C depende de ambos,NAO_QUALIFICADO_NESTA_RODADA,sem execução/evidência vinculada nesta rodada,openspec/changes/r3-02-portfolio-e-contratos-efetivos/specs/02-portfolio-e-contratos-efetivos/spec.md,44,363db7fd0613b909c75beaeb9eb7dfe1e3cb52c8f4ecbbbbb697241e381dde9b
r3-02-portfolio-e-contratos-efetivos:R3-CAT-03-S02,R3-CAT-03-S02,r3-02-portfolio-e-contratos-efetivos,R3-CAT-03,Agregação e composição com executor de DAG,ciclo ou contrato incompatível entre etapas,NAO_QUALIFICADO_NESTA_RODADA,sem execução/evidência vinculada nesta rodada,openspec/changes/r3-02-portfolio-e-contratos-efetivos/specs/02-portfolio-e-contratos-efetivos/spec.md,49,363db7fd0613b909c75beaeb9eb7dfe1e3cb52c8f4ecbbbbb697241e381dde9b
r3-02-portfolio-e-contratos-efetivos:R3-CAT-03-S03,R3-CAT-03-S03,r3-02-portfolio-e-contratos-efetivos,R3-CAT-03,Agregação e composição com executor de DAG,queda após A e falha B,NAO_QUALIFICADO_NESTA_RODADA,sem execução/evidência vinculada nesta rodada,openspec/changes/r3-02-portfolio-e-contratos-efetivos/specs/02-portfolio-e-contratos-efetivos/spec.md,54,363db7fd0613b909c75beaeb9eb7dfe1e3cb52c8f4ecbbbbb697241e381dde9b
r3-02-portfolio-e-contratos-efetivos:R3-CAT-04-S01,R3-CAT-04-S01,r3-02-portfolio-e-contratos-efetivos,R3-CAT-04,Resolução indexada e projeção disponível,tenant com 150 ofertas,NAO_QUALIFICADO_NESTA_RODADA,sem execução/evidência vinculada nesta rodada,openspec/changes/r3-02-portfolio-e-contratos-efetivos/specs/02-portfolio-e-contratos-efetivos/spec.md,62,363db7fd0613b909c75beaeb9eb7dfe1e3cb52c8f4ecbbbbb697241e381dde9b
r3-02-portfolio-e-contratos-efetivos:R3-CAT-04-S02,R3-CAT-04-S02,r3-02-portfolio-e-contratos-efetivos,R3-CAT-04,Resolução indexada e projeção disponível,Atlas e Redis indisponíveis com projeção válida,NAO_QUALIFICADO_NESTA_RODADA,sem execução/evidência vinculada nesta rodada,openspec/changes/r3-02-portfolio-e-contratos-efetivos/specs/02-portfolio-e-contratos-efetivos/spec.md,67,363db7fd0613b909c75beaeb9eb7dfe1e3cb52c8f4ecbbbbb697241e381dde9b
r3-02-portfolio-e-contratos-efetivos:R3-CAT-04-S03,R3-CAT-04-S03,r3-02-portfolio-e-contratos-efetivos,R3-CAT-04,Resolução indexada e projeção disponível,snapshot vencido ou revogado,NAO_QUALIFICADO_NESTA_RODADA,sem execução/evidência vinculada nesta rodada,openspec/changes/r3-02-portfolio-e-contratos-efetivos/specs/02-portfolio-e-contratos-efetivos/spec.md,72,363db7fd0613b909c75beaeb9eb7dfe1e3cb52c8f4ecbbbbb697241e381dde9b
r3-03-capacidade-credenciais-e-latencia:R3-INT-01-S01,R3-INT-01-S01,r3-03-capacidade-credenciais-e-latencia,R3-INT-01,Controle adaptativo conectado a todo I/O,provedor aumenta capacidade sob demanda,NAO_QUALIFICADO_NESTA_RODADA,sem execução/evidência vinculada nesta rodada,openspec/changes/r3-03-capacidade-credenciais-e-latencia/specs/03-capacidade-credenciais-e-latencia/spec.md,8,363db7fd0613b909c75beaeb9eb7dfe1e3cb52c8f4ecbbbbb697241e381dde9b
r3-03-capacidade-credenciais-e-latencia:R3-INT-01-S02,R3-INT-01-S02,r3-03-capacidade-credenciais-e-latencia,R3-INT-01,Controle adaptativo conectado a todo I/O,provedor retorna 429/timeouts,NAO_QUALIFICADO_NESTA_RODADA,sem execução/evidência vinculada nesta rodada,openspec/changes/r3-03-capacidade-credenciais-e-latencia/specs/03-capacidade-credenciais-e-latencia/spec.md,13,363db7fd0613b909c75beaeb9eb7dfe1e3cb52c8f4ecbbbbb697241e381dde9b
r3-03-capacidade-credenciais-e-latencia:R3-INT-01-S03,R3-INT-01-S03,r3-03-capacidade-credenciais-e-latencia,R3-INT-01,Controle adaptativo conectado a todo I/O,vários pods e tenants na conta compartilhada,NAO_QUALIFICADO_NESTA_RODADA,sem execução/evidência vinculada nesta rodada,openspec/changes/r3-03-capacidade-credenciais-e-latencia/specs/03-capacidade-credenciais-e-latencia/spec.md,18,363db7fd0613b909c75beaeb9eb7dfe1e3cb52c8f4ecbbbbb697241e381dde9b
r3-03-capacidade-credenciais-e-latencia:R3-INT-02-S01,R3-INT-02-S01,r3-03-capacidade-credenciais-e-latencia,R3-INT-02,Cache de autenticação isolado e sem tokens no Redis,L1 válido e Redis/cofre temporariamente fora,NAO_QUALIFICADO_NESTA_RODADA,sem execução/evidência vinculada nesta rodada,openspec/changes/r3-03-capacidade-credenciais-e-latencia/specs/03-capacidade-credenciais-e-latencia/spec.md,26,363db7fd0613b909c75beaeb9eb7dfe1e3cb52c8f4ecbbbbb697241e381dde9b
r3-03-capacidade-credenciais-e-latencia:R3-INT-02-S02,R3-INT-02-S02,r3-03-capacidade-credenciais-e-latencia,R3-INT-02,Cache de autenticação isolado e sem tokens no Redis,token expirado/revogado e cofre indisponível,NAO_QUALIFICADO_NESTA_RODADA,sem execução/evidência vinculada nesta rodada,openspec/changes/r3-03-capacidade-credenciais-e-latencia/specs/03-capacidade-credenciais-e-latencia/spec.md,31,363db7fd0613b909c75beaeb9eb7dfe1e3cb52c8f4ecbbbbb697241e381dde9b
r3-03-capacidade-credenciais-e-latencia:R3-INT-02-S03,R3-INT-02-S03,r3-03-capacidade-credenciais-e-latencia,R3-INT-02,Cache de autenticação isolado e sem tokens no Redis,OAuth da conta A lento e B saudável,NAO_QUALIFICADO_NESTA_RODADA,sem execução/evidência vinculada nesta rodada,openspec/changes/r3-03-capacidade-credenciais-e-latencia/specs/03-capacidade-credenciais-e-latencia/spec.md,36,363db7fd0613b909c75beaeb9eb7dfe1e3cb52c8f4ecbbbbb697241e381dde9b
r3-03-capacidade-credenciais-e-latencia:R3-INT-03-S01,R3-INT-03-S01,r3-03-capacidade-credenciais-e-latencia,R3-INT-03,Pools HTTP e budgets de concorrência,milhares de chamadas à origem,NAO_QUALIFICADO_NESTA_RODADA,sem execução/evidência vinculada nesta rodada,openspec/changes/r3-03-capacidade-credenciais-e-latencia/specs/03-capacidade-credenciais-e-latencia/spec.md,44,363db7fd0613b909c75beaeb9eb7dfe1e3cb52c8f4ecbbbbb697241e381dde9b
r3-03-capacidade-credenciais-e-latencia:R3-INT-03-S02,R3-INT-03-S02,r3-03-capacidade-credenciais-e-latencia,R3-INT-03,Pools HTTP e budgets de concorrência,certificado mTLS muda de versão,NAO_QUALIFICADO_NESTA_RODADA,sem execução/evidência vinculada nesta rodada,openspec/changes/r3-03-capacidade-credenciais-e-latencia/specs/03-capacidade-credenciais-e-latencia/spec.md,49,363db7fd0613b909c75beaeb9eb7dfe1e3cb52c8f4ecbbbbb697241e381dde9b
r3-03-capacidade-credenciais-e-latencia:R3-INT-03-S03,R3-INT-03-S03,r3-03-capacidade-credenciais-e-latencia,R3-INT-03,Pools HTTP e budgets de concorrência,provedor A lento e B saudável,NAO_QUALIFICADO_NESTA_RODADA,sem execução/evidência vinculada nesta rodada,openspec/changes/r3-03-capacidade-credenciais-e-latencia/specs/03-capacidade-credenciais-e-latencia/spec.md,54,363db7fd0613b909c75beaeb9eb7dfe1e3cb52c8f4ecbbbbb697241e381dde9b
r3-04-console-e-autorizacao:R3-ADM-01-S01,R3-ADM-01-S01,r3-04-console-e-autorizacao,R3-ADM-01,Fronteira administrativa e aplicação,operador nominal global com MFA,NAO_QUALIFICADO_NESTA_RODADA,sem execução/evidência vinculada nesta rodada,openspec/changes/r3-04-console-e-autorizacao/specs/04-console-e-autorizacao/spec.md,8,363db7fd0613b909c75beaeb9eb7dfe1e3cb52c8f4ecbbbbb697241e381dde9b
r3-04-console-e-autorizacao:R3-ADM-01-S02,R3-ADM-01-S02,r3-04-console-e-autorizacao,R3-ADM-01,Fronteira administrativa e aplicação,token consumidor aplicação A,NAO_QUALIFICADO_NESTA_RODADA,sem execução/evidência vinculada nesta rodada,openspec/changes/r3-04-console-e-autorizacao/specs/04-console-e-autorizacao/spec.md,13,363db7fd0613b909c75beaeb9eb7dfe1e3cb52c8f4ecbbbbb697241e381dde9b
r3-04-console-e-autorizacao:R3-ADM-01-S03,R3-ADM-01-S03,r3-04-console-e-autorizacao,R3-ADM-01,Fronteira administrativa e aplicação,papel revogado durante paginação,NAO_QUALIFICADO_NESTA_RODADA,sem execução/evidência vinculada nesta rodada,openspec/changes/r3-04-console-e-autorizacao/specs/04-console-e-autorizacao/spec.md,18,363db7fd0613b909c75beaeb9eb7dfe1e3cb52c8f4ecbbbbb697241e381dde9b
r3-04-console-e-autorizacao:R3-ADM-02-S01,R3-ADM-02-S01,r3-04-console-e-autorizacao,R3-ADM-02,Ações operacionais com API efetiva,duas entregas do mesmo protocolo,NAO_QUALIFICADO_NESTA_RODADA,sem execução/evidência vinculada nesta rodada,openspec/changes/r3-04-console-e-autorizacao/specs/04-console-e-autorizacao/spec.md,26,363db7fd0613b909c75beaeb9eb7dfe1e3cb52c8f4ecbbbbb697241e381dde9b
r3-04-console-e-autorizacao:R3-ADM-02-S02,R3-ADM-02-S02,r3-04-console-e-autorizacao,R3-ADM-02,Ações operacionais com API efetiva,API retorna 401/403/409/503 ou JSON inválido,NAO_QUALIFICADO_NESTA_RODADA,sem execução/evidência vinculada nesta rodada,openspec/changes/r3-04-console-e-autorizacao/specs/04-console-e-autorizacao/spec.md,31,363db7fd0613b909c75beaeb9eb7dfe1e3cb52c8f4ecbbbbb697241e381dde9b
r3-04-console-e-autorizacao:R3-ADM-02-S03,R3-ADM-02-S03,r3-04-console-e-autorizacao,R3-ADM-02,Ações operacionais com API efetiva,operador reconcilia e consulta SLA,NAO_QUALIFICADO_NESTA_RODADA,sem execução/evidência vinculada nesta rodada,openspec/changes/r3-04-console-e-autorizacao/specs/04-console-e-autorizacao/spec.md,36,363db7fd0613b909c75beaeb9eb7dfe1e3cb52c8f4ecbbbbb697241e381dde9b
r3-04-console-e-autorizacao:R3-ADM-03-S01,R3-ADM-03-S01,r3-04-console-e-autorizacao,R3-ADM-03,Comandos financeiros compatíveis,operador autorizado seleciona tenant B,NAO_QUALIFICADO_NESTA_RODADA,sem execução/evidência vinculada nesta rodada,openspec/changes/r3-04-console-e-autorizacao/specs/04-console-e-autorizacao/spec.md,44,363db7fd0613b909c75beaeb9eb7dfe1e3cb52c8f4ecbbbbb697241e381dde9b
r3-04-console-e-autorizacao:R3-ADM-03-S02,R3-ADM-03-S02,r3-04-console-e-autorizacao,R3-ADM-03,Comandos financeiros compatíveis,resposta se perde após commit,NAO_QUALIFICADO_NESTA_RODADA,sem execução/evidência vinculada nesta rodada,openspec/changes/r3-04-console-e-autorizacao/specs/04-console-e-autorizacao/spec.md,49,363db7fd0613b909c75beaeb9eb7dfe1e3cb52c8f4ecbbbbb697241e381dde9b
r3-04-console-e-autorizacao:R3-ADM-03-S03,R3-ADM-03-S03,r3-04-console-e-autorizacao,R3-ADM-03,Comandos financeiros compatíveis,autor tenta autoaprovação ou altera tenant,NAO_QUALIFICADO_NESTA_RODADA,sem execução/evidência vinculada nesta rodada,openspec/changes/r3-04-console-e-autorizacao/specs/04-console-e-autorizacao/spec.md,54,363db7fd0613b909c75beaeb9eb7dfe1e3cb52c8f4ecbbbbb697241e381dde9b
r3-04-console-e-autorizacao:R3-ADM-04-S01,R3-ADM-04-S01,r3-04-console-e-autorizacao,R3-ADM-04,Formulários completos e tempo local,oferta SYNC+ASYNC+AUTO e contas OAuth/API Key/mTLS,NAO_QUALIFICADO_NESTA_RODADA,sem execução/evidência vinculada nesta rodada,openspec/changes/r3-04-console-e-autorizacao/specs/04-console-e-autorizacao/spec.md,62,363db7fd0613b909c75beaeb9eb7dfe1e3cb52c8f4ecbbbbb697241e381dde9b
r3-04-console-e-autorizacao:R3-ADM-04-S02,R3-ADM-04-S02,r3-04-console-e-autorizacao,R3-ADM-04,Formulários completos e tempo local,UTC aberto em America/Sao_Paulo e referência além da centena,NAO_QUALIFICADO_NESTA_RODADA,sem execução/evidência vinculada nesta rodada,openspec/changes/r3-04-console-e-autorizacao/specs/04-console-e-autorizacao/spec.md,67,363db7fd0613b909c75beaeb9eb7dfe1e3cb52c8f4ecbbbbb697241e381dde9b
r3-04-console-e-autorizacao:R3-ADM-04-S03,R3-ADM-04-S03,r3-04-console-e-autorizacao,R3-ADM-04,Formulários completos e tempo local,JSON inválido em 200 ou erro de campo,NAO_QUALIFICADO_NESTA_RODADA,sem execução/evidência vinculada nesta rodada,openspec/changes/r3-04-console-e-autorizacao/specs/04-console-e-autorizacao/spec.md,72,363db7fd0613b909c75beaeb9eb7dfe1e3cb52c8f4ecbbbbb697241e381dde9b
r3-05-financeiro-e-entregas:R3-FIN-01-S01,R3-FIN-01-S01,r3-05-financeiro-e-entregas,R3-FIN-01,Reserva estrita e franquia antes do efeito,tarifa efetiva 2 e reserva inicial 1,NAO_QUALIFICADO_NESTA_RODADA,sem execução/evidência vinculada nesta rodada,openspec/changes/r3-05-financeiro-e-entregas/specs/05-financeiro-e-entregas/spec.md,8,363db7fd0613b909c75beaeb9eb7dfe1e3cb52c8f4ecbbbbb697241e381dde9b
r3-05-financeiro-e-entregas:R3-FIN-01-S02,R3-FIN-01-S02,r3-05-financeiro-e-entregas,R3-FIN-01,Reserva estrita e franquia antes do efeito,franquia DENY esgotada e admissões concorrentes,NAO_QUALIFICADO_NESTA_RODADA,sem execução/evidência vinculada nesta rodada,openspec/changes/r3-05-financeiro-e-entregas/specs/05-financeiro-e-entregas/spec.md,13,363db7fd0613b909c75beaeb9eb7dfe1e3cb52c8f4ecbbbbb697241e381dde9b
r3-05-financeiro-e-entregas:R3-FIN-01-S03,R3-FIN-01-S03,r3-05-financeiro-e-entregas,R3-FIN-01,Reserva estrita e franquia antes do efeito,UNKNOWN seguido de prova de execução/ausência,NAO_QUALIFICADO_NESTA_RODADA,sem execução/evidência vinculada nesta rodada,openspec/changes/r3-05-financeiro-e-entregas/specs/05-financeiro-e-entregas/spec.md,18,363db7fd0613b909c75beaeb9eb7dfe1e3cb52c8f4ecbbbbb697241e381dde9b
r3-05-financeiro-e-entregas:R3-FIN-02-S01,R3-FIN-02-S01,r3-05-financeiro-e-entregas,R3-FIN-02,Incidência completa e fechamento operacional,contrato cobra cada STATUS e receita só no sucesso,NAO_QUALIFICADO_NESTA_RODADA,sem execução/evidência vinculada nesta rodada,openspec/changes/r3-05-financeiro-e-entregas/specs/05-financeiro-e-entregas/spec.md,26,363db7fd0613b909c75beaeb9eb7dfe1e3cb52c8f4ecbbbbb697241e381dde9b
r3-05-financeiro-e-entregas:R3-FIN-02-S02,R3-FIN-02-S02,r3-05-financeiro-e-entregas,R3-FIN-02,Incidência completa e fechamento operacional,fato faltante ou disputa aberta,NAO_QUALIFICADO_NESTA_RODADA,sem execução/evidência vinculada nesta rodada,openspec/changes/r3-05-financeiro-e-entregas/specs/05-financeiro-e-entregas/spec.md,31,363db7fd0613b909c75beaeb9eb7dfe1e3cb52c8f4ecbbbbb697241e381dde9b
r3-05-financeiro-e-entregas:R3-FIN-02-S03,R3-FIN-02-S03,r3-05-financeiro-e-entregas,R3-FIN-02,Incidência completa e fechamento operacional,duplicata ou fato após período fechado,NAO_QUALIFICADO_NESTA_RODADA,sem execução/evidência vinculada nesta rodada,openspec/changes/r3-05-financeiro-e-entregas/specs/05-financeiro-e-entregas/spec.md,36,363db7fd0613b909c75beaeb9eb7dfe1e3cb52c8f4ecbbbbb697241e381dde9b
r3-05-financeiro-e-entregas:R3-FIN-03-S01,R3-FIN-03-S01,r3-05-financeiro-e-entregas,R3-FIN-03,Destino de webhook congelado por aplicação,destino v1 no aceite e v2 antes do final,NAO_QUALIFICADO_NESTA_RODADA,sem execução/evidência vinculada nesta rodada,openspec/changes/r3-05-financeiro-e-entregas/specs/05-financeiro-e-entregas/spec.md,44,363db7fd0613b909c75beaeb9eb7dfe1e3cb52c8f4ecbbbbb697241e381dde9b
r3-05-financeiro-e-entregas:R3-FIN-03-S02,R3-FIN-03-S02,r3-05-financeiro-e-entregas,R3-FIN-03,Destino de webhook congelado por aplicação,aplicações A/B do mesmo tenant com destinos diferentes,NAO_QUALIFICADO_NESTA_RODADA,sem execução/evidência vinculada nesta rodada,openspec/changes/r3-05-financeiro-e-entregas/specs/05-financeiro-e-entregas/spec.md,49,363db7fd0613b909c75beaeb9eb7dfe1e3cb52c8f4ecbbbbb697241e381dde9b
r3-05-financeiro-e-entregas:R3-FIN-03-S03,R3-FIN-03-S03,r3-05-financeiro-e-entregas,R3-FIN-03,Destino de webhook congelado por aplicação,queda após envio e redelivery manual,NAO_QUALIFICADO_NESTA_RODADA,sem execução/evidência vinculada nesta rodada,openspec/changes/r3-05-financeiro-e-entregas/specs/05-financeiro-e-entregas/spec.md,54,363db7fd0613b909c75beaeb9eb7dfe1e3cb52c8f4ecbbbbb697241e381dde9b
r3-06-dados-plataforma-e-continuidade:R3-OPE-01-S01,R3-OPE-01-S01,r3-06-dados-plataforma-e-continuidade,R3-OPE-01,Objetos conectados ao fluxo e retenção,entrada/saída volumosas,NAO_QUALIFICADO_NESTA_RODADA,sem execução/evidência vinculada nesta rodada,openspec/changes/r3-06-dados-plataforma-e-continuidade/specs/06-dados-plataforma-e-continuidade/spec.md,8,363db7fd0613b909c75beaeb9eb7dfe1e3cb52c8f4ecbbbbb697241e381dde9b
r3-06-dados-plataforma-e-continuidade:R3-OPE-01-S02,R3-OPE-01-S02,r3-06-dados-plataforma-e-continuidade,R3-OPE-01,Objetos conectados ao fluxo e retenção,falha entre upload e final ou limpeza concorrente,NAO_QUALIFICADO_NESTA_RODADA,sem execução/evidência vinculada nesta rodada,openspec/changes/r3-06-dados-plataforma-e-continuidade/specs/06-dados-plataforma-e-continuidade/spec.md,13,363db7fd0613b909c75beaeb9eb7dfe1e3cb52c8f4ecbbbbb697241e381dde9b
r3-06-dados-plataforma-e-continuidade:R3-OPE-01-S03,R3-OPE-01-S03,r3-06-dados-plataforma-e-continuidade,R3-OPE-01,Objetos conectados ao fluxo e retenção,outro tenant usa FileRef ou retenção vence com disputa,NAO_QUALIFICADO_NESTA_RODADA,sem execução/evidência vinculada nesta rodada,openspec/changes/r3-06-dados-plataforma-e-continuidade/specs/06-dados-plataforma-e-continuidade/spec.md,18,363db7fd0613b909c75beaeb9eb7dfe1e3cb52c8f4ecbbbbb697241e381dde9b
r3-06-dados-plataforma-e-continuidade:R3-OPE-02-S01,R3-OPE-02-S01,r3-06-dados-plataforma-e-continuidade,R3-OPE-02,Kind completo e ambientes reprodutíveis,máquina limpa com pré-requisitos,NAO_QUALIFICADO_NESTA_RODADA,sem execução/evidência vinculada nesta rodada,openspec/changes/r3-06-dados-plataforma-e-continuidade/specs/06-dados-plataforma-e-continuidade/spec.md,26,363db7fd0613b909c75beaeb9eb7dfe1e3cb52c8f4ecbbbbb697241e381dde9b
r3-06-dados-plataforma-e-continuidade:R3-OPE-02-S02,R3-OPE-02-S02,r3-06-dados-plataforma-e-continuidade,R3-OPE-02,Kind completo e ambientes reprodutíveis,recriação de containers/nós,PARCIAL_INTEGRADO,"kind-continuity-latest.log — Kind independente manteve 3 nós, cinco workloads e dependências cluster-owned, recuperando Cometa/Pulsar em 4.486/4.494 ms; recriação completa de nó/máquina limpa permanece pendente",openspec/changes/r3-06-dados-plataforma-e-continuidade/specs/06-dados-plataforma-e-continuidade/spec.md,31,363db7fd0613b909c75beaeb9eb7dfe1e3cb52c8f4ecbbbbb697241e381dde9b
r3-06-dados-plataforma-e-continuidade:R3-OPE-02-S03,R3-OPE-02-S03,r3-06-dados-plataforma-e-continuidade,R3-OPE-02,Kind completo e ambientes reprodutíveis,overlays dev/hom/ppd/prd,PASS_ESTRUTURAL,"kustomize-overlay-latest.log — cinco overlays renderizados com 20 recursos, cinco imagens fixadas ai-hub-r2-<serviço>:r2, namespaces determinísticos e modo local ausente em prd",openspec/changes/r3-06-dados-plataforma-e-continuidade/specs/06-dados-plataforma-e-continuidade/spec.md,36,363db7fd0613b909c75beaeb9eb7dfe1e3cb52c8f4ecbbbbb697241e381dde9b
r3-06-dados-plataforma-e-continuidade:R3-OPE-03-S01,R3-OPE-03-S01,r3-06-dados-plataforma-e-continuidade,R3-OPE-03,Escala e continuidade com envelope,crescimento dentro do envelope,NAO_QUALIFICADO_NESTA_RODADA,sem execução/evidência vinculada nesta rodada,openspec/changes/r3-06-dados-plataforma-e-continuidade/specs/06-dados-plataforma-e-continuidade/spec.md,44,363db7fd0613b909c75beaeb9eb7dfe1e3cb52c8f4ecbbbbb697241e381dde9b
r3-06-dados-plataforma-e-continuidade:R3-OPE-03-S02,R3-OPE-03-S02,r3-06-dados-plataforma-e-continuidade,R3-OPE-03,Escala e continuidade com envelope,rollout ou perda de zona,NAO_QUALIFICADO_NESTA_RODADA,sem execução/evidência vinculada nesta rodada,openspec/changes/r3-06-dados-plataforma-e-continuidade/specs/06-dados-plataforma-e-continuidade/spec.md,49,363db7fd0613b909c75beaeb9eb7dfe1e3cb52c8f4ecbbbbb697241e381dde9b
r3-06-dados-plataforma-e-continuidade:R3-OPE-03-S03,R3-OPE-03-S03,r3-06-dados-plataforma-e-continuidade,R3-OPE-03,Escala e continuidade com envelope,quota esgotada ou autoridade indisponível,NAO_QUALIFICADO_NESTA_RODADA,sem execução/evidência vinculada nesta rodada,openspec/changes/r3-06-dados-plataforma-e-continuidade/specs/06-dados-plataforma-e-continuidade/spec.md,54,363db7fd0613b909c75beaeb9eb7dfe1e3cb52c8f4ecbbbbb697241e381dde9b
r3-06-dados-plataforma-e-continuidade:R3-OPE-04-S01,R3-OPE-04-S01,r3-06-dados-plataforma-e-continuidade,R3-OPE-04,"Autoridade durável, isolamento e restore",papel runtime sem ownership e pool reutilizado,NAO_QUALIFICADO_NESTA_RODADA,sem execução/evidência vinculada nesta rodada,openspec/changes/r3-06-dados-plataforma-e-continuidade/specs/06-dados-plataforma-e-continuidade/spec.md,62,363db7fd0613b909c75beaeb9eb7dfe1e3cb52c8f4ecbbbbb697241e381dde9b
r3-06-dados-plataforma-e-continuidade:R3-OPE-04-S02,R3-OPE-04-S02,r3-06-dados-plataforma-e-continuidade,R3-OPE-04,"Autoridade durável, isolamento e restore",Redis fora e manutenção de réplica PostgreSQL,NAO_QUALIFICADO_NESTA_RODADA,sem execução/evidência vinculada nesta rodada,openspec/changes/r3-06-dados-plataforma-e-continuidade/specs/06-dados-plataforma-e-continuidade/spec.md,67,363db7fd0613b909c75beaeb9eb7dfe1e3cb52c8f4ecbbbbb697241e381dde9b
r3-06-dados-plataforma-e-continuidade:R3-OPE-04-S03,R3-OPE-04-S03,r3-06-dados-plataforma-e-continuidade,R3-OPE-04,"Autoridade durável, isolamento e restore",restore anterior a efeitos já realizados,NAO_QUALIFICADO_NESTA_RODADA,sem execução/evidência vinculada nesta rodada,openspec/changes/r3-06-dados-plataforma-e-continuidade/specs/06-dados-plataforma-e-continuidade/spec.md,72,363db7fd0613b909c75beaeb9eb7dfe1e3cb52c8f4ecbbbbb697241e381dde9b
r3-06-dados-plataforma-e-continuidade:R3-OPE-05-S01,R3-OPE-05-S01,r3-06-dados-plataforma-e-continuidade,R3-OPE-05,SLA bilateral e telemetria verificável,um resultado tempestivo e outro tardio,NAO_QUALIFICADO_NESTA_RODADA,sem execução/evidência vinculada nesta rodada,openspec/changes/r3-06-dados-plataforma-e-continuidade/specs/06-dados-plataforma-e-continuidade/spec.md,80,363db7fd0613b909c75beaeb9eb7dfe1e3cb52c8f4ecbbbbb697241e381dde9b
r3-06-dados-plataforma-e-continuidade:R3-OPE-05-S02,R3-OPE-05-S02,r3-06-dados-plataforma-e-continuidade,R3-OPE-05,SLA bilateral e telemetria verificável,obrigação parada e provedor degradado,NAO_QUALIFICADO_NESTA_RODADA,sem execução/evidência vinculada nesta rodada,openspec/changes/r3-06-dados-plataforma-e-continuidade/specs/06-dados-plataforma-e-continuidade/spec.md,85,363db7fd0613b909c75beaeb9eb7dfe1e3cb52c8f4ecbbbbb697241e381dde9b
r3-06-dados-plataforma-e-continuidade:R3-OPE-05-S03,R3-OPE-05-S03,r3-06-dados-plataforma-e-continuidade,R3-OPE-05,SLA bilateral e telemetria verificável,payload secreto e muitos protocolos,NAO_QUALIFICADO_NESTA_RODADA,sem execução/evidência vinculada nesta rodada,openspec/changes/r3-06-dados-plataforma-e-continuidade/specs/06-dados-plataforma-e-continuidade/spec.md,90,363db7fd0613b909c75beaeb9eb7dfe1e3cb52c8f4ecbbbbb697241e381dde9b
r3-07-qualificacao-integral:R3-QUA-01-S01,R3-QUA-01-S01,r3-07-qualificacao-integral,R3-QUA-01,Qualificação integral do SHA sem skips ocultos,checkout limpo e imagens do SHA,NAO_QUALIFICADO_NESTA_RODADA,sem execução/evidência vinculada nesta rodada,openspec/changes/r3-07-qualificacao-integral/specs/07-qualificacao-integral/spec.md,8,363db7fd0613b909c75beaeb9eb7dfe1e3cb52c8f4ecbbbbb697241e381dde9b
r3-07-qualificacao-integral:R3-QUA-01-S02,R3-QUA-01-S02,r3-07-qualificacao-integral,R3-QUA-01,Qualificação integral do SHA sem skips ocultos,dependência de fixture ausente,NAO_QUALIFICADO_NESTA_RODADA,sem execução/evidência vinculada nesta rodada,openspec/changes/r3-07-qualificacao-integral/specs/07-qualificacao-integral/spec.md,13,363db7fd0613b909c75beaeb9eb7dfe1e3cb52c8f4ecbbbbb697241e381dde9b
r3-07-qualificacao-integral:R3-QUA-01-S03,R3-QUA-01-S03,r3-07-qualificacao-integral,R3-QUA-01,Qualificação integral do SHA sem skips ocultos,um achado corrigido e baseline pendente,NAO_QUALIFICADO_NESTA_RODADA,sem execução/evidência vinculada nesta rodada,openspec/changes/r3-07-qualificacao-integral/specs/07-qualificacao-integral/spec.md,18,363db7fd0613b909c75beaeb9eb7dfe1e3cb52c8f4ecbbbbb697241e381dde9b
r4-01-callbacks-autenticados-e-recuperaveis:R4-CBK-01-S01,R4-CBK-01-S01,r4-01-callbacks-autenticados-e-recuperaveis,R4-CBK-01,Rota de callback compatível com a autenticação do provedor,provedor homologado com credencial própria e callback conhecido,PASS_ESTRUTURAL,rota pública /callbacks separada do JWT,openspec/changes/r4-01-callbacks-autenticados-e-recuperaveis/specs/r4-01-callbacks-autenticados-e-recuperaveis/spec.md,8,363db7fd0613b909c75beaeb9eb7dfe1e3cb52c8f4ecbbbbb697241e381dde9b
r4-01-callbacks-autenticados-e-recuperaveis:R4-CBK-01-S02,R4-CBK-01-S02,r4-01-callbacks-autenticados-e-recuperaveis,R4-CBK-01,Rota de callback compatível com a autenticação do provedor,token ausente/inválido ou identidade de outra conta,PASS_INTEGRADO_LOCAL,provider-sim em Compose concluiu callback e o efeito foi observado,openspec/changes/r4-01-callbacks-autenticados-e-recuperaveis/specs/r4-01-callbacks-autenticados-e-recuperaveis/spec.md,13,363db7fd0613b909c75beaeb9eb7dfe1e3cb52c8f4ecbbbbb697241e381dde9b
r4-01-callbacks-autenticados-e-recuperaveis:R4-CBK-01-S03,R4-CBK-01-S03,r4-01-callbacks-autenticados-e-recuperaveis,R4-CBK-01,Rota de callback compatível com a autenticação do provedor,rotação de segredo e observação repetida,PASS_UNITARIO,chave de ingresso constante e capability por operação,openspec/changes/r4-01-callbacks-autenticados-e-recuperaveis/specs/r4-01-callbacks-autenticados-e-recuperaveis/spec.md,18,363db7fd0613b909c75beaeb9eb7dfe1e3cb52c8f4ecbbbbb697241e381dde9b
r4-01-callbacks-autenticados-e-recuperaveis:R4-CBK-02-S01,R4-CBK-02-S01,r4-01-callbacks-autenticados-e-recuperaveis,R4-CBK-02,Admissão e deduplicação segura da inbox órfã,callback autenticado anterior à correlação,PASS_INTEGRADO_LOCAL,inbox PostgreSQL foi exercitada pela carga e terminou sem RECEIVED pendente,openspec/changes/r4-01-callbacks-autenticados-e-recuperaveis/specs/r4-01-callbacks-autenticados-e-recuperaveis/spec.md,26,363db7fd0613b909c75beaeb9eb7dfe1e3cb52c8f4ecbbbbb697241e381dde9b
r4-01-callbacks-autenticados-e-recuperaveis:R4-CBK-02-S02,R4-CBK-02-S02,r4-01-callbacks-autenticados-e-recuperaveis,R4-CBK-02,Admissão e deduplicação segura da inbox órfã,tentativa de token incorreto seguida de correto para mesmo ID/body,IMPLEMENTADO_UNITARIO,"inbox deduplica por operation/body/capability, rejeita payload vazio ou acima de 512 KiB e mantém quota global de RECEIVED",openspec/changes/r4-01-callbacks-autenticados-e-recuperaveis/specs/r4-01-callbacks-autenticados-e-recuperaveis/spec.md,31,363db7fd0613b909c75beaeb9eb7dfe1e3cb52c8f4ecbbbbb697241e381dde9b
r4-01-callbacks-autenticados-e-recuperaveis:R4-CBK-02-S03,R4-CBK-02-S03,r4-01-callbacks-autenticados-e-recuperaveis,R4-CBK-02,Admissão e deduplicação segura da inbox órfã,origem excede quota ou tenta outro tenant,IMPLEMENTADO_UNITARIO,capability hashes distintos para o mesmo body não colidem,openspec/changes/r4-01-callbacks-autenticados-e-recuperaveis/specs/r4-01-callbacks-autenticados-e-recuperaveis/spec.md,36,363db7fd0613b909c75beaeb9eb7dfe1e3cb52c8f4ecbbbbb697241e381dde9b
r4-01-callbacks-autenticados-e-recuperaveis:R4-CBK-03-S01,R4-CBK-03-S01,r4-01-callbacks-autenticados-e-recuperaveis,R4-CBK-03,Recuperador autônomo limitado e independente do HTTP,órfão admitido e correlação criada sem novo callback,PASS_INTEGRADO_LOCAL,worker autônomo processou callback no Compose com autoridade PostgreSQL,openspec/changes/r4-01-callbacks-autenticados-e-recuperaveis/specs/r4-01-callbacks-autenticados-e-recuperaveis/spec.md,44,363db7fd0613b909c75beaeb9eb7dfe1e3cb52c8f4ecbbbbb697241e381dde9b
r4-01-callbacks-autenticados-e-recuperaveis:R4-CBK-03-S02,R4-CBK-03-S02,r4-01-callbacks-autenticados-e-recuperaveis,R4-CBK-03,Recuperador autônomo limitado e independente do HTTP,item defeituoso antecede recibo válido de outro tenant,PASS_INTEGRADO_LOCAL,claim/lease/epoch e recuperação foram exercitados no fluxo integrado,openspec/changes/r4-01-callbacks-autenticados-e-recuperaveis/specs/r4-01-callbacks-autenticados-e-recuperaveis/spec.md,49,363db7fd0613b909c75beaeb9eb7dfe1e3cb52c8f4ecbbbbb697241e381dde9b
r4-01-callbacks-autenticados-e-recuperaveis:R4-CBK-03-S03,R4-CBK-03-S03,r4-01-callbacks-autenticados-e-recuperaveis,R4-CBK-03,Recuperador autônomo limitado e independente do HTTP,dois workers e pool SQL pequeno com perda de lease,IMPLEMENTADO_UNITARIO,"poison item isolado após três tentativas, ensaio de justiça pendente",openspec/changes/r4-01-callbacks-autenticados-e-recuperaveis/specs/r4-01-callbacks-autenticados-e-recuperaveis/spec.md,54,363db7fd0613b909c75beaeb9eb7dfe1e3cb52c8f4ecbbbbb697241e381dde9b
r4-01-callbacks-autenticados-e-recuperaveis:R4-CBK-04-S01,R4-CBK-04-S01,r4-01-callbacks-autenticados-e-recuperaveis,R4-CBK-04,"Uma validação de resultado para SUBMIT, polling e callback","mesmo resultado recebido por SYNC, poll e callback",PASS_INTEGRADO_LOCAL,callback válido concluiu com validação compartilhada de snapshot e resultado,openspec/changes/r4-01-callbacks-autenticados-e-recuperaveis/specs/r4-01-callbacks-autenticados-e-recuperaveis/spec.md,62,363db7fd0613b909c75beaeb9eb7dfe1e3cb52c8f4ecbbbbb697241e381dde9b
r4-01-callbacks-autenticados-e-recuperaveis:R4-CBK-04-S02,R4-CBK-04-S02,r4-01-callbacks-autenticados-e-recuperaveis,R4-CBK-04,"Uma validação de resultado para SUBMIT, polling e callback",callback com ID de provedor divergente ou schema inválido,PASS_INTEGRADO_LOCAL,chave de ingresso e capability inválidas retornaram 401 sem alterar a operação,openspec/changes/r4-01-callbacks-autenticados-e-recuperaveis/specs/r4-01-callbacks-autenticados-e-recuperaveis/spec.md,67,363db7fd0613b909c75beaeb9eb7dfe1e3cb52c8f4ecbbbbb697241e381dde9b
r4-01-callbacks-autenticados-e-recuperaveis:R4-CBK-04-S03,R4-CBK-04-S03,r4-01-callbacks-autenticados-e-recuperaveis,R4-CBK-04,"Uma validação de resultado para SUBMIT, polling e callback",resultado válido depois do final do cliente,PASS_INTEGRADO_LOCAL,resultado estrito do provider-sim foi preservado no protocolo final,openspec/changes/r4-01-callbacks-autenticados-e-recuperaveis/specs/r4-01-callbacks-autenticados-e-recuperaveis/spec.md,72,363db7fd0613b909c75beaeb9eb7dfe1e3cb52c8f4ecbbbbb697241e381dde9b
r4-02-contratos-json-estritos:R4-CTR-01-S01,R4-CTR-01-S01,r4-02-contratos-json-estritos,R4-CTR-01,Documento JSON único e tipos sem coerção,objeto com inteiro 9007199254740993 e string legítima,PASS,go test atlas — null não vira string,openspec/changes/r4-02-contratos-json-estritos/specs/r4-02-contratos-json-estritos/spec.md,8,363db7fd0613b909c75beaeb9eb7dfe1e3cb52c8f4ecbbbbb697241e381dde9b
r4-02-contratos-json-estritos:R4-CTR-01-S02,R4-CTR-01-S02,r4-02-contratos-json-estritos,R4-CTR-01,Documento JSON único e tipos sem coerção,"null para string ou ""123"" para integer",PASS,go test atlas — string não vira integer,openspec/changes/r4-02-contratos-json-estritos/specs/r4-02-contratos-json-estritos/spec.md,13,363db7fd0613b909c75beaeb9eb7dfe1e3cb52c8f4ecbbbbb697241e381dde9b
r4-02-contratos-json-estritos:R4-CTR-01-S03,R4-CTR-01-S03,r4-02-contratos-json-estritos,R4-CTR-01,Documento JSON único e tipos sem coerção,segundo documento ou lixo após objeto válido,PASS,go test atlas — EOF estrito,openspec/changes/r4-02-contratos-json-estritos/specs/r4-02-contratos-json-estritos/spec.md,18,363db7fd0613b909c75beaeb9eb7dfe1e3cb52c8f4ecbbbbb697241e381dde9b
r4-02-contratos-json-estritos:R4-CTR-02-S01,R4-CTR-02-S01,r4-02-contratos-json-estritos,R4-CTR-02,Dialeto de schema publicado e semântica numérica,minimum/maximum/enum suportados ou explicitamente não suportados,PASS,"go test -race atlas — minimum/maximum, enum e keyword desconhecida aplicados ou recusados integralmente",openspec/changes/r4-02-contratos-json-estritos/specs/r4-02-contratos-json-estritos/spec.md,26,363db7fd0613b909c75beaeb9eb7dfe1e3cb52c8f4ecbbbbb697241e381dde9b
r4-02-contratos-json-estritos:R4-CTR-02-S02,R4-CTR-02-S02,r4-02-contratos-json-estritos,R4-CTR-02,Dialeto de schema publicado e semântica numérica,"valores 1, 1.0 e 1e0 no dialeto JSON Schema escolhido",PASS,"go test -race atlas — igualdade matemática exata para 1, 1.0 e 1e0, sem conversão float64",openspec/changes/r4-02-contratos-json-estritos/specs/r4-02-contratos-json-estritos/spec.md,31,363db7fd0613b909c75beaeb9eb7dfe1e3cb52c8f4ecbbbbb697241e381dde9b
r4-02-contratos-json-estritos:R4-CTR-02-S03,R4-CTR-02-S03,r4-02-contratos-json-estritos,R4-CTR-02,Dialeto de schema publicado e semântica numérica,keyword desconhecida aninhada ou schema excessivamente profundo,PASS,go test -race atlas — keyword aninhada e schema acima do limite de profundidade recusados antes da publicação/runtime,openspec/changes/r4-02-contratos-json-estritos/specs/r4-02-contratos-json-estritos/spec.md,36,363db7fd0613b909c75beaeb9eb7dfe1e3cb52c8f4ecbbbbb697241e381dde9b
r4-03-upgrade-cache-e-crescimento:R4-OPE-01-S01,R4-OPE-01-S01,r4-03-upgrade-cache-e-crescimento,R4-OPE-01,L1 utilizável na falha de cofre e coordenação limitada,token válido e versão ainda autorizada em L1 com cofre fora,PASS_INTEGRADO,LocalStack secret fixture e teste de cofre versionado,openspec/changes/r4-03-upgrade-cache-e-crescimento/specs/r4-03-upgrade-cache-e-crescimento/spec.md,8,363db7fd0613b909c75beaeb9eb7dfe1e3cb52c8f4ecbbbbb697241e381dde9b
r4-03-upgrade-cache-e-crescimento:R4-OPE-01-S02,R4-OPE-01-S02,r4-03-upgrade-cache-e-crescimento,R4-OPE-01,L1 utilizável na falha de cofre e coordenação limitada,token vencido/revogado ou binding distinto,PASS_UNITARIO,"cache por binding, revogação exata e expiração local cobertos por go test -race",openspec/changes/r4-03-upgrade-cache-e-crescimento/specs/r4-03-upgrade-cache-e-crescimento/spec.md,13,363db7fd0613b909c75beaeb9eb7dfe1e3cb52c8f4ecbbbbb697241e381dde9b
r4-03-upgrade-cache-e-crescimento:R4-OPE-01-S03,R4-OPE-01-S03,r4-03-upgrade-cache-e-crescimento,R4-OPE-01,L1 utilizável na falha de cofre e coordenação limitada,muitas rotações e chamadas canceladas aguardando refresh,PASS_UNITARIO,"coordenação por chave e limite de 1024 locks rastreados cobertos por go test -race, carga prolongada permanece pendente",openspec/changes/r4-03-upgrade-cache-e-crescimento/specs/r4-03-upgrade-cache-e-crescimento/spec.md,18,363db7fd0613b909c75beaeb9eb7dfe1e3cb52c8f4ecbbbbb697241e381dde9b
r4-03-upgrade-cache-e-crescimento:R4-OPE-02-S01,R4-OPE-02-S01,r4-03-upgrade-cache-e-crescimento,R4-OPE-02,Upgrade com migração histórica imutável,banco R2 com checksum histórico e dados,PASS_INTEGRADO,bootstrap Compose reconciliou variante persistida e preservou ledger,openspec/changes/r4-03-upgrade-cache-e-crescimento/specs/r4-03-upgrade-cache-e-crescimento/spec.md,26,363db7fd0613b909c75beaeb9eb7dfe1e3cb52c8f4ecbbbbb697241e381dde9b
r4-03-upgrade-cache-e-crescimento:R4-OPE-02-S02,R4-OPE-02-S02,r4-03-upgrade-cache-e-crescimento,R4-OPE-02,Upgrade com migração histórica imutável,banco limpo e banco criado com variante R3 conhecida,PASS_INTEGRADO,"instalação/upgrade do projeto Compose concluídos, variante conhecida verificada",openspec/changes/r4-03-upgrade-cache-e-crescimento/specs/r4-03-upgrade-cache-e-crescimento/spec.md,31,363db7fd0613b909c75beaeb9eb7dfe1e3cb52c8f4ecbbbbb697241e381dde9b
r4-03-upgrade-cache-e-crescimento:R4-OPE-02-S03,R4-OPE-02-S03,r4-03-upgrade-cache-e-crescimento,R4-OPE-02,Upgrade com migração histórica imutável,checksum desconhecido/adulterado,PASS_ESTRUTURAL,runner mantém falha para hash desconhecido,openspec/changes/r4-03-upgrade-cache-e-crescimento/specs/r4-03-upgrade-cache-e-crescimento/spec.md,36,363db7fd0613b909c75beaeb9eb7dfe1e3cb52c8f4ecbbbbb697241e381dde9b
r4-03-upgrade-cache-e-crescimento:R4-OPE-03-S01,R4-OPE-03-S01,r4-03-upgrade-cache-e-crescimento,R4-OPE-03,Consulta de oferta seletiva sem materializar o portfólio,milhares de ofertas não relacionadas e uma elegível,PASS_CAMINHO,"consulta filtrada, carga publicada e EXPLAIN confirmando índice parcial quando selecionado",openspec/changes/r4-03-upgrade-cache-e-crescimento/specs/r4-03-upgrade-cache-e-crescimento/spec.md,44,363db7fd0613b909c75beaeb9eb7dfe1e3cb52c8f4ecbbbbb697241e381dde9b
r4-03-upgrade-cache-e-crescimento:R4-OPE-03-S02,R4-OPE-03-S02,r4-03-upgrade-cache-e-crescimento,R4-OPE-03,Consulta de oferta seletiva sem materializar o portfólio,duas ofertas realmente elegíveis e vigentes,PASS_CAMINHO,LIMIT 2 preserva diagnóstico de ambiguidade e carga final resolveu oferta publicada,openspec/changes/r4-03-upgrade-cache-e-crescimento/specs/r4-03-upgrade-cache-e-crescimento/spec.md,49,363db7fd0613b909c75beaeb9eb7dfe1e3cb52c8f4ecbbbbb697241e381dde9b
r4-03-upgrade-cache-e-crescimento:R4-OPE-03-S03,R4-OPE-03-S03,r4-03-upgrade-cache-e-crescimento,R4-OPE-03,Consulta de oferta seletiva sem materializar o portfólio,Atlas fora com projeção válida versus projeção vencida,PASS_INTEGRADO_LOCAL,r4-ope-03-latest.log — atlasclient reutiliza projeção válida com Atlas indisponível e recusa projeção vencida,openspec/changes/r4-03-upgrade-cache-e-crescimento/specs/r4-03-upgrade-cache-e-crescimento/spec.md,54,363db7fd0613b909c75beaeb9eb7dfe1e3cb52c8f4ecbbbbb697241e381dde9b
r4-04-conclusao-integrada-da-baseline:R4-QUA-01-S01,R4-QUA-01-S01,r4-04-conclusao-integrada-da-baseline,R4-QUA-01,Inventário integral e evidência coerente com o conteúdo,specs atuais e pacote R4,PASS_ESTRUTURAL,"generate-openspec-inventory.py derivou 201 requisitos e 732 cenários das 29 specs, sem IDs duplicados e com digest de fonte",openspec/changes/r4-04-conclusao-integrada-da-baseline/specs/r4-04-conclusao-integrada-da-baseline/spec.md,8,363db7fd0613b909c75beaeb9eb7dfe1e3cb52c8f4ecbbbbb697241e381dde9b
r4-04-conclusao-integrada-da-baseline:R4-QUA-01-S02,R4-QUA-01-S02,r4-04-conclusao-integrada-da-baseline,R4-QUA-01,Inventário integral e evidência coerente com o conteúdo,código muda após teste ou relatório contradiz checkpoint,PASS_ESTRUTURAL,"generate-openspec-results.py regenerou 732 linhas a partir do inventário, com 143 resultados associados e 589 explicitamente NAO_QUALIFICADO_NESTA_RODADA",openspec/changes/r4-04-conclusao-integrada-da-baseline/specs/r4-04-conclusao-integrada-da-baseline/spec.md,13,363db7fd0613b909c75beaeb9eb7dfe1e3cb52c8f4ecbbbbb697241e381dde9b
r4-04-conclusao-integrada-da-baseline:R4-QUA-01-S03,R4-QUA-01-S03,r4-04-conclusao-integrada-da-baseline,R4-QUA-01,Inventário integral e evidência coerente com o conteúdo,correção pontual com requisito integral pendente,PARCIAL,matriz e digest de fonte registrados,openspec/changes/r4-04-conclusao-integrada-da-baseline/specs/r4-04-conclusao-integrada-da-baseline/spec.md,18,363db7fd0613b909c75beaeb9eb7dfe1e3cb52c8f4ecbbbbb697241e381dde9b
r4-04-conclusao-integrada-da-baseline:R4-QUA-02-S01,R4-QUA-02-S01,r4-04-conclusao-integrada-da-baseline,R4-QUA-02,Entrega vertical do console e baseline remanescente,operador faz catálogo→execução→consulta→entrega→financeiro,PASS_INTEGRADO,"smoke Chromium autenticado, navegação, SLA, destinos versionados, logout e viewport 390px",openspec/changes/r4-04-conclusao-integrada-da-baseline/specs/r4-04-conclusao-integrada-da-baseline/spec.md,26,363db7fd0613b909c75beaeb9eb7dfe1e3cb52c8f4ecbbbbb697241e381dde9b
r4-04-conclusao-integrada-da-baseline:R4-QUA-02-S02,R4-QUA-02-S02,r4-04-conclusao-integrada-da-baseline,R4-QUA-02,Entrega vertical do console e baseline remanescente,"duas entregas do mesmo protocolo, erro financeiro e token consumidor",PARCIAL_INTEGRADO,"criação/leitura persistente, publicação de destino e consulta SLA passaram no Playwright",openspec/changes/r4-04-conclusao-integrada-da-baseline/specs/r4-04-conclusao-integrada-da-baseline/spec.md,31,363db7fd0613b909c75beaeb9eb7dfe1e3cb52c8f4ecbbbbb697241e381dde9b
r4-04-conclusao-integrada-da-baseline:R4-QUA-02-S03,R4-QUA-02-S03,r4-04-conclusao-integrada-da-baseline,R4-QUA-02,Entrega vertical do console e baseline remanescente,helper ou menu implementado sem conexão real,PARCIAL_INTEGRADO,"ausência de token persistido e HTTP 401 pós-logout no browser, Atlas/Libra/Pulsar sem MFA, workload administrativo, claims de papel incompatíveis e escrita financeira sem hub_admin recusados",openspec/changes/r4-04-conclusao-integrada-da-baseline/specs/r4-04-conclusao-integrada-da-baseline/spec.md,36,363db7fd0613b909c75beaeb9eb7dfe1e3cb52c8f4ecbbbbb697241e381dde9b
r4-04-conclusao-integrada-da-baseline:R4-QUA-03-S01,R4-QUA-03-S01,r4-04-conclusao-integrada-da-baseline,R4-QUA-03,Qualificação reproduzível com um ecossistema local,ambiente com ecossistema Hub existente,PASS,go test ./... verde,openspec/changes/r4-04-conclusao-integrada-da-baseline/specs/r4-04-conclusao-integrada-da-baseline/spec.md,44,363db7fd0613b909c75beaeb9eb7dfe1e3cb52c8f4ecbbbbb697241e381dde9b
r4-04-conclusao-integrada-da-baseline:R4-QUA-03-S02,R4-QUA-03-S02,r4-04-conclusao-integrada-da-baseline,R4-QUA-03,Qualificação reproduzível com um ecossistema local,dependência integrada ausente ou teste t.Skip,PASS_INTEGRADO,"Compose, kind, readiness, métricas/HPA e recuperação de pod",openspec/changes/r4-04-conclusao-integrada-da-baseline/specs/r4-04-conclusao-integrada-da-baseline/spec.md,49,363db7fd0613b909c75beaeb9eb7dfe1e3cb52c8f4ecbbbbb697241e381dde9b
r4-04-conclusao-integrada-da-baseline:R4-QUA-03-S03,R4-QUA-03-S03,r4-04-conclusao-integrada-da-baseline,R4-QUA-03,Qualificação reproduzível com um ecossistema local,Compose e kind preparados com imagens do conteúdo atual,PARCIAL_INTEGRADO,"Compose preservou 713 protocolos e catálogo na recriação; Kind independente passou com 3 nós, 5 workloads, dependências cluster-owned e recuperação de Cometa/Pulsar em 4.486/4.494 ms; matriz integral, carga prolongada e perfil produtivo permanecem pendentes",openspec/changes/r4-04-conclusao-integrada-da-baseline/specs/r4-04-conclusao-integrada-da-baseline/spec.md,54,363db7fd0613b909c75beaeb9eb7dfe1e3cb52c8f4ecbbbbb697241e381dde9b
