cenario_id;requisito;origem;titulo;spec;linha;scenario_digest;status_inicial;observacao
V4:ARQ-01:S001;ARQ-01;v4;Portal não orquestra nem precifica;openspec/changes/hub-interoperabilidade-v4/specs/arquitetura-e-comunicacao/spec.md;8;db133d3d182af25924b7981621ea5d93ede33343932f815c1a0de8837fd46129;REVALIDAR_PROVA;Inventário não é resultado de execução.
V4:ARQ-01:S002;ARQ-01;v4;Órbita delega execução externa a Cometa sem manter segredos;openspec/changes/hub-interoperabilidade-v4/specs/arquitetura-e-comunicacao/spec.md;13;afa0433215a944824fc83982b27dc787d2a9d726d0b6c2e2ec88ddbc5859368d;REVALIDAR_PROVA;Inventário não é resultado de execução.
V4:ARQ-01:S003;ARQ-01;v4;Libra não infere consumo apenas de logs nem fatura todo evento técnico;openspec/changes/hub-interoperabilidade-v4/specs/arquitetura-e-comunicacao/spec.md;18;cf10f066de0329d02ce33a64a8e2d849afc0c7740e76d878ee5df1d139040a06;REVALIDAR_PROVA;Inventário não é resultado de execução.
V4:ARQ-01:S004;ARQ-01;v4;Isolamento de adaptador ou temporizador apenas por critério explícito;openspec/changes/hub-interoperabilidade-v4/specs/arquitetura-e-comunicacao/spec.md;23;574d4df897d56d04238eb69a6e0b2ceecff236f06f8c83b9c7374b364105d2fb;REVALIDAR_PROVA;Inventário não é resultado de execução.
V4:ARQ-02:S001;ARQ-02;v4;SYNC persiste o fato externo via resposta HTTPS sem depender da fila;openspec/changes/hub-interoperabilidade-v4/specs/arquitetura-e-comunicacao/spec.md;31;b859c55179734ae9aead04ccc6c439a5de6ceafa81488b74c557ce4c41a9b623;REVALIDAR_PROVA;Inventário não é resultado de execução.
V4:ARQ-02:S002;ARQ-02;v4;ASYNC usa fila e mantém os mesmos invariantes com deduplicação de eventos posteriores;openspec/changes/hub-interoperabilidade-v4/specs/arquitetura-e-comunicacao/spec.md;36;d3e03b9201401d3b0f773b8208ad6532bf32c0d1b324d78bddedb5a5a2de17e6;REVALIDAR_PROVA;Inventário não é resultado de execução.
V4:ARQ-02:S003;ARQ-02;v4;Cada domínio grava somente seu próprio estado no core compartilhado;openspec/changes/hub-interoperabilidade-v4/specs/arquitetura-e-comunicacao/spec.md;41;2ed005de2de79358e0385bcc57fa7102a26b5580ad954041056aabb260598236;REVALIDAR_PROVA;Inventário não é resultado de execução.
V4:ARQ-02:S004;ARQ-02;v4;Tráfego estabelecido não consulta Atlas/Crossplane a cada pedido;openspec/changes/hub-interoperabilidade-v4/specs/arquitetura-e-comunicacao/spec.md;46;1ed4e47f09f952d92d2ecc2ee4552fd0cada624c4761a7eab12f153889db37ea;REVALIDAR_PROVA;Inventário não é resultado de execução.
V4:ARQ-03:S001;ARQ-03;v4;PostgreSQL é a escolha para o banco transacional por célula;openspec/changes/hub-interoperabilidade-v4/specs/arquitetura-e-comunicacao/spec.md;54;452a888fb5fcc2e291862a174c92b77fbf37596bb328c32d22194e2cfa77b22c;REVALIDAR_PROVA;Inventário não é resultado de execução.
V4:ARQ-03:S002;ARQ-03;v4;SNS + SQS Standard é a escolha para o barramento sem presumir ordem;openspec/changes/hub-interoperabilidade-v4/specs/arquitetura-e-comunicacao/spec.md;59;1f0be2facf65ca9bde574895fe8c6e24572d34557381ad347b1212ce81af1844;REVALIDAR_PROVA;Inventário não é resultado de execução.
V4:ARQ-03:S003;ARQ-03;v4;Cache funciona e cumpre o SLO qualificado sem Redis;openspec/changes/hub-interoperabilidade-v4/specs/arquitetura-e-comunicacao/spec.md;64;079a06b8c3ec44cc5d0a5f87444f99a2e2501523432914e81e562cae190876e4;REVALIDAR_PROVA;Inventário não é resultado de execução.
V4:ARQ-03:S004;ARQ-03;v4;Operar sem serviços AWS exige nova decisão de arquitetura;openspec/changes/hub-interoperabilidade-v4/specs/arquitetura-e-comunicacao/spec.md;69;163dc9ab8a26b941801be8816ecc532809ef8ae175d90187e49d9e451a409cb9;REVALIDAR_PROVA;Inventário não é resultado de execução.
V4:ARQ-04:S001;ARQ-04;v4;Atlas API usa Go pela uniformidade de toolchain, não pela velocidade de CRUD;openspec/changes/hub-interoperabilidade-v4/specs/arquitetura-e-comunicacao/spec.md;77;e4bdedb266668d6e691ea62ca4b4b8e0becc19f87c79dc6365406fb82a6a46c6;REVALIDAR_PROVA;Inventário não é resultado de execução.
V4:ARQ-04:S002;ARQ-04;v4;Espera de rede suportada libera a thread, mas bloqueio evitável no caminho crítico é proibido;openspec/changes/hub-interoperabilidade-v4/specs/arquitetura-e-comunicacao/spec.md;82;f2b137c778f6c29b710492abd6410be0ad171b9b4ab131ee3b725e1fa79604ad;REVALIDAR_PROVA;Inventário não é resultado de execução.
V4:ARQ-04:S003;ARQ-04;v4;Interface de Atlas em TypeScript/React não processa pedidos de clientes;openspec/changes/hub-interoperabilidade-v4/specs/arquitetura-e-comunicacao/spec.md;87;03b51b06443ac2f5f4a39973da4f72f2c0e0d3c22581af2d8ba5cc6781372c5e;REVALIDAR_PROVA;Inventário não é resultado de execução.
V4:ARQ-04:S004;ARQ-04;v4;Comparação de desempenho entre Go e outras linguagens exige equivalência de condições;openspec/changes/hub-interoperabilidade-v4/specs/arquitetura-e-comunicacao/spec.md;92;dd3a14aff1f8d6e17503a6eb9d46d6855e95ca6cdef46e20bf5f3bffa8dd1ea7;REVALIDAR_PROVA;Inventário não é resultado de execução.
V4:ARQ-05:S001;ARQ-05;v4;PostgreSQL compartilhado entre células é separado por célula;openspec/changes/hub-interoperabilidade-v4/specs/arquitetura-e-comunicacao/spec.md;100;9982a6954f25ab99ec2e4a1e5bb57b593d7717645af113ef3afc24827c0e6898;REVALIDAR_PROVA;Inventário não é resultado de execução.
V4:ARQ-05:S002;ARQ-05;v4;Dependência de produção exige versão fixada, plano de atualização, licença e proprietário;openspec/changes/hub-interoperabilidade-v4/specs/arquitetura-e-comunicacao/spec.md;105;f2763dd9788ec32470326e159faf91091a2517acad930495b744154d6c8a255e;REVALIDAR_PROVA;Inventário não é resultado de execução.
V4:ARQ-05:S003;ARQ-05;v4;Mesh ou Envoy não são adotados automaticamente para o controle adaptativo do Cometa;openspec/changes/hub-interoperabilidade-v4/specs/arquitetura-e-comunicacao/spec.md;110;073f63284324647f48d116ce404bef8b6352209a37ceb7f31cc4e1917792cb95;REVALIDAR_PROVA;Inventário não é resultado de execução.
V4:ARQ-05:S004;ARQ-05;v4;Traces do OpenTelemetry/Tempo não servem como fonte contábil ou única evidência de SLA;openspec/changes/hub-interoperabilidade-v4/specs/arquitetura-e-comunicacao/spec.md;115;b4c9ca5c7992852721d98305caa64fba4e3a33edc4979c98eecd36ca72f70ad2;REVALIDAR_PROVA;Inventário não é resultado de execução.
V4:ARQ-06:S001;ARQ-06;v4;KEDA é o único proprietário do HPA de um Deployment de worker;openspec/changes/hub-interoperabilidade-v4/specs/arquitetura-e-comunicacao/spec.md;123;b2ccbab63057c42c49e9a1be84096a2f0ae6a2d5c0e13300eceae6139122cbee;REVALIDAR_PROVA;Inventário não é resultado de execução.
V4:ARQ-06:S002;ARQ-06;v4;Crossplane reconcilia recursos mas não decide quando expandir;openspec/changes/hub-interoperabilidade-v4/specs/arquitetura-e-comunicacao/spec.md;128;94e75ee74521f53b162237710903e2eab1908977a240949366efcbcb9f48fcae;REVALIDAR_PROVA;Inventário não é resultado de execução.
V4:ARQ-06:S003;ARQ-06;v4;Redução de pods ou nós não apaga dados protegidos;openspec/changes/hub-interoperabilidade-v4/specs/arquitetura-e-comunicacao/spec.md;133;e790880f41fb0d2f194655dd3dc91b28a1711b4be47be48e706eecbcfd3c4c1f;REVALIDAR_PROVA;Inventário não é resultado de execução.
V4:ARQ-06:S004;ARQ-06;v4;Perda do plano de gestão impede novas expansões mas não desliga células prontas;openspec/changes/hub-interoperabilidade-v4/specs/arquitetura-e-comunicacao/spec.md;138;b19fd4f7fc8ae3c5a3a1b208db32eaccee2b981f0c33028bbb51fe938e236f04;REVALIDAR_PROVA;Inventário não é resultado de execução.
V4:COM-01:S001;COM-01;v4;SYNC entre Órbita e Cometa dispensa broker no percurso obrigatório;openspec/changes/hub-interoperabilidade-v4/specs/arquitetura-e-comunicacao/spec.md;146;4f11355afbd9cafca691124e44bef402e6af8c693e9977dfa3dbbe67b9ffc673;REVALIDAR_PROVA;Inventário não é resultado de execução.
V4:COM-01:S002;COM-01;v4;Retorno HTTP interno perdido não autoriza nova operação;openspec/changes/hub-interoperabilidade-v4/specs/arquitetura-e-comunicacao/spec.md;151;7201b95fc0c9e5f1f73e9b37d270951dbf2488fa9422cbc537cf7262b77fb4c3;REVALIDAR_PROVA;Inventário não é resultado de execução.
V4:COM-01:S003;COM-01;v4;gRPC e request/reply sobre broker não são adotados como padrão do caminho SYNC;openspec/changes/hub-interoperabilidade-v4/specs/arquitetura-e-comunicacao/spec.md;156;8ffcf10bb2c3724280a31fe60f111c43a451c3926e95db09d8f92d9fe2d0e621;REVALIDAR_PROVA;Inventário não é resultado de execução.
V4:COM-01:S004;COM-01;v4;Pulsar consulta Órbita por HTTPS autenticado sem acesso direto ao banco;openspec/changes/hub-interoperabilidade-v4/specs/arquitetura-e-comunicacao/spec.md;161;2f6ad7ffda86707c0cd612b89b212dd7fe468ac51a7cb27fb6ce39b94e969c00;REVALIDAR_PROVA;Inventário não é resultado de execução.
V4:COM-02:S001;COM-02;v4;REST/JSON por HTTPS é disponibilizado mediante OpenAPI e schemas homologados;openspec/changes/hub-interoperabilidade-v4/specs/arquitetura-e-comunicacao/spec.md;169;7486806e99b131de33e1fcb1c541caf78d530a3795266f3a036a95dc2e33b426;REVALIDAR_PROVA;Inventário não é resultado de execução.
V4:COM-02:S002;COM-02;v4;SFTP e gRPC/Protobuf não são aceitos automaticamente na v4;openspec/changes/hub-interoperabilidade-v4/specs/arquitetura-e-comunicacao/spec.md;174;9ca69f1c1dd3b5f5a48788cf7929c03589caeb5166e535df5c76c3f5ce700240;REVALIDAR_PROVA;Inventário não é resultado de execução.
V4:COM-02:S003;COM-02;v4;Conexão direta do cliente ao banco é recusada independentemente do catálogo;openspec/changes/hub-interoperabilidade-v4/specs/arquitetura-e-comunicacao/spec.md;179;a04225f37657b565ad3f74ab32dae5342a5b230fe1fff1558c306766d65c145b;REVALIDAR_PROVA;Inventário não é resultado de execução.
V4:COM-02:S004;COM-02;v4;Integração via broker externo do parceiro exige ADR explícito;openspec/changes/hub-interoperabilidade-v4/specs/arquitetura-e-comunicacao/spec.md;184;5bc8b6b8665816df4021f38311a00689d663de47956b3768b1e4ca4ac71dbbf4;REVALIDAR_PROVA;Inventário não é resultado de execução.
V4:COM-03:S001;COM-03;v4;Publicação usa outbox na mesma transação do estado local;openspec/changes/hub-interoperabilidade-v4/specs/arquitetura-e-comunicacao/spec.md;192;4f54be45b37f333a2e8bf8e091c90c89cccb208a56810e6986d508d6149d916f;REVALIDAR_PROVA;Inventário não é resultado de execução.
V4:COM-03:S002;COM-03;v4;Ack ao broker ocorre somente após o commit do inbox;openspec/changes/hub-interoperabilidade-v4/specs/arquitetura-e-comunicacao/spec.md;197;a4d1359e0be0fbb9da731bd07fbcdca0b88d1f73d19416e355fb887ed31827a0;REVALIDAR_PROVA;Inventário não é resultado de execução.
V4:COM-03:S003;COM-03;v4;Chave semântica reconhece fatos econômicos equivalentes com event_ids distintos;openspec/changes/hub-interoperabilidade-v4/specs/arquitetura-e-comunicacao/spec.md;202;702e21dc11429d830650385622dc6931f7a79ac88d5a61b94c7c63868a805497;REVALIDAR_PROVA;Inventário não é resultado de execução.
V4:COM-03:S004;COM-03;v4;Evento antigo não regride estado e gera pendência de reconciliação;openspec/changes/hub-interoperabilidade-v4/specs/arquitetura-e-comunicacao/spec.md;207;dfb80abf5926b1b998f768b44c2be9fe9831afc028d9d83b4f107cc44fc3b309;REVALIDAR_PROVA;Inventário não é resultado de execução.
V4:COM-04:S001;COM-04;v4;Mudança aditiva sem alteração de significado mantém compatibilidade;openspec/changes/hub-interoperabilidade-v4/specs/arquitetura-e-comunicacao/spec.md;215;17dbb1172a6e89b2943b573ac6968c098114199c69f524214e618f43d37d2523;REVALIDAR_PROVA;Inventário não é resultado de execução.
V4:COM-04:S002;COM-04;v4;Remoção de campo ou mudança de unidade exige nova versão;openspec/changes/hub-interoperabilidade-v4/specs/arquitetura-e-comunicacao/spec.md;220;b3a988b1b3ce688a8273aeeb265d8342ba13e946f007a6423e1c51517b2203dd;REVALIDAR_PROVA;Inventário não é resultado de execução.
V4:COM-04:S003;COM-04;v4;Consumidor desconhecendo a versão obrigatória coloca a mensagem em quarentena;openspec/changes/hub-interoperabilidade-v4/specs/arquitetura-e-comunicacao/spec.md;225;dcf2f6e4f79a0e4bf69cfc7e38d82518920fbf261b48b28b19f14ac9439a53b9;REVALIDAR_PROVA;Inventário não é resultado de execução.
V4:COM-04:S004;COM-04;v4;Campo crítico ausente rejeita a mensagem;openspec/changes/hub-interoperabilidade-v4/specs/arquitetura-e-comunicacao/spec.md;230;980829fb1717611ad3c7869e4d771a5a8b4c9d44da600f9faab4f10f97e03f82;REVALIDAR_PROVA;Inventário não é resultado de execução.
V4:COM-05:S001;COM-05;v4;GET e webhook entregam o mesmo corpo final, diferindo apenas em cabeçalhos de transporte;openspec/changes/hub-interoperabilidade-v4/specs/arquitetura-e-comunicacao/spec.md;238;47f5d78608c4f6ae9c29c5b4bb368ff374cf4307cf73d263a6cb20973b420282;REVALIDAR_PROVA;Inventário não é resultado de execução.
V4:COM-05:S002;COM-05;v4;GET pendente retorna 200 com a variante pendente sem ser evento final;openspec/changes/hub-interoperabilidade-v4/specs/arquitetura-e-comunicacao/spec.md;243;940228e1972a2a453b5837b6b9ccdea8f1894a332f6a63560defcfe5d1bb0815;REVALIDAR_PROVA;Inventário não é resultado de execução.
V4:COM-05:S003;COM-05;v4;Protocolo EXPIRED usa representação de erro prevista e não envia resultado tardio;openspec/changes/hub-interoperabilidade-v4/specs/arquitetura-e-comunicacao/spec.md;248;ad3c67931c3bd1a205d11d3fba251eb59f91c26614ddfe70d20e2fb8d981849f;REVALIDAR_PROVA;Inventário não é resultado de execução.
V4:COM-05:S004;COM-05;v4;URL pré-assinada de arquivo não é injetada no corpo final congelado;openspec/changes/hub-interoperabilidade-v4/specs/arquitetura-e-comunicacao/spec.md;253;d49ef757190e228c97001f76a17955b792ce0a6267b94d624435ad04c51f35ef;REVALIDAR_PROVA;Inventário não é resultado de execução.
V4:COM-06:S001;COM-06;v4;Fato final externo durável permite finalizar sucesso no mesmo HTTP público;openspec/changes/hub-interoperabilidade-v4/specs/arquitetura-e-comunicacao/spec.md;261;7b49e0c1ab8f9a55969704491cbbee732552cc38626b0fa7eefbfd015a40134b;REVALIDAR_PROVA;Inventário não é resultado de execução.
V4:COM-06:S002;COM-06;v4;HTTP 200 sem fato conservado não é tratado como final válido;openspec/changes/hub-interoperabilidade-v4/specs/arquitetura-e-comunicacao/spec.md;266;8c91235df44556eff4dc69f66ace437fd216edf248f92e461b70b6c2de02a708;REVALIDAR_PROVA;Inventário não é resultado de execução.
V4:COM-06:S003;COM-06;v4;Timeout de rede não autoriza retry automático de negócio fora de Órbita/Cometa;openspec/changes/hub-interoperabilidade-v4/specs/arquitetura-e-comunicacao/spec.md;271;993baaad50712d5bf8e6a9f94b367b698d2bf42705b1777f8496f8d00dd890d1;REVALIDAR_PROVA;Inventário não é resultado de execução.
V4:COM-06:S004;COM-06;v4;Intenção ASYNC marcada DIRECT não é tratada como comando QUEUED;openspec/changes/hub-interoperabilidade-v4/specs/arquitetura-e-comunicacao/spec.md;276;6d53ba303b8cbc9ef95b09dcac064142838f13b0b2afa3bfaeae1b9a4d92e8df;REVALIDAR_PROVA;Inventário não é resultado de execução.
V4:CAT-01:S001;CAT-01;v4;Publicação de versão com metadados completos e vínculo homologado;openspec/changes/hub-interoperabilidade-v4/specs/catalogo-e-portfolio/spec.md;8;8fde6890b0c491c0348fcc412a46e031009153b66288116edd9fde90f4e0df33;REVALIDAR_PROVA;Inventário não é resultado de execução.
V4:CAT-01:S002;CAT-01;v4;Entrada incompatível é recusada antes da execução;openspec/changes/hub-interoperabilidade-v4/specs/catalogo-e-portfolio/spec.md;13;dffb20987d5392e782c83460bafc72d53253a89efc937890a31675a1838c9145;REVALIDAR_PROVA;Inventário não é resultado de execução.
V4:CAT-01:S003;CAT-01;v4;Consulta histórica de versão descontinuada preserva semântica original;openspec/changes/hub-interoperabilidade-v4/specs/catalogo-e-portfolio/spec.md;18;b996465e55fb5e6dc33de0c84481c279e49ba2089a424d340beae308114ba8d2;REVALIDAR_PROVA;Inventário não é resultado de execução.
V4:CAT-02:S001;CAT-02;v4;Cliente visualiza apenas ofertas contratadas e autorizadas;openspec/changes/hub-interoperabilidade-v4/specs/catalogo-e-portfolio/spec.md;26;befe052611c85f0d37f0d7858497714279e16bcf766901b6a2733a9136b88a33;REVALIDAR_PROVA;Inventário não é resultado de execução.
V4:CAT-02:S002;CAT-02;v4;Oferta publicada mas não contratada é negada mesmo com token válido;openspec/changes/hub-interoperabilidade-v4/specs/catalogo-e-portfolio/spec.md;31;cd798d86e82a50df87aec06c8347a48b552a5db7e57e5354d6d838cbcf49df1e;REVALIDAR_PROVA;Inventário não é resultado de execução.
V4:CAT-02:S003;CAT-02;v4;Suspensão de novas vendas não afeta pedidos já aceitos;openspec/changes/hub-interoperabilidade-v4/specs/catalogo-e-portfolio/spec.md;36;7eae271fbe19604d55eb502a50868ce8f83b9d4f48a8e4801deb189ab8d60a86;REVALIDAR_PROVA;Inventário não é resultado de execução.
V4:CAT-03:S001;CAT-03;v4;Agregação bem-sucedida com seções obrigatória e opcionais presentes;openspec/changes/hub-interoperabilidade-v4/specs/catalogo-e-portfolio/spec.md;44;e2375bdf1c265287d64534324b5914e93ce6f0f6828c8530c8d46d2cbede04d7;REVALIDAR_PROVA;Inventário não é resultado de execução.
V4:CAT-03:S002;CAT-03;v4;Falha da parte obrigatória impede anúncio de sucesso completo;openspec/changes/hub-interoperabilidade-v4/specs/catalogo-e-portfolio/spec.md;49;aa3bf0e44ff072eaa9c6e7c1c29591b6e1dac565393dd3b0f72ba5f47e0197fc;REVALIDAR_PROVA;Inventário não é resultado de execução.
V4:CAT-03:S003;CAT-03;v4;Resposta opcional ausente é declarada explicitamente;openspec/changes/hub-interoperabilidade-v4/specs/catalogo-e-portfolio/spec.md;54;b8eaa61f059289a7ab1013936ea61ab24d1d7e5835e465f63e15e1be78902506;REVALIDAR_PROVA;Inventário não é resultado de execução.
V4:CAT-04:S001;CAT-04;v4;Composição publicada com grafo acíclico válido;openspec/changes/hub-interoperabilidade-v4/specs/catalogo-e-portfolio/spec.md;62;bec9f08a2d828d0a1848462cbe3f03f943781db1dde774fb800cd1268258adc8;REVALIDAR_PROVA;Inventário não é resultado de execução.
V4:CAT-04:S002;CAT-04;v4;Geocodificação com múltiplas opções segue política do contrato;openspec/changes/hub-interoperabilidade-v4/specs/catalogo-e-portfolio/spec.md;67;551e7e4d7e5071da08550723488b041ecf9044d593aefb315564086d63300189;REVALIDAR_PROVA;Inventário não é resultado de execução.
V4:CAT-04:S003;CAT-04;v4;Publicação recusada por ciclo ou ausência de política de falha;openspec/changes/hub-interoperabilidade-v4/specs/catalogo-e-portfolio/spec.md;72;d989fb8278df35db7c4eb7736876cfd3732fb7e95b11350fdef56d041a35cc25;REVALIDAR_PROVA;Inventário não é resultado de execução.
V4:CAT-05:S001;CAT-05;v4;Consolidação por quórum sem cancelar trabalho em voo;openspec/changes/hub-interoperabilidade-v4/specs/catalogo-e-portfolio/spec.md;80;04b8e1c7aa48042bd8dd55bb0721501e1006b1a5673dcd1dc6fd06937067c15d;REVALIDAR_PROVA;Inventário não é resultado de execução.
V4:CAT-05:S002;CAT-05;v4;Falha parcial não gera rollback universal;openspec/changes/hub-interoperabilidade-v4/specs/catalogo-e-portfolio/spec.md;85;0e31620295a4a157974add024291c22218d0bfb8b9ca19457614052c5394130a;REVALIDAR_PROVA;Inventário não é resultado de execução.
V4:CAT-05:S003;CAT-05;v4;Produto com efeito irreversível oferece opção de resultado parcial;openspec/changes/hub-interoperabilidade-v4/specs/catalogo-e-portfolio/spec.md;90;16aa84fd2d598c05cd6d26d826ddffbd00f24f037ec52bcc1f58fc3d46f34c37;REVALIDAR_PROVA;Inventário não é resultado de execução.
V4:CAT-06:S001;CAT-06;v4;Seleção de provedor elegível ordenado por regra versionada com decisão persistida;openspec/changes/hub-interoperabilidade-v4/specs/catalogo-e-portfolio/spec.md;98;a54f3ead23989614711eaf5c029db3f389ad94a4fcba37d347917d61c921b161;REVALIDAR_PROVA;Inventário não é resultado de execução.
V4:CAT-06:S002;CAT-06;v4;Failover recusado sem prova de segurança após timeout;openspec/changes/hub-interoperabilidade-v4/specs/catalogo-e-portfolio/spec.md;103;7cc1d75b1dc56d05ae5925d25138294ced3c379f3455447be320705393ef92ba;REVALIDAR_PROVA;Inventário não é resultado de execução.
V4:CAT-06:S003;CAT-06;v4;Hedging permanece desabilitado;openspec/changes/hub-interoperabilidade-v4/specs/catalogo-e-portfolio/spec.md;108;81969e6cd0f3134c7fecf82587b3ddc88d1580f0d166cc3edeffcfe33a878b9a;REVALIDAR_PROVA;Inventário não é resultado de execução.
V4:CAT-07:S001;CAT-07;v4;Pacote com três passos gera receita única e discrimina custos sem triplicar preço;openspec/changes/hub-interoperabilidade-v4/specs/catalogo-e-portfolio/spec.md;116;9c2c2f0b10a28be09b5678aff973aca9b098ba940eedbd2f8ed6cfb93b8708e2;REVALIDAR_PROVA;Inventário não é resultado de execução.
V4:CAT-07:S002;CAT-07;v4;Configuração impede cobrança simultânea de pacote e componentes;openspec/changes/hub-interoperabilidade-v4/specs/catalogo-e-portfolio/spec.md;121;4f5c3f0bbfcdaf5cf3d8840ff8f5b747061faca56a17e9e61d413f29c51e641f;REVALIDAR_PROVA;Inventário não é resultado de execução.
V4:CAT-07:S003;CAT-07;v4;Oferta não liberada sem contrato válido para todos os passos;openspec/changes/hub-interoperabilidade-v4/specs/catalogo-e-portfolio/spec.md;126;604b24a6f4696d67317f30c152939fc2a37720be4e89d6917af0297cff97c1ec;REVALIDAR_PROVA;Inventário não é resultado de execução.
V4:CAT-08:S001;CAT-08;v4;Resposta final e apuração financeira reconstruídas a partir de evidências persistidas;openspec/changes/hub-interoperabilidade-v4/specs/catalogo-e-portfolio/spec.md;134;ca3266fac86b1a606cbbb70d8643bb7cfaa3a54647d7d9232a5db4609c8bfe93;REVALIDAR_PROVA;Inventário não é resultado de execução.
V4:CAT-08:S002;CAT-08;v4;Passo compartilhado executa uma única vez quando declarado pelo produto;openspec/changes/hub-interoperabilidade-v4/specs/catalogo-e-portfolio/spec.md;139;46c35eba433450caf3142dac47d4ed8485aae6ff3576c11a515e796d19bd65e1;REVALIDAR_PROVA;Inventário não é resultado de execução.
V4:CAT-08:S003;CAT-08;v4;Pedidos distintos com payload coincidente não são deduplicados globalmente;openspec/changes/hub-interoperabilidade-v4/specs/catalogo-e-portfolio/spec.md;144;32f7b52ed8dcea191df0eacb9c18c6e40e1e12273a060c27b8c7ffa17e38b8b6;REVALIDAR_PROVA;Inventário não é resultado de execução.
V4:CAT-09:S001;CAT-09;v4;Contrato técnico do cliente valida entrada, traduz e valida saída antes da conclusão;openspec/changes/hub-interoperabilidade-v4/specs/catalogo-e-portfolio/spec.md;152;9c64c3824328579fd210370812170fa8d967c78c00141d21a9fee4dbb82e80f2;REVALIDAR_PROVA;Inventário não é resultado de execução.
V4:CAT-09:S002;CAT-09;v4;Erro de transformação impede sucesso e preserva evidência canônica;openspec/changes/hub-interoperabilidade-v4/specs/catalogo-e-portfolio/spec.md;157;0d1a4f2ec6433397ff4a48cddfe2467a36da76fed950447d537d2add929f9b04;REVALIDAR_PROVA;Inventário não é resultado de execução.
V4:CAT-09:S003;CAT-09;v4;Cliente não pode selecionar tenant ou transformação arbitrária no pedido;openspec/changes/hub-interoperabilidade-v4/specs/catalogo-e-portfolio/spec.md;162;d71cec8f09bc2241f9589b9e87541437aa72ca28a564ea0087e60948001c372e;REVALIDAR_PROVA;Inventário não é resultado de execução.
V4:CAT-09:S004;CAT-09;v4;Alteração de configuração não afeta protocolo em voo nem histórico;openspec/changes/hub-interoperabilidade-v4/specs/catalogo-e-portfolio/spec.md;167;a7d38f1394cbd57bc9c4436699029dbd9e1f7d2acb80c8d9f69b8f46ef53ef49;REVALIDAR_PROVA;Inventário não é resultado de execução.
V4:CAT-10:S001;CAT-10;v4;Oferta com prazo compatível com caminho crítico qualificado;openspec/changes/hub-interoperabilidade-v4/specs/catalogo-e-portfolio/spec.md;175;9370644a0cf5230897144770c45cf9014be6df17c4d1cd34cf310a704a37b96f;REVALIDAR_PROVA;Inventário não é resultado de execução.
V4:CAT-10:S002;CAT-10;v4;Timeout não é convertido automaticamente em sucesso parcial;openspec/changes/hub-interoperabilidade-v4/specs/catalogo-e-portfolio/spec.md;180;3fc88d41155e8c39c0a829ea430d89f7c0102b6bdd363d3fbb8f890efcc4c858;REVALIDAR_PROVA;Inventário não é resultado de execução.
V4:CAT-10:S003;CAT-10;v4;Classe compartilhada não é anunciada como isolamento físico total;openspec/changes/hub-interoperabilidade-v4/specs/catalogo-e-portfolio/spec.md;185;e3c53f7847e40e59a44f5b47b9a023534335c7fffc129953259d8bc7fa78d239;REVALIDAR_PROVA;Inventário não é resultado de execução.
V4:CAT-11:S001;CAT-11;v4;Integração de novo cliente por configuração, sem alteração de código;openspec/changes/hub-interoperabilidade-v4/specs/catalogo-e-portfolio/spec.md;193;6a74884af96794e69472f282341a5aa334a0d85a99c675a4a9dd34a2e2c625ba;REVALIDAR_PROVA;Inventário não é resultado de execução.
V4:CAT-11:S002;CAT-11;v4;Ativação recusada explicitamente por falta de capacidade homologada;openspec/changes/hub-interoperabilidade-v4/specs/catalogo-e-portfolio/spec.md;198;19e3c62beca9667fcde82d74f4808970ed593efefc962b096311e04ec7d934fd;REVALIDAR_PROVA;Inventário não é resultado de execução.
V4:CAT-11:S003;CAT-11;v4;AUTO nunca é conversão silenciosa de SYNC;openspec/changes/hub-interoperabilidade-v4/specs/catalogo-e-portfolio/spec.md;203;8a673c44ef6de25a9bc5d981f3347d09dc41f6a40df8c4b2ed585031deda488e;REVALIDAR_PROVA;Inventário não é resultado de execução.
V4:CFG-01:S001;CFG-01;v4;Reconfiguração de integração existente sem deploy;openspec/changes/hub-interoperabilidade-v4/specs/configuracao-e-seguranca/spec.md;8;d91c664e5d95bbe81ada4d8c659846633236cf0f5d69fb7ad31b4ea3797571e8;REVALIDAR_PROVA;Inventário não é resultado de execução.
V4:CFG-01:S002;CFG-01;v4;Tentativa de introduzir transformação fora do conjunto seguro é recusada;openspec/changes/hub-interoperabilidade-v4/specs/configuracao-e-seguranca/spec.md;13;10497353aa3d9fbe28a591802e806832747b7c4e53cae172858cad34ff8ab2a7;REVALIDAR_PROVA;Inventário não é resultado de execução.
V4:CFG-01:S003;CFG-01;v4;Tela de cadastro expõe campos obrigatórios, faixa válida e impacto;openspec/changes/hub-interoperabilidade-v4/specs/configuracao-e-seguranca/spec.md;18;e96a95fe162cf318cc82efc6c0b43bef1c351258a0219d12fd4f885be93c20ab;REVALIDAR_PROVA;Inventário não é resultado de execução.
V4:CFG-02:S001;CFG-02;v4;Publicação parcial de conjunto inconsistente é recusada;openspec/changes/hub-interoperabilidade-v4/specs/configuracao-e-seguranca/spec.md;26;338b63b24fd6d73ebd2a1168b6f334632e52dadb71d1f8b6bf2a91731f366d25;REVALIDAR_PROVA;Inventário não é resultado de execução.
V4:CFG-02:S002;CFG-02;v4;Nó desatualizado recusa novas admissões em vez de misturar versões;openspec/changes/hub-interoperabilidade-v4/specs/configuracao-e-seguranca/spec.md;31;00e380ce8738b556a6854eafcda96256953be50fe2a4cda5d02f9077b1df6367;REVALIDAR_PROVA;Inventário não é resultado de execução.
V4:CFG-02:S003;CFG-02;v4;Revogação emergencial é distribuída independentemente da interface humana;openspec/changes/hub-interoperabilidade-v4/specs/configuracao-e-seguranca/spec.md;36;85c1c9a978c0cbf5d4015b850086af96e600248b55d4709ab34ff61dda6d543d;REVALIDAR_PROVA;Inventário não é resultado de execução.
V4:CFG-02:S004;CFG-02;v4;Evidência de autorização vencida bloqueia apenas o escopo afetado;openspec/changes/hub-interoperabilidade-v4/specs/configuracao-e-seguranca/spec.md;41;67ef2dd8382d70067b8ad63b8ce56e5cc54b630d0763abc94ca5526791c34ef4;REVALIDAR_PROVA;Inventário não é resultado de execução.
V4:CFG-03:S001;CFG-03;v4;Acesso a payload sensível exige acesso excepcional auditado;openspec/changes/hub-interoperabilidade-v4/specs/configuracao-e-seguranca/spec.md;49;f05d4045d8420c8080a716755de374ac5e25121b788b8a0d7db6c83e90913b6a;REVALIDAR_PROVA;Inventário não é resultado de execução.
V4:CFG-03:S002;CFG-03;v4;Reexecução gera novo protocolo enquanto replay técnico preserva identidade;openspec/changes/hub-interoperabilidade-v4/specs/configuracao-e-seguranca/spec.md;54;8c7c8edabb49f2229e73cb97abea1e8fcf2a41b97af9e159f66e2ddb07c47e50;REVALIDAR_PROVA;Inventário não é resultado de execução.
V4:CFG-03:S003;CFG-03;v4;Ação de reprocessamento em massa não está disponível;openspec/changes/hub-interoperabilidade-v4/specs/configuracao-e-seguranca/spec.md;59;7db16ab19fa9567b6b7b799d72e36d49c1dfd545116f2e72ef10edf9cca9b3be;REVALIDAR_PROVA;Inventário não é resultado de execução.
V4:SEG-01:S001;SEG-01;v4;Gateway elimina cabeçalho de identidade forjado pelo cliente;openspec/changes/hub-interoperabilidade-v4/specs/configuracao-e-seguranca/spec.md;67;5c88d26d7452e9014a998b39ec455889b2ae711adef034307ff93b76198e57da;REVALIDAR_PROVA;Inventário não é resultado de execução.
V4:SEG-01:S002;SEG-01;v4;Serviço interno não confia apenas na origem de rede interna;openspec/changes/hub-interoperabilidade-v4/specs/configuracao-e-seguranca/spec.md;72;821a807d62562410617d2f8db62668e56c9c3c3939146b15d10741f9f6e57af3;REVALIDAR_PROVA;Inventário não é resultado de execução.
V4:SEG-01:S003;SEG-01;v4;Operador de runtime não pode editar ledger publicado;openspec/changes/hub-interoperabilidade-v4/specs/configuracao-e-seguranca/spec.md;77;561a7a973904609fd08cf68288e00ef859ee33a70630f865a804dcd6db546881;REVALIDAR_PROVA;Inventário não é resultado de execução.
V4:SEG-02:S001;SEG-02;v4;Registro de destino em rede de metadados é bloqueado;openspec/changes/hub-interoperabilidade-v4/specs/configuracao-e-seguranca/spec.md;85;4d8134baa0cb7345ff6e40eca24751c4d65414a848fca73b92eaa96e704d368f;REVALIDAR_PROVA;Inventário não é resultado de execução.
V4:SEG-02:S002;SEG-02;v4;Redirecionamento para destino não validado não é seguido;openspec/changes/hub-interoperabilidade-v4/specs/configuracao-e-seguranca/spec.md;90;c0cc1326ecdb04bc98c684e076b9b4bbd188981d43d4b1155d6c8ad58300a079;REVALIDAR_PROVA;Inventário não é resultado de execução.
V4:SEG-02:S003;SEG-02;v4;Conteúdo XML com entidade externa é rejeitado;openspec/changes/hub-interoperabilidade-v4/specs/configuracao-e-seguranca/spec.md;95;a713a9142169054673ed3838d60880ac15b6a4b098190345b42a0a7a9a9fce2e;REVALIDAR_PROVA;Inventário não é resultado de execução.
V4:SEG-02:S004;SEG-02;v4;Segredo não aparece em log, evento ou arquivo versionado;openspec/changes/hub-interoperabilidade-v4/specs/configuracao-e-seguranca/spec.md;100;d46cfcb70feedcdc7eeae6b345ca975ee1678dd5c8a6e0cacdcd364b1bb15db4;REVALIDAR_PROVA;Inventário não é resultado de execução.
V4:SEG-03:S001;SEG-03;v4;Tentativa de acesso cross-tenant por troca de ID é negada;openspec/changes/hub-interoperabilidade-v4/specs/configuracao-e-seguranca/spec.md;108;8f7c4f31f20ba5be78708cb0cbbd7da8abfde8fd51c6fdfc9973d925e9cf53e9;REVALIDAR_PROVA;Inventário não é resultado de execução.
V4:SEG-03:S002;SEG-03;v4;Ação sensível gera registro de auditoria completo;openspec/changes/hub-interoperabilidade-v4/specs/configuracao-e-seguranca/spec.md;113;9cc043a4d9e57205bd660e8408c51588f1a9c7776b9ef0264191a97489b51432;REVALIDAR_PROVA;Inventário não é resultado de execução.
V4:SEG-03:S003;SEG-03;v4;Expurgo de logs Loki não elimina evidência de cobrança;openspec/changes/hub-interoperabilidade-v4/specs/configuracao-e-seguranca/spec.md;118;5ea600e0743d3a46e2fa26de000f87cd2d8aabe74885ce8418ec8ba9c6ea9d82;REVALIDAR_PROVA;Inventário não é resultado de execução.
V4:CFG-04:S001;CFG-04;v4;Publicação recusa configuração de retry com max_attempts inválido;openspec/changes/hub-interoperabilidade-v4/specs/configuracao-e-seguranca/spec.md;126;d3a128fd4a11b835c00315ffd10381ddaddcbce6d295ca518cccc80dee6459fb;REVALIDAR_PROVA;Inventário não é resultado de execução.
V4:CFG-04:S002;CFG-04;v4;Portal exibe origem do valor resolvido e impede override silencioso;openspec/changes/hub-interoperabilidade-v4/specs/configuracao-e-seguranca/spec.md;131;bf0a2a0f68ace4c96320087b332aadccdcb220568f6a8b1174913fa3517a7e32;REVALIDAR_PROVA;Inventário não é resultado de execução.
V4:CFG-04:S003;CFG-04;v4;Alteração em voo não estende deadline do pedido;openspec/changes/hub-interoperabilidade-v4/specs/configuracao-e-seguranca/spec.md;136;848a0c0f4e38578abef4fab77533c0d1a4eb4805f0bbdf7f2932a5171fb1dc6f;REVALIDAR_PROVA;Inventário não é resultado de execução.
V4:CFG-04:S004;CFG-04;v4;Retomada após limite emergencial começa conservadoramente;openspec/changes/hub-interoperabilidade-v4/specs/configuracao-e-seguranca/spec.md;141;db5820fc74d915cd6af4e636459a6437b8391094550b2faa7f9022271188fea8;REVALIDAR_PROVA;Inventário não é resultado de execução.
V4:SEG-04:S001;SEG-04;v4;Tentativa de acesso cross-tenant por cliente é negada sem revelar existência;openspec/changes/hub-interoperabilidade-v4/specs/configuracao-e-seguranca/spec.md;149;7725dacb3b92b966ea57dd1ca97762122fdefd69bf42f47d3965376eb700d50b;REVALIDAR_PROVA;Inventário não é resultado de execução.
V4:SEG-04:S002;SEG-04;v4;hub_protocol_reader consulta protocolo de outro tenant com dados mascarados e auditados;openspec/changes/hub-interoperabilidade-v4/specs/configuracao-e-seguranca/spec.md;154;51e18c648edc470ee41963efe66be6ec76a1bf25953ad6e71857b7a8c4ff0a41;REVALIDAR_PROVA;Inventário não é resultado de execução.
V4:SEG-04:S003;SEG-04;v4;Privilégio administrativo não é aceito por flag em JWT de cliente;openspec/changes/hub-interoperabilidade-v4/specs/configuracao-e-seguranca/spec.md;159;c5e6ea67cec3d58cfc738d01065e0e7b0a022d98fbc07732782ac2f188a3d023;REVALIDAR_PROVA;Inventário não é resultado de execução.
V4:SEG-04:S004;SEG-04;v4;Portal administrativo não usa superusuário PostgreSQL nem desativa RLS globalmente;openspec/changes/hub-interoperabilidade-v4/specs/configuracao-e-seguranca/spec.md;164;e252fda464b7f45ec4b85f2ba31675fd6388eab79720a848e391b9c94c0b355b;REVALIDAR_PROVA;Inventário não é resultado de execução.
V4:SEG-04:S005;SEG-04;v4;Resposta parcial quando apenas parte das células responde;openspec/changes/hub-interoperabilidade-v4/specs/configuracao-e-seguranca/spec.md;169;ecad31137094cbd3b24a25023b92478fd03e064f3cf9ba37ccfefbed43c03d8b;REVALIDAR_PROVA;Inventário não é resultado de execução.
V4:CFG-05:S001;CFG-05;v4;Interface não permite leitura de segredo em claro;openspec/changes/hub-interoperabilidade-v4/specs/configuracao-e-seguranca/spec.md;177;54336aa5fbf4157a3edc08555bd44d6207d5fde3da600c49e03070e8c05930f1;REVALIDAR_PROVA;Inventário não é resultado de execução.
V4:CFG-05:S002;CFG-05;v4;Ausência de endpoint de teste não autoriza execução real invisível;openspec/changes/hub-interoperabilidade-v4/specs/configuracao-e-seguranca/spec.md;182;02cb3fcb31ef4530df6d7a21b6c39cffed517594c0323d1184a2f7ec8a1e7438;REVALIDAR_PROVA;Inventário não é resultado de execução.
V4:CFG-05:S003;CFG-05;v4;Cliente não pode escolher secret_ref arbitrário nem ler cofre do Hub;openspec/changes/hub-interoperabilidade-v4/specs/configuracao-e-seguranca/spec.md;187;98dcc9e4e86d6e6b46437fa6c4db34fb55a0b66a6ace9305ccbeb6d20ad2bb09;REVALIDAR_PROVA;Inventário não é resultado de execução.
V4:CFG-05:S004;CFG-05;v4;Suspensão de vínculo afeta apenas os protocolos daquele vínculo;openspec/changes/hub-interoperabilidade-v4/specs/configuracao-e-seguranca/spec.md;192;1945fb597623049f5d8bf3cd4276b68d80ee933501f79f5af0d65a4f29d20793;REVALIDAR_PROVA;Inventário não é resultado de execução.
V4:CFG-06:S001;CFG-06;v4;Reserva de capacidade concorrente e idempotente evita dupla promessa;openspec/changes/hub-interoperabilidade-v4/specs/configuracao-e-seguranca/spec.md;200;8d2a23c3913c7648640a27a24d2d32e265e8359296aa0e469570b8adb1418094;REVALIDAR_PROVA;Inventário não é resultado de execução.
V4:CFG-06:S002;CFG-06;v4;Onboarding retomado após crash não duplica recursos nem publica rota prematuramente;openspec/changes/hub-interoperabilidade-v4/specs/configuracao-e-seguranca/spec.md;205;202751bbfd254298980d29750ddbaec9caa5f705f6caa74c5dc763e29110b8b7;REVALIDAR_PROVA;Inventário não é resultado de execução.
V4:CFG-06:S003;CFG-06;v4;Orçamento esgotado aparece como impedimento explícito antes da saturação;openspec/changes/hub-interoperabilidade-v4/specs/configuracao-e-seguranca/spec.md;210;6aee6224c275e151d23016d37176c30ff2d00a9e83c1efb7652059273b5d4eef;REVALIDAR_PROVA;Inventário não é resultado de execução.
V4:CFG-06:S004;CFG-06;v4;Desativação de cliente drena obrigações sem destruir recursos compartilhados;openspec/changes/hub-interoperabilidade-v4/specs/configuracao-e-seguranca/spec.md;215;a09f10be3bdebcde3785cc408cb6885b75becaf7df0f220dbd5d26e2362ae433;REVALIDAR_PROVA;Inventário não é resultado de execução.
V4:SEG-05:S001;SEG-05;v4;Credencial dedicada indisponível não recorre a fallback compartilhado ou de outro tenant;openspec/changes/hub-interoperabilidade-v4/specs/configuracao-e-seguranca/spec.md;223;bbcb38ccb9b583658ccd6793e23b07cc90e90128a86b1767ef88b0eabb4a4a61;REVALIDAR_PROVA;Inventário não é resultado de execução.
V4:SEG-05:S002;SEG-05;v4;Rotação de segredo mantém sobreposição controlada e preserva operações em voo;openspec/changes/hub-interoperabilidade-v4/specs/configuracao-e-seguranca/spec.md;228;c1df0f5d092619f6cf9224e88fc565b177bd66c4d761a32da75a57921afa9f41;REVALIDAR_PROVA;Inventário não é resultado de execução.
V4:SEG-05:S003;SEG-05;v4;Cofre indisponível limita uso do material cacheado ao menor limite de validade;openspec/changes/hub-interoperabilidade-v4/specs/configuracao-e-seguranca/spec.md;233;dc8f79f873c05430d728aa5ab03f35f323c3a0cc0bbd9260f2c0a52366d60413;REVALIDAR_PROVA;Inventário não é resultado de execução.
V4:SEG-05:S004;SEG-05;v4;Perfil hub_protocol_reader não obtém valor secreto;openspec/changes/hub-interoperabilidade-v4/specs/configuracao-e-seguranca/spec.md;238;04aae8d1cc87d851a6a27c88fe4180524f90b1af9fee2659009d750a74e44553;REVALIDAR_PROVA;Inventário não é resultado de execução.
V4:SEG-05:S005;SEG-05;v4;Revogação emergencial prevalece sobre TTL de retry em voo;openspec/changes/hub-interoperabilidade-v4/specs/configuracao-e-seguranca/spec.md;243;e00081c25002a8713e2f753766cd78ce3e2ced7ae7661ceed1646c9e9873fdd0;REVALIDAR_PROVA;Inventário não é resultado de execução.
V4:FIN-01:S001;FIN-01;v4;Conta de provedor vinculada a contrato de compra completo;openspec/changes/hub-interoperabilidade-v4/specs/contratos-e-financeiro/spec.md;8;9f2178a21b359e3d0b30b1eb45c2fadb99a54875a463ce31151a4b5d9591563e;REVALIDAR_PROVA;Inventário não é resultado de execução.
V4:FIN-01:S002;FIN-01;v4;Tabela ausente ou ambígua bloqueia publicação, não é custo zero;openspec/changes/hub-interoperabilidade-v4/specs/contratos-e-financeiro/spec.md;13;2dcad2b41d3a44c2109682d34d8ddb27ae0010e5aec5867fdcb7710e8ec8c190;REVALIDAR_PROVA;Inventário não é resultado de execução.
V4:FIN-01:S003;FIN-01;v4;Contrato vencido bloqueia novas operações mas respeita continuidade acordada;openspec/changes/hub-interoperabilidade-v4/specs/contratos-e-financeiro/spec.md;18;0f559f8eeabaf071284b7ca634f0881f1d8c709c7a01bdeb09836813079c231a;REVALIDAR_PROVA;Inventário não é resultado de execução.
V4:FIN-01:S004;FIN-01;v4;Versão de aquisição registrada por operação orienta polls posteriores;openspec/changes/hub-interoperabilidade-v4/specs/contratos-e-financeiro/spec.md;23;fe9227c9054670ac44475b98de727dd73090e334add81fd95cbf494a784c9710;REVALIDAR_PROVA;Inventário não é resultado de execução.
V4:FIN-02:S001;FIN-02;v4;Contrato de venda com todos os campos exigidos;openspec/changes/hub-interoperabilidade-v4/specs/contratos-e-financeiro/spec.md;31;fcf95347e7ebad765354cce1ddac016e1ddc7bf23291088046eab1447028ed4b;REVALIDAR_PROVA;Inventário não é resultado de execução.
V4:FIN-02:S002;FIN-02;v4;Configuração diferencia faixa progressiva marginal de faixa por volume total;openspec/changes/hub-interoperabilidade-v4/specs/contratos-e-financeiro/spec.md;36;3017301692968205e0609d5722876ef11fcd5fdcba39e19a48c5edafe8bd86e4;REVALIDAR_PROVA;Inventário não é resultado de execução.
V4:FIN-02:S003;FIN-02;v4;Franquia sem rollover e sem devolução automática por default;openspec/changes/hub-interoperabilidade-v4/specs/contratos-e-financeiro/spec.md;41;d1aa8c0f42a65b7437396d4921e7712e0ad5d40151700b874e9efaa97bf9fa2b;REVALIDAR_PROVA;Inventário não é resultado de execução.
V4:FIN-02:S004;FIN-02;v4;Quota de tráfego não é confundida com franquia financeira;openspec/changes/hub-interoperabilidade-v4/specs/contratos-e-financeiro/spec.md;46;2340d2bb1fa7532b8ba9b282e701f88fc36f699b2d97cc9d48cd364210824738;REVALIDAR_PROVA;Inventário não é resultado de execução.
V4:FIN-03:S001;FIN-03;v4;Snapshot fixa contrato, versão da oferta e instantes do fato;openspec/changes/hub-interoperabilidade-v4/specs/contratos-e-financeiro/spec.md;54;08922c005fe5a981f331654c4a801c38b5b7d9a2385fbc66ef2fba2932d7054f;REVALIDAR_PROVA;Inventário não é resultado de execução.
V4:FIN-03:S002;FIN-03;v4;Alteração de tabela não reprifica protocolos em voo;openspec/changes/hub-interoperabilidade-v4/specs/contratos-e-financeiro/spec.md;59;4c6f62cb798eeeb2a7fbbb6c3237c79d38c99f72339f871c636ab0d1ecefc763;REVALIDAR_PROVA;Inventário não é resultado de execução.
V4:FIN-03:S003;FIN-03;v4;Exceção temporal para polls cobrados pela tabela vigente no instante da consulta;openspec/changes/hub-interoperabilidade-v4/specs/contratos-e-financeiro/spec.md;64;969e3208dbd98889bd4ccb9edb37ed284a022a61130ee9cb26faebdf15f25166;REVALIDAR_PROVA;Inventário não é resultado de execução.
V4:FIN-03:S004;FIN-03;v4;Contratos sobrepostos exigem prioridade explícita;openspec/changes/hub-interoperabilidade-v4/specs/contratos-e-financeiro/spec.md;69;b9bd1a6668e8eb653a1171e1672c48cb45f05ae0119a8b2bcf0607059c727f03;REVALIDAR_PROVA;Inventário não é resultado de execução.
V4:FIN-03:S005;FIN-03;v4;Aditivo retroativo preserva cálculo original com lançamento de ajuste;openspec/changes/hub-interoperabilidade-v4/specs/contratos-e-financeiro/spec.md;74;fe349ff47621e1222056a69bbd3110d077c78a58aac7dda943cd8aa40ee1328a;REVALIDAR_PROVA;Inventário não é resultado de execução.
V4:FIN-03:S006;FIN-03;v4;Revogação de segurança gera evidência sem reescrever contrato ou custo incorrido;openspec/changes/hub-interoperabilidade-v4/specs/contratos-e-financeiro/spec.md;79;c963d29642d88896aa8a30b637bcf542b60ffa0261e61d0db50dfd6012d14a25;REVALIDAR_PROVA;Inventário não é resultado de execução.
V4:FIN-04:S001;FIN-04;v4;Libra aplica contrato a partir de fatos duráveis, não de logs técnicos;openspec/changes/hub-interoperabilidade-v4/specs/contratos-e-financeiro/spec.md;87;caff86b91a19cba7916dcbe57501ee957dfebb4d2671bae79b3c911788a83bda;REVALIDAR_PROVA;Inventário não é resultado de execução.
V4:FIN-04:S002;FIN-04;v4;Receita por produto é uma unidade elegível apesar de múltiplos passos;openspec/changes/hub-interoperabilidade-v4/specs/contratos-e-financeiro/spec.md;92;a7ddd4d85ad1be1a3945c3998933af02672426c86bba9b57b91da1c60b40c7cd;REVALIDAR_PROVA;Inventário não é resultado de execução.
V4:FIN-04:S003;FIN-04;v4;Custo por operação preserva identidade entre retransmissões;openspec/changes/hub-interoperabilidade-v4/specs/contratos-e-financeiro/spec.md;97;4bb11e133024ce50c15b0b3debdc7681f193a06ff16ec4930b510d5107cf72c2;REVALIDAR_PROVA;Inventário não é resultado de execução.
V4:FIN-04:S004;FIN-04;v4;Custo incerto é registrado como provisão, nunca como zero definitivo;openspec/changes/hub-interoperabilidade-v4/specs/contratos-e-financeiro/spec.md;102;e6963c0b7b3b998f35caf405ddd2d1ec8efa73fc7b6c5a9a6c26690296917f51;REVALIDAR_PROVA;Inventário não é resultado de execução.
V4:FIN-05:S001;FIN-05;v4;Pedido recusado antes do aceite não gera receita nem custo;openspec/changes/hub-interoperabilidade-v4/specs/contratos-e-financeiro/spec.md;110;ddba5b6e84afa822efce77209d7e0a61e17ef80b93fb7b42a62176b0c6c6967e;REVALIDAR_PROVA;Inventário não é resultado de execução.
V4:FIN-05:S002;FIN-05;v4;Pedido aceito ainda pendente segue o marco contratado sem presumir final;openspec/changes/hub-interoperabilidade-v4/specs/contratos-e-financeiro/spec.md;115;2417ff1d47e364d644f24c7914d31732e0851228c26399bdfceb3699a8f2c0cf;REVALIDAR_PROVA;Inventário não é resultado de execução.
V4:FIN-05:S003;FIN-05;v4;Sucesso válido gera receita pelo medidor previsto e custo comprovado;openspec/changes/hub-interoperabilidade-v4/specs/contratos-e-financeiro/spec.md;120;149da489bddad541c443e49bba08c4c603da102afde9ad0304b50e3148a6f963;REVALIDAR_PROVA;Inventário não é resultado de execução.
V4:FIN-05:S004;FIN-05;v4;"""Não encontrado"" válido segue a semântica do serviço mesmo sem dados";openspec/changes/hub-interoperabilidade-v4/specs/contratos-e-financeiro/spec.md;125;297ded35d99d48132bf41fbc11f8c57306323bb0d664672c1363556b54711dca;REVALIDAR_PROVA;Inventário não é resultado de execução.
V4:FIN-05:S005;FIN-05;v4;Falha técnica conhecida não gera receita de sucesso por default, mas pode gerar custo;openspec/changes/hub-interoperabilidade-v4/specs/contratos-e-financeiro/spec.md;130;17d2e4278ab6927122dab398f27e5b88b795e219c538eba1ca070e9d2faf11d4;REVALIDAR_PROVA;Inventário não é resultado de execução.
V4:FIN-05:S006;FIN-05;v4;Resultado parcial de produto usa preço de parcialidade publicado;openspec/changes/hub-interoperabilidade-v4/specs/contratos-e-financeiro/spec.md;135;f2e3a72a24bd5d1bbf9635a0fac908b0fda3201817db3328098a6d7912dca907;REVALIDAR_PROVA;Inventário não é resultado de execução.
V4:FIN-05:S007;FIN-05;v4;Falha ou reentrega de webhook não altera receita nem reexecuta o provedor;openspec/changes/hub-interoperabilidade-v4/specs/contratos-e-financeiro/spec.md;140;085ae01937a214273fc92a8d42d32ef7d61d111a43a7bcf1b2ff94f2a31dcd70;REVALIDAR_PROVA;Inventário não é resultado de execução.
V4:FIN-05:S008;FIN-05;v4;GET de resultado armazenado não gera nova receita nem nova chamada externa;openspec/changes/hub-interoperabilidade-v4/specs/contratos-e-financeiro/spec.md;145;f75a42facb7dd0ba7b53360a62e584d2001b158e82594801ec66960e8618d0df;REVALIDAR_PROVA;Inventário não é resultado de execução.
V4:FIN-05:S009;FIN-05;v4;Callback e polling do mesmo final geram uma única unidade de receita;openspec/changes/hub-interoperabilidade-v4/specs/contratos-e-financeiro/spec.md;150;50d88508ceeb399c3087480411b3c15b3e734aaa096ab1d9a6c0ccf0239cb9a6;REVALIDAR_PROVA;Inventário não é resultado de execução.
V4:FIN-05:S010;FIN-05;v4;Failover autorizado após incerteza contabiliza ambos os custos comprovados;openspec/changes/hub-interoperabilidade-v4/specs/contratos-e-financeiro/spec.md;155;79b4600648a1ae254c350fea36fbd919f0c88831b8eacc6da9576dba785a4b79;REVALIDAR_PROVA;Inventário não é resultado de execução.
V4:FIN-05:S011;FIN-05;v4;Cancelamento ou compensação segue regra de estorno explícita sem eliminar custo original;openspec/changes/hub-interoperabilidade-v4/specs/contratos-e-financeiro/spec.md;160;7cd28f59b8f30df01c20d2e32ba4f27d25edd10762dc55c8705007c0fbb049a2;REVALIDAR_PROVA;Inventário não é resultado de execução.
V4:FIN-05:S012;FIN-05;v4;Resultado corrigido gera ajuste rastreável sem assumir cancelamento do custo original;openspec/changes/hub-interoperabilidade-v4/specs/contratos-e-financeiro/spec.md;165;70d61c9e3087251a688b2a64df379e91866ed4fb57e0ad54634c25e4b04b3a9f;REVALIDAR_PROVA;Inventário não é resultado de execução.
V4:FIN-05:S013;FIN-05;v4;Final tardio após EXPIRED/SLA_EXCEEDED não gera receita de sucesso;openspec/changes/hub-interoperabilidade-v4/specs/contratos-e-financeiro/spec.md;170;3f03a6db24397d4055cbdf010c2b6cd055ebb3c8202322beec8accc699ac8796;REVALIDAR_PROVA;Inventário não é resultado de execução.
V4:FIN-05:S014;FIN-05;v4;Contrato omitindo linha aplicável não é habilitado para faturamento automático;openspec/changes/hub-interoperabilidade-v4/specs/contratos-e-financeiro/spec.md;175;0c346f6beb943212d6a11a6139585d9c4f1b9d0cc4a30116880eb5bc272b191d;REVALIDAR_PROVA;Inventário não é resultado de execução.
V4:FIN-06:S001;FIN-06;v4;Reserva atômica obrigatória antes de qualquer efeito externo em teto estrito;openspec/changes/hub-interoperabilidade-v4/specs/contratos-e-financeiro/spec.md;183;1b02c908d2d03a46245853ecd24993aa6b85dbcbd5b771bc6c9fdda2f8234185;REVALIDAR_PROVA;Inventário não é resultado de execução.
V4:FIN-06:S002;FIN-06;v4;Libra indisponível mantém pendência até o prazo, negação exige falha conhecida;openspec/changes/hub-interoperabilidade-v4/specs/contratos-e-financeiro/spec.md;188;5043563235797c009334effac0b6dc3c35b6a14431e061e7918dca532b7795c8;REVALIDAR_PROVA;Inventário não é resultado de execução.
V4:FIN-06:S003;FIN-06;v4;Reserva cobre o máximo autorizável ou o contrato não é oferecido como teto estrito;openspec/changes/hub-interoperabilidade-v4/specs/contratos-e-financeiro/spec.md;193;16313752c6145d7e05cc4bba0d71bf48141ce86c6c747b0eb486c9ff75e0ffc9;REVALIDAR_PROVA;Inventário não é resultado de execução.
V4:FIN-06:S004;FIN-06;v4;Expiração de reserva não libera saldo de operação em voo sem reconciliar;openspec/changes/hub-interoperabilidade-v4/specs/contratos-e-financeiro/spec.md;198;8e7787d53c454c4224c5ed2ca864e83cf581d53287e0bc49d2ace4c3756a84d5;REVALIDAR_PROVA;Inventário não é resultado de execução.
V4:FIN-06:S005;FIN-06;v4;Pós-pago sem teto estrito continua processando dentro do limite de risco aprovado;openspec/changes/hub-interoperabilidade-v4/specs/contratos-e-financeiro/spec.md;203;719b869f6710e901d370ff76802bddfa6dbd1c75c1191d740ae1d91f17f2bff1;REVALIDAR_PROVA;Inventário não é resultado de execução.
V4:FIN-07:S001;FIN-07;v4;Receita a receber e obrigação a pagar são lançamentos distintos;openspec/changes/hub-interoperabilidade-v4/specs/contratos-e-financeiro/spec.md;211;e493121ab6a0beebe16dc64517d7c21a0f1e117cdd8e260c9cab9c152f1111aa;REVALIDAR_PROVA;Inventário não é resultado de execução.
V4:FIN-07:S002;FIN-07;v4;Arredondamento declarado e totais reproduzem o mesmo cálculo sem ponto flutuante monetário;openspec/changes/hub-interoperabilidade-v4/specs/contratos-e-financeiro/spec.md;216;ade27b0054ec29877bfaa60ad90260c99463c8b57c76e4282e7a78c2c40fc675;REVALIDAR_PROVA;Inventário não é resultado de execução.
V4:FIN-07:S003;FIN-07;v4;Moedas distintas não são somadas sem câmbio explícito;openspec/changes/hub-interoperabilidade-v4/specs/contratos-e-financeiro/spec.md;221;679e931eddb55470232332c5e06ab812510c1be8dbbf2d67f53bbf1af752bd76;REVALIDAR_PROVA;Inventário não é resultado de execução.
V4:FIN-07:S004;FIN-07;v4;Lançamento publicado é imutável, correção usa lançamento inverso ou ajuste vinculado;openspec/changes/hub-interoperabilidade-v4/specs/contratos-e-financeiro/spec.md;226;5e61b5e614759aa666fe3cfa855f9bbd4761fff28adb55cc4b719acc3b02837f;REVALIDAR_PROVA;Inventário não é resultado de execução.
V4:FIN-07:S005;FIN-07;v4;Fechamento não deixa fato elegível silenciosamente não apurado;openspec/changes/hub-interoperabilidade-v4/specs/contratos-e-financeiro/spec.md;231;798a27b350af28f4c12032e7e6054d936f48be94044f0e15111905e7768a2bcd;REVALIDAR_PROVA;Inventário não é resultado de execução.
V4:FIN-08:S001;FIN-08;v4;Ciclo de venda segue os estados definidos sem marcar PAGO/RECEBIDO na exportação;openspec/changes/hub-interoperabilidade-v4/specs/contratos-e-financeiro/spec.md;239;27a17a809b43469204ed43b6c71cf0e945a429f77a33eb4f079f7c032a85fe5c;REVALIDAR_PROVA;Inventário não é resultado de execução.
V4:FIN-08:S002;FIN-08;v4;Agregação sem granularidade suficiente abre divergência, não casamento aproximado;openspec/changes/hub-interoperabilidade-v4/specs/contratos-e-financeiro/spec.md;244;1a5659c5e2877c26d0060433c352b694a65f4f235dd1751009d7fd26bc424b7c;REVALIDAR_PROVA;Inventário não é resultado de execução.
V4:FIN-08:S003;FIN-08;v4;Fato tardio após fechamento não altera fatura emitida silenciosamente;openspec/changes/hub-interoperabilidade-v4/specs/contratos-e-financeiro/spec.md;249;909a6e1ba564cf07e3e619f5c03001a1cabb9a7a1326cfb73a944d10001ed5a1;REVALIDAR_PROVA;Inventário não é resultado de execução.
V4:FIN-08:S004;FIN-08;v4;Transferência bancária automática e emissão fiscal não estão autorizadas;openspec/changes/hub-interoperabilidade-v4/specs/contratos-e-financeiro/spec.md;254;89f0f583a809fe33abaf878667727117b7649b008562c6bc744479d578d3e02f;REVALIDAR_PROVA;Inventário não é resultado de execução.
V4:FIN-08:S005;FIN-08;v4;Ajuste manual, aprovação e confirmação de pagamento exigem segregação de funções;openspec/changes/hub-interoperabilidade-v4/specs/contratos-e-financeiro/spec.md;259;0488e1c4e4a23a3294961b0a5de20c6b5bc296eee1ed3a0e251146da0fcceed3;REVALIDAR_PROVA;Inventário não é resultado de execução.
V4:FIN-09:S001;FIN-09;v4;Produto em pacote reconhece receita e custo compostos sem alteração por GET/callback;openspec/changes/hub-interoperabilidade-v4/specs/contratos-e-financeiro/spec.md;267;3609908beac653ff062de8fef5ee5d328d5e51011d717ec1da02d9748f08614b;REVALIDAR_PROVA;Inventário não é resultado de execução.
V4:FIN-09:S002;FIN-09;v4;Franquia mensal com excedente calcula parcelas distintas;openspec/changes/hub-interoperabilidade-v4/specs/contratos-e-financeiro/spec.md;272;9306d4fc0aacaa49154fd55c7b119004986322cffc71ce5558355e769d8458af;REVALIDAR_PROVA;Inventário não é resultado de execução.
V4:FIN-09:S003;FIN-09;v4;Faixa progressiva marginal aplica preço apenas à parcela dentro de cada faixa;openspec/changes/hub-interoperabilidade-v4/specs/contratos-e-financeiro/spec.md;277;024fb9d3324f4e9b8222974df8871929edebaf1b9f420a70babd0626fc41fa16;REVALIDAR_PROVA;Inventário não é resultado de execução.
V4:FIN-09:S004;FIN-09;v4;Faixa por volume total aplica a faixa atingida a todo o volume elegível;openspec/changes/hub-interoperabilidade-v4/specs/contratos-e-financeiro/spec.md;282;523e951478536d6736741be09699c3b6dbcb2297f98b2f46ce86457b6cec7f1e;REVALIDAR_PROVA;Inventário não é resultado de execução.
V4:FIN-09:S005;FIN-09;v4;Incerteza com failover autorizado contabiliza o custo dos dois provedores comprovados;openspec/changes/hub-interoperabilidade-v4/specs/contratos-e-financeiro/spec.md;287;c6e4be2176790c5125e6bb5d3efbe75aa2a095b9010949888c9447924983bd74;REVALIDAR_PROVA;Inventário não é resultado de execução.
V4:FIN-09:S006;FIN-09;v4;Correção de cobrança indevida gera estorno vinculado com lote balanceado;openspec/changes/hub-interoperabilidade-v4/specs/contratos-e-financeiro/spec.md;292;d6055619947d569ccb2e08e88699484e7039c2bbe0b2e4350a37dd005ff51d6d;REVALIDAR_PROVA;Inventário não é resultado de execução.
V4:FIN-10:S001;FIN-10;v4;EXPIRED por SLA não gera receita de sucesso mesmo com conclusão tardia do provedor;openspec/changes/hub-interoperabilidade-v4/specs/contratos-e-financeiro/spec.md;300;57b3ff818fe42d4c65a88d6d46778309b26e7b58996295af77b49d9e7e27dc5d;REVALIDAR_PROVA;Inventário não é resultado de execução.
V4:FIN-10:S002;FIN-10;v4;Custo do provedor não é eliminado automaticamente pela rejeição no hub;openspec/changes/hub-interoperabilidade-v4/specs/contratos-e-financeiro/spec.md;305;53e6b51e3c77ea6573ec3750ec21ac46738f4ae5493fdf33bff0c18082204085;REVALIDAR_PROVA;Inventário não é resultado de execução.
V4:FIN-10:S003;FIN-10;v4;Crédito prometido não confirmado não reduz obrigação sem regra aprovada;openspec/changes/hub-interoperabilidade-v4/specs/contratos-e-financeiro/spec.md;310;adf31d399c03c8f9494fbde28af2ae38d9de0066682abcb1d2c80e355b39907d;REVALIDAR_PROVA;Inventário não é resultado de execução.
V4:FIN-10:S004;FIN-10;v4;Diagnósticos de desenvolvedores não alteram ledger, ajuste ou liquidação;openspec/changes/hub-interoperabilidade-v4/specs/contratos-e-financeiro/spec.md;315;555ed2b92887e51e42b8eb525813deaf34cda3364568e21d2c900acbdd16ebd7;REVALIDAR_PROVA;Inventário não é resultado de execução.
V4:FIN-10:S005;FIN-10;v4;Controle adaptativo registra retries extras sem alterar preço ou unidade contratada;openspec/changes/hub-interoperabilidade-v4/specs/contratos-e-financeiro/spec.md;320;ee82e527973d24049688f3d2e09db471f0ea122cc1d855497ab61d2d32efeb6d;REVALIDAR_PROVA;Inventário não é resultado de execução.
V4:FIN-11:S001;FIN-11;v4;Settlement_party é explícito por vínculo, não inferido pelo nome do segredo;openspec/changes/hub-interoperabilidade-v4/specs/contratos-e-financeiro/spec.md;328;0aec3eed595b0214047e9855b9461055614a148203bc8873b8dcf47caa3186b7;REVALIDAR_PROVA;Inventário não é resultado de execução.
V4:FIN-11:S002;FIN-11;v4;SHARED_HUB comprado pelo Hub segrega consumo e mantém venda independente;openspec/changes/hub-interoperabilidade-v4/specs/contratos-e-financeiro/spec.md;333;87972722392b3037249035cd1f9f4c7be606de6d9deb244b5ba52eec96362429;REVALIDAR_PROVA;Inventário não é resultado de execução.
V4:FIN-11:S003;FIN-11;v4;TENANT_DEDICATED comprado pelo Hub não elimina obrigação de compra;openspec/changes/hub-interoperabilidade-v4/specs/contratos-e-financeiro/spec.md;338;1ec272ef872aa1988eb2715a53e0da1727698c0b2267cc190a3e2ec4d7aaf4ec;REVALIDAR_PROVA;Inventário não é resultado de execução.
V4:FIN-11:S004;FIN-11;v4;TENANT_DEDICATED com compra direta do cliente não gera conta a pagar pelo Hub;openspec/changes/hub-interoperabilidade-v4/specs/contratos-e-financeiro/spec.md;343;871ada447c63ab840b564785a4b74e23537408e8163a7255f552b445cd2009e5;REVALIDAR_PROVA;Inventário não é resultado de execução.
V4:FIN-11:S005;FIN-11;v4;Rotação de segredo não reinicia medidor, quota ou franquia;openspec/changes/hub-interoperabilidade-v4/specs/contratos-e-financeiro/spec.md;348;0ac950136348ce225370e46359fa72fafaf7a16c6992d262f5ff64240337eb05;REVALIDAR_PROVA;Inventário não é resultado de execução.
V4:FIN-11:S006;FIN-11;v4;Fato de consumo conserva identificadores completos sem expor valor do segredo;openspec/changes/hub-interoperabilidade-v4/specs/contratos-e-financeiro/spec.md;353;5686350c16d40cbce8c71bf1bf42626ecaa61eb9efa1dbfb7d56d4cf6d81f200;REVALIDAR_PROVA;Inventário não é resultado de execução.
V4:FIN-11:S007;FIN-11;v4;Falha de Libra não autoriza fallback automático de credencial ou pagador;openspec/changes/hub-interoperabilidade-v4/specs/contratos-e-financeiro/spec.md;358;59a464ea387d070b88cde0ae1a83e4c40b4e0049113dc78a0eae6e89bdb02ae8;REVALIDAR_PROVA;Inventário não é resultado de execução.
V4:DEC-01:S001;DEC-01;v4;ADR-04 mantém a custódia do resultado no Hub;openspec/changes/hub-interoperabilidade-v4/specs/decisoes-e-governanca/spec.md;8;6b7f9f7a0f93267d6612af7030df5e056ab18a36411e0459cc74f0f4b6aca90d;REVALIDAR_PROVA;Inventário não é resultado de execução.
V4:DEC-01:S002;DEC-01;v4;ADR-06 recusa promessa de exactly-once sem suporte externo;openspec/changes/hub-interoperabilidade-v4/specs/decisoes-e-governanca/spec.md;13;50c0a7de0e0f68e08d27f0457addd6e70ca1f896333b378d4f01245035070645;REVALIDAR_PROVA;Inventário não é resultado de execução.
V4:DEC-01:S003;DEC-01;v4;ADR-05 mantém deadline rígido e TTL sem renovação;openspec/changes/hub-interoperabilidade-v4/specs/decisoes-e-governanca/spec.md;18;882b28357a33c99b2efa47b9c1f0cd935d6b4233288ca4f3c015bd24f67a4c38;REVALIDAR_PROVA;Inventário não é resultado de execução.
V4:DEC-01:S004;DEC-01;v4;Pendências de implantação não decididas por ADR ficam registradas em DEC-02;openspec/changes/hub-interoperabilidade-v4/specs/decisoes-e-governanca/spec.md;23;714e822ff82af7a742c471358a6f7a379f40daf8c917f77fed8f9e7453090949;REVALIDAR_PROVA;Inventário não é resultado de execução.
V4:DEC-02:S001;DEC-02;v4;P-08 bloqueia a promessa de ausência de perda regional até desenho e prova de recuperação;openspec/changes/hub-interoperabilidade-v4/specs/decisoes-e-governanca/spec.md;31;d6a4e394de6700a0b9f372fc41d683eb07d70cd4b4ef6342d9ac904d8b9263db;REVALIDAR_PROVA;Inventário não é resultado de execução.
V4:DEC-02:S002;DEC-02;v4;P-10 bloqueia oferta com impacto em vida/segurança até perfil de criticidade aprovado;openspec/changes/hub-interoperabilidade-v4/specs/decisoes-e-governanca/spec.md;36;555c624c073b706f560223f632867ecd361fa28b6d1bbac206debd63d5307547;REVALIDAR_PROVA;Inventário não é resultado de execução.
V4:DEC-02:S003;DEC-02;v4;P-11 bloqueia o gate ppd de expansão automática até envelopes e quotas aprovados;openspec/changes/hub-interoperabilidade-v4/specs/decisoes-e-governanca/spec.md;41;ac8abbf342a408c45dc499d09b342c2bd47c5b1d85a6f0f199b9a35dade255c5;REVALIDAR_PROVA;Inventário não é resultado de execução.
V4:DEC-02:S004;DEC-02;v4;P-01 bloqueia IaC remota e o gate ppd até a topologia de plataforma ser aprovada;openspec/changes/hub-interoperabilidade-v4/specs/decisoes-e-governanca/spec.md;46;889e679b7413abd0b815fff4115ca98aec2daa584331be9bfc08b0db2e5e6489;REVALIDAR_PROVA;Inventário não é resultado de execução.
V4:DEC-02:S005;DEC-02;v4;P-09 bloqueia o gate G0 da fatia até responsáveis e aprovação da v4 registrados;openspec/changes/hub-interoperabilidade-v4/specs/decisoes-e-governanca/spec.md;51;24d7d4da793b7fbf264fe9e392d557dc5730be0bc6877b0d45fcc33b52a781a0;REVALIDAR_PROVA;Inventário não é resultado de execução.
V4:DEC-03:S001;DEC-03;v4;ADR-12 impede que retorno tardio após EXPIRED por SLA vire sucesso;openspec/changes/hub-interoperabilidade-v4/specs/decisoes-e-governanca/spec.md;59;ba4a5cdb36357c022ba0047cdb161298b2166e33bfc1aae40e23252591779147;REVALIDAR_PROVA;Inventário não é resultado de execução.
V4:DEC-03:S002;DEC-03;v4;ADR-18 mantém o compromisso regional de RPO zero bloqueado até desenho adequado;openspec/changes/hub-interoperabilidade-v4/specs/decisoes-e-governanca/spec.md;64;3f432d0b41ece1ba0cb7ddc640593ec3483ed833a46214ef11f4d94f7127785b;REVALIDAR_PROVA;Inventário não é resultado de execução.
V4:DEC-03:S003;DEC-03;v4;Consulta de resultado pendente usa representação unificada (200) herdada da correção v2→v3;openspec/changes/hub-interoperabilidade-v4/specs/decisoes-e-governanca/spec.md;69;8ed92a178e7799c332f19ec26e5d1e01b016af3120be9ca06f538890eb9de4ac;REVALIDAR_PROVA;Inventário não é resultado de execução.
V4:DEC-03:S004;DEC-03;v4;A antiga meta regional de RPO de 15 minutos não é mais padrão implícito;openspec/changes/hub-interoperabilidade-v4/specs/decisoes-e-governanca/spec.md;74;17ba348410b062a3bccaac8d2bd7a9389c9e44f84bf591af9846b94a013785a0;REVALIDAR_PROVA;Inventário não é resultado de execução.
V4:DEC-03:S005;DEC-03;v4;IDs de ADR-11 a ADR-18 permanecem estáveis para rastreabilidade entre capítulos;openspec/changes/hub-interoperabilidade-v4/specs/decisoes-e-governanca/spec.md;79;2e36201717b15dc6890ddc74f1acc1863ad9d6dffa4f496edc8427229b24b85b;REVALIDAR_PROVA;Inventário não é resultado de execução.
V4:DEC-04:S001;DEC-04;v4;ADR-19 retira a fila obrigatória do caminho SYNC sem fallback silencioso;openspec/changes/hub-interoperabilidade-v4/specs/decisoes-e-governanca/spec.md;87;86e8c325a4b18dbcaaa60ca63ed71683375e0b2217b510b6cf311355ca806c87;REVALIDAR_PROVA;Inventário não é resultado de execução.
V4:DEC-04:S002;DEC-04;v4;ADR-20 recupera protocolo perdido por HTTP via idempotência com UUIDv7 universal;openspec/changes/hub-interoperabilidade-v4/specs/decisoes-e-governanca/spec.md;92;d120baecf1b978bd97c5f052327f1dc2fd7575215c6166268b7f9c943973b954;REVALIDAR_PROVA;Inventário não é resultado de execução.
V4:DEC-04:S003;DEC-04;v4;ADR-21 proíbe fallback implícito de credencial entre SHARED_HUB e TENANT_DEDICATED;openspec/changes/hub-interoperabilidade-v4/specs/decisoes-e-governanca/spec.md;97;afdba44148fe8374e281bf11c056a15bbe736e3c0a9292622e722b40c03b3907;REVALIDAR_PROVA;Inventário não é resultado de execução.
V4:DEC-04:S004;DEC-04;v4;ADR-22 dispensa broker/Atlas/cofre por pedido quando material válido já existe;openspec/changes/hub-interoperabilidade-v4/specs/decisoes-e-governanca/spec.md;102;aafa05bfb60fe314f072c8ef7e15243a981e38ed18cc9c3593415779780e2c76;REVALIDAR_PROVA;Inventário não é resultado de execução.
V4:DEC-04:S005;DEC-04;v4;ADR-25 exige prova específica de RTO e perda de região para uso com impacto em vida/segurança;openspec/changes/hub-interoperabilidade-v4/specs/decisoes-e-governanca/spec.md;107;5b33e7bf451789e0b0ef3bcd46c9259787322616bb3c92ad76bfb3c528442587;REVALIDAR_PROVA;Inventário não é resultado de execução.
V4:DEC-05:S001;DEC-05;v4;GAP-02 (Crítica) permanece com qualificação pendente até crash/duplicata/UNKNOWN comprovados;openspec/changes/hub-interoperabilidade-v4/specs/decisoes-e-governanca/spec.md;115;56241a38b19b1658f4763376d5ac9b11f4282f2ab9ed2c9fd2145ef4000188fb;REVALIDAR_PROVA;Inventário não é resultado de execução.
V4:DEC-05:S002;DEC-05;v4;GAP-09 (Crítica) exige limite de corte dentro do SLA sem split-brain antes de fechar migração de célula;openspec/changes/hub-interoperabilidade-v4/specs/decisoes-e-governanca/spec.md;120;085e17f95035fb819877baf507e5f0c432f7ca23ccaede08afb0e8070160892b;REVALIDAR_PROVA;Inventário não é resultado de execução.
V4:DEC-05:S003;DEC-05;v4;GAP-12 (Crítica) mantém a referência atual sem qualificar RPO zero regional;openspec/changes/hub-interoperabilidade-v4/specs/decisoes-e-governanca/spec.md;125;366ebe2c98460a5c52867163274d0c167c90f94ad14a317827d9b8da181b5f18;REVALIDAR_PROVA;Inventário não é resultado de execução.
V4:DEC-05:S004;DEC-05;v4;"GAP-05 (Crítica) impede que ""banco opcional"" confirme pedido ou final sem prova de custódia";openspec/changes/hub-interoperabilidade-v4/specs/decisoes-e-governanca/spec.md;130;f82b2bd6d692cf43c4809fca980e43d3074365cded5e7ef72841b61df9be2bee;REVALIDAR_PROVA;Inventário não é resultado de execução.
V4:DEC-05:S005;DEC-05;v4;GAP-13 (Crítica) restringe oferta de garantia externa que o provedor não sustenta;openspec/changes/hub-interoperabilidade-v4/specs/decisoes-e-governanca/spec.md;135;3b5ec8c9c711dfb054920727b984269b5f08a98375a8416d9756a5d2434a88df;REVALIDAR_PROVA;Inventário não é resultado de execução.
V4:DEC-05:S006;DEC-05;v4;GAP-15 (Crítica) impede confundir texto completo com disponibilidade comprovada;openspec/changes/hub-interoperabilidade-v4/specs/decisoes-e-governanca/spec.md;140;c910ee574d8cb82a81919d09baa4b45ef99647d44734834ad9e4c927e7b2a151;REVALIDAR_PROVA;Inventário não é resultado de execução.
V4:OPE-01:S001;OPE-01;v4;Cálculo de operações pendentes e custo de polling;openspec/changes/hub-interoperabilidade-v4/specs/desempenho-e-operacao/spec.md;8;d49e97254c0bb3f1850fe9036705d24f411dd3664f8457248fd1e5cfff543969;REVALIDAR_PROVA;Inventário não é resultado de execução.
V4:OPE-01:S002;OPE-01;v4;Qualificação por perfil misto de carga;openspec/changes/hub-interoperabilidade-v4/specs/desempenho-e-operacao/spec.md;13;3b056475a54e3c835a8fe814581df8b446843d21f78cccef679d610483c1d29c;REVALIDAR_PROVA;Inventário não é resultado de execução.
V4:OPE-01:S003;OPE-01;v4;Ensaio isolado de arquivos grandes;openspec/changes/hub-interoperabilidade-v4/specs/desempenho-e-operacao/spec.md;18;9c0f86775d256de3e2def29b48e1025c54693776cedb3fa938de558e3b53fe0b;REVALIDAR_PROVA;Inventário não é resultado de execução.
V4:OPE-02:S001;OPE-02;v4;Consultas finais usam fonte autoritativa sem provedor;openspec/changes/hub-interoperabilidade-v4/specs/desempenho-e-operacao/spec.md;26;a5aaf50e91bc4e0c5710d629e58342aa945d3d7125e68511068afbe493d0b097;REVALIDAR_PROVA;Inventário não é resultado de execução.
V4:OPE-02:S002;OPE-02;v4;Cache opcional não vira fonte única de correlação;openspec/changes/hub-interoperabilidade-v4/specs/desempenho-e-operacao/spec.md;31;f8ebcc245396ddb660eae9602e745e841ca6c6a3d37883c0d7d6df5b2921c88f;REVALIDAR_PROVA;Inventário não é resultado de execução.
V4:OPE-02:S003;OPE-02;v4;Orçamento justo de conexões sob autoscaling;openspec/changes/hub-interoperabilidade-v4/specs/desempenho-e-operacao/spec.md;36;7a154b1a93cf2987853346dbb019dd15c2efa5367b5f492bc87f7d0e5d559767;REVALIDAR_PROVA;Inventário não é resultado de execução.
V4:OPE-03:S001;OPE-03;v4;Disponibilidade de admissão e GET local;openspec/changes/hub-interoperabilidade-v4/specs/desempenho-e-operacao/spec.md;44;2238d89bcbd19f22ad67eabf10c592aba83c911a9201bcb2ff982e09eca5d4bf;REVALIDAR_PROVA;Inventário não é resultado de execução.
V4:OPE-03:S002;OPE-03;v4;Latência de aceite ASYNC e consulta de resultado local;openspec/changes/hub-interoperabilidade-v4/specs/desempenho-e-operacao/spec.md;49;a65d50b294fb16b6a3d9f1f621d91071d91ab4912d7debf7a0038dc90594058f;REVALIDAR_PROVA;Inventário não é resultado de execução.
V4:OPE-03:S003;OPE-03;v4;Final ASYNC, primeira tentativa de webhook e atualidade financeira;openspec/changes/hub-interoperabilidade-v4/specs/desempenho-e-operacao/spec.md;54;deb3e94bb3d5ec3e192494c5536b77130e51a9e762e2de9f8078e941e8a799ce;REVALIDAR_PROVA;Inventário não é resultado de execução.
V4:OPE-03:S004;OPE-03;v4;RTO de zona e de região não substituem qualificação crítica;openspec/changes/hub-interoperabilidade-v4/specs/desempenho-e-operacao/spec.md;59;0a37bca306f96ca02ef948e7dea7b11f146081c94fcc34eaba59266c55dfac2a;REVALIDAR_PROVA;Inventário não é resultado de execução.
V4:OPE-04:S001;OPE-04;v4;Dependências gerenciadas com HA real antes do gate ppd;openspec/changes/hub-interoperabilidade-v4/specs/desempenho-e-operacao/spec.md;67;27312812a2c01f6bffc0179ed11917502c053761151d637591c98c85b08668cf;REVALIDAR_PROVA;Inventário não é resultado de execução.
V4:OPE-04:S002;OPE-04;v4;Kind e emulação local não substituem serviços gerenciados;openspec/changes/hub-interoperabilidade-v4/specs/desempenho-e-operacao/spec.md;72;2bf088117857b7fc4162f281ea33cc4fb2c4f4ea618b593055dd884aea4bd377;REVALIDAR_PROVA;Inventário não é resultado de execução.
V4:OPE-04:S003;OPE-04;v4;Isolamento por célula complementa e não substitui separação de ambiente;openspec/changes/hub-interoperabilidade-v4/specs/desempenho-e-operacao/spec.md;77;a11b22831edb51ddf93cbb3cfb0f63913b4fc4f02dc7f530c0f969458d8cbeaa;REVALIDAR_PROVA;Inventário não é resultado de execução.
V4:OPE-05:S001;OPE-05;v4;Readiness por capacidade evita que falha de envio derrube leitura saudável;openspec/changes/hub-interoperabilidade-v4/specs/desempenho-e-operacao/spec.md;85;04c578e66d3aef09fe84e7bee6a2a43bbcfde1665de99a6a94bcc72600eaa6d3;REVALIDAR_PROVA;Inventário não é resultado de execução.
V4:OPE-05:S002;OPE-05;v4;Escala de workers por backlog e idade da obrigação;openspec/changes/hub-interoperabilidade-v4/specs/desempenho-e-operacao/spec.md;90;c9664f83231da3d1151dcdd66e9f601fe34a27fbf9b4b27caac10b13ff551d1d;REVALIDAR_PROVA;Inventário não é resultado de execução.
V4:OPE-05:S003;OPE-05;v4;Drenagem preserva UNKNOWN em chamada externa incerta;openspec/changes/hub-interoperabilidade-v4/specs/desempenho-e-operacao/spec.md;95;d3ea333e71a36d3781148d7af86575493a475e534f4af1f9103e739daa95dfd0;REVALIDAR_PROVA;Inventário não é resultado de execução.
V4:OPE-06:S001;OPE-06;v4;Alerta de outbox envelhecida preserva pendência;openspec/changes/hub-interoperabilidade-v4/specs/desempenho-e-operacao/spec.md;103;a5e9e222e9d3ad488eb5cfa64f6f6b55609a11eac1b0d91ddc285a0503d2efec;REVALIDAR_PROVA;Inventário não é resultado de execução.
V4:OPE-06:S002;OPE-06;v4;Divergência financeira bloqueia fechamento incompleto;openspec/changes/hub-interoperabilidade-v4/specs/desempenho-e-operacao/spec.md;108;4981750ff0adf82357111ef835edd4a98e136e04ac88f624eb59b6b2c07ddf03;REVALIDAR_PROVA;Inventário não é resultado de execução.
V4:OPE-06:S003;OPE-06;v4;Auditoria de negócio não depende de amostragem de trace;openspec/changes/hub-interoperabilidade-v4/specs/desempenho-e-operacao/spec.md;113;7ac66e6c3b49204a909be29a5f9c3a7c832731a542493a0f6912ec35feb3188e;REVALIDAR_PROVA;Inventário não é resultado de execução.
V4:OPE-07:S001;OPE-07;v4;Redução multiplicativa sob 429 e Retry-After;openspec/changes/hub-interoperabilidade-v4/specs/desempenho-e-operacao/spec.md;121;129562ff19874fbe49ae7d0245c50afdf86daa55f9ec4d6311bd28849fce64cd;REVALIDAR_PROVA;Inventário não é resultado de execução.
V4:OPE-07:S002;OPE-07;v4;Aumento gradual em janela saudável;openspec/changes/hub-interoperabilidade-v4/specs/desempenho-e-operacao/spec.md;126;7d16c3a14d8212322a0c37fa27b7fc61e02548f332a5aab827d7c2631184d8dd;REVALIDAR_PROVA;Inventário não é resultado de execução.
V4:OPE-07:S003;OPE-07;v4;Falha funcional não reduz capacidade global;openspec/changes/hub-interoperabilidade-v4/specs/desempenho-e-operacao/spec.md;131;03ec8b04d2867bd9d3fe74d659b94fec678fec98fa96327c28899b2de6e65864;REVALIDAR_PROVA;Inventário não é resultado de execução.
V4:OPE-07:S004;OPE-07;v4;Coordenação distribuída em mudança de líder;openspec/changes/hub-interoperabilidade-v4/specs/desempenho-e-operacao/spec.md;136;27858749e161786e9629c115d3321a4bc390c56e7be9dbc2b598383b10ba55ed;REVALIDAR_PROVA;Inventário não é resultado de execução.
V4:OPE-08:S001;OPE-08;v4;Classe Compartilhada protegida impõe limites por tenant;openspec/changes/hub-interoperabilidade-v4/specs/desempenho-e-operacao/spec.md;144;fd6ca42d39cdfd82a0f703a8370dbfbdc9db12be650170227fe884d6a264a8b9;REVALIDAR_PROVA;Inventário não é resultado de execução.
V4:OPE-08:S002;OPE-08;v4;Célula dedicada isola deployments e bancos;openspec/changes/hub-interoperabilidade-v4/specs/desempenho-e-operacao/spec.md;149;eeb5725fc71dd06987f6eef54cd475d7716772721fdeeeff98db461f6aec2162;REVALIDAR_PROVA;Inventário não é resultado de execução.
V4:OPE-08:S003;OPE-08;v4;Dedicada estrita não elimina falha externa global;openspec/changes/hub-interoperabilidade-v4/specs/desempenho-e-operacao/spec.md;154;00367fd536655c8042904f909712581107515d3684c14d604bde4ad9541d5ae9;REVALIDAR_PROVA;Inventário não é resultado de execução.
V4:OPE-08:S004;OPE-08;v4;Teste de ruído entre tenants;openspec/changes/hub-interoperabilidade-v4/specs/desempenho-e-operacao/spec.md;159;c0dd29398c646fdd69c2b84f496a99e6ed7e28b0fafb5c493894172ff101597b;REVALIDAR_PROVA;Inventário não é resultado de execução.
V4:OPE-09:S001;OPE-09;v4;Percentis ponta a ponta medidos no mesmo conjunto de requisições;openspec/changes/hub-interoperabilidade-v4/specs/desempenho-e-operacao/spec.md;167;a3310737c538dac5d9a7cd5d3aca08082be55f456c23f97e60de5e4c32386fe9;REVALIDAR_PROVA;Inventário não é resultado de execução.
V4:OPE-09:S002;OPE-09;v4;SYNC remove fila obrigatória sem remover outbox de fatos;openspec/changes/hub-interoperabilidade-v4/specs/desempenho-e-operacao/spec.md;172;c08bb6bff298ef0610ff9fb932557bbec7e67b373583d895451dba3fdb713a89;REVALIDAR_PROVA;Inventário não é resultado de execução.
V4:OPE-09:S003;OPE-09;v4;Reserva de finalização considera prazo e capacidade mínimos;openspec/changes/hub-interoperabilidade-v4/specs/desempenho-e-operacao/spec.md;177;90d9bedc391efd0e225b442bbdc41be41baed654154c32fbe5438239b92bc9cf;REVALIDAR_PROVA;Inventário não é resultado de execução.
V4:OPE-10:S001;OPE-10;v4;Taxa de quebra usa população elegível da coorte;openspec/changes/hub-interoperabilidade-v4/specs/desempenho-e-operacao/spec.md;185;7c46fe0ac7910c26a190aee317396401e8bb25b56c3db783828766f90400e542;REVALIDAR_PROVA;Inventário não é resultado de execução.
V4:OPE-10:S002;OPE-10;v4;Evidência de SLA durável e independente de amostragem;openspec/changes/hub-interoperabilidade-v4/specs/desempenho-e-operacao/spec.md;190;f299c13e2ae7af555cc0e4a0b1113c54eea81f7b06e1bc506aa7163bc1479ac9;REVALIDAR_PROVA;Inventário não é resultado de execução.
V4:OPE-10:S003;OPE-10;v4;Alerta preventivo de orçamento não é violação confirmada;openspec/changes/hub-interoperabilidade-v4/specs/desempenho-e-operacao/spec.md;195;b5afc7a3bc72ed41e3165fb3eb50f80fa0a0015ebd1af5884990a5c9145c3856;REVALIDAR_PROVA;Inventário não é resultado de execução.
V4:OPE-11:S001;OPE-11;v4;Reconciliação identifica lacuna como incidente;openspec/changes/hub-interoperabilidade-v4/specs/desempenho-e-operacao/spec.md;203;936b3677209beccdc033caeeb31da7c339262dc2464181842ab7d05b573ddffc;REVALIDAR_PROVA;Inventário não é resultado de execução.
V4:OPE-11:S002;OPE-11;v4;RPO zero regional exige persistência síncrona confirmada;openspec/changes/hub-interoperabilidade-v4/specs/desempenho-e-operacao/spec.md;208;adbbd80c7714038f4008ead87d82f6caeb29dacb2527ad40f21b3e4812be9c37;REVALIDAR_PROVA;Inventário não é resultado de execução.
V4:OPE-11:S003;OPE-11;v4;Operação ambígua preserva UNKNOWN sem inventar resultado;openspec/changes/hub-interoperabilidade-v4/specs/desempenho-e-operacao/spec.md;213;6bfaa87de0047cd165993a94b2355d5c814dcc589829607d4d141039affacd37;REVALIDAR_PROVA;Inventário não é resultado de execução.
V4:OPE-12:S001;OPE-12;v4;Expansão antecipa saturação de banco/célula;openspec/changes/hub-interoperabilidade-v4/specs/desempenho-e-operacao/spec.md;221;6c5b83a56b6f513aa0a81e3a4cb95b3572a4b280fed74a2d8f15ffd92a286db1;REVALIDAR_PROVA;Inventário não é resultado de execução.
V4:OPE-12:S002;OPE-12;v4;Controller de expansão indisponível não retira capacidade ativa;openspec/changes/hub-interoperabilidade-v4/specs/desempenho-e-operacao/spec.md;226;e902954bfb866131c1570e4a6cd1387ca0d0fba3439f6665ecd9f444f3a7eaba;REVALIDAR_PROVA;Inventário não é resultado de execução.
V4:OPE-12:S003;OPE-12;v4;Falha da autoridade de orçamento admite apenas concessões válidas;openspec/changes/hub-interoperabilidade-v4/specs/desempenho-e-operacao/spec.md;231;4387954cf3e7b5f292c6724784ddb80f63ca8ef235c94961dbe9e7d60d00939f;REVALIDAR_PROVA;Inventário não é resultado de execução.
V4:OPE-13:S001;OPE-13;v4;Indisponibilidade do Redis usa bypass sem informação crítica exclusiva;openspec/changes/hub-interoperabilidade-v4/specs/desempenho-e-operacao/spec.md;239;3be1dbf0616c8e140a35206d08f912718130ce7034aee712b4ddc0dd19a3ceda;REVALIDAR_PROVA;Inventário não é resultado de execução.
V4:OPE-13:S002;OPE-13;v4;Atlas indisponível mantém rotas conhecidas e bloqueia novo onboarding;openspec/changes/hub-interoperabilidade-v4/specs/desempenho-e-operacao/spec.md;244;d8371926d61e9281d8dd071bccdb3489d82cb2ddd40292d5bf45a46bcb2bd9ec;REVALIDAR_PROVA;Inventário não é resultado de execução.
V4:OPE-13:S003;OPE-13;v4;PostgreSQL core writer indisponível preserva finais confirmados sem novos efeitos sem posse;openspec/changes/hub-interoperabilidade-v4/specs/desempenho-e-operacao/spec.md;249;dfb459c1fd51a14e91558160c44efc083b3b4ab7796c4eb7e533af4739439cbb;REVALIDAR_PROVA;Inventário não é resultado de execução.
V4:OPE-13:S004;OPE-13;v4;Banco financeiro indisponível restringe reservas estritas;openspec/changes/hub-interoperabilidade-v4/specs/desempenho-e-operacao/spec.md;254;4798e297f7ee5e81cc174e9cd3f07058f16fec8d86e593e2fc96f907720abd19;REVALIDAR_PROVA;Inventário não é resultado de execução.
V4:OPE-13:S005;OPE-13;v4;SNS/SQS indisponível recusa ASYNC sem slot durável;openspec/changes/hub-interoperabilidade-v4/specs/desempenho-e-operacao/spec.md;259;4e6c6b1af9d4de7f36a05a580bbbf7a58d35a6d06befbb68977eb83a4a94c92f;REVALIDAR_PROVA;Inventário não é resultado de execução.
V4:OPE-13:S006;OPE-13;v4;S3 indisponível não finaliza sucesso com referência não confirmada;openspec/changes/hub-interoperabilidade-v4/specs/desempenho-e-operacao/spec.md;264;289ed6a838e0d07ee142d106d76c70dda205cb02afd1600119f07c5eec5c482a;REVALIDAR_PROVA;Inventário não é resultado de execução.
V4:OPE-13:S007;OPE-13;v4;Cofre/KMS indisponível bloqueia apenas o binding afetado;openspec/changes/hub-interoperabilidade-v4/specs/desempenho-e-operacao/spec.md;269;3ebf820d5b2f98e3c283f5aa44b00f758970c49b13babd110f93eebaefcd3a6d;REVALIDAR_PROVA;Inventário não é resultado de execução.
V4:OPE-13:S008;OPE-13;v4;IdP indisponível não emite nova identidade por conta própria;openspec/changes/hub-interoperabilidade-v4/specs/desempenho-e-operacao/spec.md;274;140200ec6b1c09c008299a76079ce4224de70147409828787c9e8303853a3dd8;REVALIDAR_PROVA;Inventário não é resultado de execução.
V4:OPE-13:S009;OPE-13;v4;Controlador de quota externa em partição nega novos tokens;openspec/changes/hub-interoperabilidade-v4/specs/desempenho-e-operacao/spec.md;279;8a04a56694321f8414db6350c0aa100d99be2b73399dd771b9a3859e1c4776a9;REVALIDAR_PROVA;Inventário não é resultado de execução.
V4:OPE-13:S010;OPE-13;v4;Provedor específico indisponível isola apenas o vínculo afetado;openspec/changes/hub-interoperabilidade-v4/specs/desempenho-e-operacao/spec.md;284;69aaf31642015be6e416d753eaba1b35ffbc85a5099272688f087f2489c42dc1;REVALIDAR_PROVA;Inventário não é resultado de execução.
V4:OPE-13:S011;OPE-13;v4;Webhook do cliente indisponível preserva obrigação sem reexecutar produto;openspec/changes/hub-interoperabilidade-v4/specs/desempenho-e-operacao/spec.md;289;60821ae78e1a49e186b2fae6a02517bddc8ea7e6c8e4574fd6759d9cafaaeb8b;REVALIDAR_PROVA;Inventário não é resultado de execução.
V4:OPE-13:S012;OPE-13;v4;Observabilidade indisponível não bloqueia auditoria de negócio;openspec/changes/hub-interoperabilidade-v4/specs/desempenho-e-operacao/spec.md;294;33a241835b611e977e2bec8fd65f0f7061193a7e23efc045b0a8c06bcea5b8a5;REVALIDAR_PROVA;Inventário não é resultado de execução.
V4:OPE-13:S013;OPE-13;v4;Kubernetes API/Crossplane/Karpenter indisponíveis mantêm workloads saudáveis;openspec/changes/hub-interoperabilidade-v4/specs/desempenho-e-operacao/spec.md;299;7641087df358a83a2f2db48ba719f82a0c6883768921c94243d0231e420a4617;REVALIDAR_PROVA;Inventário não é resultado de execução.
V4:OPE-14:S001;OPE-14;v4;Canary/rolling de APIs e workers preserva intenção;openspec/changes/hub-interoperabilidade-v4/specs/desempenho-e-operacao/spec.md;307;773f480127a42153f4e074b6b06e95967ded897a885013db209de1d2fb2114ee;REVALIDAR_PROVA;Inventário não é resultado de execução.
V4:OPE-14:S002;OPE-14;v4;"Manutenção de PostgreSQL demonstra RTO real, não apenas ""multi-AZ""";openspec/changes/hub-interoperabilidade-v4/specs/desempenho-e-operacao/spec.md;312;2e7a6319289e67552bc8c30a5ec0f3cf04b19c769e095524bbdda1172984dad2;REVALIDAR_PROVA;Inventário não é resultado de execução.
V4:OPE-14:S003;OPE-14;v4;Manutenção que excede orçamento síncrono é falha de disponibilidade;openspec/changes/hub-interoperabilidade-v4/specs/desempenho-e-operacao/spec.md;317;2d3380abf184535530025227f3510ff5afa7fccc506680c035e9ad9cde7bf4ff;REVALIDAR_PROVA;Inventário não é resultado de execução.
V4:OPE-15:S001;OPE-15;v4;99,99% mensal não prova adequação a impacto crítico;openspec/changes/hub-interoperabilidade-v4/specs/desempenho-e-operacao/spec.md;325;32b029b943a056c1ba283567d3d2fac137856acd914ad9baebec860fd52b196a;REVALIDAR_PROVA;Inventário não é resultado de execução.
V4:OPE-15:S002;OPE-15;v4;Perda de região com RPO zero exige autoridade transacional qualificada;openspec/changes/hub-interoperabilidade-v4/specs/desempenho-e-operacao/spec.md;330;d3e1823aaeaff4cec6d9401cf83f4dc53cb66cd6d021eb52385984a5d389684c;REVALIDAR_PROVA;Inventário não é resultado de execução.
V4:OPE-15:S003;OPE-15;v4;Durante partição regional apenas um lado aceita efeitos;openspec/changes/hub-interoperabilidade-v4/specs/desempenho-e-operacao/spec.md;335;d2cd9215fc9e85faed2d6ad94810fe2d8cd13ee51c6bce6c364d65da9ad77bc4;REVALIDAR_PROVA;Inventário não é resultado de execução.
V4:OPE-15:S004;OPE-15;v4;Contrato de contingência do consumidor define uso de resultado antigo;openspec/changes/hub-interoperabilidade-v4/specs/desempenho-e-operacao/spec.md;340;eae0b1badeb148fb8faa4bb362c3e85167f6225d7becfa447effe9f3b89b1eb8;REVALIDAR_PROVA;Inventário não é resultado de execução.
V4:EXE-01:S001;EXE-01;v4;Mesma chave e mesmo hash recuperam o protocolo existente;openspec/changes/hub-interoperabilidade-v4/specs/execucao-e-integracoes/spec.md;8;c6a8568946f8e42fabbed962795f710e4b10954e48e4402b97deaaf85c1cffba;REVALIDAR_PROVA;Inventário não é resultado de execução.
V4:EXE-01:S002;EXE-01;v4;Mesma chave com payload diferente retorna conflito;openspec/changes/hub-interoperabilidade-v4/specs/execucao-e-integracoes/spec.md;13;d62d98c168af89d176187ca282b0907e7fd1294d532386361b71973146fcc58a;REVALIDAR_PROVA;Inventário não é resultado de execução.
V4:EXE-01:S003;EXE-01;v4;Resposta perdida após commit é recuperada pela repetição da mesma chave;openspec/changes/hub-interoperabilidade-v4/specs/execucao-e-integracoes/spec.md;18;ce189c0fe2dae5e9da942f9dfd2f9f30efb71e4a8ca5fd83971ff2a4ef00df72;REVALIDAR_PROVA;Inventário não é resultado de execução.
V4:EXE-01:S004;EXE-01;v4;Ausência de banco de admissão impede confirmar aceite em memória;openspec/changes/hub-interoperabilidade-v4/specs/execucao-e-integracoes/spec.md;23;f1fcd4b4a605d47dd127673d51bf8d7f70e8024fa1e53ca117b83361e0471746;REVALIDAR_PROVA;Inventário não é resultado de execução.
V4:EXE-02:S001;EXE-02;v4;Provedor síncrono em SYNC não converte para 202;openspec/changes/hub-interoperabilidade-v4/specs/execucao-e-integracoes/spec.md;31;c0cfa0c4f1de11f38cbc7f29d1254d3153681432adfed8193b3f269ba279b5b7;REVALIDAR_PROVA;Inventário não é resultado de execução.
V4:EXE-02:S002;EXE-02;v4;Provedor síncrono em AUTO aguarda fila sem equivaler a SYNC;openspec/changes/hub-interoperabilidade-v4/specs/execucao-e-integracoes/spec.md;36;a418c0aa844c73d148f0e640cc0326add798bd495fa2b5ba4b8ed23a30b9b3df;REVALIDAR_PROVA;Inventário não é resultado de execução.
V4:EXE-02:S003;EXE-02;v4;Prazo SYNC esgotado retorna 504 com final de expiração já persistido;openspec/changes/hub-interoperabilidade-v4/specs/execucao-e-integracoes/spec.md;41;7a8ffcfe47228eba525d256632863fb7f41ba17384bf228fc6112fdb2c5d6f23;REVALIDAR_PROVA;Inventário não é resultado de execução.
V4:EXE-02:S004;EXE-02;v4;Provedor assíncrono em SYNC não é ofertado sem nova decisão;openspec/changes/hub-interoperabilidade-v4/specs/execucao-e-integracoes/spec.md;46;8c4893fe36189564fe53fcd7365b43b3998a025ef73352f0aa273d59616cc970;REVALIDAR_PROVA;Inventário não é resultado de execução.
V4:EXE-03:S001;EXE-03;v4;Cometa decide o fato externo, Órbita decide a conclusão do passo;openspec/changes/hub-interoperabilidade-v4/specs/execucao-e-integracoes/spec.md;54;e6123ccf37a279f375057f9a8bec0d1bf5e3e6841bde8b7b61de9fcc22e20a12;REVALIDAR_PROVA;Inventário não é resultado de execução.
V4:EXE-03:S002;EXE-03;v4;UNKNOWN não vira FAILED por conveniência;openspec/changes/hub-interoperabilidade-v4/specs/execucao-e-integracoes/spec.md;59;512e5c68c462d3c5562d5cef87c9f4637aa5c67126c7df653bf8886c1e3849a6;REVALIDAR_PROVA;Inventário não é resultado de execução.
V4:EXE-03:S003;EXE-03;v4;CANCELLED exige inexistência comprovada de efeitos pendentes;openspec/changes/hub-interoperabilidade-v4/specs/execucao-e-integracoes/spec.md;64;cff459318dbd1dd7ac2247460ef1a796b4bb66c49040acaf0f1447e183f03795;REVALIDAR_PROVA;Inventário não é resultado de execução.
V4:EXE-03:S004;EXE-03;v4;Evento intermediário atrasado não regride estado final;openspec/changes/hub-interoperabilidade-v4/specs/execucao-e-integracoes/spec.md;69;fe735609621c20821e72b79b49e9540222962965b831d8c6ad048ce8d9c1887a;REVALIDAR_PROVA;Inventário não é resultado de execução.
V4:EXE-04:S001;EXE-04;v4;Callback sem correlação vira UNCORRELATED, não associado por heurística;openspec/changes/hub-interoperabilidade-v4/specs/execucao-e-integracoes/spec.md;77;0ded7f6e4f0a8303a11b853e42c39ce8146f29ec7ebf7544b7f6758471dbc8a9;REVALIDAR_PROVA;Inventário não é resultado de execução.
V4:EXE-04:S002;EXE-04;v4;Troca autorizada de provedor cria nova operação vinculada ao mesmo passo;openspec/changes/hub-interoperabilidade-v4/specs/execucao-e-integracoes/spec.md;82;66064b2313c809db8073b60c2777956aaedf1bacc2d257d183cc65194ad99b4a;REVALIDAR_PROVA;Inventário não é resultado de execução.
V4:EXE-04:S003;EXE-04;v4;Crash após envio sem resposta persistida exige reconstrução, não invenção de final;openspec/changes/hub-interoperabilidade-v4/specs/execucao-e-integracoes/spec.md;87;f76481e7e86f8345c5629add065ef1cbe324eea2b2a73ed6bb209033b2871bbb;REVALIDAR_PROVA;Inventário não é resultado de execução.
V4:EXE-05:S001;EXE-05;v4;Defaults propostos não se aplicam sem aprovação do vínculo;openspec/changes/hub-interoperabilidade-v4/specs/execucao-e-integracoes/spec.md;95;7ba15446a1cfaf570f594b75cb7e134255c402f5c1e7f4404bf66ece0a24747b;REVALIDAR_PROVA;Inventário não é resultado de execução.
V4:EXE-05:S002;EXE-05;v4;Retry-After respeitado dentro do prazo, expiração tratada além do deadline;openspec/changes/hub-interoperabilidade-v4/specs/execucao-e-integracoes/spec.md;100;152040aa5d1db31869834f3d294a78dbbd838d48bd1407ca75125b7f4694eb14;REVALIDAR_PROVA;Inventário não é resultado de execução.
V4:EXE-05:S003;EXE-05;v4;Worker reclama trabalho de forma exclusiva sem manter transação dormindo;openspec/changes/hub-interoperabilidade-v4/specs/execucao-e-integracoes/spec.md;105;ef844b4a177fa0996648e1cef25b4b084ef8d764c2992a08b49a53676997c299;REVALIDAR_PROVA;Inventário não é resultado de execução.
V4:EXE-05:S004;EXE-05;v4;Pausar polling não cancela a operação nem apaga o prazo;openspec/changes/hub-interoperabilidade-v4/specs/execucao-e-integracoes/spec.md;110;68dcf46a8f3591e53e29037cfa538f085d36becd7c23a5d28193bced0d376ed6;REVALIDAR_PROVA;Inventário não é resultado de execução.
V4:EXE-06:S001;EXE-06;v4;Callback e polling com o mesmo final aplicam transição única;openspec/changes/hub-interoperabilidade-v4/specs/execucao-e-integracoes/spec.md;118;ab8344562935db0af8d8b9298b8e9a51b0e6c4d0b495a4db93ed75c8005558d7;REVALIDAR_PROVA;Inventário não é resultado de execução.
V4:EXE-06:S002;EXE-06;v4;Finais conflitantes preservam ambos e marcam CONFLICT;openspec/changes/hub-interoperabilidade-v4/specs/execucao-e-integracoes/spec.md;123;61b198390cd4ce9ec449840cd3b30ae75ee28bf1fd0a4ff9f7c640e5e0c1a074;REVALIDAR_PROVA;Inventário não é resultado de execução.
V4:EXE-06:S003;EXE-06;v4;"""Não encontrado"" logo após submit usa janela documentada, sem reiniciar às cegas";openspec/changes/hub-interoperabilidade-v4/specs/execucao-e-integracoes/spec.md;128;32d4252b6240d76e45da2c8f5868e9e331460b79db1580eb15c4d6bc1dd2200e;REVALIDAR_PROVA;Inventário não é resultado de execução.
V4:EXE-07:S001;EXE-07;v4;Consultar resultado expurgado retorna 410 sem nova busca externa;openspec/changes/hub-interoperabilidade-v4/specs/execucao-e-integracoes/spec.md;136;66766a7e3a87fe541e14cdee5685e9c4b801ad21d0a26b5dc8cdca27fefa1bdd;REVALIDAR_PROVA;Inventário não é resultado de execução.
V4:EXE-07:S002;EXE-07;v4;Solicitar cancelamento registra intenção durável sem afirmar conclusão externa;openspec/changes/hub-interoperabilidade-v4/specs/execucao-e-integracoes/spec.md;141;e3894bea7b811e49d48f29d5d53f619e2e1e95142f90d17aad5a14bacb63602f;REVALIDAR_PROVA;Inventário não é resultado de execução.
V4:EXE-07:S003;EXE-07;v4;Consultas públicas não incrementam o medidor de execução do provedor;openspec/changes/hub-interoperabilidade-v4/specs/execucao-e-integracoes/spec.md;146;662fc38bb7bd1fa0592e1b4a04a9480eba40cd872acb84aae08e25549948a7e2;REVALIDAR_PROVA;Inventário não é resultado de execução.
V4:EXE-07:S004;EXE-07;v4;Atualizar/reexecutar cria novo protocolo com referência ao anterior;openspec/changes/hub-interoperabilidade-v4/specs/execucao-e-integracoes/spec.md;151;d5a1a2e6e5314adf9e035afc2c03aa4246fffaab2e0eeb5bb28050900f2cd6b0;REVALIDAR_PROVA;Inventário não é resultado de execução.
V4:EXE-08:S001;EXE-08;v4;Recibo é persistido antes da resposta 2xx ao provedor;openspec/changes/hub-interoperabilidade-v4/specs/execucao-e-integracoes/spec.md;159;a059d0de6d2a79c59cd3d5cf62bc2abd04be039a067ec404364f4c666d190436;REVALIDAR_PROVA;Inventário não é resultado de execução.
V4:EXE-08:S002;EXE-08;v4;Destino de webhook precisa estar previamente cadastrado, sem URL arbitrária por pedido;openspec/changes/hub-interoperabilidade-v4/specs/execucao-e-integracoes/spec.md;164;69d4dbd8cf59d549318f1e84df3898c48347fb591a43bc5a09cbcbea0d459fb5;REVALIDAR_PROVA;Inventário não é resultado de execução.
V4:EXE-08:S003;EXE-08;v4;Erros de entrega são classificados por família de status HTTP;openspec/changes/hub-interoperabilidade-v4/specs/execucao-e-integracoes/spec.md;169;9291a4bdff4a3b81dca288fe5254f5c574a2d8fc9d6f2bd3aeeb9ceb02a7b169;REVALIDAR_PROVA;Inventário não é resultado de execução.
V4:EXE-08:S004;EXE-08;v4;Esgotamento das tentativas gera EXHAUSTED e alerta, resultado permanece disponível;openspec/changes/hub-interoperabilidade-v4/specs/execucao-e-integracoes/spec.md;174;fc332d515fce998435a955abb19ba6732cb8ad8d5554385cd5c59069073e7940;REVALIDAR_PROVA;Inventário não é resultado de execução.
V4:EXE-09:S001;EXE-09;v4;Falha anterior ao envio permite retry seguro;openspec/changes/hub-interoperabilidade-v4/specs/execucao-e-integracoes/spec.md;182;52790977542c76c1a0a1fa71c2b79d0ca87fb85a34478598bfad90b75938d592;REVALIDAR_PROVA;Inventário não é resultado de execução.
V4:EXE-09:S002;EXE-09;v4;Falha após envio possível exige UNKNOWN e consulta/reenvio idempotente ou reconciliação manual;openspec/changes/hub-interoperabilidade-v4/specs/execucao-e-integracoes/spec.md;187;f375cd1a7f6804bf87e595036913cd73d0153a6f01147a4c6b775188995673dc;REVALIDAR_PROVA;Inventário não é resultado de execução.
V4:EXE-09:S003;EXE-09;v4;Resultado tardio após encerramento por SLA não reabre o protocolo;openspec/changes/hub-interoperabilidade-v4/specs/execucao-e-integracoes/spec.md;192;a86dd0b20e4f2e59acfa3b0c3253619f946fed227a02f355582c59716aeab99d;REVALIDAR_PROVA;Inventário não é resultado de execução.
V4:EXE-09:S004;EXE-09;v4;DLQ é diagnóstico, não encerramento da obrigação;openspec/changes/hub-interoperabilidade-v4/specs/execucao-e-integracoes/spec.md;197;a3d227f90bfa2ca4aad63a99c70fa90d84db4e2d3353eb9b886a68b0bea98da3;REVALIDAR_PROVA;Inventário não é resultado de execução.
V4:EXE-10:S001;EXE-10;v4;Exemplo numérico de retry_until com TTL 60s e reserva final 5s;openspec/changes/hub-interoperabilidade-v4/specs/execucao-e-integracoes/spec.md;205;6732194a07f3e60095a909939b0c475e9658ffe439b9ed71c7c2d7638580af81;REVALIDAR_PROVA;Inventário não é resultado de execução.
V4:EXE-10:S002;EXE-10;v4;Zero desabilita retry de falha transitória;openspec/changes/hub-interoperabilidade-v4/specs/execucao-e-integracoes/spec.md;210;233cdebac608cb8250d7c080abab04720f9da6d262417d187400403ccfde3269;REVALIDAR_PROVA;Inventário não é resultado de execução.
V4:EXE-10:S003;EXE-10;v4;Reinício ou troca de provedor não redefine first_transient_at;openspec/changes/hub-interoperabilidade-v4/specs/execucao-e-integracoes/spec.md;215;5df6468f9d57b9b38abfb26f2f882460e431b0c8adf1c45fb866b7099a2969d3;REVALIDAR_PROVA;Inventário não é resultado de execução.
V4:EXE-10:S004;EXE-10;v4;Falha sem efeito até esgotar TTL antes do deadline resulta em FAILED com motivo específico;openspec/changes/hub-interoperabilidade-v4/specs/execucao-e-integracoes/spec.md;220;33ebe64762397ba1d723fa530454f5b4a73a3cafe97ad1237fb7052e001a1402;REVALIDAR_PROVA;Inventário não é resultado de execução.
V4:EXE-10:S005;EXE-10;v4;Fim do TTL não é, sozinho, causa de término quando o provedor volta a aceitar;openspec/changes/hub-interoperabilidade-v4/specs/execucao-e-integracoes/spec.md;225;402a55fd7a15398015cc570d9223219e8e4547a720d387f5d20ba69480f44fa4;REVALIDAR_PROVA;Inventário não é resultado de execução.
V4:EXE-11:S001;EXE-11;v4;Temporizador encerra o protocolo no deadline mesmo com polling saudável;openspec/changes/hub-interoperabilidade-v4/specs/execucao-e-integracoes/spec.md;233;ebc8fbcc19f6934dffb6b010dadb79278714cd2b9d1be0d337b63bb108722978;REVALIDAR_PROVA;Inventário não é resultado de execução.
V4:EXE-11:S002;EXE-11;v4;Igualdade exata ao deadline é tratada como atraso;openspec/changes/hub-interoperabilidade-v4/specs/execucao-e-integracoes/spec.md;238;53aa1fe7d08f233844a97ce72b63d3e504e7f953d80b07d5a2119ab7546ad5c9;REVALIDAR_PROVA;Inventário não é resultado de execução.
V4:EXE-11:S003;EXE-11;v4;Infraestrutura incapaz de confirmar elegibilidade temporal não emite sucesso;openspec/changes/hub-interoperabilidade-v4/specs/execucao-e-integracoes/spec.md;243;cdcc501fd83329da1367a9aff91d7f1b35d7fe18f904313308f127e1253c2ace;REVALIDAR_PROVA;Inventário não é resultado de execução.
V4:EXE-11:S004;EXE-11;v4;MONITOR_ONLY e REJECT_LATE aplicam políticas distintas sem afetar o deadline do cliente;openspec/changes/hub-interoperabilidade-v4/specs/execucao-e-integracoes/spec.md;248;42b329f71c036315e5ec83b45fb5cdc49ebf52ed65bdb8427a50cc0e1430ba63;REVALIDAR_PROVA;Inventário não é resultado de execução.
V4:EXE-12:S001;EXE-12;v4;Retorno tardio é persistido como REJECTED_LATE_SLA sem substituir o erro final;openspec/changes/hub-interoperabilidade-v4/specs/execucao-e-integracoes/spec.md;256;0db6f9e0962c18dcf34d4fab3d376e38d6d5ce58592d985dcfc4818c53d30d3d;REVALIDAR_PROVA;Inventário não é resultado de execução.
V4:EXE-12:S002;EXE-12;v4;Recusa pode responder 2xx ao provedor sem significar aceitação;openspec/changes/hub-interoperabilidade-v4/specs/execucao-e-integracoes/spec.md;261;8365f9073df6bf851ea420473d6be1350baec81252200772a696e79c473ad201;REVALIDAR_PROVA;Inventário não é resultado de execução.
V4:EXE-12:S003;EXE-12;v4;Reexecução solicitada cria novo protocolo, não reutiliza conteúdo rejeitado;openspec/changes/hub-interoperabilidade-v4/specs/execucao-e-integracoes/spec.md;266;6c934996a23587468a0cbf11b2f47913cf4f4a7b802bdeb379b9555fb1395535;REVALIDAR_PROVA;Inventário não é resultado de execução.
V4:EXE-12:S004;EXE-12;v4;GET e webhook de encerramento continuam devolvendo a representação de erro original;openspec/changes/hub-interoperabilidade-v4/specs/execucao-e-integracoes/spec.md;271;4d90648572ab19150752341974d47384121ba35f5c111abb8e2cb7089d9c3a63;REVALIDAR_PROVA;Inventário não é resultado de execução.
V4:EXE-13:S001;EXE-13;v4;Passos READY sem dependências pendentes são agendados em paralelo dentro de limites;openspec/changes/hub-interoperabilidade-v4/specs/execucao-e-integracoes/spec.md;279;7cec809cbfc13b4cef15733636e90a52173a4c7f89e47bc96bab01b8fd78eeea;REVALIDAR_PROVA;Inventário não é resultado de execução.
V4:EXE-13:S002;EXE-13;v4;Espera de polling/retry usa timers persistidos, não thread dedicada;openspec/changes/hub-interoperabilidade-v4/specs/execucao-e-integracoes/spec.md;284;7962acb45af606c18bd7f1e912103f74a0ef51771bdf5e125b7c231dec6cf590;REVALIDAR_PROVA;Inventário não é resultado de execução.
V4:EXE-13:S003;EXE-13;v4;Cancelar espera local não prova que o provedor cancelou a operação;openspec/changes/hub-interoperabilidade-v4/specs/execucao-e-integracoes/spec.md;289;03b57773c93919726b168298c89049b22abccf9148011ce0a2caa4dfd0cafb71;REVALIDAR_PROVA;Inventário não é resultado de execução.
V4:EXE-14:S001;EXE-14;v4;Pedido pode reduzir mas não ampliar connection_deadline_at;openspec/changes/hub-interoperabilidade-v4/specs/execucao-e-integracoes/spec.md;297;d85d8e5f8b0714ae85baf3dc351cd3c9b81a8e99483b49b2e717d6b018ac7754;REVALIDAR_PROVA;Inventário não é resultado de execução.
V4:EXE-14:S002;EXE-14;v4;SYNC não retorna 202 diante de fila, provedor lento ou banco em failover;openspec/changes/hub-interoperabilidade-v4/specs/execucao-e-integracoes/spec.md;302;8d4fdbf6c9cd3b0001a63c4e0273cdb97cb67524606ae3fa86a519a2532fe31c;REVALIDAR_PROVA;Inventário não é resultado de execução.
V4:EXE-14:S003;EXE-14;v4;Aceite que já consome o orçamento útil é recusado antes de efeito externo;openspec/changes/hub-interoperabilidade-v4/specs/execucao-e-integracoes/spec.md;307;3b1e0043ae5ab4bbdf01b4d688294bf9c7ab18ddb79a942161383cc365f3aa86;REVALIDAR_PROVA;Inventário não é resultado de execução.
V4:EXE-14:S004;EXE-14;v4;Fechamento da conexão interrompe espera local sem provar cancelamento do provedor;openspec/changes/hub-interoperabilidade-v4/specs/execucao-e-integracoes/spec.md;312;ca3afc3e34ae81535d516fc86196ca60da8ff03f50b745d5e856c5982a438b26;REVALIDAR_PROVA;Inventário não é resultado de execução.
V4:EXE-14:S005;EXE-14;v4;Mesmo corpo final é retornado na criação SYNC, no GET e no webhook;openspec/changes/hub-interoperabilidade-v4/specs/execucao-e-integracoes/spec.md;317;034591870828683c37a4f557b7939fffdfea619112690cbc67c1e7eb97936af1;REVALIDAR_PROVA;Inventário não é resultado de execução.
V4:EXE-15:S001;EXE-15;v4;Intenção DIRECT não é duplicada como comando de execução em SQS;openspec/changes/hub-interoperabilidade-v4/specs/execucao-e-integracoes/spec.md;325;25e5b2c1a2fb658ccf7292f9c19734f7ea943d795f19839469f4a79a92ca9ab9;REVALIDAR_PROVA;Inventário não é resultado de execução.
V4:EXE-15:S002;EXE-15;v4;Lease expirado sozinho não torna seguro um segundo submit;openspec/changes/hub-interoperabilidade-v4/specs/execucao-e-integracoes/spec.md;330;20e11071139072401182256b1d4c288f859c237d0982eddd3cd79513aebfa03e;REVALIDAR_PROVA;Inventário não é resultado de execução.
V4:EXE-15:S003;EXE-15;v4;Transferência para fila conserva command_id/operation_id sem mudar modo ou estender deadline;openspec/changes/hub-interoperabilidade-v4/specs/execucao-e-integracoes/spec.md;335;c60bb67bd5f87738d7c0834bb110e975397f435842055f2cf7022c6f3c288394;REVALIDAR_PROVA;Inventário não é resultado de execução.
V4:EXE-15:S004;EXE-15;v4;Crash após final do Cometa e antes da resposta direta é resolvido por leitura da operação existente;openspec/changes/hub-interoperabilidade-v4/specs/execucao-e-integracoes/spec.md;340;5dd353b2fb0702970ebf6c00b6820c2ecc72ca9b40c8ff8a1b84426d11dfd222;REVALIDAR_PROVA;Inventário não é resultado de execução.
V4:EXE-15:S005;EXE-15;v4;Em SYNC com conexão perdida, a obrigação durável continua sem prometer resposta à conexão encerrada;openspec/changes/hub-interoperabilidade-v4/specs/execucao-e-integracoes/spec.md;345;fd10f3d30caa8348b6d5b2ca7305f3760f5d14a2ff0a05dbdb81c0fef5cbc137;REVALIDAR_PROVA;Inventário não é resultado de execução.
V4:EXE-16:S001;EXE-16;v4;Repetição da mesma Idempotency-Key recupera o mesmo UUID mesmo sem resposta anterior recebida;openspec/changes/hub-interoperabilidade-v4/specs/execucao-e-integracoes/spec.md;353;2ece0bf27892c656afc1886caea63d7e1222f4929f32c8ab37fb2f87868817f5;REVALIDAR_PROVA;Inventário não é resultado de execução.
V4:EXE-16:S002;EXE-16;v4;Componente temporal do UUIDv7 não prova autorização nem commit;openspec/changes/hub-interoperabilidade-v4/specs/execucao-e-integracoes/spec.md;358;414e9f814e7b0b69e48b5bcfa23999ddb9a01b2158c9320c949841fa416b6d5d;REVALIDAR_PROVA;Inventário não é resultado de execução.
V4:EXE-16:S003;EXE-16;v4;Nenhuma credencial de cliente consulta outro tenant por conhecer o UUID;openspec/changes/hub-interoperabilidade-v4/specs/execucao-e-integracoes/spec.md;363;4ebb9aec5f84b5ed4d5146f21d7e6ffa26fb8db9c2c51c376ba287b6e015a8a1;REVALIDAR_PROVA;Inventário não é resultado de execução.
V4:EXE-16:S004;EXE-16;v4;Request_id técnico de pedido recusado antes do commit não é anunciado como protocolo aceito;openspec/changes/hub-interoperabilidade-v4/specs/execucao-e-integracoes/spec.md;368;e056c2bbaa32685b1c95ee11589a649a86abe26430c54f73389ed68f0d42a146;REVALIDAR_PROVA;Inventário não é resultado de execução.
V4:DAD-01:S001;DAD-01;v4;Isolamento entre domínios impede join, escrita cruzada e chave estrangeira;openspec/changes/hub-interoperabilidade-v4/specs/persistencia-e-dados/spec.md;8;5cd906ab2940c12bdd7e6b568516a06b5319ea5af913072b6b85c61fab29d203;REVALIDAR_PROVA;Inventário não é resultado de execução.
V4:DAD-01:S002;DAD-01;v4;Contrato de saldo estrito mantém uma única autoridade financeira ativa;openspec/changes/hub-interoperabilidade-v4/specs/persistencia-e-dados/spec.md;13;0b06da3c8e3eb17879ba9ce578b26a678b252e9970e7bcba0dbd8a99e04865ef;REVALIDAR_PROVA;Inventário não é resultado de execução.
V4:DAD-01:S003;DAD-01;v4;Ausência em réplica atrasada não é tratada como inexistência do registro;openspec/changes/hub-interoperabilidade-v4/specs/persistencia-e-dados/spec.md;18;f9eb9f12ea2a36353ffa3b6deba473ae5129652fea9ab7c1584e8c5b0e6c020f;REVALIDAR_PROVA;Inventário não é resultado de execução.
V4:DAD-02:S001;DAD-02;v4;Unicidade de idempotência do Protocolo é preservada sob concorrência;openspec/changes/hub-interoperabilidade-v4/specs/persistencia-e-dados/spec.md;26;1e1a2013e1457c6e9c121154ea4adab13240e84ea3abbfb99b6ca5fd68b76785;REVALIDAR_PROVA;Inventário não é resultado de execução.
V4:DAD-02:S002;DAD-02;v4;Resultado é imutável por versão e só o ponteiro atual muda com auditoria;openspec/changes/hub-interoperabilidade-v4/specs/persistencia-e-dados/spec.md;31;26b477ba44c85aaae6d98e58bee789f57c92018386e0b6bb4f07baec431a0afc;REVALIDAR_PROVA;Inventário não é resultado de execução.
V4:DAD-02:S003;DAD-02;v4;Campos de negócio consultados com frequência não ficam escondidos apenas em JSON;openspec/changes/hub-interoperabilidade-v4/specs/persistencia-e-dados/spec.md;36;6774d630461d6812608ace7dd70ae222347f83522989d57167384698e0a86dab;REVALIDAR_PROVA;Inventário não é resultado de execução.
V4:DAD-03:S001;DAD-03;v4;Admissão persiste protocolo, idempotência, pedido e intenção em uma única transação;openspec/changes/hub-interoperabilidade-v4/specs/persistencia-e-dados/spec.md;44;d5ae81942a90b6253bee934fba2d7ba6a388f75a00a0d76ea44821d466faf83d;REVALIDAR_PROVA;Inventário não é resultado de execução.
V4:DAD-03:S002;DAD-03;v4;Sistema não mantém transação aberta esperando resposta externa;openspec/changes/hub-interoperabilidade-v4/specs/persistencia-e-dados/spec.md;49;5912d9ff514cd0aae7e7c1126886e42ff7dae265fdef9bf87485633a9739180d;REVALIDAR_PROVA;Inventário não é resultado de execução.
V4:DAD-03:S003;DAD-03;v4;Atualização concorrente de estado é arbitrada por versão, e lease não neutraliza chamada já enviada ao provedor;openspec/changes/hub-interoperabilidade-v4/specs/persistencia-e-dados/spec.md;54;c03def3e53746ae8bcf729870792a5bfc709ada47bd0f3fbd26765fc98df6a12;REVALIDAR_PROVA;Inventário não é resultado de execução.
V4:DAD-04:S001;DAD-04;v4;GET do cliente nunca aciona consulta ao provedor, em qualquer estado do resultado;openspec/changes/hub-interoperabilidade-v4/specs/persistencia-e-dados/spec.md;62;749de78facac5bf9421ca6c363c3ff6a4dbe2aa064a84acdb144ac8078ae0d8b;REVALIDAR_PROVA;Inventário não é resultado de execução.
V4:DAD-04:S002;DAD-04;v4;Link temporário de provedor deve ser capturado pelo hub antes de ser considerado disponível;openspec/changes/hub-interoperabilidade-v4/specs/persistencia-e-dados/spec.md;67;e5020e449946197cb9fe99128269f416e2f24fce8c0cd275a91a5bac324afce0;REVALIDAR_PROVA;Inventário não é resultado de execução.
V4:DAD-04:S003;DAD-04;v4;Contrato que proíbe armazenamento bloqueia publicação sem decisão explícita;openspec/changes/hub-interoperabilidade-v4/specs/persistencia-e-dados/spec.md;72;b494157fdcfbf4a993ffd3086f13f000c617cf5c7ae742cd4a58e5b8d4f84683;REVALIDAR_PROVA;Inventário não é resultado de execução.
V4:DAD-04:S004;DAD-04;v4;"Resultado expurgado não recria o pedido e ""atualizar dados"" gera novo protocolo";openspec/changes/hub-interoperabilidade-v4/specs/persistencia-e-dados/spec.md;77;0f47e002d16c709080382c03de6003d280acbe0d954e712a0aa4649aad3d507c;REVALIDAR_PROVA;Inventário não é resultado de execução.
V4:DAD-05:S001;DAD-05;v4;Somente objeto no estado DISPONIVEL integra pedido executável;openspec/changes/hub-interoperabilidade-v4/specs/persistencia-e-dados/spec.md;85;46a0ec134039fc2825d060c8e2270aadca301c40e17ad7d2802778f6111247a7;REVALIDAR_PROVA;Inventário não é resultado de execução.
V4:DAD-05:S002;DAD-05;v4;Falha entre confirmação do objeto e gravação da referência gera órfão, não referência quebrada;openspec/changes/hub-interoperabilidade-v4/specs/persistencia-e-dados/spec.md;90;83f4f1dd24094599edb7e52cab9b75da4722fd011d0a9534ff6c1907b417c589;REVALIDAR_PROVA;Inventário não é resultado de execução.
V4:DAD-05:S003;DAD-05;v4;Saída obrigatória indisponível impede publicação de sucesso completo;openspec/changes/hub-interoperabilidade-v4/specs/persistencia-e-dados/spec.md;95;e10691e1137fa29e084f9f24a64bd02a79db2ff21e45643c3331288977329201;REVALIDAR_PROVA;Inventário não é resultado de execução.
V4:DAD-06:S001;DAD-06;v4;Serviço não é publicado sem prazo de retenção explícito;openspec/changes/hub-interoperabilidade-v4/specs/persistencia-e-dados/spec.md;103;36d21fc20e0867ec39362128bd06c71b60f05e3e619428acd278905e1e3557a3;REVALIDAR_PROVA;Inventário não é resultado de execução.
V4:DAD-06:S002;DAD-06;v4;Resultado necessário a entrega pendente não é removido antes do fim da janela contratual;openspec/changes/hub-interoperabilidade-v4/specs/persistencia-e-dados/spec.md;108;e9bb64369784b5737f7c823089513aaf1991024d989938d6d75bd2c08488dcfb;REVALIDAR_PROVA;Inventário não é resultado de execução.
V4:DAD-06:S003;DAD-06;v4;Exclusão em conflito com preservação é decidida pelo responsável pelos dados, sem contornar via tombstone;openspec/changes/hub-interoperabilidade-v4/specs/persistencia-e-dados/spec.md;113;39c1cc7ed718ea9ad3520d5badad81b3dd7d65617da6b44250b7d990d025475f;REVALIDAR_PROVA;Inventário não é resultado de execução.
V4:DAD-07:S001;DAD-07;v4;Conta de aplicação não possui BYPASSRLS e papel de migração é distinto do runtime;openspec/changes/hub-interoperabilidade-v4/specs/persistencia-e-dados/spec.md;121;53e6db4c999d69db054669dc356c4c2ebc49567abdd3861f543c9abcf9f2e7ca;REVALIDAR_PROVA;Inventário não é resultado de execução.
V4:DAD-07:S002;DAD-07;v4;Contexto de tenant em conexão reutilizada é limpo a cada uso do pool;openspec/changes/hub-interoperabilidade-v4/specs/persistencia-e-dados/spec.md;126;210e2cf58fdf7a8bc6f7d56ad2703e559f47c75b44599fc8f23f6e36d4c1b9ad;REVALIDAR_PROVA;Inventário não é resultado de execução.
V4:DAD-07:S003;DAD-07;v4;Restauração bloqueia efeitos externos e reconcilia antes de retomar, sem reexecutar todo o período;openspec/changes/hub-interoperabilidade-v4/specs/persistencia-e-dados/spec.md;131;e3b14687b9f084ca6ea9b4d7dc17e329b0acc70f4881aee074c56a09ba2601f4;REVALIDAR_PROVA;Inventário não é resultado de execução.
V4:DAD-08:S001;DAD-08;v4;Deadline absoluto do protocolo não é renovado por retry, mensagem ou migração;openspec/changes/hub-interoperabilidade-v4/specs/persistencia-e-dados/spec.md;139;ca9b359efc14f8a37de36127227cc90c043641372b000c9fff792b3ee96cd1f4;REVALIDAR_PROVA;Inventário não é resultado de execução.
V4:DAD-08:S002;DAD-08;v4;Timestamp do provedor é evidência separada e não substitui o relógio autoritativo do hub;openspec/changes/hub-interoperabilidade-v4/specs/persistencia-e-dados/spec.md;144;d597ab001ad18f7b3374624ff3ea002d8356b027971d71bc9ca90d8ec893ce26;REVALIDAR_PROVA;Inventário não é resultado de execução.
V4:DAD-08:S003;DAD-08;v4;Tentativa tardia permanece vinculada à operação, mas não reabre resposta de sucesso já expirada;openspec/changes/hub-interoperabilidade-v4/specs/persistencia-e-dados/spec.md;149;d682e46eed36c516af5538527110fb135bb79158113f824f95565ac897afe02c;REVALIDAR_PROVA;Inventário não é resultado de execução.
V4:DAD-08:S004;DAD-08;v4;Representação final do cliente não muda em replay de GET ou webhook;openspec/changes/hub-interoperabilidade-v4/specs/persistencia-e-dados/spec.md;154;906ba15a5cd0978ca5472f100cfcb48dd1bad9bd993bb1b8f0e7b285bb6e10e5;REVALIDAR_PROVA;Inventário não é resultado de execução.
V4:DAD-09:S001;DAD-09;v4;Fronteiras síncronas obrigatórias registram seus dados antes da resposta ao cliente;openspec/changes/hub-interoperabilidade-v4/specs/persistencia-e-dados/spec.md;162;4194f5b1d711e7e1c0221a014fe1fa3bb70f79aecb71fc5ed702632cc250040f;REVALIDAR_PROVA;Inventário não é resultado de execução.
V4:DAD-09:S002;DAD-09;v4;Commit com resposta perdida é tratado como incerto, consultando a mesma autoridade recuperada;openspec/changes/hub-interoperabilidade-v4/specs/persistencia-e-dados/spec.md;167;2cbb888be332a1f26ac163009933c6243b89c5bb5771a81cfebd2d94b3bc092e;REVALIDAR_PROVA;Inventário não é resultado de execução.
V4:DAD-09:S003;DAD-09;v4;Sistema não emite aceite fictício por escrita alternativa durante falha do writer;openspec/changes/hub-interoperabilidade-v4/specs/persistencia-e-dados/spec.md;172;893e796737d2f611f69a8d590c3dd2eed2ab1a12e0322de530f189debe88dd8e;REVALIDAR_PROVA;Inventário não é resultado de execução.
V4:DAD-10:S001;DAD-10;v4;Redis indisponível aciona bypass automático sem comprometer a corretude da leitura;openspec/changes/hub-interoperabilidade-v4/specs/persistencia-e-dados/spec.md;180;7b5922512bcebbf11d86b53bf896f09dcb29ef5baf23fab4af028114d97193d0;REVALIDAR_PROVA;Inventário não é resultado de execução.
V4:DAD-10:S002;DAD-10;v4;Réplica atrasada não gera 404 definitivo nem sucesso fabricado;openspec/changes/hub-interoperabilidade-v4/specs/persistencia-e-dados/spec.md;185;b2783ca2dc16f154c58f97ec939ad20c9777bd5009628c1fe46543809dcdcf73;REVALIDAR_PROVA;Inventário não é resultado de execução.
V4:DAD-10:S003;DAD-10;v4;Cache antigo de final revisável não prova atualidade para versão corrente;openspec/changes/hub-interoperabilidade-v4/specs/persistencia-e-dados/spec.md;190;419ebed8128082183db70c1148abb8736b2ac79d21964f98374708999806e15f;REVALIDAR_PROVA;Inventário não é resultado de execução.
V4:DAD-10:S004;DAD-10;v4;Autorização insuficiente suspende a leitura mesmo em fallback de cache;openspec/changes/hub-interoperabilidade-v4/specs/persistencia-e-dados/spec.md;195;0351c7fd12e6bdf342a732a4616376834ba76cb81a437c2b302774bf3ee5a524;REVALIDAR_PROVA;Inventário não é resultado de execução.
V4:DAD-11:S001;DAD-11;v4;Novo tenant é alocado em célula pronta sem infraestrutura exclusiva;openspec/changes/hub-interoperabilidade-v4/specs/persistencia-e-dados/spec.md;203;fdfb7f33b02d8ffafb0bfaa1446dcc3825d7b26b454bcffffadce66dcac04807;REVALIDAR_PROVA;Inventário não é resultado de execução.
V4:DAD-11:S002;DAD-11;v4;Cliente não seleciona célula por header, e o caminho habitual não consulta diretório global;openspec/changes/hub-interoperabilidade-v4/specs/persistencia-e-dados/spec.md;208;61518c4f4aa4dcb02b8c0660472c83b1a255d3452bcf63565f5c8caed82d0f9e;REVALIDAR_PROVA;Inventário não é resultado de execução.
V4:DAD-11:S003;DAD-11;v4;Migração é abortada e autoridade antiga é mantida quando o orçamento homologado não é atendido;openspec/changes/hub-interoperabilidade-v4/specs/persistencia-e-dados/spec.md;213;7c741fb343a903ace5c129f272fce802a8567a8ceeb286ce8d1f5956f8c3883f;REVALIDAR_PROVA;Inventário não é resultado de execução.
V4:DAD-11:S004;DAD-11;v4;Fragmentação de saldo entre múltiplas células ativas não é comportamento implícito;openspec/changes/hub-interoperabilidade-v4/specs/persistencia-e-dados/spec.md;218;1f6c5bb974b6ccd751839460d4e2ac8edadc4e5f27b58b6217877d31aeda6bf1;REVALIDAR_PROVA;Inventário não é resultado de execução.
V4:QUA-01:S001;QUA-01;v4;Matriz de rastreabilidade nasce com status NÃO EXECUTADO;openspec/changes/hub-interoperabilidade-v4/specs/qualidade-e-aceite/spec.md;8;1439159c004a8b63ff43ea48e8ad3b1c42f2af9c61d00ae572fd2992a00d355d;REVALIDAR_PROVA;Inventário não é resultado de execução.
V4:QUA-01:S002;QUA-01;v4;Cobertura de código alta não substitui cobertura de risco;openspec/changes/hub-interoperabilidade-v4/specs/qualidade-e-aceite/spec.md;13;bd57d57925425178f6d5a4ec7c388f6ee7a7dc6a489184f7d1949684bf933433;REVALIDAR_PROVA;Inventário não é resultado de execução.
V4:QUA-01:S003;QUA-01;v4;Coleção sintética de referência contém os casos obrigatórios;openspec/changes/hub-interoperabilidade-v4/specs/qualidade-e-aceite/spec.md;18;fa7eabceb6560d02eca954c47ea90c99c2643b16b3cbfc34ebda82a210d9a4ec;REVALIDAR_PROVA;Inventário não é resultado de execução.
V4:QUA-01:S004;QUA-01;v4;Homologação usa sandbox real para capacidades não simuláveis;openspec/changes/hub-interoperabilidade-v4/specs/qualidade-e-aceite/spec.md;23;b8a3bc624dc55db99bd03d9c52420e144b9649502294776c7bf71a72deebb8bc;REVALIDAR_PROVA;Inventário não é resultado de execução.
V4:QUA-02:S001;QUA-02;v4;Commit sem resposta ao cliente preserva idempotência;openspec/changes/hub-interoperabilidade-v4/specs/qualidade-e-aceite/spec.md;31;85f85da3a0254ae4b1eab0af3ddec0a6872a100728cb3e30100d128662ffd058;REVALIDAR_PROVA;Inventário não é resultado de execução.
V4:QUA-02:S002;QUA-02;v4;Banco gravado com broker fora preserva o outbox;openspec/changes/hub-interoperabilidade-v4/specs/qualidade-e-aceite/spec.md;36;bedcd607375bf137e852b4b4efbd5f7360b55b0e159c63986ed55a8fabe4db68;REVALIDAR_PROVA;Inventário não é resultado de execução.
V4:QUA-02:S003;QUA-02;v4;Timeout externo ambíguo resulta em UNKNOWN sem failover indevido;openspec/changes/hub-interoperabilidade-v4/specs/qualidade-e-aceite/spec.md;41;5e337789099c719de8b51ac59f46b32ec44b45c8ec14cd102b79c077f2e0791a;REVALIDAR_PROVA;Inventário não é resultado de execução.
V4:QUA-02:S004;QUA-02;v4;Callback e polling simultâneos produzem uma única conclusão;openspec/changes/hub-interoperabilidade-v4/specs/qualidade-e-aceite/spec.md;46;86c12491cd971d99899583aba5c53f148b01be4f88139fa99a4999dac97656b0;REVALIDAR_PROVA;Inventário não é resultado de execução.
V4:QUA-02:S005;QUA-02;v4;Quota de provedor compartilhada respeita limite global sob escala horizontal;openspec/changes/hub-interoperabilidade-v4/specs/qualidade-e-aceite/spec.md;51;3ce72bf197448b8308250ddf43e196bd8ba6d77de4209b5258cf851ab6a3d2c8;REVALIDAR_PROVA;Inventário não é resultado de execução.
V4:QUA-02:S006;QUA-02;v4;Saldo disputado não excede o limite estrito do contrato;openspec/changes/hub-interoperabilidade-v4/specs/qualidade-e-aceite/spec.md;56;0b8f3e64d5b3bc4730ab2e6cb0219c7fad718fd6da4b9ba16f9b2e629c4c270f;REVALIDAR_PROVA;Inventário não é resultado de execução.
V4:QUA-02:S007;QUA-02;v4;Webhook indisponível não gera reexecução indevida;openspec/changes/hub-interoperabilidade-v4/specs/qualidade-e-aceite/spec.md;61;e04c26015cb1e34ba30f196092158a71f24a7f8e3c9165d05d27ee8d7f6e91ab;REVALIDAR_PROVA;Inventário não é resultado de execução.
V4:QUA-02:S008;QUA-02;v4;Restauração de backup com efeitos externos já realizados bloqueia saída até reconciliar;openspec/changes/hub-interoperabilidade-v4/specs/qualidade-e-aceite/spec.md;66;2c90fe2b6a30044429b1b0e3be85973b6cc4d97b30ac7092ddf072213f7c1665;REVALIDAR_PROVA;Inventário não é resultado de execução.
V4:QUA-02:S009;QUA-02;v4;Casos adicionais de segurança e contrato são cobertos além da tabela principal;openspec/changes/hub-interoperabilidade-v4/specs/qualidade-e-aceite/spec.md;71;5e5276b3a6075f295bdf7f2d98d997cb539008e8d75ac48d492ec4ae7b1466d9;REVALIDAR_PROVA;Inventário não é resultado de execução.
V4:QUA-03:S001;QUA-03;v4;Relatório de desempenho incompleto não qualifica um SLO;openspec/changes/hub-interoperabilidade-v4/specs/qualidade-e-aceite/spec.md;79;785a5ddae554834d141ba03875d51a967e8b8d10b9e451dae6dbcfb06b2298a0;REVALIDAR_PROVA;Inventário não é resultado de execução.
V4:QUA-03:S002;QUA-03;v4;"""Fila vazia"" não prova ausência de perda";openspec/changes/hub-interoperabilidade-v4/specs/qualidade-e-aceite/spec.md;84;0746358f9089cbf8c49b4784cdd12acbed67198b923822c628988ca7fffc5748;REVALIDAR_PROVA;Inventário não é resultado de execução.
V4:QUA-03:S003;QUA-03;v4;Faturamento é validado por calculadora independente antes do aceite;openspec/changes/hub-interoperabilidade-v4/specs/qualidade-e-aceite/spec.md;89;b5aeb4412c484e526277894146ab01eeb495e62ca42ff6afaba6d334bfe4e0f2;REVALIDAR_PROVA;Inventário não é resultado de execução.
V4:QUA-03:S004;QUA-03;v4;Consulta local (GET) não gera nova chamada ao provedor;openspec/changes/hub-interoperabilidade-v4/specs/qualidade-e-aceite/spec.md;94;41a1914639cf826eddbd7ec0744d149610a1cd6e0325d49a09b78fa453529542;REVALIDAR_PROVA;Inventário não é resultado de execução.
V4:QUA-03:S005;QUA-03;v4;Bloqueador de release não é reclassificado para cumprir prazo;openspec/changes/hub-interoperabilidade-v4/specs/qualidade-e-aceite/spec.md;99;d42ad39f90ce9429929abba5d95f1f1f3925f12abd9e836483dc7cae9291b4c4;REVALIDAR_PROVA;Inventário não é resultado de execução.
V4:QUA-04:S001;QUA-04;v4;G0 não exige conta de produção para fatia sintética;openspec/changes/hub-interoperabilidade-v4/specs/qualidade-e-aceite/spec.md;107;1daf07c462570fc9aa88827dd7e2cc8c3991444f0baaf706642f60344d08ca8a;REVALIDAR_PROVA;Inventário não é resultado de execução.
V4:QUA-04:S002;QUA-04;v4;G2 bloqueia promoção sem testes negativos entre tenants aprovados;openspec/changes/hub-interoperabilidade-v4/specs/qualidade-e-aceite/spec.md;112;6068e3ffc02bb43efdaa11ee2eb50f957b2093cb6e90392e4e66476c64c74201;REVALIDAR_PROVA;Inventário não é resultado de execução.
V4:QUA-04:S003;QUA-04;v4;G3 exige o mesmo artefato de produção e prova correspondente ao RPO assumido;openspec/changes/hub-interoperabilidade-v4/specs/qualidade-e-aceite/spec.md;117;8230a7a891643710f4eea0e5c80a5d496cbaf61475f814770c1eea740f052762;REVALIDAR_PROVA;Inventário não é resultado de execução.
V4:QUA-04:S004;QUA-04;v4;"G4 não declara produção pronta com endpoints ""não implementado""";openspec/changes/hub-interoperabilidade-v4/specs/qualidade-e-aceite/spec.md;122;1a6e3c9510bd973f261c9d56df0f0a6f7fd3de02d0df3e931e66320b3328b224;REVALIDAR_PROVA;Inventário não é resultado de execução.
V4:QUA-04:S005;QUA-04;v4;Oferta crítica em G4 exige perfil OPE-15 e cenários QUA-06 aprovados;openspec/changes/hub-interoperabilidade-v4/specs/qualidade-e-aceite/spec.md;127;7e3b741ef71d9b05d87b7c2578dfe720a32850e91a073ee25f1ef35398baef03;REVALIDAR_PROVA;Inventário não é resultado de execução.
V4:QUA-05:S001;QUA-05;v4;TTL contínuo mantém a mesma janela através de reinício e troca de worker;openspec/changes/hub-interoperabilidade-v4/specs/qualidade-e-aceite/spec.md;135;454a4bc60a7e40458c90691ee958210792b20986555c8f95dc26bb580f32e17e;REVALIDAR_PROVA;Inventário não é resultado de execução.
V4:QUA-05:S002;QUA-05;v4;TTL zero e erro permanente não geram repetição indevida;openspec/changes/hub-interoperabilidade-v4/specs/qualidade-e-aceite/spec.md;140;df6d96bf4878376c90efa08a476e072a0280347622bab4ee940d6264c4702699;REVALIDAR_PROVA;Inventário não é resultado de execução.
V4:QUA-05:S003;QUA-05;v4;Provedor lento sem falhas HTTP resulta em expiração explícita, não em sucesso tardio;openspec/changes/hub-interoperabilidade-v4/specs/qualidade-e-aceite/spec.md;145;2fc44b431c367566abe741ecf1ee2d1e1d2dc69873d8ac67ae507d55bc5ff2c6;REVALIDAR_PROVA;Inventário não é resultado de execução.
V4:QUA-05:S004;QUA-05;v4;Fronteira temporal do deadline produz um único final;openspec/changes/hub-interoperabilidade-v4/specs/qualidade-e-aceite/spec.md;150;67c26d0a2ebc07e69b112c9f4c3a5a07628c1adb1de989dfbce08e740d5d77f1;REVALIDAR_PROVA;Inventário não é resultado de execução.
V4:QUA-05:S005;QUA-05;v4;Retorno tardio com impacto financeiro não gera receita de sucesso;openspec/changes/hub-interoperabilidade-v4/specs/qualidade-e-aceite/spec.md;155;52e8eff63a6a9e7556a1623919726662310757f99a68e9e275ff33365c30d7e0;REVALIDAR_PROVA;Inventário não é resultado de execução.
V4:QUA-05:S006;QUA-05;v4;Pressão variável ajusta o limite efetivo sem ultrapassar o teto;openspec/changes/hub-interoperabilidade-v4/specs/qualidade-e-aceite/spec.md;160;b15c8584a3c7f07be93927ac95a001c639e54004dda9957f894a93e492799dfd;REVALIDAR_PROVA;Inventário não é resultado de execução.
V4:QUA-05:S007;QUA-05;v4;Múltiplas réplicas do Cometa respeitam a quota agregada com fencing;openspec/changes/hub-interoperabilidade-v4/specs/qualidade-e-aceite/spec.md;165;efba0a368fe06c756798cf6a0ef32101fb2399a52f75780cc291df09ca794681;REVALIDAR_PROVA;Inventário não é resultado de execução.
V4:QUA-05:S008;QUA-05;v4;Cliente ruidoso não consome a reserva de outro tenant;openspec/changes/hub-interoperabilidade-v4/specs/qualidade-e-aceite/spec.md;170;ddbc30b86b3b03b85e6b22432e21893a41ca7db93438ed2ae66a96679e0ea01f;REVALIDAR_PROVA;Inventário não é resultado de execução.
V4:QUA-05:S009;QUA-05;v4;Administração entre tenants nega cliente e audita administrador;openspec/changes/hub-interoperabilidade-v4/specs/qualidade-e-aceite/spec.md;175;1e986690a0562fee5a9f536e6021b42482ea3d1ea2e114a1ff885126e60da3f5;REVALIDAR_PROVA;Inventário não é resultado de execução.
V4:QUA-05:S010;QUA-05;v4;Preservação de fatos confirmados após falha correlacionada;openspec/changes/hub-interoperabilidade-v4/specs/qualidade-e-aceite/spec.md;180;75fc5ada6f6de1282f956cf0f10a2a8a3900ee0f0b45dc1f1f6f0ec1c2938fcb;REVALIDAR_PROVA;Inventário não é resultado de execução.
V4:QUA-06:S001;QUA-06;v4;SYNC nativo conclui na mesma conexão com broker cortado;openspec/changes/hub-interoperabilidade-v4/specs/qualidade-e-aceite/spec.md;188;0af231be045ff1d657496eeec5fca118ae8e12c85e0cfa839eca8f85126d3018;REVALIDAR_PROVA;Inventário não é resultado de execução.
V4:QUA-06:S002;QUA-06;v4;UUIDv7 persiste em todo protocolo mesmo com resposta de criação perdida;openspec/changes/hub-interoperabilidade-v4/specs/qualidade-e-aceite/spec.md;193;126c19216fee2217af54a16073848b3ef955274dd1a94a5f6ab60bd16626c766;REVALIDAR_PROVA;Inventário não é resultado de execução.
V4:QUA-06:S003;QUA-06;v4;Redis totalmente desligado mantém o SLO qualificado sem dependência oculta;openspec/changes/hub-interoperabilidade-v4/specs/qualidade-e-aceite/spec.md;198;ae3222749266c878f66bf3e8659495920e8d91266d1c349cc443e69ef0f6bb72;REVALIDAR_PROVA;Inventário não é resultado de execução.
V4:QUA-06:S004;QUA-06;v4;Writer indisponível antes do aceite impede falso aceite;openspec/changes/hub-interoperabilidade-v4/specs/qualidade-e-aceite/spec.md;203;a2fbdf450001786c8f4adea163918dfad0474bcfb47e6026229d7daf2269a83b;REVALIDAR_PROVA;Inventário não é resultado de execução.
V4:QUA-06:S005;QUA-06;v4;Cofre quente/frio limita uso do material ao período de validade;openspec/changes/hub-interoperabilidade-v4/specs/qualidade-e-aceite/spec.md;208;c840d4cefb98512d87ba2b3df0c2290697b6929cd89329b9add3e489ff5b94b3;REVALIDAR_PROVA;Inventário não é resultado de execução.
V4:QUA-06:S006;QUA-06;v4;Conta e pagador permanecem corretos e segregados sob polls pagos e final tardio;openspec/changes/hub-interoperabilidade-v4/specs/qualidade-e-aceite/spec.md;213;2399ab78bb68fc7ffa38d06cc18275eb2d949675bea8f64fbbcb532381c6e0d1;REVALIDAR_PROVA;Inventário não é resultado de execução.
V4:QUA-06:S007;QUA-06;v4;Redis versus autorização nega leitura mesmo em fallback;openspec/changes/hub-interoperabilidade-v4/specs/qualidade-e-aceite/spec.md;218;19722d4a631e8899683271e89c55ce2124a0386812063fd4c7ffaeefa3cfbba2;REVALIDAR_PROVA;Inventário não é resultado de execução.
V4:QUA-06:S008;QUA-06;v4;Perda regional/partição exige RPO/RTO comprovados dentro do perfil contratado;openspec/changes/hub-interoperabilidade-v4/specs/qualidade-e-aceite/spec.md;223;3240e55fac057941ad3bd03476ad8291734bf83f9d44d6fa8b475dc09d57dfa8;REVALIDAR_PROVA;Inventário não é resultado de execução.
V4:QUA-06:S009;QUA-06;v4;Dado insuficiente resulta em NÃO QUALIFICADO, não em aprovação por ausência de erro;openspec/changes/hub-interoperabilidade-v4/specs/qualidade-e-aceite/spec.md;228;aaf9d67f7b9d4482aabb03375307b510947b7eccedd9190012b7418874a65f87;REVALIDAR_PROVA;Inventário não é resultado de execução.
R2-SEG-01-S01;R2-SEG-01;R2;R2-SEG-01-S01 — Cliente autorizado;openspec/changes/r2-01-identidade-e-isolamento/specs/identidade-e-isolamento-operacional/spec.md;11;2b35e1e2a896facce88725e90304df5c475d3b829fb055a271755e71e246729c;REVALIDAR_PROVA;Inventário não é resultado de execução.
R2-SEG-01-S02;R2-SEG-01;R2;R2-SEG-01-S02 — Tentativa entre tenants;openspec/changes/r2-01-identidade-e-isolamento/specs/identidade-e-isolamento-operacional/spec.md;17;45c8ba54f3ccb48093bfd855a83ef006a1f975f284dae7e0192423d08fac6610;REVALIDAR_PROVA;Inventário não é resultado de execução.
R2-SEG-01-S03;R2-SEG-01;R2;R2-SEG-01-S03 — Token inválido;openspec/changes/r2-01-identidade-e-isolamento/specs/identidade-e-isolamento-operacional/spec.md;23;1a1e5abb1bf0a1a781cd8b9954994bd492e93591a18c4e06e0970ddb49eab8e5;REVALIDAR_PROVA;Inventário não é resultado de execução.
R2-SEG-02-S01;R2-SEG-02;R2;R2-SEG-02-S01 — Chamada interna permitida;openspec/changes/r2-01-identidade-e-isolamento/specs/identidade-e-isolamento-operacional/spec.md;35;276ec56cadc21fabbf44f203a1c636cb561d3bfa75ce29cebf025c9a1a8f3b32;REVALIDAR_PROVA;Inventário não é resultado de execução.
R2-SEG-02-S02;R2-SEG-02;R2;R2-SEG-02-S02 — Bypass pela porta interna;openspec/changes/r2-01-identidade-e-isolamento/specs/identidade-e-isolamento-operacional/spec.md;41;a0fbaae195ec213672e117b1701f079934f992b450771e51e60eac23ee258435;REVALIDAR_PROVA;Inventário não é resultado de execução.
R2-SEG-02-S03;R2-SEG-02;R2;R2-SEG-02-S03 — Pool reutilizado;openspec/changes/r2-01-identidade-e-isolamento/specs/identidade-e-isolamento-operacional/spec.md;47;19b3d5d656517c74a798f85146e935c083686b25013113a93ae6fa1c781b7a0b;REVALIDAR_PROVA;Inventário não é resultado de execução.
R2-SEG-03-S01;R2-SEG-03;R2;R2-SEG-03-S01 — Diagnóstico de desenvolvedor;openspec/changes/r2-01-identidade-e-isolamento/specs/identidade-e-isolamento-operacional/spec.md;59;f6f3083165012c9bcff4caefdb290e890e69966b5217e5ce8679e08a9552afa5;REVALIDAR_PROVA;Inventário não é resultado de execução.
R2-SEG-03-S02;R2-SEG-03;R2;R2-SEG-03-S02 — Sem elevação implícita;openspec/changes/r2-01-identidade-e-isolamento/specs/identidade-e-isolamento-operacional/spec.md;65;35ef05b51ed59f1850baa7b52f37ca5c82b871ad2f8173a06922f286f8c13f54;REVALIDAR_PROVA;Inventário não é resultado de execução.
R2-SEG-03-S03;R2-SEG-03;R2;R2-SEG-03-S03 — Auditoria indisponível;openspec/changes/r2-01-identidade-e-isolamento/specs/identidade-e-isolamento-operacional/spec.md;71;4a653c17a0386617cab092db2b9622ff0df207052cdde5f95045867cfe6318f6;REVALIDAR_PROVA;Inventário não é resultado de execução.
R2-SEG-04-S01;R2-SEG-04;R2;R2-SEG-04-S01 — Destino homologado;openspec/changes/r2-01-identidade-e-isolamento/specs/identidade-e-isolamento-operacional/spec.md;83;fcb3a40480454e684aaa3f2389c0f6d86a372eca751eadd0e51423585feadc80;REVALIDAR_PROVA;Inventário não é resultado de execução.
R2-SEG-04-S02;R2-SEG-04;R2;R2-SEG-04-S02 — SSRF e rebinding;openspec/changes/r2-01-identidade-e-isolamento/specs/identidade-e-isolamento-operacional/spec.md;89;ee4d365114dd78dde2d45fc3980d9c697d3241e502bdc002d50713fa16110bdf;REVALIDAR_PROVA;Inventário não é resultado de execução.
R2-SEG-04-S03;R2-SEG-04;R2;R2-SEG-04-S03 — Rede privada legítima;openspec/changes/r2-01-identidade-e-isolamento/specs/identidade-e-isolamento-operacional/spec.md;95;28dcda780b9a8cd2f37fd3cf05bccb70fcfe7372ac08fbbc7bf9c240fab2cd6e;REVALIDAR_PROVA;Inventário não é resultado de execução.
R2-SEG-05-S01;R2-SEG-05;R2;R2-SEG-05-S01 — Alteração atribuível;openspec/changes/r2-01-identidade-e-isolamento/specs/identidade-e-isolamento-operacional/spec.md;107;2315860ca5d3dc4737e5e656a4283dd9943c4e257a56faf416c06dff649fdf34;REVALIDAR_PROVA;Inventário não é resultado de execução.
R2-SEG-05-S02;R2-SEG-05;R2;R2-SEG-05-S02 — Sessão termina;openspec/changes/r2-01-identidade-e-isolamento/specs/identidade-e-isolamento-operacional/spec.md;113;10b13a0f370bd1d5cdae9e92a8a465d63acd23c606005843a529ae393f5ccfbb;REVALIDAR_PROVA;Inventário não é resultado de execução.
R2-SEG-05-S03;R2-SEG-05;R2;R2-SEG-05-S03 — Falha de backend;openspec/changes/r2-01-identidade-e-isolamento/specs/identidade-e-isolamento-operacional/spec.md;119;683150146778f39d606c168328e79839a82d54cc25497fd17e299295975e0277;REVALIDAR_PROVA;Inventário não é resultado de execução.
R2-EXE-01-S01;R2-EXE-01;R2;R2-EXE-01-S01 — Crash após aceite;openspec/changes/r2-02-execucao-duravel-e-resultados/specs/execucao-duravel-e-resultados/spec.md;11;4b7daad7ef2a51be270e298dfda1871b757a3969aa75a842fc25c909ad242b85;REVALIDAR_PROVA;Inventário não é resultado de execução.
R2-EXE-01-S02;R2-EXE-01;R2;R2-EXE-01-S02 — Broker indisponível;openspec/changes/r2-02-execucao-duravel-e-resultados/specs/execucao-duravel-e-resultados/spec.md;17;58459672eef9970e1e91eb135c46c57f7c49c6c4e9c7e4a7aaa8bb4aeaea4a25;REVALIDAR_PROVA;Inventário não é resultado de execução.
R2-EXE-01-S03;R2-EXE-01;R2;R2-EXE-01-S03 — Commit incerto;openspec/changes/r2-02-execucao-duravel-e-resultados/specs/execucao-duravel-e-resultados/spec.md;23;d2efb3fc1f6640a006347edd9eee568e593d2c7e98b576bf4e29b048ce7d855f;REVALIDAR_PROVA;Inventário não é resultado de execução.
R2-EXE-02-S01;R2-EXE-02;R2;R2-EXE-02-S01 — Concorrência real;openspec/changes/r2-02-execucao-duravel-e-resultados/specs/execucao-duravel-e-resultados/spec.md;35;b0da7712090ee00a2272be1b4a87ff5698169de4adcb1d07d6ccdfc8427ebeb7;REVALIDAR_PROVA;Inventário não é resultado de execução.
R2-EXE-02-S02;R2-EXE-02;R2;R2-EXE-02-S02 — Chave divergente;openspec/changes/r2-02-execucao-duravel-e-resultados/specs/execucao-duravel-e-resultados/spec.md;41;5623c051af6b19c73cfc65f54a0ce761532bff674d9fcb62e7b8dec285efe141;REVALIDAR_PROVA;Inventário não é resultado de execução.
R2-EXE-02-S03;R2-EXE-02;R2;R2-EXE-02-S03 — Erro após aceite;openspec/changes/r2-02-execucao-duravel-e-resultados/specs/execucao-duravel-e-resultados/spec.md;47;31374615987a853b0b87fea9f2de7959e6916531dc4cc70a6dbd1ff8b4719de2;REVALIDAR_PROVA;Inventário não é resultado de execução.
R2-EXE-03-S01;R2-EXE-03;R2;R2-EXE-03-S01 — Dois executores;openspec/changes/r2-02-execucao-duravel-e-resultados/specs/execucao-duravel-e-resultados/spec.md;59;59a87c6791c668c9882a3a2bb8205956718b9cd421418b7ab1978e10873ec899;REVALIDAR_PROVA;Inventário não é resultado de execução.
R2-EXE-03-S02;R2-EXE-03;R2;R2-EXE-03-S02 — Crash após envio;openspec/changes/r2-02-execucao-duravel-e-resultados/specs/execucao-duravel-e-resultados/spec.md;65;5e15e9125b77d63cf6bdb9d00c306285fc1666780227dffab2182dfb6e2da3de;REVALIDAR_PROVA;Inventário não é resultado de execução.
R2-EXE-03-S03;R2-EXE-03;R2;R2-EXE-03-S03 — Fencing antigo;openspec/changes/r2-02-execucao-duravel-e-resultados/specs/execucao-duravel-e-resultados/spec.md;71;2c9e544ce02a583b83e6e40e04ebe2ee6cbf4af0ffbf6ff508664218f9124879;REVALIDAR_PROVA;Inventário não é resultado de execução.
R2-EXE-04-S01;R2-EXE-04;R2;R2-EXE-04-S01 — Conteúdo real;openspec/changes/r2-02-execucao-duravel-e-resultados/specs/execucao-duravel-e-resultados/spec.md;83;ea745a86350a821da699ad2dcebef6800c24b91933adeb029ce4c8c9ca143bed;REVALIDAR_PROVA;Inventário não é resultado de execução.
R2-EXE-04-S02;R2-EXE-04;R2;R2-EXE-04-S02 — Resposta inválida;openspec/changes/r2-02-execucao-duravel-e-resultados/specs/execucao-duravel-e-resultados/spec.md;89;ce7404ff5b3e50098918b20e981dea8d266cb3b12c7ac741830969a6a1dfd1e5;REVALIDAR_PROVA;Inventário não é resultado de execução.
R2-EXE-04-S03;R2-EXE-04;R2;R2-EXE-04-S03 — Commit falha;openspec/changes/r2-02-execucao-duravel-e-resultados/specs/execucao-duravel-e-resultados/spec.md;95;988cb99a8e2db96187e6b37ce1c317158104fddbf4c5de24f05002b0e633902a;REVALIDAR_PROVA;Inventário não é resultado de execução.
R2-EXE-05-S01;R2-EXE-05;R2;R2-EXE-05-S01 — Efeito falha;openspec/changes/r2-02-execucao-duravel-e-resultados/specs/execucao-duravel-e-resultados/spec.md;107;21cbf58de4ce010d1c4303fd5fe43337d4b59d5d7666b9299463b7715f9a75cf;REVALIDAR_PROVA;Inventário não é resultado de execução.
R2-EXE-05-S02;R2-EXE-05;R2;R2-EXE-05-S02 — Reentrega após commit;openspec/changes/r2-02-execucao-duravel-e-resultados/specs/execucao-duravel-e-resultados/spec.md;113;73fb6202f5f9c9b8f1017745ec74d7861abeb28dab78bf61ecd1770e85f6abf9;REVALIDAR_PROVA;Inventário não é resultado de execução.
R2-EXE-05-S03;R2-EXE-05;R2;R2-EXE-05-S03 — Schema desconhecido;openspec/changes/r2-02-execucao-duravel-e-resultados/specs/execucao-duravel-e-resultados/spec.md;119;2470b3246aaf541b5fad9b4ca38de9110b45beb6cbaee0aaa01dea7153b7773b;REVALIDAR_PROVA;Inventário não é resultado de execução.
R2-EXE-06-S01;R2-EXE-06;R2;R2-EXE-06-S01 — Timer atrasado;openspec/changes/r2-02-execucao-duravel-e-resultados/specs/execucao-duravel-e-resultados/spec.md;131;dbbd98e7631ada40be62274d8c787287f35e85e30600c5d83ba4b370e9ee990e;REVALIDAR_PROVA;Inventário não é resultado de execução.
R2-EXE-06-S02;R2-EXE-06;R2;R2-EXE-06-S02 — Commit cruza o limite;openspec/changes/r2-02-execucao-duravel-e-resultados/specs/execucao-duravel-e-resultados/spec.md;137;35855763f529ef941ff6e98443f1fe51e9aa679c0fa75ff9c8feb135167b7b90;REVALIDAR_PROVA;Inventário não é resultado de execução.
R2-EXE-06-S03;R2-EXE-06;R2;R2-EXE-06-S03 — Final e expiração concorrentes;openspec/changes/r2-02-execucao-duravel-e-resultados/specs/execucao-duravel-e-resultados/spec.md;143;74078445b639d66ada072c7984552276d1292fb4ebd3dcda87a9687f4bd3bcba;REVALIDAR_PROVA;Inventário não é resultado de execução.
R2-EXE-06-S04;R2-EXE-06;R2;R2-EXE-06-S04 — Resultado tardio custoso;openspec/changes/r2-02-execucao-duravel-e-resultados/specs/execucao-duravel-e-resultados/spec.md;149;7fc7acd0c41d96a2e43c8b460f502f9f41c2c15cfb124098b3088d18c20f93cb;REVALIDAR_PROVA;Inventário não é resultado de execução.
R2-EXE-07-S01;R2-EXE-07;R2;R2-EXE-07-S01 — SYNC com broker parado;openspec/changes/r2-02-execucao-duravel-e-resultados/specs/execucao-duravel-e-resultados/spec.md;161;c36d75ddab96be611615faac1feef6258726421ec1882d66c56176621c551624;REVALIDAR_PROVA;Inventário não é resultado de execução.
R2-EXE-07-S02;R2-EXE-07;R2;R2-EXE-07-S02 — Natureza incompatível;openspec/changes/r2-02-execucao-duravel-e-resultados/specs/execucao-duravel-e-resultados/spec.md;167;d0e39f9433b94da8249f000923036e302348803e44f6ba02205b25e8d93fee93;REVALIDAR_PROVA;Inventário não é resultado de execução.
R2-EXE-07-S03;R2-EXE-07;R2;R2-EXE-07-S03 — AUTO rápido e lento;openspec/changes/r2-02-execucao-duravel-e-resultados/specs/execucao-duravel-e-resultados/spec.md;173;3935d2d60e2105e6263e14c8b9eaba1a3e02bc9e7ed51c6d87b4271d0d77e7cd;REVALIDAR_PROVA;Inventário não é resultado de execução.
R2-EXE-07-S04;R2-EXE-07;R2;R2-EXE-07-S04 — Cliente desconecta;openspec/changes/r2-02-execucao-duravel-e-resultados/specs/execucao-duravel-e-resultados/spec.md;179;d6f8ca39c65c775ecd54f115ec94fdebec07dcdbc83171a1f53b1be29e3a999a;REVALIDAR_PROVA;Inventário não é resultado de execução.
R2-EXE-08-S01;R2-EXE-08;R2;R2-EXE-08-S01 — Igualdade completa;openspec/changes/r2-02-execucao-duravel-e-resultados/specs/execucao-duravel-e-resultados/spec.md;191;961c367f4fd55b1071ae04f33208abd9fe57d3bd73154574fd845a8a0954c23f;REVALIDAR_PROVA;Inventário não é resultado de execução.
R2-EXE-08-S02;R2-EXE-08;R2;R2-EXE-08-S02 — Upgrade e mudança de contrato;openspec/changes/r2-02-execucao-duravel-e-resultados/specs/execucao-duravel-e-resultados/spec.md;197;6c1d6e9b4e354d1d81dbe6a47fdfebd853204fad7294c24af046a18363e2dc19;REVALIDAR_PROVA;Inventário não é resultado de execução.
R2-EXE-08-S03;R2-EXE-08;R2;R2-EXE-08-S03 — Resultado pendente ou expirado;openspec/changes/r2-02-execucao-duravel-e-resultados/specs/execucao-duravel-e-resultados/spec.md;203;14d289c27cbecb3c304d331b08422a441191fbd76a360dd7c976d6141add7694;REVALIDAR_PROVA;Inventário não é resultado de execução.
R2-EXE-09-S01;R2-EXE-09;R2;R2-EXE-09-S01 — Protocolo órfão de despacho;openspec/changes/r2-02-execucao-duravel-e-resultados/specs/execucao-duravel-e-resultados/spec.md;215;b4df4c9ff532c79baf5d3c25ce48c721c3843fb9a03b8676be66c44d09d9665d;REVALIDAR_PROVA;Inventário não é resultado de execução.
R2-EXE-09-S02;R2-EXE-09;R2;R2-EXE-09-S02 — Parceiro sem consulta idempotente;openspec/changes/r2-02-execucao-duravel-e-resultados/specs/execucao-duravel-e-resultados/spec.md;221;1ca357852f2057edaf35066b2cbe30412726d38eeda9c1d0a545414632fe1c15;REVALIDAR_PROVA;Inventário não é resultado de execução.
R2-EXE-09-S03;R2-EXE-09;R2;R2-EXE-09-S03 — Callback antes da associação;openspec/changes/r2-02-execucao-duravel-e-resultados/specs/execucao-duravel-e-resultados/spec.md;227;46fff766710fe43f6ab8b49b2b1980d90531de55ec7f53ded8619bcd6872d136;REVALIDAR_PROVA;Inventário não é resultado de execução.
R2-INT-01-S01;R2-INT-01;R2;R2-INT-01-S01 — REST real distinto do simulador;openspec/changes/r2-03-integracoes-credenciais-e-pressao/specs/integracoes-credenciais-e-pressao/spec.md;11;0b3096772125c5f83a99c9cbced5f5e3501afe41b14458faf92dfc8b7406c5b0;REVALIDAR_PROVA;Inventário não é resultado de execução.
R2-INT-01-S02;R2-INT-01;R2;R2-INT-01-S02 — Capacidade ausente;openspec/changes/r2-03-integracoes-credenciais-e-pressao/specs/integracoes-credenciais-e-pressao/spec.md;17;0bc63f70f19d39b13f50efb42c3ba285bc1db348e0b62937379406a5b1a06e7e;REVALIDAR_PROVA;Inventário não é resultado de execução.
R2-INT-01-S03;R2-INT-01;R2;R2-INT-01-S03 — Protocolo especializado;openspec/changes/r2-03-integracoes-credenciais-e-pressao/specs/integracoes-credenciais-e-pressao/spec.md;23;019084b3b9bcec2765715226c8a39c9c69c3b43eaf71293f27a54c4378d23302;REVALIDAR_PROVA;Inventário não é resultado de execução.
R2-INT-02-S01;R2-INT-02;R2;R2-INT-02-S01 — Dois clientes na mesma conta;openspec/changes/r2-03-integracoes-credenciais-e-pressao/specs/integracoes-credenciais-e-pressao/spec.md;35;bbf3a6b7946d848f35fcb9d2e7196a68226a8bf009fb0d90a4845c9c1a9ac71c;REVALIDAR_PROVA;Inventário não é resultado de execução.
R2-INT-02-S02;R2-INT-02;R2;R2-INT-02-S02 — Vínculo dedicado indisponível;openspec/changes/r2-03-integracoes-credenciais-e-pressao/specs/integracoes-credenciais-e-pressao/spec.md;41;28b88c67123844581668af4bf6af4ea3021bb35716ca18ca12abc812319413c3;REVALIDAR_PROVA;Inventário não é resultado de execução.
R2-INT-02-S03;R2-INT-02;R2;R2-INT-02-S03 — Rotação e cache;openspec/changes/r2-03-integracoes-credenciais-e-pressao/specs/integracoes-credenciais-e-pressao/spec.md;47;4e216bda3434284411e4207297c014ebd040ef229b47294e63d5b88aed30f284;REVALIDAR_PROVA;Inventário não é resultado de execução.
R2-INT-03-S01;R2-INT-03;R2;R2-INT-03-S01 — mTLS comprovado;openspec/changes/r2-03-integracoes-credenciais-e-pressao/specs/integracoes-credenciais-e-pressao/spec.md;59;fe804c22d63f200ba9fab7b1a981c6ba7945e3d46990e7212067f0f9ac44cc32;REVALIDAR_PROVA;Inventário não é resultado de execução.
R2-INT-03-S02;R2-INT-03;R2;R2-INT-03-S02 — Redis ausente;openspec/changes/r2-03-integracoes-credenciais-e-pressao/specs/integracoes-credenciais-e-pressao/spec.md;65;1e4c66f3cff416770cfcd5664771218d67b580157abc4705a775e0dc0467a195;REVALIDAR_PROVA;Inventário não é resultado de execução.
R2-INT-03-S03;R2-INT-03;R2;R2-INT-03-S03 — Cofre indisponível;openspec/changes/r2-03-integracoes-credenciais-e-pressao/specs/integracoes-credenciais-e-pressao/spec.md;71;e333beabc13b9bf8c542433628271ceb437aacb788d64f360b5cf69a4bd65931;REVALIDAR_PROVA;Inventário não é resultado de execução.
R2-INT-04-S01;R2-INT-04;R2;R2-INT-04-S01 — Ativação de polling;openspec/changes/r2-03-integracoes-credenciais-e-pressao/specs/integracoes-credenciais-e-pressao/spec.md;83;d70790b362b2b18f9d362d66918e2f97baf08fcc2df1084bdeac0656ebec4e02;REVALIDAR_PROVA;Inventário não é resultado de execução.
R2-INT-04-S02;R2-INT-04;R2;R2-INT-04-S02 — Resposta pendente saudável;openspec/changes/r2-03-integracoes-credenciais-e-pressao/specs/integracoes-credenciais-e-pressao/spec.md;89;21259b1ccaa90302eb4c96fcc83ff9559f69f9cb473ae9cd6dac1153e2a8aeb9;REVALIDAR_PROVA;Inventário não é resultado de execução.
R2-INT-04-S03;R2-INT-04;R2;R2-INT-04-S03 — Polling e callback concorrentes;openspec/changes/r2-03-integracoes-credenciais-e-pressao/specs/integracoes-credenciais-e-pressao/spec.md;95;1f01f212e231c269e02487dc49e4eefa295c70b94a8046dac83aca604d2b1833;REVALIDAR_PROVA;Inventário não é resultado de execução.
R2-INT-04-S04;R2-INT-04;R2;R2-INT-04-S04 — Falha de recibo;openspec/changes/r2-03-integracoes-credenciais-e-pressao/specs/integracoes-credenciais-e-pressao/spec.md;101;b9603df14f9444f4f6a0994136770cdc5d5bc9784403cc457b877b4e37a11bc6;REVALIDAR_PROVA;Inventário não é resultado de execução.
R2-INT-05-S01;R2-INT-05;R2;R2-INT-05-S01 — TTL zero;openspec/changes/r2-03-integracoes-credenciais-e-pressao/specs/integracoes-credenciais-e-pressao/spec.md;113;dc5221253d617bec14c1af7e214b22e0c2906849f3c71c945ce47d10c42adf2b;REVALIDAR_PROVA;Inventário não é resultado de execução.
R2-INT-05-S02;R2-INT-05;R2;R2-INT-05-S02 — Reinício no meio da janela;openspec/changes/r2-03-integracoes-credenciais-e-pressao/specs/integracoes-credenciais-e-pressao/spec.md;119;f766baa16d4cd9a1447057aaef0c0ccb8168d9eebc917cf65fcd42e29d362afb;REVALIDAR_PROVA;Inventário não é resultado de execução.
R2-INT-05-S03;R2-INT-05;R2;R2-INT-05-S03 — 429 com espera incompatível;openspec/changes/r2-03-integracoes-credenciais-e-pressao/specs/integracoes-credenciais-e-pressao/spec.md;125;c252ecdc4c889bb9310811f3901cffc60d2acb362fd8986804048a61f6e45c79;REVALIDAR_PROVA;Inventário não é resultado de execução.
R2-INT-05-S04;R2-INT-05;R2;R2-INT-05-S04 — Timeout após envio;openspec/changes/r2-03-integracoes-credenciais-e-pressao/specs/integracoes-credenciais-e-pressao/spec.md;131;343ce81fc880a6c0ff80bc41aab8d1b80564eb16ebb34ce2fb25adfa140f7df7;REVALIDAR_PROVA;Inventário não é resultado de execução.
R2-INT-06-S01;R2-INT-06;R2;R2-INT-06-S01 — Provedor degrada;openspec/changes/r2-03-integracoes-credenciais-e-pressao/specs/integracoes-credenciais-e-pressao/spec.md;143;bbaf4fbf40ccbdf6ea5af7c06242fd4cc0ddb279abc99db0165cdd0ba858be05;REVALIDAR_PROVA;Inventário não é resultado de execução.
R2-INT-06-S02;R2-INT-06;R2;R2-INT-06-S02 — Provedor escala;openspec/changes/r2-03-integracoes-credenciais-e-pressao/specs/integracoes-credenciais-e-pressao/spec.md;149;60e29dfbc076dcf355b77f931a10cb5a7fdfc669e79df7a44d6b4faecb751931;REVALIDAR_PROVA;Inventário não é resultado de execução.
R2-INT-06-S03;R2-INT-06;R2;R2-INT-06-S03 — Três réplicas e partição;openspec/changes/r2-03-integracoes-credenciais-e-pressao/specs/integracoes-credenciais-e-pressao/spec.md;155;4d7810fbfbecf2cbd22e28d872358e2ad6cb22435f163fc08a2aabc99949a48a;REVALIDAR_PROVA;Inventário não é resultado de execução.
R2-INT-06-S04;R2-INT-06;R2;R2-INT-06-S04 — Ruído de cliente;openspec/changes/r2-03-integracoes-credenciais-e-pressao/specs/integracoes-credenciais-e-pressao/spec.md;161;4610766bb96f989041ad38f88fd83843af1c373b9f8036ec5080d5437e842925;REVALIDAR_PROVA;Inventário não é resultado de execução.
R2-INT-07-S01;R2-INT-07;R2;R2-INT-07-S01 — Mesma URL em dois tenants;openspec/changes/r2-03-integracoes-credenciais-e-pressao/specs/integracoes-credenciais-e-pressao/spec.md;173;fcb9538fea48e2ed3ab5dc849bceb2725d9c1b765d3af7e713a09d69a6fdc24f;REVALIDAR_PROVA;Inventário não é resultado de execução.
R2-INT-07-S02;R2-INT-07;R2;R2-INT-07-S02 — Rotação e replay;openspec/changes/r2-03-integracoes-credenciais-e-pressao/specs/integracoes-credenciais-e-pressao/spec.md;179;45f08965a04f742fa7e634cfa3777e0fa11dd4b712a5f80006d43553e6f41d29;REVALIDAR_PROVA;Inventário não é resultado de execução.
R2-INT-07-S03;R2-INT-07;R2;R2-INT-07-S03 — Destino lento ou indisponível;openspec/changes/r2-03-integracoes-credenciais-e-pressao/specs/integracoes-credenciais-e-pressao/spec.md;185;f4390624c8d605fc19d53018632ceef602f67bc184bf735071018355b76bb041;REVALIDAR_PROVA;Inventário não é resultado de execução.
R2-INT-07-S04;R2-INT-07;R2;R2-INT-07-S04 — Duplicata no receptor;openspec/changes/r2-03-integracoes-credenciais-e-pressao/specs/integracoes-credenciais-e-pressao/spec.md;191;ef9a2010804820a5c051fc7018171d59f3861d8a2d3cbce336bd30c89b5694b6;REVALIDAR_PROVA;Inventário não é resultado de execução.
R2-INT-08-S01;R2-INT-08;R2;R2-INT-08-S01 — Violação apenas do provedor;openspec/changes/r2-03-integracoes-credenciais-e-pressao/specs/integracoes-credenciais-e-pressao/spec.md;203;ba7bbaac74768b1ca114e6028952d31a660b341d6512ffd9f24bde4758aba1b5;REVALIDAR_PROVA;Inventário não é resultado de execução.
R2-INT-08-S02;R2-INT-08;R2;R2-INT-08-S02 — Rejeição contratada;openspec/changes/r2-03-integracoes-credenciais-e-pressao/specs/integracoes-credenciais-e-pressao/spec.md;209;0ce25a9b91185e929970be2bcc0a3a2c92429bbee9fe129890d5ef209e741f9f;REVALIDAR_PROVA;Inventário não é resultado de execução.
R2-INT-08-S03;R2-INT-08;R2;R2-INT-08-S03 — Coorte ainda aberta;openspec/changes/r2-03-integracoes-credenciais-e-pressao/specs/integracoes-credenciais-e-pressao/spec.md;215;d2758352cf2014bc0f37d99d4a3d279e2df78d22a20946b5ffd8ca7c113c597d;REVALIDAR_PROVA;Inventário não é resultado de execução.
R2-CAT-01-S01;R2-CAT-01;R2;R2-CAT-01-S01 — Publicação válida;openspec/changes/r2-04-catalogo-produtos-e-contratos/specs/catalogo-produtos-e-contratos-versionados/spec.md;11;c32d052a192065bc9c1cb2e6d34dcd5f24abc94a98bf04f091a03842a9166035;REVALIDAR_PROVA;Inventário não é resultado de execução.
R2-CAT-01-S02;R2-CAT-01;R2;R2-CAT-01-S02 — Sobrescrita de publicado;openspec/changes/r2-04-catalogo-produtos-e-contratos/specs/catalogo-produtos-e-contratos-versionados/spec.md;17;16951351512d0c3257f06421fcdc6f5818e42d05625725028fae64b28f6369b1;REVALIDAR_PROVA;Inventário não é resultado de execução.
R2-CAT-01-S03;R2-CAT-01;R2;R2-CAT-01-S03 — Edição concorrente;openspec/changes/r2-04-catalogo-produtos-e-contratos/specs/catalogo-produtos-e-contratos-versionados/spec.md;23;1f3d7553c4f56faf4e74e0d6f1dff01e0f863ae0a80781f60b117acac195abc4;REVALIDAR_PROVA;Inventário não é resultado de execução.
R2-CAT-02-S01;R2-CAT-02;R2;R2-CAT-02-S01 — Seleção elegível;openspec/changes/r2-04-catalogo-produtos-e-contratos/specs/catalogo-produtos-e-contratos-versionados/spec.md;35;066faa74c0a9c183e4da148b5017ec6cfe4c328a9d77a3301133ac057ba10908;REVALIDAR_PROVA;Inventário não é resultado de execução.
R2-CAT-02-S02;R2-CAT-02;R2;R2-CAT-02-S02 — Conta escolhida pelo cliente;openspec/changes/r2-04-catalogo-produtos-e-contratos/specs/catalogo-produtos-e-contratos-versionados/spec.md;41;9bec8271d17bf02b0b7e53ae2b857c302cc3e14632c6d2d5468f51fc4c4e6a2b;REVALIDAR_PROVA;Inventário não é resultado de execução.
R2-CAT-02-S03;R2-CAT-02;R2;R2-CAT-02-S03 — Sem combinação de SLA viável;openspec/changes/r2-04-catalogo-produtos-e-contratos/specs/catalogo-produtos-e-contratos-versionados/spec.md;47;4efaadc5ace77b2552a65ff348ac0ef0af66908b7229166aa5feb212d48f5f2a;REVALIDAR_PROVA;Inventário não é resultado de execução.
R2-CAT-03-S01;R2-CAT-03;R2;R2-CAT-03-S01 — A e B independentes;openspec/changes/r2-04-catalogo-produtos-e-contratos/specs/catalogo-produtos-e-contratos-versionados/spec.md;59;4ca011d3fd6bb32f8ec23aee48f462fa72b636d28b5d5d5bdfd271f98f436026;REVALIDAR_PROVA;Inventário não é resultado de execução.
R2-CAT-03-S02;R2-CAT-03;R2;R2-CAT-03-S02 — Passo opcional falha;openspec/changes/r2-04-catalogo-produtos-e-contratos/specs/catalogo-produtos-e-contratos-versionados/spec.md;65;3d67d22a1b82f713ce268fb89f78719b53b56f475b5e59addca41089ab6c37ae;REVALIDAR_PROVA;Inventário não é resultado de execução.
R2-CAT-03-S03;R2-CAT-03;R2;R2-CAT-03-S03 — Fan-out abusivo;openspec/changes/r2-04-catalogo-produtos-e-contratos/specs/catalogo-produtos-e-contratos-versionados/spec.md;71;4f731284caffbd6ec17aaee846f58dbee3a63a97c5732c05fcce7de6ccb104b1;REVALIDAR_PROVA;Inventário não é resultado de execução.
R2-CAT-04-S01;R2-CAT-04;R2;R2-CAT-04-S01 — Dependência C;openspec/changes/r2-04-catalogo-produtos-e-contratos/specs/catalogo-produtos-e-contratos-versionados/spec.md;83;686556462ec7bb2fe969b001977fcbd87f80dd9cf49f7f684bdfd88db0c9c96c;REVALIDAR_PROVA;Inventário não é resultado de execução.
R2-CAT-04-S02;R2-CAT-04;R2;R2-CAT-04-S02 — Ciclo ou referência inválida;openspec/changes/r2-04-catalogo-produtos-e-contratos/specs/catalogo-produtos-e-contratos-versionados/spec.md;89;8798d7ca2273d67036b7f7e4882397fb7979c24a843b688c70a1a390f5e06fe5;REVALIDAR_PROVA;Inventário não é resultado de execução.
R2-CAT-04-S03;R2-CAT-04;R2;R2-CAT-04-S03 — Compensação incompleta;openspec/changes/r2-04-catalogo-produtos-e-contratos/specs/catalogo-produtos-e-contratos-versionados/spec.md;95;c25dff73f2c2ab173d0f283bdd4709dd020924149e4cc69f5d0efeaa14b7b957;REVALIDAR_PROVA;Inventário não é resultado de execução.
R2-CAT-05-S01;R2-CAT-05;R2;R2-CAT-05-S01 — Dois contratos legados;openspec/changes/r2-04-catalogo-produtos-e-contratos/specs/catalogo-produtos-e-contratos-versionados/spec.md;107;7db9b9b966bb9e061a73750e387ec86f55de7262ac95b9aeb86dbb1dcf3e1b9e;REVALIDAR_PROVA;Inventário não é resultado de execução.
R2-CAT-05-S02;R2-CAT-05;R2;R2-CAT-05-S02 — Transformação inválida;openspec/changes/r2-04-catalogo-produtos-e-contratos/specs/catalogo-produtos-e-contratos-versionados/spec.md;113;8da0bc0b70789756fd9a212e048997d38d158c064f0f913b5a9dc7d99dbef232;REVALIDAR_PROVA;Inventário não é resultado de execução.
R2-CAT-05-S03;R2-CAT-05;R2;R2-CAT-05-S03 — Upgrade de schema;openspec/changes/r2-04-catalogo-produtos-e-contratos/specs/catalogo-produtos-e-contratos-versionados/spec.md;119;42ad7bd1259de187fcf2063c69f6ec5c6730985fdc69ed60f403870edfb19585;REVALIDAR_PROVA;Inventário não é resultado de execução.
R2-CAT-06-S01;R2-CAT-06;R2;R2-CAT-06-S01 — Contrato muda durante processamento;openspec/changes/r2-04-catalogo-produtos-e-contratos/specs/catalogo-produtos-e-contratos-versionados/spec.md;131;4ff475ee9ff4aa6c0d3950c16cca07a9ae42f9ac1c01c4ca7f6c47fadc16513b;REVALIDAR_PROVA;Inventário não é resultado de execução.
R2-CAT-06-S02;R2-CAT-06;R2;R2-CAT-06-S02 — Atlas parado;openspec/changes/r2-04-catalogo-produtos-e-contratos/specs/catalogo-produtos-e-contratos-versionados/spec.md;137;44e21568a65a1e1eceb9395448bda935a65e070aa005a419428e4f429e8757df;REVALIDAR_PROVA;Inventário não é resultado de execução.
R2-CAT-06-S03;R2-CAT-06;R2;R2-CAT-06-S03 — Revogação de segurança;openspec/changes/r2-04-catalogo-produtos-e-contratos/specs/catalogo-produtos-e-contratos-versionados/spec.md;143;d23e30f386f1d0098b0c43709b1dd916df4cbd6b72d4514d915e9e96afd6d92f;REVALIDAR_PROVA;Inventário não é resultado de execução.
R2-CAT-07-S01;R2-CAT-07;R2;R2-CAT-07-S01 — Reimportação idempotente;openspec/changes/r2-04-catalogo-produtos-e-contratos/specs/catalogo-produtos-e-contratos-versionados/spec.md;155;06d3002cfe819d2d19d9835b89bddeefe037f773060f35161b500f8eebd99389;REVALIDAR_PROVA;Inventário não é resultado de execução.
R2-CAT-07-S02;R2-CAT-07;R2;R2-CAT-07-S02 — Falha no meio do lote;openspec/changes/r2-04-catalogo-produtos-e-contratos/specs/catalogo-produtos-e-contratos-versionados/spec.md;161;c19fec2d8ea766dbce00a1d16b67d46643c44b0763c24cea6a36c48ebcc30b1b;REVALIDAR_PROVA;Inventário não é resultado de execução.
R2-CAT-07-S03;R2-CAT-07;R2;R2-CAT-07-S03 — Credenciais na collection;openspec/changes/r2-04-catalogo-produtos-e-contratos/specs/catalogo-produtos-e-contratos-versionados/spec.md;167;3187c07fdaa0c7a22a143363b58b0999440c0cb149e8707e5fa7c1e920b88a36;REVALIDAR_PROVA;Inventário não é resultado de execução.
R2-CAT-08-S01;R2-CAT-08;R2;R2-CAT-08-S01 — Milhares de registros;openspec/changes/r2-04-catalogo-produtos-e-contratos/specs/catalogo-produtos-e-contratos-versionados/spec.md;179;24d660282a1ef201799487f295373b9c4a4ec9a6fb72e46e1a0e875a3614660a;REVALIDAR_PROVA;Inventário não é resultado de execução.
R2-CAT-08-S02;R2-CAT-08;R2;R2-CAT-08-S02 — Refresh e outro operador;openspec/changes/r2-04-catalogo-produtos-e-contratos/specs/catalogo-produtos-e-contratos-versionados/spec.md;185;9cbb35b1639fe297779ab87e37b7d6882c863fba750594f1de1176727e4cf48c;REVALIDAR_PROVA;Inventário não é resultado de execução.
R2-CAT-08-S03;R2-CAT-08;R2;R2-CAT-08-S03 — Capacidade insuficiente;openspec/changes/r2-04-catalogo-produtos-e-contratos/specs/catalogo-produtos-e-contratos-versionados/spec.md;191;c81a5d3314b5fdf06efd660798d96a15059ac54c5c59d062f9573c1cda6f65bd;REVALIDAR_PROVA;Inventário não é resultado de execução.
R2-ADM-01-S01;R2-ADM-01;R2;R2-ADM-01-S01 — Entrada autorizada;openspec/changes/r2-05-console-administrativo/specs/console-administrativo-operavel/spec.md;11;657cbfed26f65e0769426ca7b6ac76d9c9b8012d966ab6113cfb28688ad88fd5;REVALIDAR_PROVA;Inventário não é resultado de execução.
R2-ADM-01-S02;R2-ADM-01;R2;R2-ADM-01-S02 — URL sem permissão;openspec/changes/r2-05-console-administrativo/specs/console-administrativo-operavel/spec.md;17;a26e50cae6d5597b17d5420084f31771a86b86c09045dd33ee57ae93d0fd3c53;REVALIDAR_PROVA;Inventário não é resultado de execução.
R2-ADM-01-S03;R2-ADM-01;R2;R2-ADM-01-S03 — Logout;openspec/changes/r2-05-console-administrativo/specs/console-administrativo-operavel/spec.md;23;c4f096e88cd7be04079afa55af34cb1f8aff50258271feaed2047a81bae90b06;REVALIDAR_PROVA;Inventário não é resultado de execução.
R2-ADM-02-S01;R2-ADM-02;R2;R2-ADM-02-S01 — Catálogo populoso;openspec/changes/r2-05-console-administrativo/specs/console-administrativo-operavel/spec.md;35;acd53ad8c4430568b3baf95a1dc270f135308bbf61d1e29f59a5b2068df4b2f7;REVALIDAR_PROVA;Inventário não é resultado de execução.
R2-ADM-02-S02;R2-ADM-02;R2;R2-ADM-02-S02 — Lista falha;openspec/changes/r2-05-console-administrativo/specs/console-administrativo-operavel/spec.md;41;80427e45a1922e48799f84f95a70ae1faa345543b00908ca92fbb666b5e52104;REVALIDAR_PROVA;Inventário não é resultado de execução.
R2-ADM-02-S03;R2-ADM-02;R2;R2-ADM-02-S03 — Conflito de edição;openspec/changes/r2-05-console-administrativo/specs/console-administrativo-operavel/spec.md;47;05e29a7edd741252305f98febd03c31c16dfaff34a8ab9497f9da5cb0efc3ecc;REVALIDAR_PROVA;Inventário não é resultado de execução.
R2-ADM-03-S01;R2-ADM-03;R2;R2-ADM-03-S01 — Novo cliente;openspec/changes/r2-05-console-administrativo/specs/console-administrativo-operavel/spec.md;59;acfb9cba9c547fb359e862a16b61b446dc378454c83e6b14306fdded906945ff;REVALIDAR_PROVA;Inventário não é resultado de execução.
R2-ADM-03-S02;R2-ADM-03;R2;R2-ADM-03-S02 — Pendência visível;openspec/changes/r2-05-console-administrativo/specs/console-administrativo-operavel/spec.md;65;fe392d1588f3b1a8b3464e01e64ec021b55c121dfb1ce4078a65ffaec6afbf65;REVALIDAR_PROVA;Inventário não é resultado de execução.
R2-ADM-03-S03;R2-ADM-03;R2;R2-ADM-03-S03 — Suspensão;openspec/changes/r2-05-console-administrativo/specs/console-administrativo-operavel/spec.md;71;bb5742a2024e1c693631675ef59d2098341643f0fa7d9628e0ab331b07e4c929;REVALIDAR_PROVA;Inventário não é resultado de execução.
R2-ADM-04-S01;R2-ADM-04;R2;R2-ADM-04-S01 — Importação por preview;openspec/changes/r2-05-console-administrativo/specs/console-administrativo-operavel/spec.md;83;bb54e5d58affbe13c9a10e4eecd9c023f580bd2d32ac041df6ab28ec61838df4;REVALIDAR_PROVA;Inventário não é resultado de execução.
R2-ADM-04-S02;R2-ADM-04;R2;R2-ADM-04-S02 — Serviço validado;openspec/changes/r2-05-console-administrativo/specs/console-administrativo-operavel/spec.md;89;c83c270c2788533829d608fc5e46fb24b95b50c57a1e8e25323c311c2cc629f6;REVALIDAR_PROVA;Inventário não é resultado de execução.
R2-ADM-04-S03;R2-ADM-04;R2;R2-ADM-04-S03 — Sem adapter;openspec/changes/r2-05-console-administrativo/specs/console-administrativo-operavel/spec.md;95;c4905e5c8f31294accc224b0536bd48197cd9637ffb358a2464277495ceab374;REVALIDAR_PROVA;Inventário não é resultado de execução.
R2-ADM-05-S01;R2-ADM-05;R2;R2-ADM-05-S01 — Editor de composição;openspec/changes/r2-05-console-administrativo/specs/console-administrativo-operavel/spec.md;107;6db29fdb75278156f5f42daaef2d161e631569d8de90dd795a0c3e878398b2e9;REVALIDAR_PROVA;Inventário não é resultado de execução.
R2-ADM-05-S02;R2-ADM-05;R2;R2-ADM-05-S02 — Ciclo detectado;openspec/changes/r2-05-console-administrativo/specs/console-administrativo-operavel/spec.md;113;682d222499ac1ce6b3e2fafeb071bfed23f60ee617be02464f3aa1068cfb9478;REVALIDAR_PROVA;Inventário não é resultado de execução.
R2-ADM-05-S03;R2-ADM-05;R2;R2-ADM-05-S03 — Simulação sem efeitos;openspec/changes/r2-05-console-administrativo/specs/console-administrativo-operavel/spec.md;119;c881e3e43163404bb6dc7fe42e64ca5a81fdf4af36c12d81ab07a70d0e09e737;REVALIDAR_PROVA;Inventário não é resultado de execução.
R2-ADM-06-S01;R2-ADM-06;R2;R2-ADM-06-S01 — Diagnóstico de binding;openspec/changes/r2-05-console-administrativo/specs/console-administrativo-operavel/spec.md;131;4320d544ecd547c8b239b8a6b3cea8ee11e17679d8bbd5a4802f06452d0da7e4;REVALIDAR_PROVA;Inventário não é resultado de execução.
R2-ADM-06-S02;R2-ADM-06;R2;R2-ADM-06-S02 — Rotação;openspec/changes/r2-05-console-administrativo/specs/console-administrativo-operavel/spec.md;137;c223dbb72076c805c32d0ea1433c1e6c89f6cf323ee39ca89ca6db2a53931536;REVALIDAR_PROVA;Inventário não é resultado de execução.
R2-ADM-06-S03;R2-ADM-06;R2;R2-ADM-06-S03 — Pressão reduzida;openspec/changes/r2-05-console-administrativo/specs/console-administrativo-operavel/spec.md;143;8fb3c4dbacfa5b0a6f61170852e7418a291e8e0c651b9899d293f69770fe1266;REVALIDAR_PROVA;Inventário não é resultado de execução.
R2-ADM-07-S01;R2-ADM-07;R2;R2-ADM-07-S01 — Contrato legado;openspec/changes/r2-05-console-administrativo/specs/console-administrativo-operavel/spec.md;155;9a4be94f39dfef2bc34ea4408380284d9c656ccb7360bf2fc721112c5dfd1537;REVALIDAR_PROVA;Inventário não é resultado de execução.
R2-ADM-07-S02;R2-ADM-07;R2;R2-ADM-07-S02 — TTL versus SLA;openspec/changes/r2-05-console-administrativo/specs/console-administrativo-operavel/spec.md;161;10f01b1ff8a6138e0fb10673bbc287b52579efe1855f7c669ea35d0e32785591;REVALIDAR_PROVA;Inventário não é resultado de execução.
R2-ADM-07-S03;R2-ADM-07;R2;R2-ADM-07-S03 — SYNC incompatível;openspec/changes/r2-05-console-administrativo/specs/console-administrativo-operavel/spec.md;167;7c92fa95866c0e429c0ed9c3f97ab429bc287be05dec35a52944a1d0b0a15c75;REVALIDAR_PROVA;Inventário não é resultado de execução.
R2-ADM-08-S01;R2-ADM-08;R2;R2-ADM-08-S01 — Diagnóstico completo;openspec/changes/r2-05-console-administrativo/specs/console-administrativo-operavel/spec.md;179;cb3a4205fd7606fe4d9551bced4e7a28f901aa2dc6f488561036399d4bdf467c;REVALIDAR_PROVA;Inventário não é resultado de execução.
R2-ADM-08-S02;R2-ADM-08;R2;R2-ADM-08-S02 — Resultado custodiado;openspec/changes/r2-05-console-administrativo/specs/console-administrativo-operavel/spec.md;185;18e56b9d95d16ce9c1a130cccd8f6c68720ba57f8a81509dc13d82fb3c485309;REVALIDAR_PROVA;Inventário não é resultado de execução.
R2-ADM-08-S03;R2-ADM-08;R2;R2-ADM-08-S03 — Filtro entre tenants;openspec/changes/r2-05-console-administrativo/specs/console-administrativo-operavel/spec.md;191;cc22cea300c9adbadcff6ae7450dcd225774abe58009006831811eb80acfc862;REVALIDAR_PROVA;Inventário não é resultado de execução.
R2-ADM-09-S01;R2-ADM-09;R2;R2-ADM-09-S01 — Webhook esgotado;openspec/changes/r2-05-console-administrativo/specs/console-administrativo-operavel/spec.md;203;40c2ceb61bf8f6c31855bdb97ef8b830920a4f0cc793c9c96788645fab10371f;REVALIDAR_PROVA;Inventário não é resultado de execução.
R2-ADM-09-S02;R2-ADM-09;R2;R2-ADM-09-S02 — UNKNOWN externo;openspec/changes/r2-05-console-administrativo/specs/console-administrativo-operavel/spec.md;209;58f4b8c0618f37364aeba08e9130cd69cfbab170ddd79399ba83f15815fe22e2;REVALIDAR_PROVA;Inventário não é resultado de execução.
R2-ADM-09-S03;R2-ADM-09;R2;R2-ADM-09-S03 — Leitor administrativo;openspec/changes/r2-05-console-administrativo/specs/console-administrativo-operavel/spec.md;215;9fd377098752d9232b25e68f484617a767911a3282855f448809b93fd116bad0;REVALIDAR_PROVA;Inventário não é resultado de execução.
R2-ADM-10-S01;R2-ADM-10;R2;R2-ADM-10-S01 — Apuração de quebra;openspec/changes/r2-05-console-administrativo/specs/console-administrativo-operavel/spec.md;227;4e1ded96a9840613f213d32c9f775fba218c79ffe34413af7e0b128246faa9d5;REVALIDAR_PROVA;Inventário não é resultado de execução.
R2-ADM-10-S02;R2-ADM-10;R2;R2-ADM-10-S02 — Dados desatualizados;openspec/changes/r2-05-console-administrativo/specs/console-administrativo-operavel/spec.md;233;e8181c30d12071c912168e193650e76f75862a1b6fbb31320306a4efc81b2e88;REVALIDAR_PROVA;Inventário não é resultado de execução.
R2-ADM-10-S03;R2-ADM-10;R2;R2-ADM-10-S03 — Consulta limitada;openspec/changes/r2-05-console-administrativo/specs/console-administrativo-operavel/spec.md;239;ebd57c5e212f3f1545b9454ca084261df9120029df45c8cf6f2a866b0bcd6687;REVALIDAR_PROVA;Inventário não é resultado de execução.
R2-ADM-11-S01;R2-ADM-11;R2;R2-ADM-11-S01 — Extrato explicável;openspec/changes/r2-05-console-administrativo/specs/console-administrativo-operavel/spec.md;251;acd20a0f44ab7c3713181328ff0bf27bbc720f890c11f0d73dc3d62c7b733517;REVALIDAR_PROVA;Inventário não é resultado de execução.
R2-ADM-11-S02;R2-ADM-11;R2;R2-ADM-11-S02 — Fechamento incompleto;openspec/changes/r2-05-console-administrativo/specs/console-administrativo-operavel/spec.md;257;c23ccd4a963ebff77de73dba9f8198b9701c43fa1b8408d9b9c5fb9c57567d3f;REVALIDAR_PROVA;Inventário não é resultado de execução.
R2-ADM-11-S03;R2-ADM-11;R2;R2-ADM-11-S03 — Estorno;openspec/changes/r2-05-console-administrativo/specs/console-administrativo-operavel/spec.md;263;68df52b608f4b22524f2feb3f3dc818a0c65ef298dfbf462204d3f5af11ac272;REVALIDAR_PROVA;Inventário não é resultado de execução.
R2-ADM-12-S01;R2-ADM-12;R2;R2-ADM-12-S01 — Teclado e erro;openspec/changes/r2-05-console-administrativo/specs/console-administrativo-operavel/spec.md;275;ff57bfeafa7f5883beb536ed894b42ba6571f15537ec3d7ac8e6d29b627c7948;REVALIDAR_PROVA;Inventário não é resultado de execução.
R2-ADM-12-S02;R2-ADM-12;R2;R2-ADM-12-S02 — Falha de rede ou 409;openspec/changes/r2-05-console-administrativo/specs/console-administrativo-operavel/spec.md;281;5a70460b536c3c02d80d433553815f1777ff5654b386c05be270bb4e4550cf49;REVALIDAR_PROVA;Inventário não é resultado de execução.
R2-ADM-12-S03;R2-ADM-12;R2;R2-ADM-12-S03 — Jornada integrada;openspec/changes/r2-05-console-administrativo/specs/console-administrativo-operavel/spec.md;287;2b1f5d9bb3fecfab4a5503ae810972cf4c8edcc5e75cd09dc2bf83f6fac52ad0;REVALIDAR_PROVA;Inventário não é resultado de execução.
R2-FIN-01-S01;R2-FIN-01;R2;R2-FIN-01-S01 — Preço muda antes de consumir;openspec/changes/r2-06-financeiro-auditavel/specs/financeiro-auditavel-e-conciliacao/spec.md;11;5c8f934d9598d46c4aadf341dcc520ed79a22b736e4572c5631ae9fba5be1c75;REVALIDAR_PROVA;Inventário não é resultado de execução.
R2-FIN-01-S02;R2-FIN-01;R2;R2-FIN-01-S02 — Cliente paga diretamente;openspec/changes/r2-06-financeiro-auditavel/specs/financeiro-auditavel-e-conciliacao/spec.md;17;7bb94704f112d05b2e67d1f917c2e938facc1dce2e42eab8c821d25a67ef1c4d;REVALIDAR_PROVA;Inventário não é resultado de execução.
R2-FIN-01-S03;R2-FIN-01;R2;R2-FIN-01-S03 — Compra por submit;openspec/changes/r2-06-financeiro-auditavel/specs/financeiro-auditavel-e-conciliacao/spec.md;23;483c94f535cdb4bdd4b180052e3049825bd7e466d852a76980837677ad6b5ef2;REVALIDAR_PROVA;Inventário não é resultado de execução.
R2-FIN-02-S01;R2-FIN-02;R2;R2-FIN-02-S01 — Dois passos custosos;openspec/changes/r2-06-financeiro-auditavel/specs/financeiro-auditavel-e-conciliacao/spec.md;35;0b15f45c63ba2e2be1bede63d150852878e6002a0b9007d229e1d85b6c378d4d;REVALIDAR_PROVA;Inventário não é resultado de execução.
R2-FIN-02-S02;R2-FIN-02;R2;R2-FIN-02-S02 — Polling tarifado;openspec/changes/r2-06-financeiro-auditavel/specs/financeiro-auditavel-e-conciliacao/spec.md;41;108ac600db2df81bf867ac49ea3332f25768281bc6d4f6bfd761ffe51fcf803e;REVALIDAR_PROVA;Inventário não é resultado de execução.
R2-FIN-02-S03;R2-FIN-02;R2;R2-FIN-02-S03 — Precisão;openspec/changes/r2-06-financeiro-auditavel/specs/financeiro-auditavel-e-conciliacao/spec.md;47;f6608ea45b9ac3dd58fae3c1bf8b7f8fafb660d3f1cb298655914f1d67dc592d;REVALIDAR_PROVA;Inventário não é resultado de execução.
R2-FIN-03-S01;R2-FIN-03;R2;R2-FIN-03-S01 — Limite cumulativo;openspec/changes/r2-06-financeiro-auditavel/specs/financeiro-auditavel-e-conciliacao/spec.md;59;4e4919bc5a42fc72519f381edfcd430324fb06a54c059d4fbdb17cad40a9a348;REVALIDAR_PROVA;Inventário não é resultado de execução.
R2-FIN-03-S02;R2-FIN-03;R2;R2-FIN-03-S02 — Concorrência pelo último saldo;openspec/changes/r2-06-financeiro-auditavel/specs/financeiro-auditavel-e-conciliacao/spec.md;65;caa8e54a36aa6270e2dbeb8eacf5e7787f38c37f436b7010b94789b63462af1b;REVALIDAR_PROVA;Inventário não é resultado de execução.
R2-FIN-03-S03;R2-FIN-03;R2;R2-FIN-03-S03 — Limite não configurado;openspec/changes/r2-06-financeiro-auditavel/specs/financeiro-auditavel-e-conciliacao/spec.md;71;fa178afd451e2c5487b49ad5432fb71b648c5e3fa1d2bd0004a462a23a2876aa;REVALIDAR_PROVA;Inventário não é resultado de execução.
R2-FIN-03-S04;R2-FIN-03;R2;R2-FIN-03-S04 — Timeout com efeito incerto;openspec/changes/r2-06-financeiro-auditavel/specs/financeiro-auditavel-e-conciliacao/spec.md;77;530c92f9d73db63d95c1a685cd87015f1a59e326ad3a21ad73fb5dd1fd9e9ef7;REVALIDAR_PROVA;Inventário não é resultado de execução.
R2-FIN-04-S01;R2-FIN-04;R2;R2-FIN-04-S01 — Faixa marginal;openspec/changes/r2-06-financeiro-auditavel/specs/financeiro-auditavel-e-conciliacao/spec.md;89;c7726717c6595946077a18c4de80a1fc450900714bb878704a6fcf7c0e20183c;REVALIDAR_PROVA;Inventário não é resultado de execução.
R2-FIN-04-S02;R2-FIN-04;R2;R2-FIN-04-S02 — Pacote versus soma;openspec/changes/r2-06-financeiro-auditavel/specs/financeiro-auditavel-e-conciliacao/spec.md;95;2b28d0f16cdf1d279524e009ad56e28d940c0ea4f9e962c751e551a2c267e503;REVALIDAR_PROVA;Inventário não é resultado de execução.
R2-FIN-04-S03;R2-FIN-04;R2;R2-FIN-04-S03 — Franquia final concorrente;openspec/changes/r2-06-financeiro-auditavel/specs/financeiro-auditavel-e-conciliacao/spec.md;101;00821424ef2b105159470786c638ebc53f7f2a8785cd5e4ec945d0ed5dbb7390;REVALIDAR_PROVA;Inventário não é resultado de execução.
R2-FIN-05-S01;R2-FIN-05;R2;R2-FIN-05-S01 — Partidas balanceadas;openspec/changes/r2-06-financeiro-auditavel/specs/financeiro-auditavel-e-conciliacao/spec.md;113;2889f8755b46d4fae62543becf2b71261a49fed0ee3361e9aeb72acbe994b515;REVALIDAR_PROVA;Inventário não é resultado de execução.
R2-FIN-05-S02;R2-FIN-05;R2;R2-FIN-05-S02 — Reprocessamento;openspec/changes/r2-06-financeiro-auditavel/specs/financeiro-auditavel-e-conciliacao/spec.md;119;26f806a4113ffcdc089652a09791aa9f5f6f82b40b98ead2d0312fa96d1eba54;REVALIDAR_PROVA;Inventário não é resultado de execução.
R2-FIN-05-S03;R2-FIN-05;R2;R2-FIN-05-S03 — Estorno autorizado;openspec/changes/r2-06-financeiro-auditavel/specs/financeiro-auditavel-e-conciliacao/spec.md;125;92e099c39966d8c4a669ea5b0c0343901605382e08c13c2f00ab21c30a97131b;REVALIDAR_PROVA;Inventário não é resultado de execução.
R2-FIN-06-S01;R2-FIN-06;R2;R2-FIN-06-S01 — Fato atrasado;openspec/changes/r2-06-financeiro-auditavel/specs/financeiro-auditavel-e-conciliacao/spec.md;137;4f50582bb51ed063a470809905c5cb158d2ee001101ec2478a804e1ed08a958e;REVALIDAR_PROVA;Inventário não é resultado de execução.
R2-FIN-06-S02;R2-FIN-06;R2;R2-FIN-06-S02 — Exportação repetida;openspec/changes/r2-06-financeiro-auditavel/specs/financeiro-auditavel-e-conciliacao/spec.md;143;5a83fec2b2c790a6a28290a0659d03f3927fc0f12d816b3a804ed2a3374c8f78;REVALIDAR_PROVA;Inventário não é resultado de execução.
R2-FIN-06-S03;R2-FIN-06;R2;R2-FIN-06-S03 — Contestação de SLA;openspec/changes/r2-06-financeiro-auditavel/specs/financeiro-auditavel-e-conciliacao/spec.md;149;d4167427b6304c91e2a309c9c62292a2cb6f8524e674e8815c2b7cd5495bfb05;REVALIDAR_PROVA;Inventário não é resultado de execução.
R2-DAD-01-S01;R2-DAD-01;R2;R2-DAD-01-S01 — Arquivo elegível;openspec/changes/r2-07-objetos-dados-e-retencao/specs/objetos-dados-e-retencao/spec.md;11;26f26f1ace332e07fec5b28520a3c618d19edd6cc0e9112380f73a346a331202;REVALIDAR_PROVA;Inventário não é resultado de execução.
R2-DAD-01-S02;R2-DAD-01;R2;R2-DAD-01-S02 — Objeto de outro cliente;openspec/changes/r2-07-objetos-dados-e-retencao/specs/objetos-dados-e-retencao/spec.md;17;a9e4243a2e0a615ff620dcb6641176247cd2a15b443ee43ddc0f5ebecfded9a0;REVALIDAR_PROVA;Inventário não é resultado de execução.
R2-DAD-01-S03;R2-DAD-01;R2;R2-DAD-01-S03 — Multipart incompleto;openspec/changes/r2-07-objetos-dados-e-retencao/specs/objetos-dados-e-retencao/spec.md;23;b36bcbcf33b4e99a6b342fb97bdaf897c68c7bb95ab70619c6bdf1d9b2331835;REVALIDAR_PROVA;Inventário não é resultado de execução.
R2-DAD-02-S01;R2-DAD-02;R2;R2-DAD-02-S01 — Resultado grande;openspec/changes/r2-07-objetos-dados-e-retencao/specs/objetos-dados-e-retencao/spec.md;35;b40c3fc7e57466843edb3e77022ab48ca0b2ac9e04563f5663cdb2315555d357;REVALIDAR_PROVA;Inventário não é resultado de execução.
R2-DAD-02-S02;R2-DAD-02;R2;R2-DAD-02-S02 — S3 falha;openspec/changes/r2-07-objetos-dados-e-retencao/specs/objetos-dados-e-retencao/spec.md;41;2225e9bb2e15fe5bebfb984869cd3c9d80561f57b8cb3b9d67e8a6a6c6ae12ab;REVALIDAR_PROVA;Inventário não é resultado de execução.
R2-DAD-02-S03;R2-DAD-02;R2;R2-DAD-02-S03 — Objeto sem commit do protocolo;openspec/changes/r2-07-objetos-dados-e-retencao/specs/objetos-dados-e-retencao/spec.md;47;7463c8e476a054c6ef9e9c467ccd863b6f0eb407dbe077e39df16b37aa4614b7;REVALIDAR_PROVA;Inventário não é resultado de execução.
R2-DAD-03-S01;R2-DAD-03;R2;R2-DAD-03-S01 — Expurgo elegível;openspec/changes/r2-07-objetos-dados-e-retencao/specs/objetos-dados-e-retencao/spec.md;59;11ab80970d86e1e7d857a8ca61a10fa531bd352ca29ccd6e94a7f622e80c12a8;REVALIDAR_PROVA;Inventário não é resultado de execução.
R2-DAD-03-S02;R2-DAD-03;R2;R2-DAD-03-S02 — Entrega pendente;openspec/changes/r2-07-objetos-dados-e-retencao/specs/objetos-dados-e-retencao/spec.md;65;da5dfb37072d6775a384a59c4f1731105fd65e8a9dcd49cc3f25ba8ccdf215cc;REVALIDAR_PROVA;Inventário não é resultado de execução.
R2-DAD-03-S03;R2-DAD-03;R2;R2-DAD-03-S03 — Mensagem antiga;openspec/changes/r2-07-objetos-dados-e-retencao/specs/objetos-dados-e-retencao/spec.md;71;51b9ee365f64f3437b8848b7b06c304ba2d4b5348d35428298eb137b98f50a89;REVALIDAR_PROVA;Inventário não é resultado de execução.
R2-DAD-04-S01;R2-DAD-04;R2;R2-DAD-04-S01 — Writer indisponível com final válido;openspec/changes/r2-07-objetos-dados-e-retencao/specs/objetos-dados-e-retencao/spec.md;83;c4c0623e585cee95c1ad593696d3b4a49dcbfd2977066b3ef96f08ec51c3d871;REVALIDAR_PROVA;Inventário não é resultado de execução.
R2-DAD-04-S02;R2-DAD-04;R2;R2-DAD-04-S02 — Réplica atrasada;openspec/changes/r2-07-objetos-dados-e-retencao/specs/objetos-dados-e-retencao/spec.md;89;655e82bf8c8dfafe4b8fa14229a0f9134851ec45c32e0ce5653e302a210a72a4;REVALIDAR_PROVA;Inventário não é resultado de execução.
R2-DAD-04-S03;R2-DAD-04;R2;R2-DAD-04-S03 — Isolamento de domínio;openspec/changes/r2-07-objetos-dados-e-retencao/specs/objetos-dados-e-retencao/spec.md;95;34348d24034366dc560ceb29e547fba41a166619305c21a64e9d911c6603ece5;REVALIDAR_PROVA;Inventário não é resultado de execução.
R2-DAD-05-S01;R2-DAD-05;R2;R2-DAD-05-S01 — Restore controlado;openspec/changes/r2-07-objetos-dados-e-retencao/specs/objetos-dados-e-retencao/spec.md;107;49bb829f9eef50638a1a0782ba2b317b4a9bc71e2d634ba12e12f75b6ad62ff3;REVALIDAR_PROVA;Inventário não é resultado de execução.
R2-DAD-05-S02;R2-DAD-05;R2;R2-DAD-05-S02 — Operação após backup;openspec/changes/r2-07-objetos-dados-e-retencao/specs/objetos-dados-e-retencao/spec.md;113;5141a1bc7fd6bea7e7ed280280e53788477ec93c5e54c304decf49f5ca6bdd4e;REVALIDAR_PROVA;Inventário não é resultado de execução.
R2-DAD-05-S03;R2-DAD-05;R2;R2-DAD-05-S03 — Falha regional;openspec/changes/r2-07-objetos-dados-e-retencao/specs/objetos-dados-e-retencao/spec.md;119;521b371b7eba5e0fc9701db47a58648ca3769444349514a901d204fb2991cac5;REVALIDAR_PROVA;Inventário não é resultado de execução.
R2-OPE-01-S01;R2-OPE-01;R2;R2-OPE-01-S01 — Primeira instalação;openspec/changes/r2-08-operacao-elastica-e-observavel/specs/operacao-elastica-e-observavel/spec.md;11;04833ba759a410c99075b5665f655e09cfd99f655f6b402de2f5142dbb3a681a;REVALIDAR_PROVA;Inventário não é resultado de execução.
R2-OPE-01-S02;R2-OPE-01;R2;R2-OPE-01-S02 — Recriação sem reset;openspec/changes/r2-08-operacao-elastica-e-observavel/specs/operacao-elastica-e-observavel/spec.md;17;7bcefe505a988dd91062571e9dacfcb4feeb7b1e3197d0253147265cbb24db76;REVALIDAR_PROVA;Inventário não é resultado de execução.
R2-OPE-01-S03;R2-OPE-01;R2;R2-OPE-01-S03 — Cache desligado;openspec/changes/r2-08-operacao-elastica-e-observavel/specs/operacao-elastica-e-observavel/spec.md;23;06c1b1a2f1943e69dc798458c2abb2f48a96a9ccdf0bc7b6b7f0d8807efbed6b;REVALIDAR_PROVA;Inventário não é resultado de execução.
R2-OPE-02-S01;R2-OPE-02;R2;R2-OPE-02-S01 — Overlay aplicável;openspec/changes/r2-08-operacao-elastica-e-observavel/specs/operacao-elastica-e-observavel/spec.md;35;d27f7bfab69316984ffd2347c0d96dcbd549c4ca8f6949dcaaf261aa80d389f5;REVALIDAR_PROVA;Inventário não é resultado de execução.
R2-OPE-02-S02;R2-OPE-02;R2;R2-OPE-02-S02 — Separação ambiental;openspec/changes/r2-08-operacao-elastica-e-observavel/specs/operacao-elastica-e-observavel/spec.md;41;05f91375245122ce08935ac3e6dce7f6cdde3970785445b83f855a2210419202;REVALIDAR_PROVA;Inventário não é resultado de execução.
R2-OPE-02-S03;R2-OPE-02;R2;R2-OPE-02-S03 — Produção sem perfil;openspec/changes/r2-08-operacao-elastica-e-observavel/specs/operacao-elastica-e-observavel/spec.md;47;8ac992584a2ffc27ab0307acfcc4c2e9ef7588693dc7708b836f07f68d3fbe81;REVALIDAR_PROVA;Inventário não é resultado de execução.
R2-OPE-03-S01;R2-OPE-03;R2;R2-OPE-03-S01 — Dependência opcional falha;openspec/changes/r2-08-operacao-elastica-e-observavel/specs/operacao-elastica-e-observavel/spec.md;59;f25b227ba871f73e94486a4e307da9f68b1402aa3b738b7ba3c23d27bcd39763;REVALIDAR_PROVA;Inventário não é resultado de execução.
R2-OPE-03-S02;R2-OPE-03;R2;R2-OPE-03-S02 — Rolling update;openspec/changes/r2-08-operacao-elastica-e-observavel/specs/operacao-elastica-e-observavel/spec.md;65;649e9986353514b40ba472accb6944aa59a3d6ca45885766a77ca0c365f138c8;REVALIDAR_PROVA;Inventário não é resultado de execução.
R2-OPE-03-S03;R2-OPE-03;R2;R2-OPE-03-S03 — Provedor fora;openspec/changes/r2-08-operacao-elastica-e-observavel/specs/operacao-elastica-e-observavel/spec.md;71;d89be298166c70495829d16d04a1351701cd7d15f0a01e1d5626f85f34fe1525;REVALIDAR_PROVA;Inventário não é resultado de execução.
R2-OPE-04-S01;R2-OPE-04;R2;R2-OPE-04-S01 — Fila cresce com CPU baixa;openspec/changes/r2-08-operacao-elastica-e-observavel/specs/operacao-elastica-e-observavel/spec.md;83;9c294fd1f26f59e7676ba4d83062c73fa19cbdba48bfeda6a8f0a7adfd176506;REVALIDAR_PROVA;Inventário não é resultado de execução.
R2-OPE-04-S02;R2-OPE-04;R2;R2-OPE-04-S02 — Célula próxima do envelope;openspec/changes/r2-08-operacao-elastica-e-observavel/specs/operacao-elastica-e-observavel/spec.md;89;a8eae83ec70b38a7d956f9680655afb903af2b32deb51149acb5048f53be47ff;REVALIDAR_PROVA;Inventário não é resultado de execução.
R2-OPE-04-S03;R2-OPE-04;R2;R2-OPE-04-S03 — Quota esgotada;openspec/changes/r2-08-operacao-elastica-e-observavel/specs/operacao-elastica-e-observavel/spec.md;95;32ed7a347e0c1a2d2f78d055e3c85a2d7ead3c3d7e89d5523ec4fcf0f0f2bf61;REVALIDAR_PROVA;Inventário não é resultado de execução.
R2-OPE-05-S01;R2-OPE-05;R2;R2-OPE-05-S01 — Cliente realocado;openspec/changes/r2-08-operacao-elastica-e-observavel/specs/operacao-elastica-e-observavel/spec.md;107;ab6ab10378c650fa9b5a5dc2f5944ef9d87731e3a9d0a9647c0f4ecd86848426;REVALIDAR_PROVA;Inventário não é resultado de execução.
R2-OPE-05-S02;R2-OPE-05;R2;R2-OPE-05-S02 — Dois ambientes/células;openspec/changes/r2-08-operacao-elastica-e-observavel/specs/operacao-elastica-e-observavel/spec.md;113;2e389c40f09c513279af9596073fed77998f47c0c2042e2729796115f4bd17eb;REVALIDAR_PROVA;Inventário não é resultado de execução.
R2-OPE-05-S03;R2-OPE-05;R2;R2-OPE-05-S03 — Falha parcial de provisionamento;openspec/changes/r2-08-operacao-elastica-e-observavel/specs/operacao-elastica-e-observavel/spec.md;119;6baba78322425de8d6a4bc86c047f47441b6b08d0f7222c3c8bf4af5e8072d04;REVALIDAR_PROVA;Inventário não é resultado de execução.
R2-OPE-06-S01;R2-OPE-06;R2;R2-OPE-06-S01 — Reinício com broker fora;openspec/changes/r2-08-operacao-elastica-e-observavel/specs/operacao-elastica-e-observavel/spec.md;131;cb038ac674d87c8f610cb8f779b59c726e21cf8de1d2944368e7429b279a1685;REVALIDAR_PROVA;Inventário não é resultado de execução.
R2-OPE-06-S02;R2-OPE-06;R2;R2-OPE-06-S02 — Redis lenta;openspec/changes/r2-08-operacao-elastica-e-observavel/specs/operacao-elastica-e-observavel/spec.md;137;1f3332434b6f79b1c41b2d64e26b5970587b0ced4e5a8c9b8f69e950fa1a3c45;REVALIDAR_PROVA;Inventário não é resultado de execução.
R2-OPE-06-S03;R2-OPE-06;R2;R2-OPE-06-S03 — Todas cópias autoritativas indisponíveis;openspec/changes/r2-08-operacao-elastica-e-observavel/specs/operacao-elastica-e-observavel/spec.md;143;a8dc80a2fa923da08e0e927027105b6f63d353f1498339ec4b7e0fecebe7d349;REVALIDAR_PROVA;Inventário não é resultado de execução.
R2-OPE-07-S01;R2-OPE-07;R2;R2-OPE-07-S01 — Fluxo rastreável;openspec/changes/r2-08-operacao-elastica-e-observavel/specs/operacao-elastica-e-observavel/spec.md;155;ee9c93a6ad729a164a6765488420027c8094729cecba6e5204230a84a782576f;REVALIDAR_PROVA;Inventário não é resultado de execução.
R2-OPE-07-S02;R2-OPE-07;R2;R2-OPE-07-S02 — Alerta exercitado;openspec/changes/r2-08-operacao-elastica-e-observavel/specs/operacao-elastica-e-observavel/spec.md;161;d56a426767f42aac34bd402d9a7434630c56962f6e3eb923b2c663ae1adad8b7;REVALIDAR_PROVA;Inventário não é resultado de execução.
R2-OPE-07-S03;R2-OPE-07;R2;R2-OPE-07-S03 — Backend de observabilidade fora;openspec/changes/r2-08-operacao-elastica-e-observavel/specs/operacao-elastica-e-observavel/spec.md;167;648d2b16cd6773e9d0466546d08f06fbe9a4caf64f0c11f2184ebc45a36a4489;REVALIDAR_PROVA;Inventário não é resultado de execução.
R2-OPE-08-S01;R2-OPE-08;R2;R2-OPE-08-S01 — AWS real;openspec/changes/r2-08-operacao-elastica-e-observavel/specs/operacao-elastica-e-observavel/spec.md;179;b8b461199f111a61d3dfbdcc887255637ee47e5320317dd2fc6c351fff557ac9;REVALIDAR_PROVA;Inventário não é resultado de execução.
R2-OPE-08-S02;R2-OPE-08;R2;R2-OPE-08-S02 — IAM insuficiente;openspec/changes/r2-08-operacao-elastica-e-observavel/specs/operacao-elastica-e-observavel/spec.md;185;c3f5432e745f1dc5440ae3442b9f1d24dc2519f13443c8e8db227a36c2fea159;REVALIDAR_PROVA;Inventário não é resultado de execução.
R2-OPE-08-S03;R2-OPE-08;R2;R2-OPE-08-S03 — Atualização de dependência;openspec/changes/r2-08-operacao-elastica-e-observavel/specs/operacao-elastica-e-observavel/spec.md;191;4f04927049953b930ca27c693b57f2e0ac0a3d67dcaad1d700920a173ed665cd;REVALIDAR_PROVA;Inventário não é resultado de execução.
R2-OPE-09-S01;R2-OPE-09;R2;R2-OPE-09-S01 — Perfil de referência;openspec/changes/r2-08-operacao-elastica-e-observavel/specs/operacao-elastica-e-observavel/spec.md;203;6aeb6ece0af41706448cc4fb8b598ec50f3f2aa76b88d19eb7f8f6fd3fabacf6;REVALIDAR_PROVA;Inventário não é resultado de execução.
R2-OPE-09-S02;R2-OPE-09;R2;R2-OPE-09-S02 — Manutenção e ruído;openspec/changes/r2-08-operacao-elastica-e-observavel/specs/operacao-elastica-e-observavel/spec.md;209;9b87ff702c8424ba4fbaaed9067337608cd4484df6b6407fb388ff13e1a12103;REVALIDAR_PROVA;Inventário não é resultado de execução.
R2-OPE-09-S03;R2-OPE-09;R2;R2-OPE-09-S03 — Uso crítico;openspec/changes/r2-08-operacao-elastica-e-observavel/specs/operacao-elastica-e-observavel/spec.md;215;eb739088cc6b9562951f79790964e3f8edfd959a097fe1e78b95bf5d676a1d1e;REVALIDAR_PROVA;Inventário não é resultado de execução.
R2-QUA-01-S01;R2-QUA-01;R2;R2-QUA-01-S01 — Novo requisito implementado;openspec/changes/r2-09-qualificacao-e-rastreabilidade/specs/qualificacao-integrada-r2/spec.md;11;2218fa55429279fe52a7346ff1149153718b21d0755ae4600c4513936333f0fb;REVALIDAR_PROVA;Inventário não é resultado de execução.
R2-QUA-01-S02;R2-QUA-01;R2;R2-QUA-01-S02 — Evidência incompatível;openspec/changes/r2-09-qualificacao-e-rastreabilidade/specs/qualificacao-integrada-r2/spec.md;17;32af975b780dc927045f04ec3fe420f951708a4ae4a4a1849b4aead55d7e0a84;REVALIDAR_PROVA;Inventário não é resultado de execução.
R2-QUA-01-S03;R2-QUA-01;R2;R2-QUA-01-S03 — Decisão ainda pendente;openspec/changes/r2-09-qualificacao-e-rastreabilidade/specs/qualificacao-integrada-r2/spec.md;23;d84eb8d27befee2ae1b32e071075937f59854070ef00efc24cce7020fe892355;REVALIDAR_PROVA;Inventário não é resultado de execução.
R2-QUA-02-S01;R2-QUA-02;R2;R2-QUA-02-S01 — Ambiente limpo;openspec/changes/r2-09-qualificacao-e-rastreabilidade/specs/qualificacao-integrada-r2/spec.md;35;15ebf92a5bbb84a0343ad4bd98770a6313673a0a46b27dba5ec153f081ff89b6;REVALIDAR_PROVA;Inventário não é resultado de execução.
R2-QUA-02-S02;R2-QUA-02;R2;R2-QUA-02-S02 — Regressão do eco;openspec/changes/r2-09-qualificacao-e-rastreabilidade/specs/qualificacao-integrada-r2/spec.md;41;0b4da1ac68e0e26205ab12195c150e07c48cdbf2f230ceedab7dee62cb4155ca;REVALIDAR_PROVA;Inventário não é resultado de execução.
R2-QUA-02-S03;R2-QUA-02;R2;R2-QUA-02-S03 — Regressão financeira;openspec/changes/r2-09-qualificacao-e-rastreabilidade/specs/qualificacao-integrada-r2/spec.md;47;a32f8815b85262bd0b680b827c97ca07a55c65ebfc755381e3d0ad552158dd9a;REVALIDAR_PROVA;Inventário não é resultado de execução.
R2-QUA-03-S01;R2-QUA-03;R2;R2-QUA-03-S01 — PR de backend;openspec/changes/r2-09-qualificacao-e-rastreabilidade/specs/qualificacao-integrada-r2/spec.md;59;a0e58dbc029019cc4f193ea9b97a8bad8573b08e9b8400509b19547afd328e09;REVALIDAR_PROVA;Inventário não é resultado de execução.
R2-QUA-03-S02;R2-QUA-03;R2;R2-QUA-03-S02 — UI sem backend;openspec/changes/r2-09-qualificacao-e-rastreabilidade/specs/qualificacao-integrada-r2/spec.md;65;b4d52afe9e4fdae3ac98a5b403a774da035f95eaaa4cbdebfc8aa8a0f3d9a58d;REVALIDAR_PROVA;Inventário não é resultado de execução.
R2-QUA-03-S03;R2-QUA-03;R2;R2-QUA-03-S03 — P0 reaberto;openspec/changes/r2-09-qualificacao-e-rastreabilidade/specs/qualificacao-integrada-r2/spec.md;71;22a05e98567c2bb62be73e097336a94650d470c3669fad5ba138e021ac7ad78d;REVALIDAR_PROVA;Inventário não é resultado de execução.
R2-QUA-04-S01;R2-QUA-04;R2;R2-QUA-04-S01 — Importação deste pacote;openspec/changes/r2-09-qualificacao-e-rastreabilidade/specs/qualificacao-integrada-r2/spec.md;83;1d6ca07cc5aca18f8b7db58fa240e2b97c8823bfc195b32f6cf6d7c77b9bd7fd;REVALIDAR_PROVA;Inventário não é resultado de execução.
R2-QUA-04-S02;R2-QUA-04;R2;R2-QUA-04-S02 — Mudança R2 concluída;openspec/changes/r2-09-qualificacao-e-rastreabilidade/specs/qualificacao-integrada-r2/spec.md;89;7097279ea980dbf84feb795ae0d063fc7670f3400df8a8ca81dfbfd93ef1bfb8;REVALIDAR_PROVA;Inventário não é resultado de execução.
R2-QUA-04-S03;R2-QUA-04;R2;R2-QUA-04-S03 — Regressão posterior;openspec/changes/r2-09-qualificacao-e-rastreabilidade/specs/qualificacao-integrada-r2/spec.md;95;8521e4d1f2f61577358b7c3d2677e1c15784624758f1bbd6366a97ffb2664e0c;REVALIDAR_PROVA;Inventário não é resultado de execução.
R3-EXE-01-S01;R3-EXE-01;R3;R3-EXE-01-S01 — conta REST homologada com API Key;openspec/changes/r3-01-custodia-e-integracao-externa/specs/01-custodia-e-integracao-externa/spec.md;8;66b8f2fda68090e9ce945740627bb50dba9f5b83bdacba2ca95696ed9d495983;REVALIDAR_PROVA;Inventário não é resultado de execução.
R3-EXE-01-S02;R3-EXE-01;R3;R3-EXE-01-S02 — adapter ausente ou autenticação incompleta;openspec/changes/r3-01-custodia-e-integracao-externa/specs/01-custodia-e-integracao-externa/spec.md;13;1cdbd9fed1dc1a7156b159e8de25b2f76838c3eb1a6758338ee3e1c09fafb64c;REVALIDAR_PROVA;Inventário não é resultado de execução.
R3-EXE-01-S03;R3-EXE-01;R3;R3-EXE-01-S03 — dois tenants com bindings específicos;openspec/changes/r3-01-custodia-e-integracao-externa/specs/01-custodia-e-integracao-externa/spec.md;18;b032a2254f364ab0045806f21d4dc9660751fa18220fdd140dacd7b57f760de0;REVALIDAR_PROVA;Inventário não é resultado de execução.
R3-EXE-02-S01;R3-EXE-02;R3;R3-EXE-02-S01 — callback válido de operação conhecida;openspec/changes/r3-01-custodia-e-integracao-externa/specs/01-custodia-e-integracao-externa/spec.md;26;fa8bf3e41cd2cc11dbdd6f228e3d06b6c6d573c6c040dcedf77c0f05d204ee74;REVALIDAR_PROVA;Inventário não é resultado de execução.
R3-EXE-02-S02;R3-EXE-02;R3;R3-EXE-02-S02 — banco indisponível ou assinatura inválida;openspec/changes/r3-01-custodia-e-integracao-externa/specs/01-custodia-e-integracao-externa/spec.md;31;da104824c648392dc4c6be120aa49dcae88a9b9d8178d87e5c48a3f78fc4144c;REVALIDAR_PROVA;Inventário não é resultado de execução.
R3-EXE-02-S03;R3-EXE-02;R3;R3-EXE-02-S03 — callback anterior à correlação e outro após final;openspec/changes/r3-01-custodia-e-integracao-externa/specs/01-custodia-e-integracao-externa/spec.md;36;f8f807bab00dc52f2856f3c52ff95492d4043c12c076a2e05a294a162935cff2;REVALIDAR_PROVA;Inventário não é resultado de execução.
R3-EXE-03-S01;R3-EXE-03;R3;R3-EXE-03-S01 — queda após intenção antes do HTTP;openspec/changes/r3-01-custodia-e-integracao-externa/specs/01-custodia-e-integracao-externa/spec.md;44;126fe837235511879ddf510adc94ced7ffb280c2d1adeb23a49117b8105d79d7;REVALIDAR_PROVA;Inventário não é resultado de execução.
R3-EXE-03-S02;R3-EXE-03;R3;R3-EXE-03-S02 — provedor executou e a resposta se perdeu;openspec/changes/r3-01-custodia-e-integracao-externa/specs/01-custodia-e-integracao-externa/spec.md;49;4fb9da90781c0b59df6a2a49e31be15133f469f4caf818812d2f8bcf77bf9ca8;REVALIDAR_PROVA;Inventário não é resultado de execução.
R3-EXE-03-S03;R3-EXE-03;R3;R3-EXE-03-S03 — owner antigo ou replay com aplicação/hash distintos;openspec/changes/r3-01-custodia-e-integracao-externa/specs/01-custodia-e-integracao-externa/spec.md;54;89fa30143614b5a750443e512e2c3d3a8f864adcc6e0eba94a6eee23ded77d26;REVALIDAR_PROVA;Inventário não é resultado de execução.
R3-EXE-04-S01;R3-EXE-04;R3;R3-EXE-04-S01 — provedor saudável demora com polling e callback ativos;openspec/changes/r3-01-custodia-e-integracao-externa/specs/01-custodia-e-integracao-externa/spec.md;62;b6cf9e308c150c21ef677bb3fd4ad3a3ec29b1e1f9a1756aaf21b6d761440ff0;REVALIDAR_PROVA;Inventário não é resultado de execução.
R3-EXE-04-S02;R3-EXE-04;R3;R3-EXE-04-S02 — primeira falha em t1 com TTL 30 segundos;openspec/changes/r3-01-custodia-e-integracao-externa/specs/01-custodia-e-integracao-externa/spec.md;67;4ddc822bfb06443146e5339caec3c7d8843cf3ac58bb09ac734d8a444b4defb1;REVALIDAR_PROVA;Inventário não é resultado de execução.
R3-EXE-04-S03;R3-EXE-04;R3;R3-EXE-04-S03 — pausa entre decisão e commit atravessa SLA;openspec/changes/r3-01-custodia-e-integracao-externa/specs/01-custodia-e-integracao-externa/spec.md;72;0ed3e857866ab76d5aa556449233f96b7291b8c14679f841bb24f4f3ea1def4f;REVALIDAR_PROVA;Inventário não é resultado de execução.
R3-EXE-05-S01;R3-EXE-05;R3;R3-EXE-05-S01 — primeira inicialização sem assinatura financeira;openspec/changes/r3-01-custodia-e-integracao-externa/specs/01-custodia-e-integracao-externa/spec.md;80;a1ef40065b3234ee0048ab9115be3c491283a74b200d01abf187cdc3a94ca61b;REVALIDAR_PROVA;Inventário não é resultado de execução.
R3-EXE-05-S02;R3-EXE-05;R3;R3-EXE-05-S02 — envelope inválido ou versão desconhecida;openspec/changes/r3-01-custodia-e-integracao-externa/specs/01-custodia-e-integracao-externa/spec.md;85;383de0cca735a73067c9e94a6226ba0abd0707569efe7a378f20e8e76553d59c;REVALIDAR_PROVA;Inventário não é resultado de execução.
R3-EXE-05-S03;R3-EXE-05;R3;R3-EXE-05-S03 — broker cai e retorna;openspec/changes/r3-01-custodia-e-integracao-externa/specs/01-custodia-e-integracao-externa/spec.md;90;1d6b3f33c8724488fa46cd6567b8d1fe7dc624d5718ca5214ff426f322c45c05;REVALIDAR_PROVA;Inventário não é resultado de execução.
R3-CAT-01-S01;R3-CAT-01;R3;R3-CAT-01-S01 — inteiro 9007199254740993 e decimal exato;openspec/changes/r3-02-portfolio-e-contratos-efetivos/specs/02-portfolio-e-contratos-efetivos/spec.md;8;18d84fd0f03b8acd70c640f6fd32ad9834ec65b4fbc923c703765b9efd084196;REVALIDAR_PROVA;Inventário não é resultado de execução.
R3-CAT-01-S02;R3-CAT-01;R3;R3-CAT-01-S02 — enum, nested schema ou additionalProperties violados;openspec/changes/r3-02-portfolio-e-contratos-efetivos/specs/02-portfolio-e-contratos-efetivos/spec.md;13;4e51fe784a19e500af5bb27b2b3ff7910f3685af7cdacecc817157f159d7daac;REVALIDAR_PROVA;Inventário não é resultado de execução.
R3-CAT-01-S03;R3-CAT-01;R3;R3-CAT-01-S03 — payload abusivo A e cliente B saudável;openspec/changes/r3-02-portfolio-e-contratos-efetivos/specs/02-portfolio-e-contratos-efetivos/spec.md;18;eab11a6ef1ab09f0ffde8d72411381353a4d26d029dd3caf7ca6dc6059a75a73;REVALIDAR_PROVA;Inventário não é resultado de execução.
R3-CAT-02-S01;R3-CAT-02;R3;R3-CAT-02-S01 — mesmo serviço com dois perfis e SLAs;openspec/changes/r3-02-portfolio-e-contratos-efetivos/specs/02-portfolio-e-contratos-efetivos/spec.md;26;2207be9a188f902401913e2bb1600aa14673f42c7737408d34e2afaf846ede84;REVALIDAR_PROVA;Inventário não é resultado de execução.
R3-CAT-02-S02;R3-CAT-02;R3;R3-CAT-02-S02 — versão não ofertada ou override inválido;openspec/changes/r3-02-portfolio-e-contratos-efetivos/specs/02-portfolio-e-contratos-efetivos/spec.md;31;da09085cb90207fee9c3d86b35e6c8e59fdc5d81c7ccd2d5b82dc54749aa3b15;REVALIDAR_PROVA;Inventário não é resultado de execução.
R3-CAT-02-S03;R3-CAT-02;R3;R3-CAT-02-S03 — nova publicação durante execução;openspec/changes/r3-02-portfolio-e-contratos-efetivos/specs/02-portfolio-e-contratos-efetivos/spec.md;36;8292aec7dc725b31afc331d6205e63e5f9e86501f5bc5a5056e53c522bd21782;REVALIDAR_PROVA;Inventário não é resultado de execução.
R3-CAT-03-S01;R3-CAT-03;R3;R3-CAT-03-S01 — A/B independentes e C depende de ambos;openspec/changes/r3-02-portfolio-e-contratos-efetivos/specs/02-portfolio-e-contratos-efetivos/spec.md;44;451ab2678b80a602e9d5710a62bbd51aea9804df7ec72dfd6889386bda52a1e9;REVALIDAR_PROVA;Inventário não é resultado de execução.
R3-CAT-03-S02;R3-CAT-03;R3;R3-CAT-03-S02 — ciclo ou contrato incompatível entre etapas;openspec/changes/r3-02-portfolio-e-contratos-efetivos/specs/02-portfolio-e-contratos-efetivos/spec.md;49;4013b056e066b19ab6723f0dc21b495aebbcec8581fa9a02621f27fd984cf022;REVALIDAR_PROVA;Inventário não é resultado de execução.
R3-CAT-03-S03;R3-CAT-03;R3;R3-CAT-03-S03 — queda após A e falha B;openspec/changes/r3-02-portfolio-e-contratos-efetivos/specs/02-portfolio-e-contratos-efetivos/spec.md;54;2d2124baad9946923256a57631850279843289e19e779c3eabc04fc6d54cf7b7;REVALIDAR_PROVA;Inventário não é resultado de execução.
R3-CAT-04-S01;R3-CAT-04;R3;R3-CAT-04-S01 — tenant com 150 ofertas;openspec/changes/r3-02-portfolio-e-contratos-efetivos/specs/02-portfolio-e-contratos-efetivos/spec.md;62;3c69afc39327f5c15f5a67b02cfdf2a00cfa951fb049bde6be2c9f44131f7bba;REVALIDAR_PROVA;Inventário não é resultado de execução.
R3-CAT-04-S02;R3-CAT-04;R3;R3-CAT-04-S02 — Atlas e Redis indisponíveis com projeção válida;openspec/changes/r3-02-portfolio-e-contratos-efetivos/specs/02-portfolio-e-contratos-efetivos/spec.md;67;7fe60e136a37f9d15714306426ef4ef426901a764aa7b57e845e3e6cd7615153;REVALIDAR_PROVA;Inventário não é resultado de execução.
R3-CAT-04-S03;R3-CAT-04;R3;R3-CAT-04-S03 — snapshot vencido ou revogado;openspec/changes/r3-02-portfolio-e-contratos-efetivos/specs/02-portfolio-e-contratos-efetivos/spec.md;72;4588ec30940f241c050e4df09fbb12fe242f8e6e3ea5f94e0e43d39345e5b6e3;REVALIDAR_PROVA;Inventário não é resultado de execução.
R3-INT-01-S01;R3-INT-01;R3;R3-INT-01-S01 — provedor aumenta capacidade sob demanda;openspec/changes/r3-03-capacidade-credenciais-e-latencia/specs/03-capacidade-credenciais-e-latencia/spec.md;8;c41911940c55bfc2412d7230544cf72ea66fa06d78909cc7eb6a5d140458a736;REVALIDAR_PROVA;Inventário não é resultado de execução.
R3-INT-01-S02;R3-INT-01;R3;R3-INT-01-S02 — provedor retorna 429/timeouts;openspec/changes/r3-03-capacidade-credenciais-e-latencia/specs/03-capacidade-credenciais-e-latencia/spec.md;13;d76b3da92d4a08a61b7be7d4c2f3cac7ac1e97a8ac095867e6ddd1aecdff0b9c;REVALIDAR_PROVA;Inventário não é resultado de execução.
R3-INT-01-S03;R3-INT-01;R3;R3-INT-01-S03 — vários pods e tenants na conta compartilhada;openspec/changes/r3-03-capacidade-credenciais-e-latencia/specs/03-capacidade-credenciais-e-latencia/spec.md;18;b1deacb00e7324ff0dda9d6932a2d3e394e346736c0cd3a448c6101647f8e6a1;REVALIDAR_PROVA;Inventário não é resultado de execução.
R3-INT-02-S01;R3-INT-02;R3;R3-INT-02-S01 — L1 válido e Redis/cofre temporariamente fora;openspec/changes/r3-03-capacidade-credenciais-e-latencia/specs/03-capacidade-credenciais-e-latencia/spec.md;26;dc958decc2c5ae931109d37e804238183e72821a3411b0836da950b10896198f;REVALIDAR_PROVA;Inventário não é resultado de execução.
R3-INT-02-S02;R3-INT-02;R3;R3-INT-02-S02 — token expirado/revogado e cofre indisponível;openspec/changes/r3-03-capacidade-credenciais-e-latencia/specs/03-capacidade-credenciais-e-latencia/spec.md;31;c733e424bc18955d6c639f0ace872e6bf87c691c5c2dedfd1ef38be1513e0f44;REVALIDAR_PROVA;Inventário não é resultado de execução.
R3-INT-02-S03;R3-INT-02;R3;R3-INT-02-S03 — OAuth da conta A lento e B saudável;openspec/changes/r3-03-capacidade-credenciais-e-latencia/specs/03-capacidade-credenciais-e-latencia/spec.md;36;0c811ac810d62fd260a267497705dc0c48cd1c73ef87c23ac6edbd8937b6c6e8;REVALIDAR_PROVA;Inventário não é resultado de execução.
R3-INT-03-S01;R3-INT-03;R3;R3-INT-03-S01 — milhares de chamadas à origem;openspec/changes/r3-03-capacidade-credenciais-e-latencia/specs/03-capacidade-credenciais-e-latencia/spec.md;44;5ca022917f0bae146af0c4d69b05836d22f4ee17e5882cffa7c8d7721db18583;REVALIDAR_PROVA;Inventário não é resultado de execução.
R3-INT-03-S02;R3-INT-03;R3;R3-INT-03-S02 — certificado mTLS muda de versão;openspec/changes/r3-03-capacidade-credenciais-e-latencia/specs/03-capacidade-credenciais-e-latencia/spec.md;49;b9e33e7b064eaa02fae82ca185d66fafdceed6e388892d8a072f7fee73794e03;REVALIDAR_PROVA;Inventário não é resultado de execução.
R3-INT-03-S03;R3-INT-03;R3;R3-INT-03-S03 — provedor A lento e B saudável;openspec/changes/r3-03-capacidade-credenciais-e-latencia/specs/03-capacidade-credenciais-e-latencia/spec.md;54;e322e2da5fd1841916ac7cb63221276ceb3af2089e8496c21049b610e7290c9b;REVALIDAR_PROVA;Inventário não é resultado de execução.
R3-ADM-01-S01;R3-ADM-01;R3;R3-ADM-01-S01 — operador nominal global com MFA;openspec/changes/r3-04-console-e-autorizacao/specs/04-console-e-autorizacao/spec.md;8;fb07cf9c07698c300fbde6678ae5fa7de09a1f6349b92d1189643725648d35ba;REVALIDAR_PROVA;Inventário não é resultado de execução.
R3-ADM-01-S02;R3-ADM-01;R3;R3-ADM-01-S02 — token consumidor aplicação A;openspec/changes/r3-04-console-e-autorizacao/specs/04-console-e-autorizacao/spec.md;13;14b05e8beabef1d10294c753cc15e328835fc1b293691084396aafb54c57cb40;REVALIDAR_PROVA;Inventário não é resultado de execução.
R3-ADM-01-S03;R3-ADM-01;R3;R3-ADM-01-S03 — papel revogado durante paginação;openspec/changes/r3-04-console-e-autorizacao/specs/04-console-e-autorizacao/spec.md;18;f173ba266168cbe1bfdcf7676d6cfcd50d4e837d2c7c2354fcc06dd64111a599;REVALIDAR_PROVA;Inventário não é resultado de execução.
R3-ADM-02-S01;R3-ADM-02;R3;R3-ADM-02-S01 — duas entregas do mesmo protocolo;openspec/changes/r3-04-console-e-autorizacao/specs/04-console-e-autorizacao/spec.md;26;435aa69b14179ea35c0b8df4ac35965c32bc40a457b149c266cd341b242d6e68;REVALIDAR_PROVA;Inventário não é resultado de execução.
R3-ADM-02-S02;R3-ADM-02;R3;R3-ADM-02-S02 — API retorna 401/403/409/503 ou JSON inválido;openspec/changes/r3-04-console-e-autorizacao/specs/04-console-e-autorizacao/spec.md;31;1a2543fd636a23e7d0d544b7e2249e28ae19f962a06ea05d52579008b73203fa;REVALIDAR_PROVA;Inventário não é resultado de execução.
R3-ADM-02-S03;R3-ADM-02;R3;R3-ADM-02-S03 — operador reconcilia e consulta SLA;openspec/changes/r3-04-console-e-autorizacao/specs/04-console-e-autorizacao/spec.md;36;a98a620595fc9b0da765f9dc54d2cb9a23bdf162bf8e32339586bf08dd4de439;REVALIDAR_PROVA;Inventário não é resultado de execução.
R3-ADM-03-S01;R3-ADM-03;R3;R3-ADM-03-S01 — operador autorizado seleciona tenant B;openspec/changes/r3-04-console-e-autorizacao/specs/04-console-e-autorizacao/spec.md;44;c20e1b7f72599c63b98bcb13ecbebeeed65917ab1ab68b44018187849031b93e;REVALIDAR_PROVA;Inventário não é resultado de execução.
R3-ADM-03-S02;R3-ADM-03;R3;R3-ADM-03-S02 — resposta se perde após commit;openspec/changes/r3-04-console-e-autorizacao/specs/04-console-e-autorizacao/spec.md;49;fc9a1ecc98291f3bc6bbf41996c917f449ee96478834b9b0959d3b6348b834e3;REVALIDAR_PROVA;Inventário não é resultado de execução.
R3-ADM-03-S03;R3-ADM-03;R3;R3-ADM-03-S03 — autor tenta autoaprovação ou altera tenant;openspec/changes/r3-04-console-e-autorizacao/specs/04-console-e-autorizacao/spec.md;54;c41c48f773380925757ce2a215faeced9f8d01a577d89311e9097b0313033561;REVALIDAR_PROVA;Inventário não é resultado de execução.
R3-ADM-04-S01;R3-ADM-04;R3;R3-ADM-04-S01 — oferta SYNC+ASYNC+AUTO e contas OAuth/API Key/mTLS;openspec/changes/r3-04-console-e-autorizacao/specs/04-console-e-autorizacao/spec.md;62;7b926b959dd1c5bb6ef98a5f0fd85f7bc0e3fff1ac7da0ab5ed4ddd539cb44ba;REVALIDAR_PROVA;Inventário não é resultado de execução.
R3-ADM-04-S02;R3-ADM-04;R3;R3-ADM-04-S02 — UTC aberto em America/Sao_Paulo e referência além da centena;openspec/changes/r3-04-console-e-autorizacao/specs/04-console-e-autorizacao/spec.md;67;06f9cb6dc69880606b3e84a1f92373cc73e208613bdfd836f210468e708f21db;REVALIDAR_PROVA;Inventário não é resultado de execução.
R3-ADM-04-S03;R3-ADM-04;R3;R3-ADM-04-S03 — JSON inválido em 200 ou erro de campo;openspec/changes/r3-04-console-e-autorizacao/specs/04-console-e-autorizacao/spec.md;72;1b0b80a93862746f28e7726e0b9828c6b65813754a0162e5a963caedde3f5215;REVALIDAR_PROVA;Inventário não é resultado de execução.
R3-FIN-01-S01;R3-FIN-01;R3;R3-FIN-01-S01 — tarifa efetiva 2 e reserva inicial 1;openspec/changes/r3-05-financeiro-e-entregas/specs/05-financeiro-e-entregas/spec.md;8;5d03d0953c7eeaec44e2e61502b48f2114ced26a822867dc584c7d54a0309c50;REVALIDAR_PROVA;Inventário não é resultado de execução.
R3-FIN-01-S02;R3-FIN-01;R3;R3-FIN-01-S02 — franquia DENY esgotada e admissões concorrentes;openspec/changes/r3-05-financeiro-e-entregas/specs/05-financeiro-e-entregas/spec.md;13;049a6af7710b31399942660dd70c28a032be8bf343a84f444c75d8729f6a87a1;REVALIDAR_PROVA;Inventário não é resultado de execução.
R3-FIN-01-S03;R3-FIN-01;R3;R3-FIN-01-S03 — UNKNOWN seguido de prova de execução/ausência;openspec/changes/r3-05-financeiro-e-entregas/specs/05-financeiro-e-entregas/spec.md;18;a377fc9a47a0fc442555785487e06a165b62e110d598fa75d56fc1d42c75bda4;REVALIDAR_PROVA;Inventário não é resultado de execução.
R3-FIN-02-S01;R3-FIN-02;R3;R3-FIN-02-S01 — contrato cobra cada STATUS e receita só no sucesso;openspec/changes/r3-05-financeiro-e-entregas/specs/05-financeiro-e-entregas/spec.md;26;e2e8fdcce01b75f157a67ed0062b08716832fefdaaff2201470bc844bfd39a76;REVALIDAR_PROVA;Inventário não é resultado de execução.
R3-FIN-02-S02;R3-FIN-02;R3;R3-FIN-02-S02 — fato faltante ou disputa aberta;openspec/changes/r3-05-financeiro-e-entregas/specs/05-financeiro-e-entregas/spec.md;31;ced47a5c6ecde034cccbc0eeff82fe0fb8934e8fdb6e754fa2d6e8652d74751e;REVALIDAR_PROVA;Inventário não é resultado de execução.
R3-FIN-02-S03;R3-FIN-02;R3;R3-FIN-02-S03 — duplicata ou fato após período fechado;openspec/changes/r3-05-financeiro-e-entregas/specs/05-financeiro-e-entregas/spec.md;36;400844590a03d45468d6f89b39788aa44cad474b26c496007f925d00628d39d8;REVALIDAR_PROVA;Inventário não é resultado de execução.
R3-FIN-03-S01;R3-FIN-03;R3;R3-FIN-03-S01 — destino v1 no aceite e v2 antes do final;openspec/changes/r3-05-financeiro-e-entregas/specs/05-financeiro-e-entregas/spec.md;44;aea87bfb05a68dbe10a1b9fc5313477b7f4f70490a4f5dce958fb797d738a71f;REVALIDAR_PROVA;Inventário não é resultado de execução.
R3-FIN-03-S02;R3-FIN-03;R3;R3-FIN-03-S02 — aplicações A/B do mesmo tenant com destinos diferentes;openspec/changes/r3-05-financeiro-e-entregas/specs/05-financeiro-e-entregas/spec.md;49;5cf668ba1af340647d72c6889b8a7b6f6f92eb87d76612245db49909955949da;REVALIDAR_PROVA;Inventário não é resultado de execução.
R3-FIN-03-S03;R3-FIN-03;R3;R3-FIN-03-S03 — queda após envio e redelivery manual;openspec/changes/r3-05-financeiro-e-entregas/specs/05-financeiro-e-entregas/spec.md;54;3b84ff18b3f79881852f88054358b0996e0c89fa37f52321f0cabeab7082d960;REVALIDAR_PROVA;Inventário não é resultado de execução.
R3-OPE-01-S01;R3-OPE-01;R3;R3-OPE-01-S01 — entrada/saída volumosas;openspec/changes/r3-06-dados-plataforma-e-continuidade/specs/06-dados-plataforma-e-continuidade/spec.md;8;005fa3d7970c9808f7f3bf921580b7d18064e841d8fe12da7add002cd3115b0a;REVALIDAR_PROVA;Inventário não é resultado de execução.
R3-OPE-01-S02;R3-OPE-01;R3;R3-OPE-01-S02 — falha entre upload e final ou limpeza concorrente;openspec/changes/r3-06-dados-plataforma-e-continuidade/specs/06-dados-plataforma-e-continuidade/spec.md;13;450daa4f031e94c044ea9617aec91dba1f57fc538c44a5b664bfda837243dee4;REVALIDAR_PROVA;Inventário não é resultado de execução.
R3-OPE-01-S03;R3-OPE-01;R3;R3-OPE-01-S03 — outro tenant usa FileRef ou retenção vence com disputa;openspec/changes/r3-06-dados-plataforma-e-continuidade/specs/06-dados-plataforma-e-continuidade/spec.md;18;a5862882e570091918c2c2617b0e1553e8464e410fe6e2d4e92d5f6130cb68be;REVALIDAR_PROVA;Inventário não é resultado de execução.
R3-OPE-02-S01;R3-OPE-02;R3;R3-OPE-02-S01 — máquina limpa com pré-requisitos;openspec/changes/r3-06-dados-plataforma-e-continuidade/specs/06-dados-plataforma-e-continuidade/spec.md;26;d5f6ce688b18f3354c66a3b0c8f03fe06618db4be23c605b6d9face0a1a303be;REVALIDAR_PROVA;Inventário não é resultado de execução.
R3-OPE-02-S02;R3-OPE-02;R3;R3-OPE-02-S02 — recriação de containers/nós;openspec/changes/r3-06-dados-plataforma-e-continuidade/specs/06-dados-plataforma-e-continuidade/spec.md;31;f6eaa7b41b826280a558ef74e533a933aa22b8bb9bd4e2addf16879f38dc8a31;REVALIDAR_PROVA;Inventário não é resultado de execução.
R3-OPE-02-S03;R3-OPE-02;R3;R3-OPE-02-S03 — overlays dev/hom/ppd/prd;openspec/changes/r3-06-dados-plataforma-e-continuidade/specs/06-dados-plataforma-e-continuidade/spec.md;36;bba39e78605f16ee3583702c68a7da07788937017d715f45e116294a9780fd89;REVALIDAR_PROVA;Inventário não é resultado de execução.
R3-OPE-03-S01;R3-OPE-03;R3;R3-OPE-03-S01 — crescimento dentro do envelope;openspec/changes/r3-06-dados-plataforma-e-continuidade/specs/06-dados-plataforma-e-continuidade/spec.md;44;25ec23faf65d73d6389d9cc767e39d8c2cd23b0875aaa95e166ea4c805716ede;REVALIDAR_PROVA;Inventário não é resultado de execução.
R3-OPE-03-S02;R3-OPE-03;R3;R3-OPE-03-S02 — rollout ou perda de zona;openspec/changes/r3-06-dados-plataforma-e-continuidade/specs/06-dados-plataforma-e-continuidade/spec.md;49;5f6ef07f5683a90b61e4800003b40c7111b312023da3a45708936027bc276c90;REVALIDAR_PROVA;Inventário não é resultado de execução.
R3-OPE-03-S03;R3-OPE-03;R3;R3-OPE-03-S03 — quota esgotada ou autoridade indisponível;openspec/changes/r3-06-dados-plataforma-e-continuidade/specs/06-dados-plataforma-e-continuidade/spec.md;54;b010e682e87f1991eab4b97dc93c71aeaf44e79f83cc92d0fa157fd21b4c82c8;REVALIDAR_PROVA;Inventário não é resultado de execução.
R3-OPE-04-S01;R3-OPE-04;R3;R3-OPE-04-S01 — papel runtime sem ownership e pool reutilizado;openspec/changes/r3-06-dados-plataforma-e-continuidade/specs/06-dados-plataforma-e-continuidade/spec.md;62;80585d414fdd7d4b00d216be30680980c628a463b778ceef25146df5dc9fdf8d;REVALIDAR_PROVA;Inventário não é resultado de execução.
R3-OPE-04-S02;R3-OPE-04;R3;R3-OPE-04-S02 — Redis fora e manutenção de réplica PostgreSQL;openspec/changes/r3-06-dados-plataforma-e-continuidade/specs/06-dados-plataforma-e-continuidade/spec.md;67;f9a63b0022250656abc656a4c9925a639daaf18c68144aa345d2a4c4f0a1e81d;REVALIDAR_PROVA;Inventário não é resultado de execução.
R3-OPE-04-S03;R3-OPE-04;R3;R3-OPE-04-S03 — restore anterior a efeitos já realizados;openspec/changes/r3-06-dados-plataforma-e-continuidade/specs/06-dados-plataforma-e-continuidade/spec.md;72;7983b75c6f9884c52b696e4018227d2c863e1f0795d8109d91ccf9be2b126b38;REVALIDAR_PROVA;Inventário não é resultado de execução.
R3-OPE-05-S01;R3-OPE-05;R3;R3-OPE-05-S01 — um resultado tempestivo e outro tardio;openspec/changes/r3-06-dados-plataforma-e-continuidade/specs/06-dados-plataforma-e-continuidade/spec.md;80;6c1de21e290dd7f67f253cf405a617be71a02f376da1b7810cf432cd31238971;REVALIDAR_PROVA;Inventário não é resultado de execução.
R3-OPE-05-S02;R3-OPE-05;R3;R3-OPE-05-S02 — obrigação parada e provedor degradado;openspec/changes/r3-06-dados-plataforma-e-continuidade/specs/06-dados-plataforma-e-continuidade/spec.md;85;abf4324d7f252686d58ec455576146a88ebd92716f076ac47a6b8193745b2a31;REVALIDAR_PROVA;Inventário não é resultado de execução.
R3-OPE-05-S03;R3-OPE-05;R3;R3-OPE-05-S03 — payload secreto e muitos protocolos;openspec/changes/r3-06-dados-plataforma-e-continuidade/specs/06-dados-plataforma-e-continuidade/spec.md;90;20efb75318c4ed507aec587a874efcaead1dde8ecbf46eee6bb80d338462b99e;REVALIDAR_PROVA;Inventário não é resultado de execução.
R3-QUA-01-S01;R3-QUA-01;R3;R3-QUA-01-S01 — checkout limpo e imagens do SHA;openspec/changes/r3-07-qualificacao-integral/specs/07-qualificacao-integral/spec.md;8;d4ca24bed71d14e987364bc933facb7d769a95ac6ae3f2ef11a0285fc28bef59;REVALIDAR_PROVA;Inventário não é resultado de execução.
R3-QUA-01-S02;R3-QUA-01;R3;R3-QUA-01-S02 — dependência de fixture ausente;openspec/changes/r3-07-qualificacao-integral/specs/07-qualificacao-integral/spec.md;13;500fed140ba821d5d26a8c06c9a67684f314a394eea3331bf59730035e896b4a;REVALIDAR_PROVA;Inventário não é resultado de execução.
R3-QUA-01-S03;R3-QUA-01;R3;R3-QUA-01-S03 — um achado corrigido e baseline pendente;openspec/changes/r3-07-qualificacao-integral/specs/07-qualificacao-integral/spec.md;18;339afd9b1c5566f4058add6ad0e0d65384e0e212e6c09c8c6a97f8edc5243b33;REVALIDAR_PROVA;Inventário não é resultado de execução.
R4-CBK-01-S01;R4-CBK-01;R4;R4-CBK-01-S01 — provedor homologado com credencial própria e callback conhecido;openspec/changes/r4-01-callbacks-autenticados-e-recuperaveis/specs/r4-01-callbacks-autenticados-e-recuperaveis/spec.md;8;c3b95f27723a4045b3a00faf29d5c46805ecf24510be606753833a2fdcf0b2a3;REVALIDAR_PROVA;Inventário não é resultado de execução.
R4-CBK-01-S02;R4-CBK-01;R4;R4-CBK-01-S02 — token ausente/inválido ou identidade de outra conta;openspec/changes/r4-01-callbacks-autenticados-e-recuperaveis/specs/r4-01-callbacks-autenticados-e-recuperaveis/spec.md;13;860659ab2a309ab9624dd00e35bdc5f71589269bc2bb8f7145c6ea9296c599f2;REVALIDAR_PROVA;Inventário não é resultado de execução.
R4-CBK-01-S03;R4-CBK-01;R4;R4-CBK-01-S03 — rotação de segredo e observação repetida;openspec/changes/r4-01-callbacks-autenticados-e-recuperaveis/specs/r4-01-callbacks-autenticados-e-recuperaveis/spec.md;18;491ccf01a3d213aafcbb319d2f3ba00362e672c397e293db2e112b8bcb04a21c;REVALIDAR_PROVA;Inventário não é resultado de execução.
R4-CBK-02-S01;R4-CBK-02;R4;R4-CBK-02-S01 — callback autenticado anterior à correlação;openspec/changes/r4-01-callbacks-autenticados-e-recuperaveis/specs/r4-01-callbacks-autenticados-e-recuperaveis/spec.md;26;babba5614e13343db564ee4a2f5e40ee9eff2eec65365db53b1f51e5bf5fec78;REVALIDAR_PROVA;Inventário não é resultado de execução.
R4-CBK-02-S02;R4-CBK-02;R4;R4-CBK-02-S02 — tentativa de token incorreto seguida de correto para mesmo ID/body;openspec/changes/r4-01-callbacks-autenticados-e-recuperaveis/specs/r4-01-callbacks-autenticados-e-recuperaveis/spec.md;31;c51aaecea5b391bc5c1fb7c1d1f486299a3200c72472f05bd84262b87bab52c9;REVALIDAR_PROVA;Inventário não é resultado de execução.
R4-CBK-02-S03;R4-CBK-02;R4;R4-CBK-02-S03 — origem excede quota ou tenta outro tenant;openspec/changes/r4-01-callbacks-autenticados-e-recuperaveis/specs/r4-01-callbacks-autenticados-e-recuperaveis/spec.md;36;9796d02d9adba745bf80e63d6107e9debb891104315ddbc40915d8140858b4fa;REVALIDAR_PROVA;Inventário não é resultado de execução.
R4-CBK-03-S01;R4-CBK-03;R4;R4-CBK-03-S01 — órfão admitido e correlação criada sem novo callback;openspec/changes/r4-01-callbacks-autenticados-e-recuperaveis/specs/r4-01-callbacks-autenticados-e-recuperaveis/spec.md;44;f4d098a704831197d531298f2f4adbdf5ec4a04119c8f32b27badf289f2d7862;REVALIDAR_PROVA;Inventário não é resultado de execução.
R4-CBK-03-S02;R4-CBK-03;R4;R4-CBK-03-S02 — item defeituoso antecede recibo válido de outro tenant;openspec/changes/r4-01-callbacks-autenticados-e-recuperaveis/specs/r4-01-callbacks-autenticados-e-recuperaveis/spec.md;49;a159ecdab01c86c326c8c7d5beb98017eb83be996b2c287aa35cb2ef396cec9e;REVALIDAR_PROVA;Inventário não é resultado de execução.
R4-CBK-03-S03;R4-CBK-03;R4;R4-CBK-03-S03 — dois workers e pool SQL pequeno com perda de lease;openspec/changes/r4-01-callbacks-autenticados-e-recuperaveis/specs/r4-01-callbacks-autenticados-e-recuperaveis/spec.md;54;c4dfd7ad43773aae80b18e9ec90220b2be72d9cce8b7ed68765ec366f43b7fe2;REVALIDAR_PROVA;Inventário não é resultado de execução.
R4-CBK-04-S01;R4-CBK-04;R4;R4-CBK-04-S01 — mesmo resultado recebido por SYNC, poll e callback;openspec/changes/r4-01-callbacks-autenticados-e-recuperaveis/specs/r4-01-callbacks-autenticados-e-recuperaveis/spec.md;62;1220bbc3a7321f42f883621f40a2e018e0e1391578bf45ede2a641f8088e39b5;REVALIDAR_PROVA;Inventário não é resultado de execução.
R4-CBK-04-S02;R4-CBK-04;R4;R4-CBK-04-S02 — callback com ID de provedor divergente ou schema inválido;openspec/changes/r4-01-callbacks-autenticados-e-recuperaveis/specs/r4-01-callbacks-autenticados-e-recuperaveis/spec.md;67;fb35c89ecbf2fa89f7aaa00109cf8752d9f8e36603957081e4cfb25236b65d9e;REVALIDAR_PROVA;Inventário não é resultado de execução.
R4-CBK-04-S03;R4-CBK-04;R4;R4-CBK-04-S03 — resultado válido depois do final do cliente;openspec/changes/r4-01-callbacks-autenticados-e-recuperaveis/specs/r4-01-callbacks-autenticados-e-recuperaveis/spec.md;72;00c7f465d2d7d062c82b0bc0b01295658286f801920a30fd1b8cc80fa7489648;REVALIDAR_PROVA;Inventário não é resultado de execução.
R4-CTR-01-S01;R4-CTR-01;R4;R4-CTR-01-S01 — objeto com inteiro 9007199254740993 e string legítima;openspec/changes/r4-02-contratos-json-estritos/specs/r4-02-contratos-json-estritos/spec.md;8;6309c575635e307c867a5006f531b5334feebfc38473f0a6dd5798f650698b00;REVALIDAR_PROVA;Inventário não é resultado de execução.
R4-CTR-01-S02;R4-CTR-01;R4;"R4-CTR-01-S02 — null para string ou ""123"" para integer";openspec/changes/r4-02-contratos-json-estritos/specs/r4-02-contratos-json-estritos/spec.md;13;b33079e9c5c3f88f60b833ce8300dcb489dbd79151b871778395de3bf647f0f2;REVALIDAR_PROVA;Inventário não é resultado de execução.
R4-CTR-01-S03;R4-CTR-01;R4;R4-CTR-01-S03 — segundo documento ou lixo após objeto válido;openspec/changes/r4-02-contratos-json-estritos/specs/r4-02-contratos-json-estritos/spec.md;18;1a43ce2c050b0530c72c139d2a4eb1bc0a837858af655e4e90510db651dc6316;REVALIDAR_PROVA;Inventário não é resultado de execução.
R4-CTR-02-S01;R4-CTR-02;R4;R4-CTR-02-S01 — minimum/maximum/enum suportados ou explicitamente não suportados;openspec/changes/r4-02-contratos-json-estritos/specs/r4-02-contratos-json-estritos/spec.md;26;0826da3fc3199cf752b881c28fe172aa2154c29bcb806ace857869c92f6d046a;REVALIDAR_PROVA;Inventário não é resultado de execução.
R4-CTR-02-S02;R4-CTR-02;R4;R4-CTR-02-S02 — valores 1, 1.0 e 1e0 no dialeto JSON Schema escolhido;openspec/changes/r4-02-contratos-json-estritos/specs/r4-02-contratos-json-estritos/spec.md;31;d7f9c04210074fd2e9f4ab1d63062c4c3797b7b75c7ab00da7dc9544d6fc0f3b;REVALIDAR_PROVA;Inventário não é resultado de execução.
R4-CTR-02-S03;R4-CTR-02;R4;R4-CTR-02-S03 — keyword desconhecida aninhada ou schema excessivamente profundo;openspec/changes/r4-02-contratos-json-estritos/specs/r4-02-contratos-json-estritos/spec.md;36;27e59d1ca6ea99cc6e4e43156fa58d7491f770b9970724aaeb551aad861e4b5e;REVALIDAR_PROVA;Inventário não é resultado de execução.
R4-OPE-01-S01;R4-OPE-01;R4;R4-OPE-01-S01 — token válido e versão ainda autorizada em L1 com cofre fora;openspec/changes/r4-03-upgrade-cache-e-crescimento/specs/r4-03-upgrade-cache-e-crescimento/spec.md;8;64309ec77f061c0c2d09c325692442e33a6fbf100eb24100696444f4d3196add;REVALIDAR_PROVA;Inventário não é resultado de execução.
R4-OPE-01-S02;R4-OPE-01;R4;R4-OPE-01-S02 — token vencido/revogado ou binding distinto;openspec/changes/r4-03-upgrade-cache-e-crescimento/specs/r4-03-upgrade-cache-e-crescimento/spec.md;13;808021acab23dbed2b0a3ecf06ff10c21092cebfd28032ac53d8a1d88b602f8b;REVALIDAR_PROVA;Inventário não é resultado de execução.
R4-OPE-01-S03;R4-OPE-01;R4;R4-OPE-01-S03 — muitas rotações e chamadas canceladas aguardando refresh;openspec/changes/r4-03-upgrade-cache-e-crescimento/specs/r4-03-upgrade-cache-e-crescimento/spec.md;18;f5f0ab8c26158565ea52c7cdfffd58865874de7a077c9ac9c4fb523925519fa2;REVALIDAR_PROVA;Inventário não é resultado de execução.
R4-OPE-02-S01;R4-OPE-02;R4;R4-OPE-02-S01 — banco R2 com checksum histórico e dados;openspec/changes/r4-03-upgrade-cache-e-crescimento/specs/r4-03-upgrade-cache-e-crescimento/spec.md;26;f16fc4d782e4b570daf90efd5b8b4e3b42c8d9ed2bd26dc827866450147de772;REVALIDAR_PROVA;Inventário não é resultado de execução.
R4-OPE-02-S02;R4-OPE-02;R4;R4-OPE-02-S02 — banco limpo e banco criado com variante R3 conhecida;openspec/changes/r4-03-upgrade-cache-e-crescimento/specs/r4-03-upgrade-cache-e-crescimento/spec.md;31;047bfd94a55e21548b51e18ff187747cf8680a2c7086683e1bbf909e26512c73;REVALIDAR_PROVA;Inventário não é resultado de execução.
R4-OPE-02-S03;R4-OPE-02;R4;R4-OPE-02-S03 — checksum desconhecido/adulterado;openspec/changes/r4-03-upgrade-cache-e-crescimento/specs/r4-03-upgrade-cache-e-crescimento/spec.md;36;9db564828d23c0cb7b9d2b3c8ae6921b7dd21d54aab7f9cda744bf7c8554dd92;REVALIDAR_PROVA;Inventário não é resultado de execução.
R4-OPE-03-S01;R4-OPE-03;R4;R4-OPE-03-S01 — milhares de ofertas não relacionadas e uma elegível;openspec/changes/r4-03-upgrade-cache-e-crescimento/specs/r4-03-upgrade-cache-e-crescimento/spec.md;44;626d8f5173861fb09130241b275de7461e8144dc379185b960d351f02f554ab1;REVALIDAR_PROVA;Inventário não é resultado de execução.
R4-OPE-03-S02;R4-OPE-03;R4;R4-OPE-03-S02 — duas ofertas realmente elegíveis e vigentes;openspec/changes/r4-03-upgrade-cache-e-crescimento/specs/r4-03-upgrade-cache-e-crescimento/spec.md;49;85cba826f8d8a825996a073912df8620bbdd4db6795bc16e079df63482796eb8;REVALIDAR_PROVA;Inventário não é resultado de execução.
R4-OPE-03-S03;R4-OPE-03;R4;R4-OPE-03-S03 — Atlas fora com projeção válida versus projeção vencida;openspec/changes/r4-03-upgrade-cache-e-crescimento/specs/r4-03-upgrade-cache-e-crescimento/spec.md;54;d1866222d402b4226bcfb2d7ce7348d214517d3f82f13ac8729d4ef8b71722b9;REVALIDAR_PROVA;Inventário não é resultado de execução.
R4-QUA-01-S01;R4-QUA-01;R4;R4-QUA-01-S01 — specs atuais e pacote R4;openspec/changes/r4-04-conclusao-integrada-da-baseline/specs/r4-04-conclusao-integrada-da-baseline/spec.md;8;ea150ae28db981590f5d21127805eaa82ad641e6701091a0ec1444bf8320b478;REVALIDAR_PROVA;Inventário não é resultado de execução.
R4-QUA-01-S02;R4-QUA-01;R4;R4-QUA-01-S02 — código muda após teste ou relatório contradiz checkpoint;openspec/changes/r4-04-conclusao-integrada-da-baseline/specs/r4-04-conclusao-integrada-da-baseline/spec.md;13;41e6b8c941b708f001c8619ffad94334b8f754a847165667c080c695b6cc2b0a;REVALIDAR_PROVA;Inventário não é resultado de execução.
R4-QUA-01-S03;R4-QUA-01;R4;R4-QUA-01-S03 — correção pontual com requisito integral pendente;openspec/changes/r4-04-conclusao-integrada-da-baseline/specs/r4-04-conclusao-integrada-da-baseline/spec.md;18;b927b5f04e9cae1a21735a63c99e9ab9206d1b77ae14354c72f08d6a4ee0f2cb;REVALIDAR_PROVA;Inventário não é resultado de execução.
R4-QUA-02-S01;R4-QUA-02;R4;R4-QUA-02-S01 — operador faz catálogo→execução→consulta→entrega→financeiro;openspec/changes/r4-04-conclusao-integrada-da-baseline/specs/r4-04-conclusao-integrada-da-baseline/spec.md;26;83110f71199c60cbb57285da9f051c1f5e2012f0796e5c80152ac9d7c4ad78ca;REVALIDAR_PROVA;Inventário não é resultado de execução.
R4-QUA-02-S02;R4-QUA-02;R4;R4-QUA-02-S02 — duas entregas do mesmo protocolo, erro financeiro e token consumidor;openspec/changes/r4-04-conclusao-integrada-da-baseline/specs/r4-04-conclusao-integrada-da-baseline/spec.md;31;ef3d902a16107731d0493e2750e190f6721fc804a7d6aa6de2108ef3b9250980;REVALIDAR_PROVA;Inventário não é resultado de execução.
R4-QUA-02-S03;R4-QUA-02;R4;R4-QUA-02-S03 — helper ou menu implementado sem conexão real;openspec/changes/r4-04-conclusao-integrada-da-baseline/specs/r4-04-conclusao-integrada-da-baseline/spec.md;36;8705291c6b727338bf397036b7414429b4b9747bd044e2eb81832155f2497997;REVALIDAR_PROVA;Inventário não é resultado de execução.
R4-QUA-03-S01;R4-QUA-03;R4;R4-QUA-03-S01 — ambiente com ecossistema Hub existente;openspec/changes/r4-04-conclusao-integrada-da-baseline/specs/r4-04-conclusao-integrada-da-baseline/spec.md;44;7a1d59e53d89ed1d893ca8778d24b061f28d569c9b34e2805535599b8c6b2fac;REVALIDAR_PROVA;Inventário não é resultado de execução.
R4-QUA-03-S02;R4-QUA-03;R4;R4-QUA-03-S02 — dependência integrada ausente ou teste t.Skip;openspec/changes/r4-04-conclusao-integrada-da-baseline/specs/r4-04-conclusao-integrada-da-baseline/spec.md;49;9fb0ddbd1dfd48beb3cda0a9d57921e6061dbedd768632c429f80935b7f57138;REVALIDAR_PROVA;Inventário não é resultado de execução.
R4-QUA-03-S03;R4-QUA-03;R4;R4-QUA-03-S03 — Compose e kind preparados com imagens do conteúdo atual;openspec/changes/r4-04-conclusao-integrada-da-baseline/specs/r4-04-conclusao-integrada-da-baseline/spec.md;54;50061059bd336e2a0ccc6e0b4ca000f451d5c5281791a63a0f7a17a0d50b8b1f;REVALIDAR_PROVA;Inventário não é resultado de execução.
R5-SEG-01-S01;R5-SEG-01;R5;operação desconhecida e assinatura falsa não vazia;openspec/changes/r5-01-fronteiras-de-autorizacao/specs/r5-01-fronteiras-de-autorizacao/spec.md;8;778dcfc686abfd8a0d9e165fdcb9afeea617cb3e6167143da410a25af7470d85;PENDENTE;Novo cenário, implementação não realizada nesta revisão.
R5-SEG-01-S02;R5-SEG-01;R5;callback autêntico precede correlação e há rotação da chave;openspec/changes/r5-01-fronteiras-de-autorizacao/specs/r5-01-fronteiras-de-autorizacao/spec.md;13;420db741f1c496b32f8480b9245ad1f22ab1516f1262e230714d8a9cdb93928c;PENDENTE;Novo cenário, implementação não realizada nesta revisão.
R5-SEG-01-S03;R5-SEG-01;R5;conta agressora envia órfãos e repete evento com timestamp novo;openspec/changes/r5-01-fronteiras-de-autorizacao/specs/r5-01-fronteiras-de-autorizacao/spec.md;18;5ea57de4ec51b26b1a4a81334c68b03ba31f9196cc7ad795ef996c18bd65f810;PENDENTE;Novo cenário, implementação não realizada nesta revisão.
R5-SEG-02-S01;R5-SEG-02;R5;oferta em cache e Atlas retorna 403 ou 409;openspec/changes/r5-01-fronteiras-de-autorizacao/specs/r5-01-fronteiras-de-autorizacao/spec.md;26;547d02c429b334850aeb8201616201c4ebf12e0f19b7a03a334157186e513db7;PENDENTE;Novo cenário, implementação não realizada nesta revisão.
R5-SEG-02-S02;R5-SEG-02;R5;projeção elegível e Atlas temporariamente indisponível;openspec/changes/r5-01-fronteiras-de-autorizacao/specs/r5-01-fronteiras-de-autorizacao/spec.md;31;d9edb2e0655479dbf75dc759af17a248a6cea9d3dc7a4818263818dbfcd7215d;PENDENTE;Novo cenário, implementação não realizada nesta revisão.
R5-SEG-02-S03;R5-SEG-02;R5;oferta suspensa e cache em múltiplas réplicas;openspec/changes/r5-01-fronteiras-de-autorizacao/specs/r5-01-fronteiras-de-autorizacao/spec.md;36;434052dc43454388af23012b41be47c5158e01b7fd987de7065883cdbc34cedd;PENDENTE;Novo cenário, implementação não realizada nesta revisão.
R5-SEG-03-S01;R5-SEG-03;R5;dados A/B existentes e credencial runtime real;openspec/changes/r5-01-fronteiras-de-autorizacao/specs/r5-01-fronteiras-de-autorizacao/spec.md;44;a694f2a4cffe5dd808a723da4103860ea9c37b76ba5f921b7b98b67aa1893205;PENDENTE;Novo cenário, implementação não realizada nesta revisão.
R5-SEG-03-S02;R5-SEG-03;R5;pool reutilizado e worker executando tenant alternado;openspec/changes/r5-01-fronteiras-de-autorizacao/specs/r5-01-fronteiras-de-autorizacao/spec.md;49;769f4b1906c3388a276e8cd82b8d67141ae9041838cdd6c0825d2d1cbc354ddf;PENDENTE;Novo cenário, implementação não realizada nesta revisão.
R5-SEG-03-S03;R5-SEG-03;R5;operador com leitura local e operador global autorizado;openspec/changes/r5-01-fronteiras-de-autorizacao/specs/r5-01-fronteiras-de-autorizacao/spec.md;54;1932045a1144a761067601d2b82f204662965a5182559b7bfbb751229f9c1d45;PENDENTE;Novo cenário, implementação não realizada nesta revisão.
R5-EXE-01-S01;R5-EXE-01;R5;retry_until vencido e upstream voltou;openspec/changes/r5-02-produtos-e-prazos-duraveis/specs/r5-02-produtos-e-prazos-duraveis/spec.md;8;27a4aa279acc8427fe711e030d8122a16a7db647807fa63460406dd8a68ecc2b;PENDENTE;Novo cenário, implementação não realizada nesta revisão.
R5-EXE-01-S02;R5-EXE-01;R5;polling saudável demora além do SLA e callback chega depois;openspec/changes/r5-02-produtos-e-prazos-duraveis/specs/r5-02-produtos-e-prazos-duraveis/spec.md;13;3bf8db2eb7ee4fd0b44ef3b4758e0df9e3c2a52e420f1ceb6d1a0ebb2e247935;PENDENTE;Novo cenário, implementação não realizada nesta revisão.
R5-EXE-01-S03;R5-EXE-01;R5;pausa após claim, lease expirada e comando legado sem novo campo;openspec/changes/r5-02-produtos-e-prazos-duraveis/specs/r5-02-produtos-e-prazos-duraveis/spec.md;18;c9cab995ffda4235f8b58e63923f76e7b57cbc52b8b95c3c01fe52411a2b7856;PENDENTE;Novo cenário, implementação não realizada nesta revisão.
R5-EXE-02-S01;R5-EXE-02;R5;max_parallel=1 e dois publishers simultâneos;openspec/changes/r5-02-produtos-e-prazos-duraveis/specs/r5-02-produtos-e-prazos-duraveis/spec.md;26;27f16f432ec33da924eaa7ecef11649887fd13a34ed97fbc573a99fd272b906d;PENDENTE;Novo cenário, implementação não realizada nesta revisão.
R5-EXE-02-S02;R5-EXE-02;R5;crash após marcar RUNNING e antes de publicar;openspec/changes/r5-02-produtos-e-prazos-duraveis/specs/r5-02-produtos-e-prazos-duraveis/spec.md;31;de40f4edff6bc882793b7e53377f784ea4968b1033520a9e8e16a84b3b12f29e;PENDENTE;Novo cenário, implementação não realizada nesta revisão.
R5-EXE-02-S03;R5-EXE-02;R5;cancelamento ou final antes de novo I/O;openspec/changes/r5-02-produtos-e-prazos-duraveis/specs/r5-02-produtos-e-prazos-duraveis/spec.md;36;ee62ca3acc0a379a3910b907aac59518214cad3482d8b9688cf7aed2fbccc569;PENDENTE;Novo cenário, implementação não realizada nesta revisão.
R5-EXE-03-S01;R5-EXE-03;R5;produto com serviços de dois provedores e bindings diferentes;openspec/changes/r5-02-produtos-e-prazos-duraveis/specs/r5-02-produtos-e-prazos-duraveis/spec.md;44;8f63a9d23048bccd12a48c6702e3c1465f9b5a46864e2b0889373c7f16acb039;PENDENTE;Novo cenário, implementação não realizada nesta revisão.
R5-EXE-03-S02;R5-EXE-03;R5;catálogo/rota mudam depois do aceite;openspec/changes/r5-02-produtos-e-prazos-duraveis/specs/r5-02-produtos-e-prazos-duraveis/spec.md;49;04af96ac54067cbf78df627fdb6aa613fbf8453281c6c48532ac0a71039e4fcd;PENDENTE;Novo cenário, implementação não realizada nesta revisão.
R5-EXE-03-S03;R5-EXE-03;R5;serviço ou contrato da etapa não é elegível;openspec/changes/r5-02-produtos-e-prazos-duraveis/specs/r5-02-produtos-e-prazos-duraveis/spec.md;54;fce8d6b0d0f91c2f8c5fbcdda6d1c5ad49fcd259b217d11dece1649360472551;PENDENTE;Novo cenário, implementação não realizada nesta revisão.
R5-EXE-04-S01;R5-EXE-04;R5;A precede B e etapa posterior falha;openspec/changes/r5-02-produtos-e-prazos-duraveis/specs/r5-02-produtos-e-prazos-duraveis/spec.md;62;352ad7bce58a04975e7e17d1e2064a62f775f81f1f5833a453c82f7c66949823;PENDENTE;Novo cenário, implementação não realizada nesta revisão.
R5-EXE-04-S02;R5-EXE-04;R5;cliente expira com compensação pendente;openspec/changes/r5-02-produtos-e-prazos-duraveis/specs/r5-02-produtos-e-prazos-duraveis/spec.md;67;d569c617604a9bf3b58992cb590331910dd73c92612dc1d4b9a5da00ca2d8fbd;PENDENTE;Novo cenário, implementação não realizada nesta revisão.
R5-EXE-04-S03;R5-EXE-04;R5;compensação falha após possível efeito;openspec/changes/r5-02-produtos-e-prazos-duraveis/specs/r5-02-produtos-e-prazos-duraveis/spec.md;72;96b4c0393cb5046e0747edee5ae94e77e018b773c8ae289bfd1088cbff4b8c44;PENDENTE;Novo cenário, implementação não realizada nesta revisão.
R5-DAD-01-S01;R5-DAD-01;R5;resultado contém inteiro 9007199254740993 e decimal exato;openspec/changes/r5-03-integridade-e-reconciliacao/specs/r5-03-integridade-e-reconciliacao/spec.md;8;afdf911418c0ce37647acd1cbb5d3984f942b17a0f22b79289740f7c53620279;PENDENTE;Novo cenário, implementação não realizada nesta revisão.
R5-DAD-01-S02;R5-DAD-01;R5;ID financeiro maior que inteiro seguro JS;openspec/changes/r5-03-integridade-e-reconciliacao/specs/r5-03-integridade-e-reconciliacao/spec.md;13;eef27a6b482d9b93bc0873d65b4b64c4c505afab28ca803f754854068f7d6579;PENDENTE;Novo cenário, implementação não realizada nesta revisão.
R5-DAD-01-S03;R5-DAD-01;R5;campos não numéricos e schema rejeitado;openspec/changes/r5-03-integridade-e-reconciliacao/specs/r5-03-integridade-e-reconciliacao/spec.md;18;381be8fda5add18a81bdf7473f2b4e0e72bf34e4358684c926759c853fe067af;PENDENTE;Novo cenário, implementação não realizada nesta revisão.
R5-DAD-02-S01;R5-DAD-02;R5;backup contém produto em trânsito, UNKNOWN, reserva e versões de arquivo;openspec/changes/r5-03-integridade-e-reconciliacao/specs/r5-03-integridade-e-reconciliacao/spec.md;26;d432527146600bce296072e2d5da305c1c90a645ce078ce1cb8c7b0926729a09;PENDENTE;Novo cenário, implementação não realizada nesta revisão.
R5-DAD-02-S02;R5-DAD-02;R5;faltam versão de objeto ou etapa do plano;openspec/changes/r5-03-integridade-e-reconciliacao/specs/r5-03-integridade-e-reconciliacao/spec.md;31;84273c8fc142de4719cdfe58cf227b4d1a4b70d028ae391d0b87cb434b0a218b;PENDENTE;Novo cenário, implementação não realizada nesta revisão.
R5-DAD-02-S03;R5-DAD-02;R5;falha regional ou restauração de ponto anterior ao efeito externo;openspec/changes/r5-03-integridade-e-reconciliacao/specs/r5-03-integridade-e-reconciliacao/spec.md;36;127f5e424d238f3bf921c60e09a2d05f9b7b5dd32d9667bb173231c877b26df8;PENDENTE;Novo cenário, implementação não realizada nesta revisão.
R5-DAD-03-S01;R5-DAD-03;R5;reserva 100 e consumo final 30;openspec/changes/r5-03-integridade-e-reconciliacao/specs/r5-03-integridade-e-reconciliacao/spec.md;44;762df8dfa3b474fcadd17c67ca47de29e75c9e40b9520e0f22b205a2ddf85545;PENDENTE;Novo cenário, implementação não realizada nesta revisão.
R5-DAD-03-S02;R5-DAD-03;R5;produtor/outbox atrasado e operador pede fechamento;openspec/changes/r5-03-integridade-e-reconciliacao/specs/r5-03-integridade-e-reconciliacao/spec.md;49;d43ccdc83799a48394c5b71acc089de05a8c4701fa91eaa0c01e0fb17cdf4479;PENDENTE;Novo cenário, implementação não realizada nesta revisão.
R5-DAD-03-S03;R5-DAD-03;R5;fato tardio após exportação fechada;openspec/changes/r5-03-integridade-e-reconciliacao/specs/r5-03-integridade-e-reconciliacao/spec.md;54;335858d1cb69832df987a6b45afa92fe5918fdfabc0862974ea1380ddbf7e960;PENDENTE;Novo cenário, implementação não realizada nesta revisão.
R5-OPE-01-S01;R5-OPE-01;R5;rota ativa sem política ou controller;openspec/changes/r5-04-capacidade-e-promocao-verificaveis/specs/r5-04-capacidade-e-promocao-verificaveis/spec.md;8;a83d9489f8ce3f802755eaf247af4e08231f0174a61ca80e475d5a30f70de7fa;PENDENTE;Novo cenário, implementação não realizada nesta revisão.
R5-OPE-01-S02;R5-OPE-01;R5;queda após efeito ou durante settlement de permit;openspec/changes/r5-04-capacidade-e-promocao-verificaveis/specs/r5-04-capacidade-e-promocao-verificaveis/spec.md;13;0689bd381494fbc7baf2830a79f8b0d61950152213ec5a423e83d5de1cc209e2;PENDENTE;Novo cenário, implementação não realizada nesta revisão.
R5-OPE-01-S03;R5-OPE-01;R5;histórico grande, tenant agressor e provedor que escala;openspec/changes/r5-04-capacidade-e-promocao-verificaveis/specs/r5-04-capacidade-e-promocao-verificaveis/spec.md;18;9d361cec8c31446f7cb1df9e3e9782bdbbde4636cd73183e3da7492f2ec7f625;PENDENTE;Novo cenário, implementação não realizada nesta revisão.
R5-OPE-02-S01;R5-OPE-02;R5;prd sem manifesto e variáveis textuais PASS;openspec/changes/r5-04-capacidade-e-promocao-verificaveis/specs/r5-04-capacidade-e-promocao-verificaveis/spec.md;26;27454979aecd5734c69ef391ed0f39ba1d6b38e2d7864faa3b196f9ace18a08c;PENDENTE;Novo cenário, implementação não realizada nesta revisão.
R5-OPE-02-S02;R5-OPE-02;R5;manifesto válido pertence a outro SHA ou digest;openspec/changes/r5-04-capacidade-e-promocao-verificaveis/specs/r5-04-capacidade-e-promocao-verificaveis/spec.md;31;0c656f337b2a304893791437ee20566aec6ba0a838b27d710f67bbc3798c0c98;PENDENTE;Novo cenário, implementação não realizada nesta revisão.
R5-OPE-02-S03;R5-OPE-02;R5;artefato qualificado e aprovações autênticas do ambiente;openspec/changes/r5-04-capacidade-e-promocao-verificaveis/specs/r5-04-capacidade-e-promocao-verificaveis/spec.md;36;390667faa9eefc5b376407be9d133634f55de13d7fd43cbe96eb6b4b206d974b;PENDENTE;Novo cenário, implementação não realizada nesta revisão.
R5-OPE-03-S01;R5-OPE-03;R5;novo cliente e carga dentro do envelope aprovado;openspec/changes/r5-04-capacidade-e-promocao-verificaveis/specs/r5-04-capacidade-e-promocao-verificaveis/spec.md;44;5141803af58396dcaff1445918150ba03c8be4829a96d0f82c086a533d2b26db;PENDENTE;Novo cenário, implementação não realizada nesta revisão.
R5-OPE-03-S02;R5-OPE-03;R5;perda de nó/zona com tráfego e obrigações em trânsito;openspec/changes/r5-04-capacidade-e-promocao-verificaveis/specs/r5-04-capacidade-e-promocao-verificaveis/spec.md;49;05cbce0b7d7c049ba7687ab55fa009ab75774c4d78ea5e3a4d16984894cfc2f0;PENDENTE;Novo cenário, implementação não realizada nesta revisão.
R5-OPE-03-S03;R5-OPE-03;R5;credencial/fixture local em configuração prd;openspec/changes/r5-04-capacidade-e-promocao-verificaveis/specs/r5-04-capacidade-e-promocao-verificaveis/spec.md;54;fb8b9a11b6543d523e81ddf2d731729d0b2aa322f6f9fc4f7fc3a161e1ec664a;PENDENTE;Novo cenário, implementação não realizada nesta revisão.
R5-UX-01-S01;R5-UX-01;R5;catálogo possui mais de 1000 itens e referência fora da primeira página;openspec/changes/r5-05-console-escalavel-e-contratual/specs/r5-05-console-escalavel-e-contratual/spec.md;8;0840c355705561e5ed39c57d95e1b581061c084890f89c8b616445bfc75d5722;PENDENTE;Novo cenário, implementação não realizada nesta revisão.
R5-UX-01-S02;R5-UX-01;R5;"comando persiste e duas respostas se perdem; usuário recarrega";openspec/changes/r5-05-console-escalavel-e-contratual/specs/r5-05-console-escalavel-e-contratual/spec.md;13;083aa8f560ee5c82221ca9214fa306256a289c5f4e146b470afa8d73e19b3bf6;PENDENTE;Novo cenário, implementação não realizada nesta revisão.
R5-UX-01-S03;R5-UX-01;R5;API responde objeto de formato errado ou usuário sem escopo;openspec/changes/r5-05-console-escalavel-e-contratual/specs/r5-05-console-escalavel-e-contratual/spec.md;18;a657303e8d453b7a3dc87bab438d227bec2611cdaa8fed987af27bdd94ea09fe;PENDENTE;Novo cenário, implementação não realizada nesta revisão.
R5-QUA-01-S01;R5-QUA-01;R5;baseline remota 201/732 e quatro obrigações R4 ausentes;openspec/changes/r5-06-baseline-e-evidencia-integral/specs/r5-06-baseline-e-evidencia-integral/spec.md;8;6c3f458eecfc47723286b4d5c0b4307cbd25880fd6ff47aac2a0d218a6b30b6b;PENDENTE;Novo cenário, implementação não realizada nesta revisão.
R5-QUA-01-S02;R5-QUA-01;R5;cenário ou código muda após execução;openspec/changes/r5-06-baseline-e-evidencia-integral/specs/r5-06-baseline-e-evidencia-integral/spec.md;13;b3dbaf2a04ff61bbdc9140b569c62c1dbbd0e17525fb123b53bf5cf1daff7ab2;PENDENTE;Novo cenário, implementação não realizada nesta revisão.
R5-QUA-01-S03;R5-QUA-01;R5;log histórico, smoke exploratório e teste integrado atual;openspec/changes/r5-06-baseline-e-evidencia-integral/specs/r5-06-baseline-e-evidencia-integral/spec.md;18;e2c9d3c0111012a22b59a86779dafa66e69446faebfd2ab65f02c7a2c8d0738b;PENDENTE;Novo cenário, implementação não realizada nesta revisão.
R5-DAD-04-S01;R5-DAD-04;R5;evento financeiro inválido com bytes originais;openspec/changes/r5-03-integridade-e-reconciliacao/specs/r5-03-integridade-e-reconciliacao/spec.md;62;9357db6fc25fe94a7f5c67bb14fc0a75bb24cc0ea8d51cc841dddc30bbe1fb51;PENDENTE;Novo cenário, implementação não realizada nesta revisão.
R5-DAD-04-S02;R5-DAD-04;R5;falha da persistência de quarentena;openspec/changes/r5-03-integridade-e-reconciliacao/specs/r5-03-integridade-e-reconciliacao/spec.md;67;3973cda63ba84685b991188f2cad928dc6bc0b18db90eeb6a518951f4a22aa10;PENDENTE;Novo cenário, implementação não realizada nesta revisão.
R5-DAD-04-S03;R5-DAD-04;R5;contrato corrigido e operador autorizado pede replay;openspec/changes/r5-03-integridade-e-reconciliacao/specs/r5-03-integridade-e-reconciliacao/spec.md;72;0a2147ec908e36902ee6ed6e8074195b9c1101fe1f93fbd68572da8ce4bb56a4;PENDENTE;Novo cenário, implementação não realizada nesta revisão.
R5-EXE-05-S01;R5-EXE-05;R5;ambiente limpo e consumidor financeiro inicia por último;openspec/changes/r5-02-produtos-e-prazos-duraveis/specs/r5-02-produtos-e-prazos-duraveis/spec.md;80;4c4afef3cceb0cae7b9c41ceb31452bf0fbb0f4c20fdbc0c1a86772e59e3403c;PENDENTE;Novo cenário, implementação não realizada nesta revisão.
R5-EXE-05-S02;R5-EXE-05;R5;assinatura removida ou policy incorreta durante execução;openspec/changes/r5-02-produtos-e-prazos-duraveis/specs/r5-02-produtos-e-prazos-duraveis/spec.md;85;c10c9531644340464401284bb45890af9688d635d9fbee14ea63f9c5163e96ec;PENDENTE;Novo cenário, implementação não realizada nesta revisão.
R5-EXE-05-S03;R5-EXE-05;R5;broker recupera e processos reiniciam fora de ordem;openspec/changes/r5-02-produtos-e-prazos-duraveis/specs/r5-02-produtos-e-prazos-duraveis/spec.md;90;abf4acd3aabe423078f61740c724422bc67dd020ec85a80e286d368b1c105894;PENDENTE;Novo cenário, implementação não realizada nesta revisão.
