cenario_id;requisito;origem;titulo_original;spec;linha;status_auditoria;observacao
V4:ARQ-01:S001;ARQ-01;v4;Portal não orquestra nem precifica;openspec/changes/hub-interoperabilidade-v4/specs/arquitetura-e-comunicacao/spec.md;8;PENDENTE_REQUALIFICACAO;"Identidade de auditoria derivada de requisito+ordem; spec v4 preservada."
V4:ARQ-01:S002;ARQ-01;v4;Órbita delega execução externa a Cometa sem manter segredos;openspec/changes/hub-interoperabilidade-v4/specs/arquitetura-e-comunicacao/spec.md;13;PENDENTE_REQUALIFICACAO;"Identidade de auditoria derivada de requisito+ordem; spec v4 preservada."
V4:ARQ-01:S003;ARQ-01;v4;Libra não infere consumo apenas de logs nem fatura todo evento técnico;openspec/changes/hub-interoperabilidade-v4/specs/arquitetura-e-comunicacao/spec.md;18;PENDENTE_REQUALIFICACAO;"Identidade de auditoria derivada de requisito+ordem; spec v4 preservada."
V4:ARQ-01:S004;ARQ-01;v4;Isolamento de adaptador ou temporizador apenas por critério explícito;openspec/changes/hub-interoperabilidade-v4/specs/arquitetura-e-comunicacao/spec.md;23;PENDENTE_REQUALIFICACAO;"Identidade de auditoria derivada de requisito+ordem; spec v4 preservada."
V4:ARQ-02:S001;ARQ-02;v4;SYNC persiste o fato externo via resposta HTTPS sem depender da fila;openspec/changes/hub-interoperabilidade-v4/specs/arquitetura-e-comunicacao/spec.md;31;PENDENTE_REQUALIFICACAO;"Identidade de auditoria derivada de requisito+ordem; spec v4 preservada."
V4:ARQ-02:S002;ARQ-02;v4;ASYNC usa fila e mantém os mesmos invariantes com deduplicação de eventos posteriores;openspec/changes/hub-interoperabilidade-v4/specs/arquitetura-e-comunicacao/spec.md;36;PENDENTE_REQUALIFICACAO;"Identidade de auditoria derivada de requisito+ordem; spec v4 preservada."
V4:ARQ-02:S003;ARQ-02;v4;Cada domínio grava somente seu próprio estado no core compartilhado;openspec/changes/hub-interoperabilidade-v4/specs/arquitetura-e-comunicacao/spec.md;41;PENDENTE_REQUALIFICACAO;"Identidade de auditoria derivada de requisito+ordem; spec v4 preservada."
V4:ARQ-02:S004;ARQ-02;v4;Tráfego estabelecido não consulta Atlas/Crossplane a cada pedido;openspec/changes/hub-interoperabilidade-v4/specs/arquitetura-e-comunicacao/spec.md;46;PENDENTE_REQUALIFICACAO;"Identidade de auditoria derivada de requisito+ordem; spec v4 preservada."
V4:ARQ-03:S001;ARQ-03;v4;PostgreSQL é a escolha para o banco transacional por célula;openspec/changes/hub-interoperabilidade-v4/specs/arquitetura-e-comunicacao/spec.md;54;PENDENTE_REQUALIFICACAO;"Identidade de auditoria derivada de requisito+ordem; spec v4 preservada."
V4:ARQ-03:S002;ARQ-03;v4;SNS + SQS Standard é a escolha para o barramento sem presumir ordem;openspec/changes/hub-interoperabilidade-v4/specs/arquitetura-e-comunicacao/spec.md;59;PENDENTE_REQUALIFICACAO;"Identidade de auditoria derivada de requisito+ordem; spec v4 preservada."
V4:ARQ-03:S003;ARQ-03;v4;Cache funciona e cumpre o SLO qualificado sem Redis;openspec/changes/hub-interoperabilidade-v4/specs/arquitetura-e-comunicacao/spec.md;64;PENDENTE_REQUALIFICACAO;"Identidade de auditoria derivada de requisito+ordem; spec v4 preservada."
V4:ARQ-03:S004;ARQ-03;v4;Operar sem serviços AWS exige nova decisão de arquitetura;openspec/changes/hub-interoperabilidade-v4/specs/arquitetura-e-comunicacao/spec.md;69;PENDENTE_REQUALIFICACAO;"Identidade de auditoria derivada de requisito+ordem; spec v4 preservada."
V4:ARQ-04:S001;ARQ-04;v4;Atlas API usa Go pela uniformidade de toolchain, não pela velocidade de CRUD;openspec/changes/hub-interoperabilidade-v4/specs/arquitetura-e-comunicacao/spec.md;77;PENDENTE_REQUALIFICACAO;"Identidade de auditoria derivada de requisito+ordem; spec v4 preservada."
V4:ARQ-04:S002;ARQ-04;v4;Espera de rede suportada libera a thread, mas bloqueio evitável no caminho crítico é proibido;openspec/changes/hub-interoperabilidade-v4/specs/arquitetura-e-comunicacao/spec.md;82;PENDENTE_REQUALIFICACAO;"Identidade de auditoria derivada de requisito+ordem; spec v4 preservada."
V4:ARQ-04:S003;ARQ-04;v4;Interface de Atlas em TypeScript/React não processa pedidos de clientes;openspec/changes/hub-interoperabilidade-v4/specs/arquitetura-e-comunicacao/spec.md;87;PENDENTE_REQUALIFICACAO;"Identidade de auditoria derivada de requisito+ordem; spec v4 preservada."
V4:ARQ-04:S004;ARQ-04;v4;Comparação de desempenho entre Go e outras linguagens exige equivalência de condições;openspec/changes/hub-interoperabilidade-v4/specs/arquitetura-e-comunicacao/spec.md;92;PENDENTE_REQUALIFICACAO;"Identidade de auditoria derivada de requisito+ordem; spec v4 preservada."
V4:ARQ-05:S001;ARQ-05;v4;PostgreSQL compartilhado entre células é separado por célula;openspec/changes/hub-interoperabilidade-v4/specs/arquitetura-e-comunicacao/spec.md;100;PENDENTE_REQUALIFICACAO;"Identidade de auditoria derivada de requisito+ordem; spec v4 preservada."
V4:ARQ-05:S002;ARQ-05;v4;Dependência de produção exige versão fixada, plano de atualização, licença e proprietário;openspec/changes/hub-interoperabilidade-v4/specs/arquitetura-e-comunicacao/spec.md;105;PENDENTE_REQUALIFICACAO;"Identidade de auditoria derivada de requisito+ordem; spec v4 preservada."
V4:ARQ-05:S003;ARQ-05;v4;Mesh ou Envoy não são adotados automaticamente para o controle adaptativo do Cometa;openspec/changes/hub-interoperabilidade-v4/specs/arquitetura-e-comunicacao/spec.md;110;PENDENTE_REQUALIFICACAO;"Identidade de auditoria derivada de requisito+ordem; spec v4 preservada."
V4:ARQ-05:S004;ARQ-05;v4;Traces do OpenTelemetry/Tempo não servem como fonte contábil ou única evidência de SLA;openspec/changes/hub-interoperabilidade-v4/specs/arquitetura-e-comunicacao/spec.md;115;PENDENTE_REQUALIFICACAO;"Identidade de auditoria derivada de requisito+ordem; spec v4 preservada."
V4:ARQ-06:S001;ARQ-06;v4;KEDA é o único proprietário do HPA de um Deployment de worker;openspec/changes/hub-interoperabilidade-v4/specs/arquitetura-e-comunicacao/spec.md;123;PENDENTE_REQUALIFICACAO;"Identidade de auditoria derivada de requisito+ordem; spec v4 preservada."
V4:ARQ-06:S002;ARQ-06;v4;Crossplane reconcilia recursos mas não decide quando expandir;openspec/changes/hub-interoperabilidade-v4/specs/arquitetura-e-comunicacao/spec.md;128;PENDENTE_REQUALIFICACAO;"Identidade de auditoria derivada de requisito+ordem; spec v4 preservada."
V4:ARQ-06:S003;ARQ-06;v4;Redução de pods ou nós não apaga dados protegidos;openspec/changes/hub-interoperabilidade-v4/specs/arquitetura-e-comunicacao/spec.md;133;PENDENTE_REQUALIFICACAO;"Identidade de auditoria derivada de requisito+ordem; spec v4 preservada."
V4:ARQ-06:S004;ARQ-06;v4;Perda do plano de gestão impede novas expansões mas não desliga células prontas;openspec/changes/hub-interoperabilidade-v4/specs/arquitetura-e-comunicacao/spec.md;138;PENDENTE_REQUALIFICACAO;"Identidade de auditoria derivada de requisito+ordem; spec v4 preservada."
V4:COM-01:S001;COM-01;v4;SYNC entre Órbita e Cometa dispensa broker no percurso obrigatório;openspec/changes/hub-interoperabilidade-v4/specs/arquitetura-e-comunicacao/spec.md;146;PENDENTE_REQUALIFICACAO;"Identidade de auditoria derivada de requisito+ordem; spec v4 preservada."
V4:COM-01:S002;COM-01;v4;Retorno HTTP interno perdido não autoriza nova operação;openspec/changes/hub-interoperabilidade-v4/specs/arquitetura-e-comunicacao/spec.md;151;PENDENTE_REQUALIFICACAO;"Identidade de auditoria derivada de requisito+ordem; spec v4 preservada."
V4:COM-01:S003;COM-01;v4;gRPC e request/reply sobre broker não são adotados como padrão do caminho SYNC;openspec/changes/hub-interoperabilidade-v4/specs/arquitetura-e-comunicacao/spec.md;156;PENDENTE_REQUALIFICACAO;"Identidade de auditoria derivada de requisito+ordem; spec v4 preservada."
V4:COM-01:S004;COM-01;v4;Pulsar consulta Órbita por HTTPS autenticado sem acesso direto ao banco;openspec/changes/hub-interoperabilidade-v4/specs/arquitetura-e-comunicacao/spec.md;161;PENDENTE_REQUALIFICACAO;"Identidade de auditoria derivada de requisito+ordem; spec v4 preservada."
V4:COM-02:S001;COM-02;v4;REST/JSON por HTTPS é disponibilizado mediante OpenAPI e schemas homologados;openspec/changes/hub-interoperabilidade-v4/specs/arquitetura-e-comunicacao/spec.md;169;PENDENTE_REQUALIFICACAO;"Identidade de auditoria derivada de requisito+ordem; spec v4 preservada."
V4:COM-02:S002;COM-02;v4;SFTP e gRPC/Protobuf não são aceitos automaticamente na v4;openspec/changes/hub-interoperabilidade-v4/specs/arquitetura-e-comunicacao/spec.md;174;PENDENTE_REQUALIFICACAO;"Identidade de auditoria derivada de requisito+ordem; spec v4 preservada."
V4:COM-02:S003;COM-02;v4;Conexão direta do cliente ao banco é recusada independentemente do catálogo;openspec/changes/hub-interoperabilidade-v4/specs/arquitetura-e-comunicacao/spec.md;179;PENDENTE_REQUALIFICACAO;"Identidade de auditoria derivada de requisito+ordem; spec v4 preservada."
V4:COM-02:S004;COM-02;v4;Integração via broker externo do parceiro exige ADR explícito;openspec/changes/hub-interoperabilidade-v4/specs/arquitetura-e-comunicacao/spec.md;184;PENDENTE_REQUALIFICACAO;"Identidade de auditoria derivada de requisito+ordem; spec v4 preservada."
V4:COM-03:S001;COM-03;v4;Publicação usa outbox na mesma transação do estado local;openspec/changes/hub-interoperabilidade-v4/specs/arquitetura-e-comunicacao/spec.md;192;PENDENTE_REQUALIFICACAO;"Identidade de auditoria derivada de requisito+ordem; spec v4 preservada."
V4:COM-03:S002;COM-03;v4;Ack ao broker ocorre somente após o commit do inbox;openspec/changes/hub-interoperabilidade-v4/specs/arquitetura-e-comunicacao/spec.md;197;PENDENTE_REQUALIFICACAO;"Identidade de auditoria derivada de requisito+ordem; spec v4 preservada."
V4:COM-03:S003;COM-03;v4;Chave semântica reconhece fatos econômicos equivalentes com event_ids distintos;openspec/changes/hub-interoperabilidade-v4/specs/arquitetura-e-comunicacao/spec.md;202;PENDENTE_REQUALIFICACAO;"Identidade de auditoria derivada de requisito+ordem; spec v4 preservada."
V4:COM-03:S004;COM-03;v4;Evento antigo não regride estado e gera pendência de reconciliação;openspec/changes/hub-interoperabilidade-v4/specs/arquitetura-e-comunicacao/spec.md;207;PENDENTE_REQUALIFICACAO;"Identidade de auditoria derivada de requisito+ordem; spec v4 preservada."
V4:COM-04:S001;COM-04;v4;Mudança aditiva sem alteração de significado mantém compatibilidade;openspec/changes/hub-interoperabilidade-v4/specs/arquitetura-e-comunicacao/spec.md;215;PENDENTE_REQUALIFICACAO;"Identidade de auditoria derivada de requisito+ordem; spec v4 preservada."
V4:COM-04:S002;COM-04;v4;Remoção de campo ou mudança de unidade exige nova versão;openspec/changes/hub-interoperabilidade-v4/specs/arquitetura-e-comunicacao/spec.md;220;PENDENTE_REQUALIFICACAO;"Identidade de auditoria derivada de requisito+ordem; spec v4 preservada."
V4:COM-04:S003;COM-04;v4;Consumidor desconhecendo a versão obrigatória coloca a mensagem em quarentena;openspec/changes/hub-interoperabilidade-v4/specs/arquitetura-e-comunicacao/spec.md;225;PENDENTE_REQUALIFICACAO;"Identidade de auditoria derivada de requisito+ordem; spec v4 preservada."
V4:COM-04:S004;COM-04;v4;Campo crítico ausente rejeita a mensagem;openspec/changes/hub-interoperabilidade-v4/specs/arquitetura-e-comunicacao/spec.md;230;PENDENTE_REQUALIFICACAO;"Identidade de auditoria derivada de requisito+ordem; spec v4 preservada."
V4:COM-05:S001;COM-05;v4;GET e webhook entregam o mesmo corpo final, diferindo apenas em cabeçalhos de transporte;openspec/changes/hub-interoperabilidade-v4/specs/arquitetura-e-comunicacao/spec.md;238;PENDENTE_REQUALIFICACAO;"Identidade de auditoria derivada de requisito+ordem; spec v4 preservada."
V4:COM-05:S002;COM-05;v4;GET pendente retorna 200 com a variante pendente sem ser evento final;openspec/changes/hub-interoperabilidade-v4/specs/arquitetura-e-comunicacao/spec.md;243;PENDENTE_REQUALIFICACAO;"Identidade de auditoria derivada de requisito+ordem; spec v4 preservada."
V4:COM-05:S003;COM-05;v4;Protocolo EXPIRED usa representação de erro prevista e não envia resultado tardio;openspec/changes/hub-interoperabilidade-v4/specs/arquitetura-e-comunicacao/spec.md;248;PENDENTE_REQUALIFICACAO;"Identidade de auditoria derivada de requisito+ordem; spec v4 preservada."
V4:COM-05:S004;COM-05;v4;URL pré-assinada de arquivo não é injetada no corpo final congelado;openspec/changes/hub-interoperabilidade-v4/specs/arquitetura-e-comunicacao/spec.md;253;PENDENTE_REQUALIFICACAO;"Identidade de auditoria derivada de requisito+ordem; spec v4 preservada."
V4:COM-06:S001;COM-06;v4;Fato final externo durável permite finalizar sucesso no mesmo HTTP público;openspec/changes/hub-interoperabilidade-v4/specs/arquitetura-e-comunicacao/spec.md;261;PENDENTE_REQUALIFICACAO;"Identidade de auditoria derivada de requisito+ordem; spec v4 preservada."
V4:COM-06:S002;COM-06;v4;HTTP 200 sem fato conservado não é tratado como final válido;openspec/changes/hub-interoperabilidade-v4/specs/arquitetura-e-comunicacao/spec.md;266;PENDENTE_REQUALIFICACAO;"Identidade de auditoria derivada de requisito+ordem; spec v4 preservada."
V4:COM-06:S003;COM-06;v4;Timeout de rede não autoriza retry automático de negócio fora de Órbita/Cometa;openspec/changes/hub-interoperabilidade-v4/specs/arquitetura-e-comunicacao/spec.md;271;PENDENTE_REQUALIFICACAO;"Identidade de auditoria derivada de requisito+ordem; spec v4 preservada."
V4:COM-06:S004;COM-06;v4;Intenção ASYNC marcada DIRECT não é tratada como comando QUEUED;openspec/changes/hub-interoperabilidade-v4/specs/arquitetura-e-comunicacao/spec.md;276;PENDENTE_REQUALIFICACAO;"Identidade de auditoria derivada de requisito+ordem; spec v4 preservada."
V4:CAT-01:S001;CAT-01;v4;Publicação de versão com metadados completos e vínculo homologado;openspec/changes/hub-interoperabilidade-v4/specs/catalogo-e-portfolio/spec.md;8;PENDENTE_REQUALIFICACAO;"Identidade de auditoria derivada de requisito+ordem; spec v4 preservada."
V4:CAT-01:S002;CAT-01;v4;Entrada incompatível é recusada antes da execução;openspec/changes/hub-interoperabilidade-v4/specs/catalogo-e-portfolio/spec.md;13;PENDENTE_REQUALIFICACAO;"Identidade de auditoria derivada de requisito+ordem; spec v4 preservada."
V4:CAT-01:S003;CAT-01;v4;Consulta histórica de versão descontinuada preserva semântica original;openspec/changes/hub-interoperabilidade-v4/specs/catalogo-e-portfolio/spec.md;18;PENDENTE_REQUALIFICACAO;"Identidade de auditoria derivada de requisito+ordem; spec v4 preservada."
V4:CAT-02:S001;CAT-02;v4;Cliente visualiza apenas ofertas contratadas e autorizadas;openspec/changes/hub-interoperabilidade-v4/specs/catalogo-e-portfolio/spec.md;26;PENDENTE_REQUALIFICACAO;"Identidade de auditoria derivada de requisito+ordem; spec v4 preservada."
V4:CAT-02:S002;CAT-02;v4;Oferta publicada mas não contratada é negada mesmo com token válido;openspec/changes/hub-interoperabilidade-v4/specs/catalogo-e-portfolio/spec.md;31;PENDENTE_REQUALIFICACAO;"Identidade de auditoria derivada de requisito+ordem; spec v4 preservada."
V4:CAT-02:S003;CAT-02;v4;Suspensão de novas vendas não afeta pedidos já aceitos;openspec/changes/hub-interoperabilidade-v4/specs/catalogo-e-portfolio/spec.md;36;PENDENTE_REQUALIFICACAO;"Identidade de auditoria derivada de requisito+ordem; spec v4 preservada."
V4:CAT-03:S001;CAT-03;v4;Agregação bem-sucedida com seções obrigatória e opcionais presentes;openspec/changes/hub-interoperabilidade-v4/specs/catalogo-e-portfolio/spec.md;44;PENDENTE_REQUALIFICACAO;"Identidade de auditoria derivada de requisito+ordem; spec v4 preservada."
V4:CAT-03:S002;CAT-03;v4;Falha da parte obrigatória impede anúncio de sucesso completo;openspec/changes/hub-interoperabilidade-v4/specs/catalogo-e-portfolio/spec.md;49;PENDENTE_REQUALIFICACAO;"Identidade de auditoria derivada de requisito+ordem; spec v4 preservada."
V4:CAT-03:S003;CAT-03;v4;Resposta opcional ausente é declarada explicitamente;openspec/changes/hub-interoperabilidade-v4/specs/catalogo-e-portfolio/spec.md;54;PENDENTE_REQUALIFICACAO;"Identidade de auditoria derivada de requisito+ordem; spec v4 preservada."
V4:CAT-04:S001;CAT-04;v4;Composição publicada com grafo acíclico válido;openspec/changes/hub-interoperabilidade-v4/specs/catalogo-e-portfolio/spec.md;62;PENDENTE_REQUALIFICACAO;"Identidade de auditoria derivada de requisito+ordem; spec v4 preservada."
V4:CAT-04:S002;CAT-04;v4;Geocodificação com múltiplas opções segue política do contrato;openspec/changes/hub-interoperabilidade-v4/specs/catalogo-e-portfolio/spec.md;67;PENDENTE_REQUALIFICACAO;"Identidade de auditoria derivada de requisito+ordem; spec v4 preservada."
V4:CAT-04:S003;CAT-04;v4;Publicação recusada por ciclo ou ausência de política de falha;openspec/changes/hub-interoperabilidade-v4/specs/catalogo-e-portfolio/spec.md;72;PENDENTE_REQUALIFICACAO;"Identidade de auditoria derivada de requisito+ordem; spec v4 preservada."
V4:CAT-05:S001;CAT-05;v4;Consolidação por quórum sem cancelar trabalho em voo;openspec/changes/hub-interoperabilidade-v4/specs/catalogo-e-portfolio/spec.md;80;PENDENTE_REQUALIFICACAO;"Identidade de auditoria derivada de requisito+ordem; spec v4 preservada."
V4:CAT-05:S002;CAT-05;v4;Falha parcial não gera rollback universal;openspec/changes/hub-interoperabilidade-v4/specs/catalogo-e-portfolio/spec.md;85;PENDENTE_REQUALIFICACAO;"Identidade de auditoria derivada de requisito+ordem; spec v4 preservada."
V4:CAT-05:S003;CAT-05;v4;Produto com efeito irreversível oferece opção de resultado parcial;openspec/changes/hub-interoperabilidade-v4/specs/catalogo-e-portfolio/spec.md;90;PENDENTE_REQUALIFICACAO;"Identidade de auditoria derivada de requisito+ordem; spec v4 preservada."
V4:CAT-06:S001;CAT-06;v4;Seleção de provedor elegível ordenado por regra versionada com decisão persistida;openspec/changes/hub-interoperabilidade-v4/specs/catalogo-e-portfolio/spec.md;98;PENDENTE_REQUALIFICACAO;"Identidade de auditoria derivada de requisito+ordem; spec v4 preservada."
V4:CAT-06:S002;CAT-06;v4;Failover recusado sem prova de segurança após timeout;openspec/changes/hub-interoperabilidade-v4/specs/catalogo-e-portfolio/spec.md;103;PENDENTE_REQUALIFICACAO;"Identidade de auditoria derivada de requisito+ordem; spec v4 preservada."
V4:CAT-06:S003;CAT-06;v4;Hedging permanece desabilitado;openspec/changes/hub-interoperabilidade-v4/specs/catalogo-e-portfolio/spec.md;108;PENDENTE_REQUALIFICACAO;"Identidade de auditoria derivada de requisito+ordem; spec v4 preservada."
V4:CAT-07:S001;CAT-07;v4;Pacote com três passos gera receita única e discrimina custos sem triplicar preço;openspec/changes/hub-interoperabilidade-v4/specs/catalogo-e-portfolio/spec.md;116;PENDENTE_REQUALIFICACAO;"Identidade de auditoria derivada de requisito+ordem; spec v4 preservada."
V4:CAT-07:S002;CAT-07;v4;Configuração impede cobrança simultânea de pacote e componentes;openspec/changes/hub-interoperabilidade-v4/specs/catalogo-e-portfolio/spec.md;121;PENDENTE_REQUALIFICACAO;"Identidade de auditoria derivada de requisito+ordem; spec v4 preservada."
V4:CAT-07:S003;CAT-07;v4;Oferta não liberada sem contrato válido para todos os passos;openspec/changes/hub-interoperabilidade-v4/specs/catalogo-e-portfolio/spec.md;126;PENDENTE_REQUALIFICACAO;"Identidade de auditoria derivada de requisito+ordem; spec v4 preservada."
V4:CAT-08:S001;CAT-08;v4;Resposta final e apuração financeira reconstruídas a partir de evidências persistidas;openspec/changes/hub-interoperabilidade-v4/specs/catalogo-e-portfolio/spec.md;134;PENDENTE_REQUALIFICACAO;"Identidade de auditoria derivada de requisito+ordem; spec v4 preservada."
V4:CAT-08:S002;CAT-08;v4;Passo compartilhado executa uma única vez quando declarado pelo produto;openspec/changes/hub-interoperabilidade-v4/specs/catalogo-e-portfolio/spec.md;139;PENDENTE_REQUALIFICACAO;"Identidade de auditoria derivada de requisito+ordem; spec v4 preservada."
V4:CAT-08:S003;CAT-08;v4;Pedidos distintos com payload coincidente não são deduplicados globalmente;openspec/changes/hub-interoperabilidade-v4/specs/catalogo-e-portfolio/spec.md;144;PENDENTE_REQUALIFICACAO;"Identidade de auditoria derivada de requisito+ordem; spec v4 preservada."
V4:CAT-09:S001;CAT-09;v4;Contrato técnico do cliente valida entrada, traduz e valida saída antes da conclusão;openspec/changes/hub-interoperabilidade-v4/specs/catalogo-e-portfolio/spec.md;152;PENDENTE_REQUALIFICACAO;"Identidade de auditoria derivada de requisito+ordem; spec v4 preservada."
V4:CAT-09:S002;CAT-09;v4;Erro de transformação impede sucesso e preserva evidência canônica;openspec/changes/hub-interoperabilidade-v4/specs/catalogo-e-portfolio/spec.md;157;PENDENTE_REQUALIFICACAO;"Identidade de auditoria derivada de requisito+ordem; spec v4 preservada."
V4:CAT-09:S003;CAT-09;v4;Cliente não pode selecionar tenant ou transformação arbitrária no pedido;openspec/changes/hub-interoperabilidade-v4/specs/catalogo-e-portfolio/spec.md;162;PENDENTE_REQUALIFICACAO;"Identidade de auditoria derivada de requisito+ordem; spec v4 preservada."
V4:CAT-09:S004;CAT-09;v4;Alteração de configuração não afeta protocolo em voo nem histórico;openspec/changes/hub-interoperabilidade-v4/specs/catalogo-e-portfolio/spec.md;167;PENDENTE_REQUALIFICACAO;"Identidade de auditoria derivada de requisito+ordem; spec v4 preservada."
V4:CAT-10:S001;CAT-10;v4;Oferta com prazo compatível com caminho crítico qualificado;openspec/changes/hub-interoperabilidade-v4/specs/catalogo-e-portfolio/spec.md;175;PENDENTE_REQUALIFICACAO;"Identidade de auditoria derivada de requisito+ordem; spec v4 preservada."
V4:CAT-10:S002;CAT-10;v4;Timeout não é convertido automaticamente em sucesso parcial;openspec/changes/hub-interoperabilidade-v4/specs/catalogo-e-portfolio/spec.md;180;PENDENTE_REQUALIFICACAO;"Identidade de auditoria derivada de requisito+ordem; spec v4 preservada."
V4:CAT-10:S003;CAT-10;v4;Classe compartilhada não é anunciada como isolamento físico total;openspec/changes/hub-interoperabilidade-v4/specs/catalogo-e-portfolio/spec.md;185;PENDENTE_REQUALIFICACAO;"Identidade de auditoria derivada de requisito+ordem; spec v4 preservada."
V4:CAT-11:S001;CAT-11;v4;Integração de novo cliente por configuração, sem alteração de código;openspec/changes/hub-interoperabilidade-v4/specs/catalogo-e-portfolio/spec.md;193;PENDENTE_REQUALIFICACAO;"Identidade de auditoria derivada de requisito+ordem; spec v4 preservada."
V4:CAT-11:S002;CAT-11;v4;Ativação recusada explicitamente por falta de capacidade homologada;openspec/changes/hub-interoperabilidade-v4/specs/catalogo-e-portfolio/spec.md;198;PENDENTE_REQUALIFICACAO;"Identidade de auditoria derivada de requisito+ordem; spec v4 preservada."
V4:CAT-11:S003;CAT-11;v4;AUTO nunca é conversão silenciosa de SYNC;openspec/changes/hub-interoperabilidade-v4/specs/catalogo-e-portfolio/spec.md;203;PENDENTE_REQUALIFICACAO;"Identidade de auditoria derivada de requisito+ordem; spec v4 preservada."
V4:CFG-01:S001;CFG-01;v4;Reconfiguração de integração existente sem deploy;openspec/changes/hub-interoperabilidade-v4/specs/configuracao-e-seguranca/spec.md;8;PENDENTE_REQUALIFICACAO;"Identidade de auditoria derivada de requisito+ordem; spec v4 preservada."
V4:CFG-01:S002;CFG-01;v4;Tentativa de introduzir transformação fora do conjunto seguro é recusada;openspec/changes/hub-interoperabilidade-v4/specs/configuracao-e-seguranca/spec.md;13;PENDENTE_REQUALIFICACAO;"Identidade de auditoria derivada de requisito+ordem; spec v4 preservada."
V4:CFG-01:S003;CFG-01;v4;Tela de cadastro expõe campos obrigatórios, faixa válida e impacto;openspec/changes/hub-interoperabilidade-v4/specs/configuracao-e-seguranca/spec.md;18;PENDENTE_REQUALIFICACAO;"Identidade de auditoria derivada de requisito+ordem; spec v4 preservada."
V4:CFG-02:S001;CFG-02;v4;Publicação parcial de conjunto inconsistente é recusada;openspec/changes/hub-interoperabilidade-v4/specs/configuracao-e-seguranca/spec.md;26;PENDENTE_REQUALIFICACAO;"Identidade de auditoria derivada de requisito+ordem; spec v4 preservada."
V4:CFG-02:S002;CFG-02;v4;Nó desatualizado recusa novas admissões em vez de misturar versões;openspec/changes/hub-interoperabilidade-v4/specs/configuracao-e-seguranca/spec.md;31;PENDENTE_REQUALIFICACAO;"Identidade de auditoria derivada de requisito+ordem; spec v4 preservada."
V4:CFG-02:S003;CFG-02;v4;Revogação emergencial é distribuída independentemente da interface humana;openspec/changes/hub-interoperabilidade-v4/specs/configuracao-e-seguranca/spec.md;36;PENDENTE_REQUALIFICACAO;"Identidade de auditoria derivada de requisito+ordem; spec v4 preservada."
V4:CFG-02:S004;CFG-02;v4;Evidência de autorização vencida bloqueia apenas o escopo afetado;openspec/changes/hub-interoperabilidade-v4/specs/configuracao-e-seguranca/spec.md;41;PENDENTE_REQUALIFICACAO;"Identidade de auditoria derivada de requisito+ordem; spec v4 preservada."
V4:CFG-03:S001;CFG-03;v4;Acesso a payload sensível exige acesso excepcional auditado;openspec/changes/hub-interoperabilidade-v4/specs/configuracao-e-seguranca/spec.md;49;PENDENTE_REQUALIFICACAO;"Identidade de auditoria derivada de requisito+ordem; spec v4 preservada."
V4:CFG-03:S002;CFG-03;v4;Reexecução gera novo protocolo enquanto replay técnico preserva identidade;openspec/changes/hub-interoperabilidade-v4/specs/configuracao-e-seguranca/spec.md;54;PENDENTE_REQUALIFICACAO;"Identidade de auditoria derivada de requisito+ordem; spec v4 preservada."
V4:CFG-03:S003;CFG-03;v4;Ação de reprocessamento em massa não está disponível;openspec/changes/hub-interoperabilidade-v4/specs/configuracao-e-seguranca/spec.md;59;PENDENTE_REQUALIFICACAO;"Identidade de auditoria derivada de requisito+ordem; spec v4 preservada."
V4:SEG-01:S001;SEG-01;v4;Gateway elimina cabeçalho de identidade forjado pelo cliente;openspec/changes/hub-interoperabilidade-v4/specs/configuracao-e-seguranca/spec.md;67;PENDENTE_REQUALIFICACAO;"Identidade de auditoria derivada de requisito+ordem; spec v4 preservada."
V4:SEG-01:S002;SEG-01;v4;Serviço interno não confia apenas na origem de rede interna;openspec/changes/hub-interoperabilidade-v4/specs/configuracao-e-seguranca/spec.md;72;PENDENTE_REQUALIFICACAO;"Identidade de auditoria derivada de requisito+ordem; spec v4 preservada."
V4:SEG-01:S003;SEG-01;v4;Operador de runtime não pode editar ledger publicado;openspec/changes/hub-interoperabilidade-v4/specs/configuracao-e-seguranca/spec.md;77;PENDENTE_REQUALIFICACAO;"Identidade de auditoria derivada de requisito+ordem; spec v4 preservada."
V4:SEG-02:S001;SEG-02;v4;Registro de destino em rede de metadados é bloqueado;openspec/changes/hub-interoperabilidade-v4/specs/configuracao-e-seguranca/spec.md;85;PENDENTE_REQUALIFICACAO;"Identidade de auditoria derivada de requisito+ordem; spec v4 preservada."
V4:SEG-02:S002;SEG-02;v4;Redirecionamento para destino não validado não é seguido;openspec/changes/hub-interoperabilidade-v4/specs/configuracao-e-seguranca/spec.md;90;PENDENTE_REQUALIFICACAO;"Identidade de auditoria derivada de requisito+ordem; spec v4 preservada."
V4:SEG-02:S003;SEG-02;v4;Conteúdo XML com entidade externa é rejeitado;openspec/changes/hub-interoperabilidade-v4/specs/configuracao-e-seguranca/spec.md;95;PENDENTE_REQUALIFICACAO;"Identidade de auditoria derivada de requisito+ordem; spec v4 preservada."
V4:SEG-02:S004;SEG-02;v4;Segredo não aparece em log, evento ou arquivo versionado;openspec/changes/hub-interoperabilidade-v4/specs/configuracao-e-seguranca/spec.md;100;PENDENTE_REQUALIFICACAO;"Identidade de auditoria derivada de requisito+ordem; spec v4 preservada."
V4:SEG-03:S001;SEG-03;v4;Tentativa de acesso cross-tenant por troca de ID é negada;openspec/changes/hub-interoperabilidade-v4/specs/configuracao-e-seguranca/spec.md;108;PENDENTE_REQUALIFICACAO;"Identidade de auditoria derivada de requisito+ordem; spec v4 preservada."
V4:SEG-03:S002;SEG-03;v4;Ação sensível gera registro de auditoria completo;openspec/changes/hub-interoperabilidade-v4/specs/configuracao-e-seguranca/spec.md;113;PENDENTE_REQUALIFICACAO;"Identidade de auditoria derivada de requisito+ordem; spec v4 preservada."
V4:SEG-03:S003;SEG-03;v4;Expurgo de logs Loki não elimina evidência de cobrança;openspec/changes/hub-interoperabilidade-v4/specs/configuracao-e-seguranca/spec.md;118;PENDENTE_REQUALIFICACAO;"Identidade de auditoria derivada de requisito+ordem; spec v4 preservada."
V4:CFG-04:S001;CFG-04;v4;Publicação recusa configuração de retry com max_attempts inválido;openspec/changes/hub-interoperabilidade-v4/specs/configuracao-e-seguranca/spec.md;126;PENDENTE_REQUALIFICACAO;"Identidade de auditoria derivada de requisito+ordem; spec v4 preservada."
V4:CFG-04:S002;CFG-04;v4;Portal exibe origem do valor resolvido e impede override silencioso;openspec/changes/hub-interoperabilidade-v4/specs/configuracao-e-seguranca/spec.md;131;PENDENTE_REQUALIFICACAO;"Identidade de auditoria derivada de requisito+ordem; spec v4 preservada."
V4:CFG-04:S003;CFG-04;v4;Alteração em voo não estende deadline do pedido;openspec/changes/hub-interoperabilidade-v4/specs/configuracao-e-seguranca/spec.md;136;PENDENTE_REQUALIFICACAO;"Identidade de auditoria derivada de requisito+ordem; spec v4 preservada."
V4:CFG-04:S004;CFG-04;v4;Retomada após limite emergencial começa conservadoramente;openspec/changes/hub-interoperabilidade-v4/specs/configuracao-e-seguranca/spec.md;141;PENDENTE_REQUALIFICACAO;"Identidade de auditoria derivada de requisito+ordem; spec v4 preservada."
V4:SEG-04:S001;SEG-04;v4;Tentativa de acesso cross-tenant por cliente é negada sem revelar existência;openspec/changes/hub-interoperabilidade-v4/specs/configuracao-e-seguranca/spec.md;149;PENDENTE_REQUALIFICACAO;"Identidade de auditoria derivada de requisito+ordem; spec v4 preservada."
V4:SEG-04:S002;SEG-04;v4;hub_protocol_reader consulta protocolo de outro tenant com dados mascarados e auditados;openspec/changes/hub-interoperabilidade-v4/specs/configuracao-e-seguranca/spec.md;154;PENDENTE_REQUALIFICACAO;"Identidade de auditoria derivada de requisito+ordem; spec v4 preservada."
V4:SEG-04:S003;SEG-04;v4;Privilégio administrativo não é aceito por flag em JWT de cliente;openspec/changes/hub-interoperabilidade-v4/specs/configuracao-e-seguranca/spec.md;159;PENDENTE_REQUALIFICACAO;"Identidade de auditoria derivada de requisito+ordem; spec v4 preservada."
V4:SEG-04:S004;SEG-04;v4;Portal administrativo não usa superusuário PostgreSQL nem desativa RLS globalmente;openspec/changes/hub-interoperabilidade-v4/specs/configuracao-e-seguranca/spec.md;164;PENDENTE_REQUALIFICACAO;"Identidade de auditoria derivada de requisito+ordem; spec v4 preservada."
V4:SEG-04:S005;SEG-04;v4;Resposta parcial quando apenas parte das células responde;openspec/changes/hub-interoperabilidade-v4/specs/configuracao-e-seguranca/spec.md;169;PENDENTE_REQUALIFICACAO;"Identidade de auditoria derivada de requisito+ordem; spec v4 preservada."
V4:CFG-05:S001;CFG-05;v4;Interface não permite leitura de segredo em claro;openspec/changes/hub-interoperabilidade-v4/specs/configuracao-e-seguranca/spec.md;177;PENDENTE_REQUALIFICACAO;"Identidade de auditoria derivada de requisito+ordem; spec v4 preservada."
V4:CFG-05:S002;CFG-05;v4;Ausência de endpoint de teste não autoriza execução real invisível;openspec/changes/hub-interoperabilidade-v4/specs/configuracao-e-seguranca/spec.md;182;PENDENTE_REQUALIFICACAO;"Identidade de auditoria derivada de requisito+ordem; spec v4 preservada."
V4:CFG-05:S003;CFG-05;v4;Cliente não pode escolher secret_ref arbitrário nem ler cofre do Hub;openspec/changes/hub-interoperabilidade-v4/specs/configuracao-e-seguranca/spec.md;187;PENDENTE_REQUALIFICACAO;"Identidade de auditoria derivada de requisito+ordem; spec v4 preservada."
V4:CFG-05:S004;CFG-05;v4;Suspensão de vínculo afeta apenas os protocolos daquele vínculo;openspec/changes/hub-interoperabilidade-v4/specs/configuracao-e-seguranca/spec.md;192;PENDENTE_REQUALIFICACAO;"Identidade de auditoria derivada de requisito+ordem; spec v4 preservada."
V4:CFG-06:S001;CFG-06;v4;Reserva de capacidade concorrente e idempotente evita dupla promessa;openspec/changes/hub-interoperabilidade-v4/specs/configuracao-e-seguranca/spec.md;200;PENDENTE_REQUALIFICACAO;"Identidade de auditoria derivada de requisito+ordem; spec v4 preservada."
V4:CFG-06:S002;CFG-06;v4;Onboarding retomado após crash não duplica recursos nem publica rota prematuramente;openspec/changes/hub-interoperabilidade-v4/specs/configuracao-e-seguranca/spec.md;205;PENDENTE_REQUALIFICACAO;"Identidade de auditoria derivada de requisito+ordem; spec v4 preservada."
V4:CFG-06:S003;CFG-06;v4;Orçamento esgotado aparece como impedimento explícito antes da saturação;openspec/changes/hub-interoperabilidade-v4/specs/configuracao-e-seguranca/spec.md;210;PENDENTE_REQUALIFICACAO;"Identidade de auditoria derivada de requisito+ordem; spec v4 preservada."
V4:CFG-06:S004;CFG-06;v4;Desativação de cliente drena obrigações sem destruir recursos compartilhados;openspec/changes/hub-interoperabilidade-v4/specs/configuracao-e-seguranca/spec.md;215;PENDENTE_REQUALIFICACAO;"Identidade de auditoria derivada de requisito+ordem; spec v4 preservada."
V4:SEG-05:S001;SEG-05;v4;Credencial dedicada indisponível não recorre a fallback compartilhado ou de outro tenant;openspec/changes/hub-interoperabilidade-v4/specs/configuracao-e-seguranca/spec.md;223;PENDENTE_REQUALIFICACAO;"Identidade de auditoria derivada de requisito+ordem; spec v4 preservada."
V4:SEG-05:S002;SEG-05;v4;Rotação de segredo mantém sobreposição controlada e preserva operações em voo;openspec/changes/hub-interoperabilidade-v4/specs/configuracao-e-seguranca/spec.md;228;PENDENTE_REQUALIFICACAO;"Identidade de auditoria derivada de requisito+ordem; spec v4 preservada."
V4:SEG-05:S003;SEG-05;v4;Cofre indisponível limita uso do material cacheado ao menor limite de validade;openspec/changes/hub-interoperabilidade-v4/specs/configuracao-e-seguranca/spec.md;233;PENDENTE_REQUALIFICACAO;"Identidade de auditoria derivada de requisito+ordem; spec v4 preservada."
V4:SEG-05:S004;SEG-05;v4;Perfil hub_protocol_reader não obtém valor secreto;openspec/changes/hub-interoperabilidade-v4/specs/configuracao-e-seguranca/spec.md;238;PENDENTE_REQUALIFICACAO;"Identidade de auditoria derivada de requisito+ordem; spec v4 preservada."
V4:SEG-05:S005;SEG-05;v4;Revogação emergencial prevalece sobre TTL de retry em voo;openspec/changes/hub-interoperabilidade-v4/specs/configuracao-e-seguranca/spec.md;243;PENDENTE_REQUALIFICACAO;"Identidade de auditoria derivada de requisito+ordem; spec v4 preservada."
V4:FIN-01:S001;FIN-01;v4;Conta de provedor vinculada a contrato de compra completo;openspec/changes/hub-interoperabilidade-v4/specs/contratos-e-financeiro/spec.md;8;PENDENTE_REQUALIFICACAO;"Identidade de auditoria derivada de requisito+ordem; spec v4 preservada."
V4:FIN-01:S002;FIN-01;v4;Tabela ausente ou ambígua bloqueia publicação, não é custo zero;openspec/changes/hub-interoperabilidade-v4/specs/contratos-e-financeiro/spec.md;13;PENDENTE_REQUALIFICACAO;"Identidade de auditoria derivada de requisito+ordem; spec v4 preservada."
V4:FIN-01:S003;FIN-01;v4;Contrato vencido bloqueia novas operações mas respeita continuidade acordada;openspec/changes/hub-interoperabilidade-v4/specs/contratos-e-financeiro/spec.md;18;PENDENTE_REQUALIFICACAO;"Identidade de auditoria derivada de requisito+ordem; spec v4 preservada."
V4:FIN-01:S004;FIN-01;v4;Versão de aquisição registrada por operação orienta polls posteriores;openspec/changes/hub-interoperabilidade-v4/specs/contratos-e-financeiro/spec.md;23;PENDENTE_REQUALIFICACAO;"Identidade de auditoria derivada de requisito+ordem; spec v4 preservada."
V4:FIN-02:S001;FIN-02;v4;Contrato de venda com todos os campos exigidos;openspec/changes/hub-interoperabilidade-v4/specs/contratos-e-financeiro/spec.md;31;PENDENTE_REQUALIFICACAO;"Identidade de auditoria derivada de requisito+ordem; spec v4 preservada."
V4:FIN-02:S002;FIN-02;v4;Configuração diferencia faixa progressiva marginal de faixa por volume total;openspec/changes/hub-interoperabilidade-v4/specs/contratos-e-financeiro/spec.md;36;PENDENTE_REQUALIFICACAO;"Identidade de auditoria derivada de requisito+ordem; spec v4 preservada."
V4:FIN-02:S003;FIN-02;v4;Franquia sem rollover e sem devolução automática por default;openspec/changes/hub-interoperabilidade-v4/specs/contratos-e-financeiro/spec.md;41;PENDENTE_REQUALIFICACAO;"Identidade de auditoria derivada de requisito+ordem; spec v4 preservada."
V4:FIN-02:S004;FIN-02;v4;Quota de tráfego não é confundida com franquia financeira;openspec/changes/hub-interoperabilidade-v4/specs/contratos-e-financeiro/spec.md;46;PENDENTE_REQUALIFICACAO;"Identidade de auditoria derivada de requisito+ordem; spec v4 preservada."
V4:FIN-03:S001;FIN-03;v4;Snapshot fixa contrato, versão da oferta e instantes do fato;openspec/changes/hub-interoperabilidade-v4/specs/contratos-e-financeiro/spec.md;54;PENDENTE_REQUALIFICACAO;"Identidade de auditoria derivada de requisito+ordem; spec v4 preservada."
V4:FIN-03:S002;FIN-03;v4;Alteração de tabela não reprifica protocolos em voo;openspec/changes/hub-interoperabilidade-v4/specs/contratos-e-financeiro/spec.md;59;PENDENTE_REQUALIFICACAO;"Identidade de auditoria derivada de requisito+ordem; spec v4 preservada."
V4:FIN-03:S003;FIN-03;v4;Exceção temporal para polls cobrados pela tabela vigente no instante da consulta;openspec/changes/hub-interoperabilidade-v4/specs/contratos-e-financeiro/spec.md;64;PENDENTE_REQUALIFICACAO;"Identidade de auditoria derivada de requisito+ordem; spec v4 preservada."
V4:FIN-03:S004;FIN-03;v4;Contratos sobrepostos exigem prioridade explícita;openspec/changes/hub-interoperabilidade-v4/specs/contratos-e-financeiro/spec.md;69;PENDENTE_REQUALIFICACAO;"Identidade de auditoria derivada de requisito+ordem; spec v4 preservada."
V4:FIN-03:S005;FIN-03;v4;Aditivo retroativo preserva cálculo original com lançamento de ajuste;openspec/changes/hub-interoperabilidade-v4/specs/contratos-e-financeiro/spec.md;74;PENDENTE_REQUALIFICACAO;"Identidade de auditoria derivada de requisito+ordem; spec v4 preservada."
V4:FIN-03:S006;FIN-03;v4;Revogação de segurança gera evidência sem reescrever contrato ou custo incorrido;openspec/changes/hub-interoperabilidade-v4/specs/contratos-e-financeiro/spec.md;79;PENDENTE_REQUALIFICACAO;"Identidade de auditoria derivada de requisito+ordem; spec v4 preservada."
V4:FIN-04:S001;FIN-04;v4;Libra aplica contrato a partir de fatos duráveis, não de logs técnicos;openspec/changes/hub-interoperabilidade-v4/specs/contratos-e-financeiro/spec.md;87;PENDENTE_REQUALIFICACAO;"Identidade de auditoria derivada de requisito+ordem; spec v4 preservada."
V4:FIN-04:S002;FIN-04;v4;Receita por produto é uma unidade elegível apesar de múltiplos passos;openspec/changes/hub-interoperabilidade-v4/specs/contratos-e-financeiro/spec.md;92;PENDENTE_REQUALIFICACAO;"Identidade de auditoria derivada de requisito+ordem; spec v4 preservada."
V4:FIN-04:S003;FIN-04;v4;Custo por operação preserva identidade entre retransmissões;openspec/changes/hub-interoperabilidade-v4/specs/contratos-e-financeiro/spec.md;97;PENDENTE_REQUALIFICACAO;"Identidade de auditoria derivada de requisito+ordem; spec v4 preservada."
V4:FIN-04:S004;FIN-04;v4;Custo incerto é registrado como provisão, nunca como zero definitivo;openspec/changes/hub-interoperabilidade-v4/specs/contratos-e-financeiro/spec.md;102;PENDENTE_REQUALIFICACAO;"Identidade de auditoria derivada de requisito+ordem; spec v4 preservada."
V4:FIN-05:S001;FIN-05;v4;Pedido recusado antes do aceite não gera receita nem custo;openspec/changes/hub-interoperabilidade-v4/specs/contratos-e-financeiro/spec.md;110;PENDENTE_REQUALIFICACAO;"Identidade de auditoria derivada de requisito+ordem; spec v4 preservada."
V4:FIN-05:S002;FIN-05;v4;Pedido aceito ainda pendente segue o marco contratado sem presumir final;openspec/changes/hub-interoperabilidade-v4/specs/contratos-e-financeiro/spec.md;115;PENDENTE_REQUALIFICACAO;"Identidade de auditoria derivada de requisito+ordem; spec v4 preservada."
V4:FIN-05:S003;FIN-05;v4;Sucesso válido gera receita pelo medidor previsto e custo comprovado;openspec/changes/hub-interoperabilidade-v4/specs/contratos-e-financeiro/spec.md;120;PENDENTE_REQUALIFICACAO;"Identidade de auditoria derivada de requisito+ordem; spec v4 preservada."
V4:FIN-05:S004;FIN-05;v4;"""Não encontrado"" válido segue a semântica do serviço mesmo sem dados";openspec/changes/hub-interoperabilidade-v4/specs/contratos-e-financeiro/spec.md;125;PENDENTE_REQUALIFICACAO;"Identidade de auditoria derivada de requisito+ordem; spec v4 preservada."
V4:FIN-05:S005;FIN-05;v4;Falha técnica conhecida não gera receita de sucesso por default, mas pode gerar custo;openspec/changes/hub-interoperabilidade-v4/specs/contratos-e-financeiro/spec.md;130;PENDENTE_REQUALIFICACAO;"Identidade de auditoria derivada de requisito+ordem; spec v4 preservada."
V4:FIN-05:S006;FIN-05;v4;Resultado parcial de produto usa preço de parcialidade publicado;openspec/changes/hub-interoperabilidade-v4/specs/contratos-e-financeiro/spec.md;135;PENDENTE_REQUALIFICACAO;"Identidade de auditoria derivada de requisito+ordem; spec v4 preservada."
V4:FIN-05:S007;FIN-05;v4;Falha ou reentrega de webhook não altera receita nem reexecuta o provedor;openspec/changes/hub-interoperabilidade-v4/specs/contratos-e-financeiro/spec.md;140;PENDENTE_REQUALIFICACAO;"Identidade de auditoria derivada de requisito+ordem; spec v4 preservada."
V4:FIN-05:S008;FIN-05;v4;GET de resultado armazenado não gera nova receita nem nova chamada externa;openspec/changes/hub-interoperabilidade-v4/specs/contratos-e-financeiro/spec.md;145;PENDENTE_REQUALIFICACAO;"Identidade de auditoria derivada de requisito+ordem; spec v4 preservada."
V4:FIN-05:S009;FIN-05;v4;Callback e polling do mesmo final geram uma única unidade de receita;openspec/changes/hub-interoperabilidade-v4/specs/contratos-e-financeiro/spec.md;150;PENDENTE_REQUALIFICACAO;"Identidade de auditoria derivada de requisito+ordem; spec v4 preservada."
V4:FIN-05:S010;FIN-05;v4;Failover autorizado após incerteza contabiliza ambos os custos comprovados;openspec/changes/hub-interoperabilidade-v4/specs/contratos-e-financeiro/spec.md;155;PENDENTE_REQUALIFICACAO;"Identidade de auditoria derivada de requisito+ordem; spec v4 preservada."
V4:FIN-05:S011;FIN-05;v4;Cancelamento ou compensação segue regra de estorno explícita sem eliminar custo original;openspec/changes/hub-interoperabilidade-v4/specs/contratos-e-financeiro/spec.md;160;PENDENTE_REQUALIFICACAO;"Identidade de auditoria derivada de requisito+ordem; spec v4 preservada."
V4:FIN-05:S012;FIN-05;v4;Resultado corrigido gera ajuste rastreável sem assumir cancelamento do custo original;openspec/changes/hub-interoperabilidade-v4/specs/contratos-e-financeiro/spec.md;165;PENDENTE_REQUALIFICACAO;"Identidade de auditoria derivada de requisito+ordem; spec v4 preservada."
V4:FIN-05:S013;FIN-05;v4;Final tardio após EXPIRED/SLA_EXCEEDED não gera receita de sucesso;openspec/changes/hub-interoperabilidade-v4/specs/contratos-e-financeiro/spec.md;170;PENDENTE_REQUALIFICACAO;"Identidade de auditoria derivada de requisito+ordem; spec v4 preservada."
V4:FIN-05:S014;FIN-05;v4;Contrato omitindo linha aplicável não é habilitado para faturamento automático;openspec/changes/hub-interoperabilidade-v4/specs/contratos-e-financeiro/spec.md;175;PENDENTE_REQUALIFICACAO;"Identidade de auditoria derivada de requisito+ordem; spec v4 preservada."
V4:FIN-06:S001;FIN-06;v4;Reserva atômica obrigatória antes de qualquer efeito externo em teto estrito;openspec/changes/hub-interoperabilidade-v4/specs/contratos-e-financeiro/spec.md;183;PENDENTE_REQUALIFICACAO;"Identidade de auditoria derivada de requisito+ordem; spec v4 preservada."
V4:FIN-06:S002;FIN-06;v4;Libra indisponível mantém pendência até o prazo, negação exige falha conhecida;openspec/changes/hub-interoperabilidade-v4/specs/contratos-e-financeiro/spec.md;188;PENDENTE_REQUALIFICACAO;"Identidade de auditoria derivada de requisito+ordem; spec v4 preservada."
V4:FIN-06:S003;FIN-06;v4;Reserva cobre o máximo autorizável ou o contrato não é oferecido como teto estrito;openspec/changes/hub-interoperabilidade-v4/specs/contratos-e-financeiro/spec.md;193;PENDENTE_REQUALIFICACAO;"Identidade de auditoria derivada de requisito+ordem; spec v4 preservada."
V4:FIN-06:S004;FIN-06;v4;Expiração de reserva não libera saldo de operação em voo sem reconciliar;openspec/changes/hub-interoperabilidade-v4/specs/contratos-e-financeiro/spec.md;198;PENDENTE_REQUALIFICACAO;"Identidade de auditoria derivada de requisito+ordem; spec v4 preservada."
V4:FIN-06:S005;FIN-06;v4;Pós-pago sem teto estrito continua processando dentro do limite de risco aprovado;openspec/changes/hub-interoperabilidade-v4/specs/contratos-e-financeiro/spec.md;203;PENDENTE_REQUALIFICACAO;"Identidade de auditoria derivada de requisito+ordem; spec v4 preservada."
V4:FIN-07:S001;FIN-07;v4;Receita a receber e obrigação a pagar são lançamentos distintos;openspec/changes/hub-interoperabilidade-v4/specs/contratos-e-financeiro/spec.md;211;PENDENTE_REQUALIFICACAO;"Identidade de auditoria derivada de requisito+ordem; spec v4 preservada."
V4:FIN-07:S002;FIN-07;v4;Arredondamento declarado e totais reproduzem o mesmo cálculo sem ponto flutuante monetário;openspec/changes/hub-interoperabilidade-v4/specs/contratos-e-financeiro/spec.md;216;PENDENTE_REQUALIFICACAO;"Identidade de auditoria derivada de requisito+ordem; spec v4 preservada."
V4:FIN-07:S003;FIN-07;v4;Moedas distintas não são somadas sem câmbio explícito;openspec/changes/hub-interoperabilidade-v4/specs/contratos-e-financeiro/spec.md;221;PENDENTE_REQUALIFICACAO;"Identidade de auditoria derivada de requisito+ordem; spec v4 preservada."
V4:FIN-07:S004;FIN-07;v4;Lançamento publicado é imutável, correção usa lançamento inverso ou ajuste vinculado;openspec/changes/hub-interoperabilidade-v4/specs/contratos-e-financeiro/spec.md;226;PENDENTE_REQUALIFICACAO;"Identidade de auditoria derivada de requisito+ordem; spec v4 preservada."
V4:FIN-07:S005;FIN-07;v4;Fechamento não deixa fato elegível silenciosamente não apurado;openspec/changes/hub-interoperabilidade-v4/specs/contratos-e-financeiro/spec.md;231;PENDENTE_REQUALIFICACAO;"Identidade de auditoria derivada de requisito+ordem; spec v4 preservada."
V4:FIN-08:S001;FIN-08;v4;Ciclo de venda segue os estados definidos sem marcar PAGO/RECEBIDO na exportação;openspec/changes/hub-interoperabilidade-v4/specs/contratos-e-financeiro/spec.md;239;PENDENTE_REQUALIFICACAO;"Identidade de auditoria derivada de requisito+ordem; spec v4 preservada."
V4:FIN-08:S002;FIN-08;v4;Agregação sem granularidade suficiente abre divergência, não casamento aproximado;openspec/changes/hub-interoperabilidade-v4/specs/contratos-e-financeiro/spec.md;244;PENDENTE_REQUALIFICACAO;"Identidade de auditoria derivada de requisito+ordem; spec v4 preservada."
V4:FIN-08:S003;FIN-08;v4;Fato tardio após fechamento não altera fatura emitida silenciosamente;openspec/changes/hub-interoperabilidade-v4/specs/contratos-e-financeiro/spec.md;249;PENDENTE_REQUALIFICACAO;"Identidade de auditoria derivada de requisito+ordem; spec v4 preservada."
V4:FIN-08:S004;FIN-08;v4;Transferência bancária automática e emissão fiscal não estão autorizadas;openspec/changes/hub-interoperabilidade-v4/specs/contratos-e-financeiro/spec.md;254;PENDENTE_REQUALIFICACAO;"Identidade de auditoria derivada de requisito+ordem; spec v4 preservada."
V4:FIN-08:S005;FIN-08;v4;Ajuste manual, aprovação e confirmação de pagamento exigem segregação de funções;openspec/changes/hub-interoperabilidade-v4/specs/contratos-e-financeiro/spec.md;259;PENDENTE_REQUALIFICACAO;"Identidade de auditoria derivada de requisito+ordem; spec v4 preservada."
V4:FIN-09:S001;FIN-09;v4;Produto em pacote reconhece receita e custo compostos sem alteração por GET/callback;openspec/changes/hub-interoperabilidade-v4/specs/contratos-e-financeiro/spec.md;267;PENDENTE_REQUALIFICACAO;"Identidade de auditoria derivada de requisito+ordem; spec v4 preservada."
V4:FIN-09:S002;FIN-09;v4;Franquia mensal com excedente calcula parcelas distintas;openspec/changes/hub-interoperabilidade-v4/specs/contratos-e-financeiro/spec.md;272;PENDENTE_REQUALIFICACAO;"Identidade de auditoria derivada de requisito+ordem; spec v4 preservada."
V4:FIN-09:S003;FIN-09;v4;Faixa progressiva marginal aplica preço apenas à parcela dentro de cada faixa;openspec/changes/hub-interoperabilidade-v4/specs/contratos-e-financeiro/spec.md;277;PENDENTE_REQUALIFICACAO;"Identidade de auditoria derivada de requisito+ordem; spec v4 preservada."
V4:FIN-09:S004;FIN-09;v4;Faixa por volume total aplica a faixa atingida a todo o volume elegível;openspec/changes/hub-interoperabilidade-v4/specs/contratos-e-financeiro/spec.md;282;PENDENTE_REQUALIFICACAO;"Identidade de auditoria derivada de requisito+ordem; spec v4 preservada."
V4:FIN-09:S005;FIN-09;v4;Incerteza com failover autorizado contabiliza o custo dos dois provedores comprovados;openspec/changes/hub-interoperabilidade-v4/specs/contratos-e-financeiro/spec.md;287;PENDENTE_REQUALIFICACAO;"Identidade de auditoria derivada de requisito+ordem; spec v4 preservada."
V4:FIN-09:S006;FIN-09;v4;Correção de cobrança indevida gera estorno vinculado com lote balanceado;openspec/changes/hub-interoperabilidade-v4/specs/contratos-e-financeiro/spec.md;292;PENDENTE_REQUALIFICACAO;"Identidade de auditoria derivada de requisito+ordem; spec v4 preservada."
V4:FIN-10:S001;FIN-10;v4;EXPIRED por SLA não gera receita de sucesso mesmo com conclusão tardia do provedor;openspec/changes/hub-interoperabilidade-v4/specs/contratos-e-financeiro/spec.md;300;PENDENTE_REQUALIFICACAO;"Identidade de auditoria derivada de requisito+ordem; spec v4 preservada."
V4:FIN-10:S002;FIN-10;v4;Custo do provedor não é eliminado automaticamente pela rejeição no hub;openspec/changes/hub-interoperabilidade-v4/specs/contratos-e-financeiro/spec.md;305;PENDENTE_REQUALIFICACAO;"Identidade de auditoria derivada de requisito+ordem; spec v4 preservada."
V4:FIN-10:S003;FIN-10;v4;Crédito prometido não confirmado não reduz obrigação sem regra aprovada;openspec/changes/hub-interoperabilidade-v4/specs/contratos-e-financeiro/spec.md;310;PENDENTE_REQUALIFICACAO;"Identidade de auditoria derivada de requisito+ordem; spec v4 preservada."
V4:FIN-10:S004;FIN-10;v4;Diagnósticos de desenvolvedores não alteram ledger, ajuste ou liquidação;openspec/changes/hub-interoperabilidade-v4/specs/contratos-e-financeiro/spec.md;315;PENDENTE_REQUALIFICACAO;"Identidade de auditoria derivada de requisito+ordem; spec v4 preservada."
V4:FIN-10:S005;FIN-10;v4;Controle adaptativo registra retries extras sem alterar preço ou unidade contratada;openspec/changes/hub-interoperabilidade-v4/specs/contratos-e-financeiro/spec.md;320;PENDENTE_REQUALIFICACAO;"Identidade de auditoria derivada de requisito+ordem; spec v4 preservada."
V4:FIN-11:S001;FIN-11;v4;Settlement_party é explícito por vínculo, não inferido pelo nome do segredo;openspec/changes/hub-interoperabilidade-v4/specs/contratos-e-financeiro/spec.md;328;PENDENTE_REQUALIFICACAO;"Identidade de auditoria derivada de requisito+ordem; spec v4 preservada."
V4:FIN-11:S002;FIN-11;v4;SHARED_HUB comprado pelo Hub segrega consumo e mantém venda independente;openspec/changes/hub-interoperabilidade-v4/specs/contratos-e-financeiro/spec.md;333;PENDENTE_REQUALIFICACAO;"Identidade de auditoria derivada de requisito+ordem; spec v4 preservada."
V4:FIN-11:S003;FIN-11;v4;TENANT_DEDICATED comprado pelo Hub não elimina obrigação de compra;openspec/changes/hub-interoperabilidade-v4/specs/contratos-e-financeiro/spec.md;338;PENDENTE_REQUALIFICACAO;"Identidade de auditoria derivada de requisito+ordem; spec v4 preservada."
V4:FIN-11:S004;FIN-11;v4;TENANT_DEDICATED com compra direta do cliente não gera conta a pagar pelo Hub;openspec/changes/hub-interoperabilidade-v4/specs/contratos-e-financeiro/spec.md;343;PENDENTE_REQUALIFICACAO;"Identidade de auditoria derivada de requisito+ordem; spec v4 preservada."
V4:FIN-11:S005;FIN-11;v4;Rotação de segredo não reinicia medidor, quota ou franquia;openspec/changes/hub-interoperabilidade-v4/specs/contratos-e-financeiro/spec.md;348;PENDENTE_REQUALIFICACAO;"Identidade de auditoria derivada de requisito+ordem; spec v4 preservada."
V4:FIN-11:S006;FIN-11;v4;Fato de consumo conserva identificadores completos sem expor valor do segredo;openspec/changes/hub-interoperabilidade-v4/specs/contratos-e-financeiro/spec.md;353;PENDENTE_REQUALIFICACAO;"Identidade de auditoria derivada de requisito+ordem; spec v4 preservada."
V4:FIN-11:S007;FIN-11;v4;Falha de Libra não autoriza fallback automático de credencial ou pagador;openspec/changes/hub-interoperabilidade-v4/specs/contratos-e-financeiro/spec.md;358;PENDENTE_REQUALIFICACAO;"Identidade de auditoria derivada de requisito+ordem; spec v4 preservada."
V4:DEC-01:S001;DEC-01;v4;ADR-04 mantém a custódia do resultado no Hub;openspec/changes/hub-interoperabilidade-v4/specs/decisoes-e-governanca/spec.md;8;PENDENTE_REQUALIFICACAO;"Identidade de auditoria derivada de requisito+ordem; spec v4 preservada."
V4:DEC-01:S002;DEC-01;v4;ADR-06 recusa promessa de exactly-once sem suporte externo;openspec/changes/hub-interoperabilidade-v4/specs/decisoes-e-governanca/spec.md;13;PENDENTE_REQUALIFICACAO;"Identidade de auditoria derivada de requisito+ordem; spec v4 preservada."
V4:DEC-01:S003;DEC-01;v4;ADR-05 mantém deadline rígido e TTL sem renovação;openspec/changes/hub-interoperabilidade-v4/specs/decisoes-e-governanca/spec.md;18;PENDENTE_REQUALIFICACAO;"Identidade de auditoria derivada de requisito+ordem; spec v4 preservada."
V4:DEC-01:S004;DEC-01;v4;Pendências de implantação não decididas por ADR ficam registradas em DEC-02;openspec/changes/hub-interoperabilidade-v4/specs/decisoes-e-governanca/spec.md;23;PENDENTE_REQUALIFICACAO;"Identidade de auditoria derivada de requisito+ordem; spec v4 preservada."
V4:DEC-02:S001;DEC-02;v4;P-08 bloqueia a promessa de ausência de perda regional até desenho e prova de recuperação;openspec/changes/hub-interoperabilidade-v4/specs/decisoes-e-governanca/spec.md;31;PENDENTE_REQUALIFICACAO;"Identidade de auditoria derivada de requisito+ordem; spec v4 preservada."
V4:DEC-02:S002;DEC-02;v4;P-10 bloqueia oferta com impacto em vida/segurança até perfil de criticidade aprovado;openspec/changes/hub-interoperabilidade-v4/specs/decisoes-e-governanca/spec.md;36;PENDENTE_REQUALIFICACAO;"Identidade de auditoria derivada de requisito+ordem; spec v4 preservada."
V4:DEC-02:S003;DEC-02;v4;P-11 bloqueia o gate ppd de expansão automática até envelopes e quotas aprovados;openspec/changes/hub-interoperabilidade-v4/specs/decisoes-e-governanca/spec.md;41;PENDENTE_REQUALIFICACAO;"Identidade de auditoria derivada de requisito+ordem; spec v4 preservada."
V4:DEC-02:S004;DEC-02;v4;P-01 bloqueia IaC remota e o gate ppd até a topologia de plataforma ser aprovada;openspec/changes/hub-interoperabilidade-v4/specs/decisoes-e-governanca/spec.md;46;PENDENTE_REQUALIFICACAO;"Identidade de auditoria derivada de requisito+ordem; spec v4 preservada."
V4:DEC-02:S005;DEC-02;v4;P-09 bloqueia o gate G0 da fatia até responsáveis e aprovação da v4 registrados;openspec/changes/hub-interoperabilidade-v4/specs/decisoes-e-governanca/spec.md;51;PENDENTE_REQUALIFICACAO;"Identidade de auditoria derivada de requisito+ordem; spec v4 preservada."
V4:DEC-03:S001;DEC-03;v4;ADR-12 impede que retorno tardio após EXPIRED por SLA vire sucesso;openspec/changes/hub-interoperabilidade-v4/specs/decisoes-e-governanca/spec.md;59;PENDENTE_REQUALIFICACAO;"Identidade de auditoria derivada de requisito+ordem; spec v4 preservada."
V4:DEC-03:S002;DEC-03;v4;ADR-18 mantém o compromisso regional de RPO zero bloqueado até desenho adequado;openspec/changes/hub-interoperabilidade-v4/specs/decisoes-e-governanca/spec.md;64;PENDENTE_REQUALIFICACAO;"Identidade de auditoria derivada de requisito+ordem; spec v4 preservada."
V4:DEC-03:S003;DEC-03;v4;Consulta de resultado pendente usa representação unificada (200) herdada da correção v2→v3;openspec/changes/hub-interoperabilidade-v4/specs/decisoes-e-governanca/spec.md;69;PENDENTE_REQUALIFICACAO;"Identidade de auditoria derivada de requisito+ordem; spec v4 preservada."
V4:DEC-03:S004;DEC-03;v4;A antiga meta regional de RPO de 15 minutos não é mais padrão implícito;openspec/changes/hub-interoperabilidade-v4/specs/decisoes-e-governanca/spec.md;74;PENDENTE_REQUALIFICACAO;"Identidade de auditoria derivada de requisito+ordem; spec v4 preservada."
V4:DEC-03:S005;DEC-03;v4;IDs de ADR-11 a ADR-18 permanecem estáveis para rastreabilidade entre capítulos;openspec/changes/hub-interoperabilidade-v4/specs/decisoes-e-governanca/spec.md;79;PENDENTE_REQUALIFICACAO;"Identidade de auditoria derivada de requisito+ordem; spec v4 preservada."
V4:DEC-04:S001;DEC-04;v4;ADR-19 retira a fila obrigatória do caminho SYNC sem fallback silencioso;openspec/changes/hub-interoperabilidade-v4/specs/decisoes-e-governanca/spec.md;87;PENDENTE_REQUALIFICACAO;"Identidade de auditoria derivada de requisito+ordem; spec v4 preservada."
V4:DEC-04:S002;DEC-04;v4;ADR-20 recupera protocolo perdido por HTTP via idempotência com UUIDv7 universal;openspec/changes/hub-interoperabilidade-v4/specs/decisoes-e-governanca/spec.md;92;PENDENTE_REQUALIFICACAO;"Identidade de auditoria derivada de requisito+ordem; spec v4 preservada."
V4:DEC-04:S003;DEC-04;v4;ADR-21 proíbe fallback implícito de credencial entre SHARED_HUB e TENANT_DEDICATED;openspec/changes/hub-interoperabilidade-v4/specs/decisoes-e-governanca/spec.md;97;PENDENTE_REQUALIFICACAO;"Identidade de auditoria derivada de requisito+ordem; spec v4 preservada."
V4:DEC-04:S004;DEC-04;v4;ADR-22 dispensa broker/Atlas/cofre por pedido quando material válido já existe;openspec/changes/hub-interoperabilidade-v4/specs/decisoes-e-governanca/spec.md;102;PENDENTE_REQUALIFICACAO;"Identidade de auditoria derivada de requisito+ordem; spec v4 preservada."
V4:DEC-04:S005;DEC-04;v4;ADR-25 exige prova específica de RTO e perda de região para uso com impacto em vida/segurança;openspec/changes/hub-interoperabilidade-v4/specs/decisoes-e-governanca/spec.md;107;PENDENTE_REQUALIFICACAO;"Identidade de auditoria derivada de requisito+ordem; spec v4 preservada."
V4:DEC-05:S001;DEC-05;v4;GAP-02 (Crítica) permanece com qualificação pendente até crash/duplicata/UNKNOWN comprovados;openspec/changes/hub-interoperabilidade-v4/specs/decisoes-e-governanca/spec.md;115;PENDENTE_REQUALIFICACAO;"Identidade de auditoria derivada de requisito+ordem; spec v4 preservada."
V4:DEC-05:S002;DEC-05;v4;GAP-09 (Crítica) exige limite de corte dentro do SLA sem split-brain antes de fechar migração de célula;openspec/changes/hub-interoperabilidade-v4/specs/decisoes-e-governanca/spec.md;120;PENDENTE_REQUALIFICACAO;"Identidade de auditoria derivada de requisito+ordem; spec v4 preservada."
V4:DEC-05:S003;DEC-05;v4;GAP-12 (Crítica) mantém a referência atual sem qualificar RPO zero regional;openspec/changes/hub-interoperabilidade-v4/specs/decisoes-e-governanca/spec.md;125;PENDENTE_REQUALIFICACAO;"Identidade de auditoria derivada de requisito+ordem; spec v4 preservada."
V4:DEC-05:S004;DEC-05;v4;"GAP-05 (Crítica) impede que ""banco opcional"" confirme pedido ou final sem prova de custódia";openspec/changes/hub-interoperabilidade-v4/specs/decisoes-e-governanca/spec.md;130;PENDENTE_REQUALIFICACAO;"Identidade de auditoria derivada de requisito+ordem; spec v4 preservada."
V4:DEC-05:S005;DEC-05;v4;GAP-13 (Crítica) restringe oferta de garantia externa que o provedor não sustenta;openspec/changes/hub-interoperabilidade-v4/specs/decisoes-e-governanca/spec.md;135;PENDENTE_REQUALIFICACAO;"Identidade de auditoria derivada de requisito+ordem; spec v4 preservada."
V4:DEC-05:S006;DEC-05;v4;GAP-15 (Crítica) impede confundir texto completo com disponibilidade comprovada;openspec/changes/hub-interoperabilidade-v4/specs/decisoes-e-governanca/spec.md;140;PENDENTE_REQUALIFICACAO;"Identidade de auditoria derivada de requisito+ordem; spec v4 preservada."
V4:OPE-01:S001;OPE-01;v4;Cálculo de operações pendentes e custo de polling;openspec/changes/hub-interoperabilidade-v4/specs/desempenho-e-operacao/spec.md;8;PENDENTE_REQUALIFICACAO;"Identidade de auditoria derivada de requisito+ordem; spec v4 preservada."
V4:OPE-01:S002;OPE-01;v4;Qualificação por perfil misto de carga;openspec/changes/hub-interoperabilidade-v4/specs/desempenho-e-operacao/spec.md;13;PENDENTE_REQUALIFICACAO;"Identidade de auditoria derivada de requisito+ordem; spec v4 preservada."
V4:OPE-01:S003;OPE-01;v4;Ensaio isolado de arquivos grandes;openspec/changes/hub-interoperabilidade-v4/specs/desempenho-e-operacao/spec.md;18;PENDENTE_REQUALIFICACAO;"Identidade de auditoria derivada de requisito+ordem; spec v4 preservada."
V4:OPE-02:S001;OPE-02;v4;Consultas finais usam fonte autoritativa sem provedor;openspec/changes/hub-interoperabilidade-v4/specs/desempenho-e-operacao/spec.md;26;PENDENTE_REQUALIFICACAO;"Identidade de auditoria derivada de requisito+ordem; spec v4 preservada."
V4:OPE-02:S002;OPE-02;v4;Cache opcional não vira fonte única de correlação;openspec/changes/hub-interoperabilidade-v4/specs/desempenho-e-operacao/spec.md;31;PENDENTE_REQUALIFICACAO;"Identidade de auditoria derivada de requisito+ordem; spec v4 preservada."
V4:OPE-02:S003;OPE-02;v4;Orçamento justo de conexões sob autoscaling;openspec/changes/hub-interoperabilidade-v4/specs/desempenho-e-operacao/spec.md;36;PENDENTE_REQUALIFICACAO;"Identidade de auditoria derivada de requisito+ordem; spec v4 preservada."
V4:OPE-03:S001;OPE-03;v4;Disponibilidade de admissão e GET local;openspec/changes/hub-interoperabilidade-v4/specs/desempenho-e-operacao/spec.md;44;PENDENTE_REQUALIFICACAO;"Identidade de auditoria derivada de requisito+ordem; spec v4 preservada."
V4:OPE-03:S002;OPE-03;v4;Latência de aceite ASYNC e consulta de resultado local;openspec/changes/hub-interoperabilidade-v4/specs/desempenho-e-operacao/spec.md;49;PENDENTE_REQUALIFICACAO;"Identidade de auditoria derivada de requisito+ordem; spec v4 preservada."
V4:OPE-03:S003;OPE-03;v4;Final ASYNC, primeira tentativa de webhook e atualidade financeira;openspec/changes/hub-interoperabilidade-v4/specs/desempenho-e-operacao/spec.md;54;PENDENTE_REQUALIFICACAO;"Identidade de auditoria derivada de requisito+ordem; spec v4 preservada."
V4:OPE-03:S004;OPE-03;v4;RTO de zona e de região não substituem qualificação crítica;openspec/changes/hub-interoperabilidade-v4/specs/desempenho-e-operacao/spec.md;59;PENDENTE_REQUALIFICACAO;"Identidade de auditoria derivada de requisito+ordem; spec v4 preservada."
V4:OPE-04:S001;OPE-04;v4;Dependências gerenciadas com HA real antes do gate ppd;openspec/changes/hub-interoperabilidade-v4/specs/desempenho-e-operacao/spec.md;67;PENDENTE_REQUALIFICACAO;"Identidade de auditoria derivada de requisito+ordem; spec v4 preservada."
V4:OPE-04:S002;OPE-04;v4;Kind e emulação local não substituem serviços gerenciados;openspec/changes/hub-interoperabilidade-v4/specs/desempenho-e-operacao/spec.md;72;PENDENTE_REQUALIFICACAO;"Identidade de auditoria derivada de requisito+ordem; spec v4 preservada."
V4:OPE-04:S003;OPE-04;v4;Isolamento por célula complementa e não substitui separação de ambiente;openspec/changes/hub-interoperabilidade-v4/specs/desempenho-e-operacao/spec.md;77;PENDENTE_REQUALIFICACAO;"Identidade de auditoria derivada de requisito+ordem; spec v4 preservada."
V4:OPE-05:S001;OPE-05;v4;Readiness por capacidade evita que falha de envio derrube leitura saudável;openspec/changes/hub-interoperabilidade-v4/specs/desempenho-e-operacao/spec.md;85;PENDENTE_REQUALIFICACAO;"Identidade de auditoria derivada de requisito+ordem; spec v4 preservada."
V4:OPE-05:S002;OPE-05;v4;Escala de workers por backlog e idade da obrigação;openspec/changes/hub-interoperabilidade-v4/specs/desempenho-e-operacao/spec.md;90;PENDENTE_REQUALIFICACAO;"Identidade de auditoria derivada de requisito+ordem; spec v4 preservada."
V4:OPE-05:S003;OPE-05;v4;Drenagem preserva UNKNOWN em chamada externa incerta;openspec/changes/hub-interoperabilidade-v4/specs/desempenho-e-operacao/spec.md;95;PENDENTE_REQUALIFICACAO;"Identidade de auditoria derivada de requisito+ordem; spec v4 preservada."
V4:OPE-06:S001;OPE-06;v4;Alerta de outbox envelhecida preserva pendência;openspec/changes/hub-interoperabilidade-v4/specs/desempenho-e-operacao/spec.md;103;PENDENTE_REQUALIFICACAO;"Identidade de auditoria derivada de requisito+ordem; spec v4 preservada."
V4:OPE-06:S002;OPE-06;v4;Divergência financeira bloqueia fechamento incompleto;openspec/changes/hub-interoperabilidade-v4/specs/desempenho-e-operacao/spec.md;108;PENDENTE_REQUALIFICACAO;"Identidade de auditoria derivada de requisito+ordem; spec v4 preservada."
V4:OPE-06:S003;OPE-06;v4;Auditoria de negócio não depende de amostragem de trace;openspec/changes/hub-interoperabilidade-v4/specs/desempenho-e-operacao/spec.md;113;PENDENTE_REQUALIFICACAO;"Identidade de auditoria derivada de requisito+ordem; spec v4 preservada."
V4:OPE-07:S001;OPE-07;v4;Redução multiplicativa sob 429 e Retry-After;openspec/changes/hub-interoperabilidade-v4/specs/desempenho-e-operacao/spec.md;121;PENDENTE_REQUALIFICACAO;"Identidade de auditoria derivada de requisito+ordem; spec v4 preservada."
V4:OPE-07:S002;OPE-07;v4;Aumento gradual em janela saudável;openspec/changes/hub-interoperabilidade-v4/specs/desempenho-e-operacao/spec.md;126;PENDENTE_REQUALIFICACAO;"Identidade de auditoria derivada de requisito+ordem; spec v4 preservada."
V4:OPE-07:S003;OPE-07;v4;Falha funcional não reduz capacidade global;openspec/changes/hub-interoperabilidade-v4/specs/desempenho-e-operacao/spec.md;131;PENDENTE_REQUALIFICACAO;"Identidade de auditoria derivada de requisito+ordem; spec v4 preservada."
V4:OPE-07:S004;OPE-07;v4;Coordenação distribuída em mudança de líder;openspec/changes/hub-interoperabilidade-v4/specs/desempenho-e-operacao/spec.md;136;PENDENTE_REQUALIFICACAO;"Identidade de auditoria derivada de requisito+ordem; spec v4 preservada."
V4:OPE-08:S001;OPE-08;v4;Classe Compartilhada protegida impõe limites por tenant;openspec/changes/hub-interoperabilidade-v4/specs/desempenho-e-operacao/spec.md;144;PENDENTE_REQUALIFICACAO;"Identidade de auditoria derivada de requisito+ordem; spec v4 preservada."
V4:OPE-08:S002;OPE-08;v4;Célula dedicada isola deployments e bancos;openspec/changes/hub-interoperabilidade-v4/specs/desempenho-e-operacao/spec.md;149;PENDENTE_REQUALIFICACAO;"Identidade de auditoria derivada de requisito+ordem; spec v4 preservada."
V4:OPE-08:S003;OPE-08;v4;Dedicada estrita não elimina falha externa global;openspec/changes/hub-interoperabilidade-v4/specs/desempenho-e-operacao/spec.md;154;PENDENTE_REQUALIFICACAO;"Identidade de auditoria derivada de requisito+ordem; spec v4 preservada."
V4:OPE-08:S004;OPE-08;v4;Teste de ruído entre tenants;openspec/changes/hub-interoperabilidade-v4/specs/desempenho-e-operacao/spec.md;159;PENDENTE_REQUALIFICACAO;"Identidade de auditoria derivada de requisito+ordem; spec v4 preservada."
V4:OPE-09:S001;OPE-09;v4;Percentis ponta a ponta medidos no mesmo conjunto de requisições;openspec/changes/hub-interoperabilidade-v4/specs/desempenho-e-operacao/spec.md;167;PENDENTE_REQUALIFICACAO;"Identidade de auditoria derivada de requisito+ordem; spec v4 preservada."
V4:OPE-09:S002;OPE-09;v4;SYNC remove fila obrigatória sem remover outbox de fatos;openspec/changes/hub-interoperabilidade-v4/specs/desempenho-e-operacao/spec.md;172;PENDENTE_REQUALIFICACAO;"Identidade de auditoria derivada de requisito+ordem; spec v4 preservada."
V4:OPE-09:S003;OPE-09;v4;Reserva de finalização considera prazo e capacidade mínimos;openspec/changes/hub-interoperabilidade-v4/specs/desempenho-e-operacao/spec.md;177;PENDENTE_REQUALIFICACAO;"Identidade de auditoria derivada de requisito+ordem; spec v4 preservada."
V4:OPE-10:S001;OPE-10;v4;Taxa de quebra usa população elegível da coorte;openspec/changes/hub-interoperabilidade-v4/specs/desempenho-e-operacao/spec.md;185;PENDENTE_REQUALIFICACAO;"Identidade de auditoria derivada de requisito+ordem; spec v4 preservada."
V4:OPE-10:S002;OPE-10;v4;Evidência de SLA durável e independente de amostragem;openspec/changes/hub-interoperabilidade-v4/specs/desempenho-e-operacao/spec.md;190;PENDENTE_REQUALIFICACAO;"Identidade de auditoria derivada de requisito+ordem; spec v4 preservada."
V4:OPE-10:S003;OPE-10;v4;Alerta preventivo de orçamento não é violação confirmada;openspec/changes/hub-interoperabilidade-v4/specs/desempenho-e-operacao/spec.md;195;PENDENTE_REQUALIFICACAO;"Identidade de auditoria derivada de requisito+ordem; spec v4 preservada."
V4:OPE-11:S001;OPE-11;v4;Reconciliação identifica lacuna como incidente;openspec/changes/hub-interoperabilidade-v4/specs/desempenho-e-operacao/spec.md;203;PENDENTE_REQUALIFICACAO;"Identidade de auditoria derivada de requisito+ordem; spec v4 preservada."
V4:OPE-11:S002;OPE-11;v4;RPO zero regional exige persistência síncrona confirmada;openspec/changes/hub-interoperabilidade-v4/specs/desempenho-e-operacao/spec.md;208;PENDENTE_REQUALIFICACAO;"Identidade de auditoria derivada de requisito+ordem; spec v4 preservada."
V4:OPE-11:S003;OPE-11;v4;Operação ambígua preserva UNKNOWN sem inventar resultado;openspec/changes/hub-interoperabilidade-v4/specs/desempenho-e-operacao/spec.md;213;PENDENTE_REQUALIFICACAO;"Identidade de auditoria derivada de requisito+ordem; spec v4 preservada."
V4:OPE-12:S001;OPE-12;v4;Expansão antecipa saturação de banco/célula;openspec/changes/hub-interoperabilidade-v4/specs/desempenho-e-operacao/spec.md;221;PENDENTE_REQUALIFICACAO;"Identidade de auditoria derivada de requisito+ordem; spec v4 preservada."
V4:OPE-12:S002;OPE-12;v4;Controller de expansão indisponível não retira capacidade ativa;openspec/changes/hub-interoperabilidade-v4/specs/desempenho-e-operacao/spec.md;226;PENDENTE_REQUALIFICACAO;"Identidade de auditoria derivada de requisito+ordem; spec v4 preservada."
V4:OPE-12:S003;OPE-12;v4;Falha da autoridade de orçamento admite apenas concessões válidas;openspec/changes/hub-interoperabilidade-v4/specs/desempenho-e-operacao/spec.md;231;PENDENTE_REQUALIFICACAO;"Identidade de auditoria derivada de requisito+ordem; spec v4 preservada."
V4:OPE-13:S001;OPE-13;v4;Indisponibilidade do Redis usa bypass sem informação crítica exclusiva;openspec/changes/hub-interoperabilidade-v4/specs/desempenho-e-operacao/spec.md;239;PENDENTE_REQUALIFICACAO;"Identidade de auditoria derivada de requisito+ordem; spec v4 preservada."
V4:OPE-13:S002;OPE-13;v4;Atlas indisponível mantém rotas conhecidas e bloqueia novo onboarding;openspec/changes/hub-interoperabilidade-v4/specs/desempenho-e-operacao/spec.md;244;PENDENTE_REQUALIFICACAO;"Identidade de auditoria derivada de requisito+ordem; spec v4 preservada."
V4:OPE-13:S003;OPE-13;v4;PostgreSQL core writer indisponível preserva finais confirmados sem novos efeitos sem posse;openspec/changes/hub-interoperabilidade-v4/specs/desempenho-e-operacao/spec.md;249;PENDENTE_REQUALIFICACAO;"Identidade de auditoria derivada de requisito+ordem; spec v4 preservada."
V4:OPE-13:S004;OPE-13;v4;Banco financeiro indisponível restringe reservas estritas;openspec/changes/hub-interoperabilidade-v4/specs/desempenho-e-operacao/spec.md;254;PENDENTE_REQUALIFICACAO;"Identidade de auditoria derivada de requisito+ordem; spec v4 preservada."
V4:OPE-13:S005;OPE-13;v4;SNS/SQS indisponível recusa ASYNC sem slot durável;openspec/changes/hub-interoperabilidade-v4/specs/desempenho-e-operacao/spec.md;259;PENDENTE_REQUALIFICACAO;"Identidade de auditoria derivada de requisito+ordem; spec v4 preservada."
V4:OPE-13:S006;OPE-13;v4;S3 indisponível não finaliza sucesso com referência não confirmada;openspec/changes/hub-interoperabilidade-v4/specs/desempenho-e-operacao/spec.md;264;PENDENTE_REQUALIFICACAO;"Identidade de auditoria derivada de requisito+ordem; spec v4 preservada."
V4:OPE-13:S007;OPE-13;v4;Cofre/KMS indisponível bloqueia apenas o binding afetado;openspec/changes/hub-interoperabilidade-v4/specs/desempenho-e-operacao/spec.md;269;PENDENTE_REQUALIFICACAO;"Identidade de auditoria derivada de requisito+ordem; spec v4 preservada."
V4:OPE-13:S008;OPE-13;v4;IdP indisponível não emite nova identidade por conta própria;openspec/changes/hub-interoperabilidade-v4/specs/desempenho-e-operacao/spec.md;274;PENDENTE_REQUALIFICACAO;"Identidade de auditoria derivada de requisito+ordem; spec v4 preservada."
V4:OPE-13:S009;OPE-13;v4;Controlador de quota externa em partição nega novos tokens;openspec/changes/hub-interoperabilidade-v4/specs/desempenho-e-operacao/spec.md;279;PENDENTE_REQUALIFICACAO;"Identidade de auditoria derivada de requisito+ordem; spec v4 preservada."
V4:OPE-13:S010;OPE-13;v4;Provedor específico indisponível isola apenas o vínculo afetado;openspec/changes/hub-interoperabilidade-v4/specs/desempenho-e-operacao/spec.md;284;PENDENTE_REQUALIFICACAO;"Identidade de auditoria derivada de requisito+ordem; spec v4 preservada."
V4:OPE-13:S011;OPE-13;v4;Webhook do cliente indisponível preserva obrigação sem reexecutar produto;openspec/changes/hub-interoperabilidade-v4/specs/desempenho-e-operacao/spec.md;289;PENDENTE_REQUALIFICACAO;"Identidade de auditoria derivada de requisito+ordem; spec v4 preservada."
V4:OPE-13:S012;OPE-13;v4;Observabilidade indisponível não bloqueia auditoria de negócio;openspec/changes/hub-interoperabilidade-v4/specs/desempenho-e-operacao/spec.md;294;PENDENTE_REQUALIFICACAO;"Identidade de auditoria derivada de requisito+ordem; spec v4 preservada."
V4:OPE-13:S013;OPE-13;v4;Kubernetes API/Crossplane/Karpenter indisponíveis mantêm workloads saudáveis;openspec/changes/hub-interoperabilidade-v4/specs/desempenho-e-operacao/spec.md;299;PENDENTE_REQUALIFICACAO;"Identidade de auditoria derivada de requisito+ordem; spec v4 preservada."
V4:OPE-14:S001;OPE-14;v4;Canary/rolling de APIs e workers preserva intenção;openspec/changes/hub-interoperabilidade-v4/specs/desempenho-e-operacao/spec.md;307;PENDENTE_REQUALIFICACAO;"Identidade de auditoria derivada de requisito+ordem; spec v4 preservada."
V4:OPE-14:S002;OPE-14;v4;"Manutenção de PostgreSQL demonstra RTO real, não apenas ""multi-AZ""";openspec/changes/hub-interoperabilidade-v4/specs/desempenho-e-operacao/spec.md;312;PENDENTE_REQUALIFICACAO;"Identidade de auditoria derivada de requisito+ordem; spec v4 preservada."
V4:OPE-14:S003;OPE-14;v4;Manutenção que excede orçamento síncrono é falha de disponibilidade;openspec/changes/hub-interoperabilidade-v4/specs/desempenho-e-operacao/spec.md;317;PENDENTE_REQUALIFICACAO;"Identidade de auditoria derivada de requisito+ordem; spec v4 preservada."
V4:OPE-15:S001;OPE-15;v4;99,99% mensal não prova adequação a impacto crítico;openspec/changes/hub-interoperabilidade-v4/specs/desempenho-e-operacao/spec.md;325;PENDENTE_REQUALIFICACAO;"Identidade de auditoria derivada de requisito+ordem; spec v4 preservada."
V4:OPE-15:S002;OPE-15;v4;Perda de região com RPO zero exige autoridade transacional qualificada;openspec/changes/hub-interoperabilidade-v4/specs/desempenho-e-operacao/spec.md;330;PENDENTE_REQUALIFICACAO;"Identidade de auditoria derivada de requisito+ordem; spec v4 preservada."
V4:OPE-15:S003;OPE-15;v4;Durante partição regional apenas um lado aceita efeitos;openspec/changes/hub-interoperabilidade-v4/specs/desempenho-e-operacao/spec.md;335;PENDENTE_REQUALIFICACAO;"Identidade de auditoria derivada de requisito+ordem; spec v4 preservada."
V4:OPE-15:S004;OPE-15;v4;Contrato de contingência do consumidor define uso de resultado antigo;openspec/changes/hub-interoperabilidade-v4/specs/desempenho-e-operacao/spec.md;340;PENDENTE_REQUALIFICACAO;"Identidade de auditoria derivada de requisito+ordem; spec v4 preservada."
V4:EXE-01:S001;EXE-01;v4;Mesma chave e mesmo hash recuperam o protocolo existente;openspec/changes/hub-interoperabilidade-v4/specs/execucao-e-integracoes/spec.md;8;PENDENTE_REQUALIFICACAO;"Identidade de auditoria derivada de requisito+ordem; spec v4 preservada."
V4:EXE-01:S002;EXE-01;v4;Mesma chave com payload diferente retorna conflito;openspec/changes/hub-interoperabilidade-v4/specs/execucao-e-integracoes/spec.md;13;PENDENTE_REQUALIFICACAO;"Identidade de auditoria derivada de requisito+ordem; spec v4 preservada."
V4:EXE-01:S003;EXE-01;v4;Resposta perdida após commit é recuperada pela repetição da mesma chave;openspec/changes/hub-interoperabilidade-v4/specs/execucao-e-integracoes/spec.md;18;PENDENTE_REQUALIFICACAO;"Identidade de auditoria derivada de requisito+ordem; spec v4 preservada."
V4:EXE-01:S004;EXE-01;v4;Ausência de banco de admissão impede confirmar aceite em memória;openspec/changes/hub-interoperabilidade-v4/specs/execucao-e-integracoes/spec.md;23;PENDENTE_REQUALIFICACAO;"Identidade de auditoria derivada de requisito+ordem; spec v4 preservada."
V4:EXE-02:S001;EXE-02;v4;Provedor síncrono em SYNC não converte para 202;openspec/changes/hub-interoperabilidade-v4/specs/execucao-e-integracoes/spec.md;31;PENDENTE_REQUALIFICACAO;"Identidade de auditoria derivada de requisito+ordem; spec v4 preservada."
V4:EXE-02:S002;EXE-02;v4;Provedor síncrono em AUTO aguarda fila sem equivaler a SYNC;openspec/changes/hub-interoperabilidade-v4/specs/execucao-e-integracoes/spec.md;36;PENDENTE_REQUALIFICACAO;"Identidade de auditoria derivada de requisito+ordem; spec v4 preservada."
V4:EXE-02:S003;EXE-02;v4;Prazo SYNC esgotado retorna 504 com final de expiração já persistido;openspec/changes/hub-interoperabilidade-v4/specs/execucao-e-integracoes/spec.md;41;PENDENTE_REQUALIFICACAO;"Identidade de auditoria derivada de requisito+ordem; spec v4 preservada."
V4:EXE-02:S004;EXE-02;v4;Provedor assíncrono em SYNC não é ofertado sem nova decisão;openspec/changes/hub-interoperabilidade-v4/specs/execucao-e-integracoes/spec.md;46;PENDENTE_REQUALIFICACAO;"Identidade de auditoria derivada de requisito+ordem; spec v4 preservada."
V4:EXE-03:S001;EXE-03;v4;Cometa decide o fato externo, Órbita decide a conclusão do passo;openspec/changes/hub-interoperabilidade-v4/specs/execucao-e-integracoes/spec.md;54;PENDENTE_REQUALIFICACAO;"Identidade de auditoria derivada de requisito+ordem; spec v4 preservada."
V4:EXE-03:S002;EXE-03;v4;UNKNOWN não vira FAILED por conveniência;openspec/changes/hub-interoperabilidade-v4/specs/execucao-e-integracoes/spec.md;59;PENDENTE_REQUALIFICACAO;"Identidade de auditoria derivada de requisito+ordem; spec v4 preservada."
V4:EXE-03:S003;EXE-03;v4;CANCELLED exige inexistência comprovada de efeitos pendentes;openspec/changes/hub-interoperabilidade-v4/specs/execucao-e-integracoes/spec.md;64;PENDENTE_REQUALIFICACAO;"Identidade de auditoria derivada de requisito+ordem; spec v4 preservada."
V4:EXE-03:S004;EXE-03;v4;Evento intermediário atrasado não regride estado final;openspec/changes/hub-interoperabilidade-v4/specs/execucao-e-integracoes/spec.md;69;PENDENTE_REQUALIFICACAO;"Identidade de auditoria derivada de requisito+ordem; spec v4 preservada."
V4:EXE-04:S001;EXE-04;v4;Callback sem correlação vira UNCORRELATED, não associado por heurística;openspec/changes/hub-interoperabilidade-v4/specs/execucao-e-integracoes/spec.md;77;PENDENTE_REQUALIFICACAO;"Identidade de auditoria derivada de requisito+ordem; spec v4 preservada."
V4:EXE-04:S002;EXE-04;v4;Troca autorizada de provedor cria nova operação vinculada ao mesmo passo;openspec/changes/hub-interoperabilidade-v4/specs/execucao-e-integracoes/spec.md;82;PENDENTE_REQUALIFICACAO;"Identidade de auditoria derivada de requisito+ordem; spec v4 preservada."
V4:EXE-04:S003;EXE-04;v4;Crash após envio sem resposta persistida exige reconstrução, não invenção de final;openspec/changes/hub-interoperabilidade-v4/specs/execucao-e-integracoes/spec.md;87;PENDENTE_REQUALIFICACAO;"Identidade de auditoria derivada de requisito+ordem; spec v4 preservada."
V4:EXE-05:S001;EXE-05;v4;Defaults propostos não se aplicam sem aprovação do vínculo;openspec/changes/hub-interoperabilidade-v4/specs/execucao-e-integracoes/spec.md;95;PENDENTE_REQUALIFICACAO;"Identidade de auditoria derivada de requisito+ordem; spec v4 preservada."
V4:EXE-05:S002;EXE-05;v4;Retry-After respeitado dentro do prazo, expiração tratada além do deadline;openspec/changes/hub-interoperabilidade-v4/specs/execucao-e-integracoes/spec.md;100;PENDENTE_REQUALIFICACAO;"Identidade de auditoria derivada de requisito+ordem; spec v4 preservada."
V4:EXE-05:S003;EXE-05;v4;Worker reclama trabalho de forma exclusiva sem manter transação dormindo;openspec/changes/hub-interoperabilidade-v4/specs/execucao-e-integracoes/spec.md;105;PENDENTE_REQUALIFICACAO;"Identidade de auditoria derivada de requisito+ordem; spec v4 preservada."
V4:EXE-05:S004;EXE-05;v4;Pausar polling não cancela a operação nem apaga o prazo;openspec/changes/hub-interoperabilidade-v4/specs/execucao-e-integracoes/spec.md;110;PENDENTE_REQUALIFICACAO;"Identidade de auditoria derivada de requisito+ordem; spec v4 preservada."
V4:EXE-06:S001;EXE-06;v4;Callback e polling com o mesmo final aplicam transição única;openspec/changes/hub-interoperabilidade-v4/specs/execucao-e-integracoes/spec.md;118;PENDENTE_REQUALIFICACAO;"Identidade de auditoria derivada de requisito+ordem; spec v4 preservada."
V4:EXE-06:S002;EXE-06;v4;Finais conflitantes preservam ambos e marcam CONFLICT;openspec/changes/hub-interoperabilidade-v4/specs/execucao-e-integracoes/spec.md;123;PENDENTE_REQUALIFICACAO;"Identidade de auditoria derivada de requisito+ordem; spec v4 preservada."
V4:EXE-06:S003;EXE-06;v4;"""Não encontrado"" logo após submit usa janela documentada, sem reiniciar às cegas";openspec/changes/hub-interoperabilidade-v4/specs/execucao-e-integracoes/spec.md;128;PENDENTE_REQUALIFICACAO;"Identidade de auditoria derivada de requisito+ordem; spec v4 preservada."
V4:EXE-07:S001;EXE-07;v4;Consultar resultado expurgado retorna 410 sem nova busca externa;openspec/changes/hub-interoperabilidade-v4/specs/execucao-e-integracoes/spec.md;136;PENDENTE_REQUALIFICACAO;"Identidade de auditoria derivada de requisito+ordem; spec v4 preservada."
V4:EXE-07:S002;EXE-07;v4;Solicitar cancelamento registra intenção durável sem afirmar conclusão externa;openspec/changes/hub-interoperabilidade-v4/specs/execucao-e-integracoes/spec.md;141;PENDENTE_REQUALIFICACAO;"Identidade de auditoria derivada de requisito+ordem; spec v4 preservada."
V4:EXE-07:S003;EXE-07;v4;Consultas públicas não incrementam o medidor de execução do provedor;openspec/changes/hub-interoperabilidade-v4/specs/execucao-e-integracoes/spec.md;146;PENDENTE_REQUALIFICACAO;"Identidade de auditoria derivada de requisito+ordem; spec v4 preservada."
V4:EXE-07:S004;EXE-07;v4;Atualizar/reexecutar cria novo protocolo com referência ao anterior;openspec/changes/hub-interoperabilidade-v4/specs/execucao-e-integracoes/spec.md;151;PENDENTE_REQUALIFICACAO;"Identidade de auditoria derivada de requisito+ordem; spec v4 preservada."
V4:EXE-08:S001;EXE-08;v4;Recibo é persistido antes da resposta 2xx ao provedor;openspec/changes/hub-interoperabilidade-v4/specs/execucao-e-integracoes/spec.md;159;PENDENTE_REQUALIFICACAO;"Identidade de auditoria derivada de requisito+ordem; spec v4 preservada."
V4:EXE-08:S002;EXE-08;v4;Destino de webhook precisa estar previamente cadastrado, sem URL arbitrária por pedido;openspec/changes/hub-interoperabilidade-v4/specs/execucao-e-integracoes/spec.md;164;PENDENTE_REQUALIFICACAO;"Identidade de auditoria derivada de requisito+ordem; spec v4 preservada."
V4:EXE-08:S003;EXE-08;v4;Erros de entrega são classificados por família de status HTTP;openspec/changes/hub-interoperabilidade-v4/specs/execucao-e-integracoes/spec.md;169;PENDENTE_REQUALIFICACAO;"Identidade de auditoria derivada de requisito+ordem; spec v4 preservada."
V4:EXE-08:S004;EXE-08;v4;Esgotamento das tentativas gera EXHAUSTED e alerta, resultado permanece disponível;openspec/changes/hub-interoperabilidade-v4/specs/execucao-e-integracoes/spec.md;174;PENDENTE_REQUALIFICACAO;"Identidade de auditoria derivada de requisito+ordem; spec v4 preservada."
V4:EXE-09:S001;EXE-09;v4;Falha anterior ao envio permite retry seguro;openspec/changes/hub-interoperabilidade-v4/specs/execucao-e-integracoes/spec.md;182;PENDENTE_REQUALIFICACAO;"Identidade de auditoria derivada de requisito+ordem; spec v4 preservada."
V4:EXE-09:S002;EXE-09;v4;Falha após envio possível exige UNKNOWN e consulta/reenvio idempotente ou reconciliação manual;openspec/changes/hub-interoperabilidade-v4/specs/execucao-e-integracoes/spec.md;187;PENDENTE_REQUALIFICACAO;"Identidade de auditoria derivada de requisito+ordem; spec v4 preservada."
V4:EXE-09:S003;EXE-09;v4;Resultado tardio após encerramento por SLA não reabre o protocolo;openspec/changes/hub-interoperabilidade-v4/specs/execucao-e-integracoes/spec.md;192;PENDENTE_REQUALIFICACAO;"Identidade de auditoria derivada de requisito+ordem; spec v4 preservada."
V4:EXE-09:S004;EXE-09;v4;DLQ é diagnóstico, não encerramento da obrigação;openspec/changes/hub-interoperabilidade-v4/specs/execucao-e-integracoes/spec.md;197;PENDENTE_REQUALIFICACAO;"Identidade de auditoria derivada de requisito+ordem; spec v4 preservada."
V4:EXE-10:S001;EXE-10;v4;Exemplo numérico de retry_until com TTL 60s e reserva final 5s;openspec/changes/hub-interoperabilidade-v4/specs/execucao-e-integracoes/spec.md;205;PENDENTE_REQUALIFICACAO;"Identidade de auditoria derivada de requisito+ordem; spec v4 preservada."
V4:EXE-10:S002;EXE-10;v4;Zero desabilita retry de falha transitória;openspec/changes/hub-interoperabilidade-v4/specs/execucao-e-integracoes/spec.md;210;PENDENTE_REQUALIFICACAO;"Identidade de auditoria derivada de requisito+ordem; spec v4 preservada."
V4:EXE-10:S003;EXE-10;v4;Reinício ou troca de provedor não redefine first_transient_at;openspec/changes/hub-interoperabilidade-v4/specs/execucao-e-integracoes/spec.md;215;PENDENTE_REQUALIFICACAO;"Identidade de auditoria derivada de requisito+ordem; spec v4 preservada."
V4:EXE-10:S004;EXE-10;v4;Falha sem efeito até esgotar TTL antes do deadline resulta em FAILED com motivo específico;openspec/changes/hub-interoperabilidade-v4/specs/execucao-e-integracoes/spec.md;220;PENDENTE_REQUALIFICACAO;"Identidade de auditoria derivada de requisito+ordem; spec v4 preservada."
V4:EXE-10:S005;EXE-10;v4;Fim do TTL não é, sozinho, causa de término quando o provedor volta a aceitar;openspec/changes/hub-interoperabilidade-v4/specs/execucao-e-integracoes/spec.md;225;PENDENTE_REQUALIFICACAO;"Identidade de auditoria derivada de requisito+ordem; spec v4 preservada."
V4:EXE-11:S001;EXE-11;v4;Temporizador encerra o protocolo no deadline mesmo com polling saudável;openspec/changes/hub-interoperabilidade-v4/specs/execucao-e-integracoes/spec.md;233;PENDENTE_REQUALIFICACAO;"Identidade de auditoria derivada de requisito+ordem; spec v4 preservada."
V4:EXE-11:S002;EXE-11;v4;Igualdade exata ao deadline é tratada como atraso;openspec/changes/hub-interoperabilidade-v4/specs/execucao-e-integracoes/spec.md;238;PENDENTE_REQUALIFICACAO;"Identidade de auditoria derivada de requisito+ordem; spec v4 preservada."
V4:EXE-11:S003;EXE-11;v4;Infraestrutura incapaz de confirmar elegibilidade temporal não emite sucesso;openspec/changes/hub-interoperabilidade-v4/specs/execucao-e-integracoes/spec.md;243;PENDENTE_REQUALIFICACAO;"Identidade de auditoria derivada de requisito+ordem; spec v4 preservada."
V4:EXE-11:S004;EXE-11;v4;MONITOR_ONLY e REJECT_LATE aplicam políticas distintas sem afetar o deadline do cliente;openspec/changes/hub-interoperabilidade-v4/specs/execucao-e-integracoes/spec.md;248;PENDENTE_REQUALIFICACAO;"Identidade de auditoria derivada de requisito+ordem; spec v4 preservada."
V4:EXE-12:S001;EXE-12;v4;Retorno tardio é persistido como REJECTED_LATE_SLA sem substituir o erro final;openspec/changes/hub-interoperabilidade-v4/specs/execucao-e-integracoes/spec.md;256;PENDENTE_REQUALIFICACAO;"Identidade de auditoria derivada de requisito+ordem; spec v4 preservada."
V4:EXE-12:S002;EXE-12;v4;Recusa pode responder 2xx ao provedor sem significar aceitação;openspec/changes/hub-interoperabilidade-v4/specs/execucao-e-integracoes/spec.md;261;PENDENTE_REQUALIFICACAO;"Identidade de auditoria derivada de requisito+ordem; spec v4 preservada."
V4:EXE-12:S003;EXE-12;v4;Reexecução solicitada cria novo protocolo, não reutiliza conteúdo rejeitado;openspec/changes/hub-interoperabilidade-v4/specs/execucao-e-integracoes/spec.md;266;PENDENTE_REQUALIFICACAO;"Identidade de auditoria derivada de requisito+ordem; spec v4 preservada."
V4:EXE-12:S004;EXE-12;v4;GET e webhook de encerramento continuam devolvendo a representação de erro original;openspec/changes/hub-interoperabilidade-v4/specs/execucao-e-integracoes/spec.md;271;PENDENTE_REQUALIFICACAO;"Identidade de auditoria derivada de requisito+ordem; spec v4 preservada."
V4:EXE-13:S001;EXE-13;v4;Passos READY sem dependências pendentes são agendados em paralelo dentro de limites;openspec/changes/hub-interoperabilidade-v4/specs/execucao-e-integracoes/spec.md;279;PENDENTE_REQUALIFICACAO;"Identidade de auditoria derivada de requisito+ordem; spec v4 preservada."
V4:EXE-13:S002;EXE-13;v4;Espera de polling/retry usa timers persistidos, não thread dedicada;openspec/changes/hub-interoperabilidade-v4/specs/execucao-e-integracoes/spec.md;284;PENDENTE_REQUALIFICACAO;"Identidade de auditoria derivada de requisito+ordem; spec v4 preservada."
V4:EXE-13:S003;EXE-13;v4;Cancelar espera local não prova que o provedor cancelou a operação;openspec/changes/hub-interoperabilidade-v4/specs/execucao-e-integracoes/spec.md;289;PENDENTE_REQUALIFICACAO;"Identidade de auditoria derivada de requisito+ordem; spec v4 preservada."
V4:EXE-14:S001;EXE-14;v4;Pedido pode reduzir mas não ampliar connection_deadline_at;openspec/changes/hub-interoperabilidade-v4/specs/execucao-e-integracoes/spec.md;297;PENDENTE_REQUALIFICACAO;"Identidade de auditoria derivada de requisito+ordem; spec v4 preservada."
V4:EXE-14:S002;EXE-14;v4;SYNC não retorna 202 diante de fila, provedor lento ou banco em failover;openspec/changes/hub-interoperabilidade-v4/specs/execucao-e-integracoes/spec.md;302;PENDENTE_REQUALIFICACAO;"Identidade de auditoria derivada de requisito+ordem; spec v4 preservada."
V4:EXE-14:S003;EXE-14;v4;Aceite que já consome o orçamento útil é recusado antes de efeito externo;openspec/changes/hub-interoperabilidade-v4/specs/execucao-e-integracoes/spec.md;307;PENDENTE_REQUALIFICACAO;"Identidade de auditoria derivada de requisito+ordem; spec v4 preservada."
V4:EXE-14:S004;EXE-14;v4;Fechamento da conexão interrompe espera local sem provar cancelamento do provedor;openspec/changes/hub-interoperabilidade-v4/specs/execucao-e-integracoes/spec.md;312;PENDENTE_REQUALIFICACAO;"Identidade de auditoria derivada de requisito+ordem; spec v4 preservada."
V4:EXE-14:S005;EXE-14;v4;Mesmo corpo final é retornado na criação SYNC, no GET e no webhook;openspec/changes/hub-interoperabilidade-v4/specs/execucao-e-integracoes/spec.md;317;PENDENTE_REQUALIFICACAO;"Identidade de auditoria derivada de requisito+ordem; spec v4 preservada."
V4:EXE-15:S001;EXE-15;v4;Intenção DIRECT não é duplicada como comando de execução em SQS;openspec/changes/hub-interoperabilidade-v4/specs/execucao-e-integracoes/spec.md;325;PENDENTE_REQUALIFICACAO;"Identidade de auditoria derivada de requisito+ordem; spec v4 preservada."
V4:EXE-15:S002;EXE-15;v4;Lease expirado sozinho não torna seguro um segundo submit;openspec/changes/hub-interoperabilidade-v4/specs/execucao-e-integracoes/spec.md;330;PENDENTE_REQUALIFICACAO;"Identidade de auditoria derivada de requisito+ordem; spec v4 preservada."
V4:EXE-15:S003;EXE-15;v4;Transferência para fila conserva command_id/operation_id sem mudar modo ou estender deadline;openspec/changes/hub-interoperabilidade-v4/specs/execucao-e-integracoes/spec.md;335;PENDENTE_REQUALIFICACAO;"Identidade de auditoria derivada de requisito+ordem; spec v4 preservada."
V4:EXE-15:S004;EXE-15;v4;Crash após final do Cometa e antes da resposta direta é resolvido por leitura da operação existente;openspec/changes/hub-interoperabilidade-v4/specs/execucao-e-integracoes/spec.md;340;PENDENTE_REQUALIFICACAO;"Identidade de auditoria derivada de requisito+ordem; spec v4 preservada."
V4:EXE-15:S005;EXE-15;v4;Em SYNC com conexão perdida, a obrigação durável continua sem prometer resposta à conexão encerrada;openspec/changes/hub-interoperabilidade-v4/specs/execucao-e-integracoes/spec.md;345;PENDENTE_REQUALIFICACAO;"Identidade de auditoria derivada de requisito+ordem; spec v4 preservada."
V4:EXE-16:S001;EXE-16;v4;Repetição da mesma Idempotency-Key recupera o mesmo UUID mesmo sem resposta anterior recebida;openspec/changes/hub-interoperabilidade-v4/specs/execucao-e-integracoes/spec.md;353;PENDENTE_REQUALIFICACAO;"Identidade de auditoria derivada de requisito+ordem; spec v4 preservada."
V4:EXE-16:S002;EXE-16;v4;Componente temporal do UUIDv7 não prova autorização nem commit;openspec/changes/hub-interoperabilidade-v4/specs/execucao-e-integracoes/spec.md;358;PENDENTE_REQUALIFICACAO;"Identidade de auditoria derivada de requisito+ordem; spec v4 preservada."
V4:EXE-16:S003;EXE-16;v4;Nenhuma credencial de cliente consulta outro tenant por conhecer o UUID;openspec/changes/hub-interoperabilidade-v4/specs/execucao-e-integracoes/spec.md;363;PENDENTE_REQUALIFICACAO;"Identidade de auditoria derivada de requisito+ordem; spec v4 preservada."
V4:EXE-16:S004;EXE-16;v4;Request_id técnico de pedido recusado antes do commit não é anunciado como protocolo aceito;openspec/changes/hub-interoperabilidade-v4/specs/execucao-e-integracoes/spec.md;368;PENDENTE_REQUALIFICACAO;"Identidade de auditoria derivada de requisito+ordem; spec v4 preservada."
V4:DAD-01:S001;DAD-01;v4;Isolamento entre domínios impede join, escrita cruzada e chave estrangeira;openspec/changes/hub-interoperabilidade-v4/specs/persistencia-e-dados/spec.md;8;PENDENTE_REQUALIFICACAO;"Identidade de auditoria derivada de requisito+ordem; spec v4 preservada."
V4:DAD-01:S002;DAD-01;v4;Contrato de saldo estrito mantém uma única autoridade financeira ativa;openspec/changes/hub-interoperabilidade-v4/specs/persistencia-e-dados/spec.md;13;PENDENTE_REQUALIFICACAO;"Identidade de auditoria derivada de requisito+ordem; spec v4 preservada."
V4:DAD-01:S003;DAD-01;v4;Ausência em réplica atrasada não é tratada como inexistência do registro;openspec/changes/hub-interoperabilidade-v4/specs/persistencia-e-dados/spec.md;18;PENDENTE_REQUALIFICACAO;"Identidade de auditoria derivada de requisito+ordem; spec v4 preservada."
V4:DAD-02:S001;DAD-02;v4;Unicidade de idempotência do Protocolo é preservada sob concorrência;openspec/changes/hub-interoperabilidade-v4/specs/persistencia-e-dados/spec.md;26;PENDENTE_REQUALIFICACAO;"Identidade de auditoria derivada de requisito+ordem; spec v4 preservada."
V4:DAD-02:S002;DAD-02;v4;Resultado é imutável por versão e só o ponteiro atual muda com auditoria;openspec/changes/hub-interoperabilidade-v4/specs/persistencia-e-dados/spec.md;31;PENDENTE_REQUALIFICACAO;"Identidade de auditoria derivada de requisito+ordem; spec v4 preservada."
V4:DAD-02:S003;DAD-02;v4;Campos de negócio consultados com frequência não ficam escondidos apenas em JSON;openspec/changes/hub-interoperabilidade-v4/specs/persistencia-e-dados/spec.md;36;PENDENTE_REQUALIFICACAO;"Identidade de auditoria derivada de requisito+ordem; spec v4 preservada."
V4:DAD-03:S001;DAD-03;v4;Admissão persiste protocolo, idempotência, pedido e intenção em uma única transação;openspec/changes/hub-interoperabilidade-v4/specs/persistencia-e-dados/spec.md;44;PENDENTE_REQUALIFICACAO;"Identidade de auditoria derivada de requisito+ordem; spec v4 preservada."
V4:DAD-03:S002;DAD-03;v4;Sistema não mantém transação aberta esperando resposta externa;openspec/changes/hub-interoperabilidade-v4/specs/persistencia-e-dados/spec.md;49;PENDENTE_REQUALIFICACAO;"Identidade de auditoria derivada de requisito+ordem; spec v4 preservada."
V4:DAD-03:S003;DAD-03;v4;Atualização concorrente de estado é arbitrada por versão, e lease não neutraliza chamada já enviada ao provedor;openspec/changes/hub-interoperabilidade-v4/specs/persistencia-e-dados/spec.md;54;PENDENTE_REQUALIFICACAO;"Identidade de auditoria derivada de requisito+ordem; spec v4 preservada."
V4:DAD-04:S001;DAD-04;v4;GET do cliente nunca aciona consulta ao provedor, em qualquer estado do resultado;openspec/changes/hub-interoperabilidade-v4/specs/persistencia-e-dados/spec.md;62;PENDENTE_REQUALIFICACAO;"Identidade de auditoria derivada de requisito+ordem; spec v4 preservada."
V4:DAD-04:S002;DAD-04;v4;Link temporário de provedor deve ser capturado pelo hub antes de ser considerado disponível;openspec/changes/hub-interoperabilidade-v4/specs/persistencia-e-dados/spec.md;67;PENDENTE_REQUALIFICACAO;"Identidade de auditoria derivada de requisito+ordem; spec v4 preservada."
V4:DAD-04:S003;DAD-04;v4;Contrato que proíbe armazenamento bloqueia publicação sem decisão explícita;openspec/changes/hub-interoperabilidade-v4/specs/persistencia-e-dados/spec.md;72;PENDENTE_REQUALIFICACAO;"Identidade de auditoria derivada de requisito+ordem; spec v4 preservada."
V4:DAD-04:S004;DAD-04;v4;"Resultado expurgado não recria o pedido e ""atualizar dados"" gera novo protocolo";openspec/changes/hub-interoperabilidade-v4/specs/persistencia-e-dados/spec.md;77;PENDENTE_REQUALIFICACAO;"Identidade de auditoria derivada de requisito+ordem; spec v4 preservada."
V4:DAD-05:S001;DAD-05;v4;Somente objeto no estado DISPONIVEL integra pedido executável;openspec/changes/hub-interoperabilidade-v4/specs/persistencia-e-dados/spec.md;85;PENDENTE_REQUALIFICACAO;"Identidade de auditoria derivada de requisito+ordem; spec v4 preservada."
V4:DAD-05:S002;DAD-05;v4;Falha entre confirmação do objeto e gravação da referência gera órfão, não referência quebrada;openspec/changes/hub-interoperabilidade-v4/specs/persistencia-e-dados/spec.md;90;PENDENTE_REQUALIFICACAO;"Identidade de auditoria derivada de requisito+ordem; spec v4 preservada."
V4:DAD-05:S003;DAD-05;v4;Saída obrigatória indisponível impede publicação de sucesso completo;openspec/changes/hub-interoperabilidade-v4/specs/persistencia-e-dados/spec.md;95;PENDENTE_REQUALIFICACAO;"Identidade de auditoria derivada de requisito+ordem; spec v4 preservada."
V4:DAD-06:S001;DAD-06;v4;Serviço não é publicado sem prazo de retenção explícito;openspec/changes/hub-interoperabilidade-v4/specs/persistencia-e-dados/spec.md;103;PENDENTE_REQUALIFICACAO;"Identidade de auditoria derivada de requisito+ordem; spec v4 preservada."
V4:DAD-06:S002;DAD-06;v4;Resultado necessário a entrega pendente não é removido antes do fim da janela contratual;openspec/changes/hub-interoperabilidade-v4/specs/persistencia-e-dados/spec.md;108;PENDENTE_REQUALIFICACAO;"Identidade de auditoria derivada de requisito+ordem; spec v4 preservada."
V4:DAD-06:S003;DAD-06;v4;Exclusão em conflito com preservação é decidida pelo responsável pelos dados, sem contornar via tombstone;openspec/changes/hub-interoperabilidade-v4/specs/persistencia-e-dados/spec.md;113;PENDENTE_REQUALIFICACAO;"Identidade de auditoria derivada de requisito+ordem; spec v4 preservada."
V4:DAD-07:S001;DAD-07;v4;Conta de aplicação não possui BYPASSRLS e papel de migração é distinto do runtime;openspec/changes/hub-interoperabilidade-v4/specs/persistencia-e-dados/spec.md;121;PENDENTE_REQUALIFICACAO;"Identidade de auditoria derivada de requisito+ordem; spec v4 preservada."
V4:DAD-07:S002;DAD-07;v4;Contexto de tenant em conexão reutilizada é limpo a cada uso do pool;openspec/changes/hub-interoperabilidade-v4/specs/persistencia-e-dados/spec.md;126;PENDENTE_REQUALIFICACAO;"Identidade de auditoria derivada de requisito+ordem; spec v4 preservada."
V4:DAD-07:S003;DAD-07;v4;Restauração bloqueia efeitos externos e reconcilia antes de retomar, sem reexecutar todo o período;openspec/changes/hub-interoperabilidade-v4/specs/persistencia-e-dados/spec.md;131;PENDENTE_REQUALIFICACAO;"Identidade de auditoria derivada de requisito+ordem; spec v4 preservada."
V4:DAD-08:S001;DAD-08;v4;Deadline absoluto do protocolo não é renovado por retry, mensagem ou migração;openspec/changes/hub-interoperabilidade-v4/specs/persistencia-e-dados/spec.md;139;PENDENTE_REQUALIFICACAO;"Identidade de auditoria derivada de requisito+ordem; spec v4 preservada."
V4:DAD-08:S002;DAD-08;v4;Timestamp do provedor é evidência separada e não substitui o relógio autoritativo do hub;openspec/changes/hub-interoperabilidade-v4/specs/persistencia-e-dados/spec.md;144;PENDENTE_REQUALIFICACAO;"Identidade de auditoria derivada de requisito+ordem; spec v4 preservada."
V4:DAD-08:S003;DAD-08;v4;Tentativa tardia permanece vinculada à operação, mas não reabre resposta de sucesso já expirada;openspec/changes/hub-interoperabilidade-v4/specs/persistencia-e-dados/spec.md;149;PENDENTE_REQUALIFICACAO;"Identidade de auditoria derivada de requisito+ordem; spec v4 preservada."
V4:DAD-08:S004;DAD-08;v4;Representação final do cliente não muda em replay de GET ou webhook;openspec/changes/hub-interoperabilidade-v4/specs/persistencia-e-dados/spec.md;154;PENDENTE_REQUALIFICACAO;"Identidade de auditoria derivada de requisito+ordem; spec v4 preservada."
V4:DAD-09:S001;DAD-09;v4;Fronteiras síncronas obrigatórias registram seus dados antes da resposta ao cliente;openspec/changes/hub-interoperabilidade-v4/specs/persistencia-e-dados/spec.md;162;PENDENTE_REQUALIFICACAO;"Identidade de auditoria derivada de requisito+ordem; spec v4 preservada."
V4:DAD-09:S002;DAD-09;v4;Commit com resposta perdida é tratado como incerto, consultando a mesma autoridade recuperada;openspec/changes/hub-interoperabilidade-v4/specs/persistencia-e-dados/spec.md;167;PENDENTE_REQUALIFICACAO;"Identidade de auditoria derivada de requisito+ordem; spec v4 preservada."
V4:DAD-09:S003;DAD-09;v4;Sistema não emite aceite fictício por escrita alternativa durante falha do writer;openspec/changes/hub-interoperabilidade-v4/specs/persistencia-e-dados/spec.md;172;PENDENTE_REQUALIFICACAO;"Identidade de auditoria derivada de requisito+ordem; spec v4 preservada."
V4:DAD-10:S001;DAD-10;v4;Redis indisponível aciona bypass automático sem comprometer a corretude da leitura;openspec/changes/hub-interoperabilidade-v4/specs/persistencia-e-dados/spec.md;180;PENDENTE_REQUALIFICACAO;"Identidade de auditoria derivada de requisito+ordem; spec v4 preservada."
V4:DAD-10:S002;DAD-10;v4;Réplica atrasada não gera 404 definitivo nem sucesso fabricado;openspec/changes/hub-interoperabilidade-v4/specs/persistencia-e-dados/spec.md;185;PENDENTE_REQUALIFICACAO;"Identidade de auditoria derivada de requisito+ordem; spec v4 preservada."
V4:DAD-10:S003;DAD-10;v4;Cache antigo de final revisável não prova atualidade para versão corrente;openspec/changes/hub-interoperabilidade-v4/specs/persistencia-e-dados/spec.md;190;PENDENTE_REQUALIFICACAO;"Identidade de auditoria derivada de requisito+ordem; spec v4 preservada."
V4:DAD-10:S004;DAD-10;v4;Autorização insuficiente suspende a leitura mesmo em fallback de cache;openspec/changes/hub-interoperabilidade-v4/specs/persistencia-e-dados/spec.md;195;PENDENTE_REQUALIFICACAO;"Identidade de auditoria derivada de requisito+ordem; spec v4 preservada."
V4:DAD-11:S001;DAD-11;v4;Novo tenant é alocado em célula pronta sem infraestrutura exclusiva;openspec/changes/hub-interoperabilidade-v4/specs/persistencia-e-dados/spec.md;203;PENDENTE_REQUALIFICACAO;"Identidade de auditoria derivada de requisito+ordem; spec v4 preservada."
V4:DAD-11:S002;DAD-11;v4;Cliente não seleciona célula por header, e o caminho habitual não consulta diretório global;openspec/changes/hub-interoperabilidade-v4/specs/persistencia-e-dados/spec.md;208;PENDENTE_REQUALIFICACAO;"Identidade de auditoria derivada de requisito+ordem; spec v4 preservada."
V4:DAD-11:S003;DAD-11;v4;Migração é abortada e autoridade antiga é mantida quando o orçamento homologado não é atendido;openspec/changes/hub-interoperabilidade-v4/specs/persistencia-e-dados/spec.md;213;PENDENTE_REQUALIFICACAO;"Identidade de auditoria derivada de requisito+ordem; spec v4 preservada."
V4:DAD-11:S004;DAD-11;v4;Fragmentação de saldo entre múltiplas células ativas não é comportamento implícito;openspec/changes/hub-interoperabilidade-v4/specs/persistencia-e-dados/spec.md;218;PENDENTE_REQUALIFICACAO;"Identidade de auditoria derivada de requisito+ordem; spec v4 preservada."
V4:QUA-01:S001;QUA-01;v4;Matriz de rastreabilidade nasce com status NÃO EXECUTADO;openspec/changes/hub-interoperabilidade-v4/specs/qualidade-e-aceite/spec.md;8;PENDENTE_REQUALIFICACAO;"Identidade de auditoria derivada de requisito+ordem; spec v4 preservada."
V4:QUA-01:S002;QUA-01;v4;Cobertura de código alta não substitui cobertura de risco;openspec/changes/hub-interoperabilidade-v4/specs/qualidade-e-aceite/spec.md;13;PENDENTE_REQUALIFICACAO;"Identidade de auditoria derivada de requisito+ordem; spec v4 preservada."
V4:QUA-01:S003;QUA-01;v4;Coleção sintética de referência contém os casos obrigatórios;openspec/changes/hub-interoperabilidade-v4/specs/qualidade-e-aceite/spec.md;18;PENDENTE_REQUALIFICACAO;"Identidade de auditoria derivada de requisito+ordem; spec v4 preservada."
V4:QUA-01:S004;QUA-01;v4;Homologação usa sandbox real para capacidades não simuláveis;openspec/changes/hub-interoperabilidade-v4/specs/qualidade-e-aceite/spec.md;23;PENDENTE_REQUALIFICACAO;"Identidade de auditoria derivada de requisito+ordem; spec v4 preservada."
V4:QUA-02:S001;QUA-02;v4;Commit sem resposta ao cliente preserva idempotência;openspec/changes/hub-interoperabilidade-v4/specs/qualidade-e-aceite/spec.md;31;PENDENTE_REQUALIFICACAO;"Identidade de auditoria derivada de requisito+ordem; spec v4 preservada."
V4:QUA-02:S002;QUA-02;v4;Banco gravado com broker fora preserva o outbox;openspec/changes/hub-interoperabilidade-v4/specs/qualidade-e-aceite/spec.md;36;PENDENTE_REQUALIFICACAO;"Identidade de auditoria derivada de requisito+ordem; spec v4 preservada."
V4:QUA-02:S003;QUA-02;v4;Timeout externo ambíguo resulta em UNKNOWN sem failover indevido;openspec/changes/hub-interoperabilidade-v4/specs/qualidade-e-aceite/spec.md;41;PENDENTE_REQUALIFICACAO;"Identidade de auditoria derivada de requisito+ordem; spec v4 preservada."
V4:QUA-02:S004;QUA-02;v4;Callback e polling simultâneos produzem uma única conclusão;openspec/changes/hub-interoperabilidade-v4/specs/qualidade-e-aceite/spec.md;46;PENDENTE_REQUALIFICACAO;"Identidade de auditoria derivada de requisito+ordem; spec v4 preservada."
V4:QUA-02:S005;QUA-02;v4;Quota de provedor compartilhada respeita limite global sob escala horizontal;openspec/changes/hub-interoperabilidade-v4/specs/qualidade-e-aceite/spec.md;51;PENDENTE_REQUALIFICACAO;"Identidade de auditoria derivada de requisito+ordem; spec v4 preservada."
V4:QUA-02:S006;QUA-02;v4;Saldo disputado não excede o limite estrito do contrato;openspec/changes/hub-interoperabilidade-v4/specs/qualidade-e-aceite/spec.md;56;PENDENTE_REQUALIFICACAO;"Identidade de auditoria derivada de requisito+ordem; spec v4 preservada."
V4:QUA-02:S007;QUA-02;v4;Webhook indisponível não gera reexecução indevida;openspec/changes/hub-interoperabilidade-v4/specs/qualidade-e-aceite/spec.md;61;PENDENTE_REQUALIFICACAO;"Identidade de auditoria derivada de requisito+ordem; spec v4 preservada."
V4:QUA-02:S008;QUA-02;v4;Restauração de backup com efeitos externos já realizados bloqueia saída até reconciliar;openspec/changes/hub-interoperabilidade-v4/specs/qualidade-e-aceite/spec.md;66;PENDENTE_REQUALIFICACAO;"Identidade de auditoria derivada de requisito+ordem; spec v4 preservada."
V4:QUA-02:S009;QUA-02;v4;Casos adicionais de segurança e contrato são cobertos além da tabela principal;openspec/changes/hub-interoperabilidade-v4/specs/qualidade-e-aceite/spec.md;71;PENDENTE_REQUALIFICACAO;"Identidade de auditoria derivada de requisito+ordem; spec v4 preservada."
V4:QUA-03:S001;QUA-03;v4;Relatório de desempenho incompleto não qualifica um SLO;openspec/changes/hub-interoperabilidade-v4/specs/qualidade-e-aceite/spec.md;79;PENDENTE_REQUALIFICACAO;"Identidade de auditoria derivada de requisito+ordem; spec v4 preservada."
V4:QUA-03:S002;QUA-03;v4;"""Fila vazia"" não prova ausência de perda";openspec/changes/hub-interoperabilidade-v4/specs/qualidade-e-aceite/spec.md;84;PENDENTE_REQUALIFICACAO;"Identidade de auditoria derivada de requisito+ordem; spec v4 preservada."
V4:QUA-03:S003;QUA-03;v4;Faturamento é validado por calculadora independente antes do aceite;openspec/changes/hub-interoperabilidade-v4/specs/qualidade-e-aceite/spec.md;89;PENDENTE_REQUALIFICACAO;"Identidade de auditoria derivada de requisito+ordem; spec v4 preservada."
V4:QUA-03:S004;QUA-03;v4;Consulta local (GET) não gera nova chamada ao provedor;openspec/changes/hub-interoperabilidade-v4/specs/qualidade-e-aceite/spec.md;94;PENDENTE_REQUALIFICACAO;"Identidade de auditoria derivada de requisito+ordem; spec v4 preservada."
V4:QUA-03:S005;QUA-03;v4;Bloqueador de release não é reclassificado para cumprir prazo;openspec/changes/hub-interoperabilidade-v4/specs/qualidade-e-aceite/spec.md;99;PENDENTE_REQUALIFICACAO;"Identidade de auditoria derivada de requisito+ordem; spec v4 preservada."
V4:QUA-04:S001;QUA-04;v4;G0 não exige conta de produção para fatia sintética;openspec/changes/hub-interoperabilidade-v4/specs/qualidade-e-aceite/spec.md;107;PENDENTE_REQUALIFICACAO;"Identidade de auditoria derivada de requisito+ordem; spec v4 preservada."
V4:QUA-04:S002;QUA-04;v4;G2 bloqueia promoção sem testes negativos entre tenants aprovados;openspec/changes/hub-interoperabilidade-v4/specs/qualidade-e-aceite/spec.md;112;PENDENTE_REQUALIFICACAO;"Identidade de auditoria derivada de requisito+ordem; spec v4 preservada."
V4:QUA-04:S003;QUA-04;v4;G3 exige o mesmo artefato de produção e prova correspondente ao RPO assumido;openspec/changes/hub-interoperabilidade-v4/specs/qualidade-e-aceite/spec.md;117;PENDENTE_REQUALIFICACAO;"Identidade de auditoria derivada de requisito+ordem; spec v4 preservada."
V4:QUA-04:S004;QUA-04;v4;"G4 não declara produção pronta com endpoints ""não implementado""";openspec/changes/hub-interoperabilidade-v4/specs/qualidade-e-aceite/spec.md;122;PENDENTE_REQUALIFICACAO;"Identidade de auditoria derivada de requisito+ordem; spec v4 preservada."
V4:QUA-04:S005;QUA-04;v4;Oferta crítica em G4 exige perfil OPE-15 e cenários QUA-06 aprovados;openspec/changes/hub-interoperabilidade-v4/specs/qualidade-e-aceite/spec.md;127;PENDENTE_REQUALIFICACAO;"Identidade de auditoria derivada de requisito+ordem; spec v4 preservada."
V4:QUA-05:S001;QUA-05;v4;TTL contínuo mantém a mesma janela através de reinício e troca de worker;openspec/changes/hub-interoperabilidade-v4/specs/qualidade-e-aceite/spec.md;135;PENDENTE_REQUALIFICACAO;"Identidade de auditoria derivada de requisito+ordem; spec v4 preservada."
V4:QUA-05:S002;QUA-05;v4;TTL zero e erro permanente não geram repetição indevida;openspec/changes/hub-interoperabilidade-v4/specs/qualidade-e-aceite/spec.md;140;PENDENTE_REQUALIFICACAO;"Identidade de auditoria derivada de requisito+ordem; spec v4 preservada."
V4:QUA-05:S003;QUA-05;v4;Provedor lento sem falhas HTTP resulta em expiração explícita, não em sucesso tardio;openspec/changes/hub-interoperabilidade-v4/specs/qualidade-e-aceite/spec.md;145;PENDENTE_REQUALIFICACAO;"Identidade de auditoria derivada de requisito+ordem; spec v4 preservada."
V4:QUA-05:S004;QUA-05;v4;Fronteira temporal do deadline produz um único final;openspec/changes/hub-interoperabilidade-v4/specs/qualidade-e-aceite/spec.md;150;PENDENTE_REQUALIFICACAO;"Identidade de auditoria derivada de requisito+ordem; spec v4 preservada."
V4:QUA-05:S005;QUA-05;v4;Retorno tardio com impacto financeiro não gera receita de sucesso;openspec/changes/hub-interoperabilidade-v4/specs/qualidade-e-aceite/spec.md;155;PENDENTE_REQUALIFICACAO;"Identidade de auditoria derivada de requisito+ordem; spec v4 preservada."
V4:QUA-05:S006;QUA-05;v4;Pressão variável ajusta o limite efetivo sem ultrapassar o teto;openspec/changes/hub-interoperabilidade-v4/specs/qualidade-e-aceite/spec.md;160;PENDENTE_REQUALIFICACAO;"Identidade de auditoria derivada de requisito+ordem; spec v4 preservada."
V4:QUA-05:S007;QUA-05;v4;Múltiplas réplicas do Cometa respeitam a quota agregada com fencing;openspec/changes/hub-interoperabilidade-v4/specs/qualidade-e-aceite/spec.md;165;PENDENTE_REQUALIFICACAO;"Identidade de auditoria derivada de requisito+ordem; spec v4 preservada."
V4:QUA-05:S008;QUA-05;v4;Cliente ruidoso não consome a reserva de outro tenant;openspec/changes/hub-interoperabilidade-v4/specs/qualidade-e-aceite/spec.md;170;PENDENTE_REQUALIFICACAO;"Identidade de auditoria derivada de requisito+ordem; spec v4 preservada."
V4:QUA-05:S009;QUA-05;v4;Administração entre tenants nega cliente e audita administrador;openspec/changes/hub-interoperabilidade-v4/specs/qualidade-e-aceite/spec.md;175;PENDENTE_REQUALIFICACAO;"Identidade de auditoria derivada de requisito+ordem; spec v4 preservada."
V4:QUA-05:S010;QUA-05;v4;Preservação de fatos confirmados após falha correlacionada;openspec/changes/hub-interoperabilidade-v4/specs/qualidade-e-aceite/spec.md;180;PENDENTE_REQUALIFICACAO;"Identidade de auditoria derivada de requisito+ordem; spec v4 preservada."
V4:QUA-06:S001;QUA-06;v4;SYNC nativo conclui na mesma conexão com broker cortado;openspec/changes/hub-interoperabilidade-v4/specs/qualidade-e-aceite/spec.md;188;PENDENTE_REQUALIFICACAO;"Identidade de auditoria derivada de requisito+ordem; spec v4 preservada."
V4:QUA-06:S002;QUA-06;v4;UUIDv7 persiste em todo protocolo mesmo com resposta de criação perdida;openspec/changes/hub-interoperabilidade-v4/specs/qualidade-e-aceite/spec.md;193;PENDENTE_REQUALIFICACAO;"Identidade de auditoria derivada de requisito+ordem; spec v4 preservada."
V4:QUA-06:S003;QUA-06;v4;Redis totalmente desligado mantém o SLO qualificado sem dependência oculta;openspec/changes/hub-interoperabilidade-v4/specs/qualidade-e-aceite/spec.md;198;PENDENTE_REQUALIFICACAO;"Identidade de auditoria derivada de requisito+ordem; spec v4 preservada."
V4:QUA-06:S004;QUA-06;v4;Writer indisponível antes do aceite impede falso aceite;openspec/changes/hub-interoperabilidade-v4/specs/qualidade-e-aceite/spec.md;203;PENDENTE_REQUALIFICACAO;"Identidade de auditoria derivada de requisito+ordem; spec v4 preservada."
V4:QUA-06:S005;QUA-06;v4;Cofre quente/frio limita uso do material ao período de validade;openspec/changes/hub-interoperabilidade-v4/specs/qualidade-e-aceite/spec.md;208;PENDENTE_REQUALIFICACAO;"Identidade de auditoria derivada de requisito+ordem; spec v4 preservada."
V4:QUA-06:S006;QUA-06;v4;Conta e pagador permanecem corretos e segregados sob polls pagos e final tardio;openspec/changes/hub-interoperabilidade-v4/specs/qualidade-e-aceite/spec.md;213;PENDENTE_REQUALIFICACAO;"Identidade de auditoria derivada de requisito+ordem; spec v4 preservada."
V4:QUA-06:S007;QUA-06;v4;Redis versus autorização nega leitura mesmo em fallback;openspec/changes/hub-interoperabilidade-v4/specs/qualidade-e-aceite/spec.md;218;PENDENTE_REQUALIFICACAO;"Identidade de auditoria derivada de requisito+ordem; spec v4 preservada."
V4:QUA-06:S008;QUA-06;v4;Perda regional/partição exige RPO/RTO comprovados dentro do perfil contratado;openspec/changes/hub-interoperabilidade-v4/specs/qualidade-e-aceite/spec.md;223;PENDENTE_REQUALIFICACAO;"Identidade de auditoria derivada de requisito+ordem; spec v4 preservada."
V4:QUA-06:S009;QUA-06;v4;Dado insuficiente resulta em NÃO QUALIFICADO, não em aprovação por ausência de erro;openspec/changes/hub-interoperabilidade-v4/specs/qualidade-e-aceite/spec.md;228;PENDENTE_REQUALIFICACAO;"Identidade de auditoria derivada de requisito+ordem; spec v4 preservada."
R2-SEG-01-S01;R2-SEG-01;R2;R2-SEG-01-S01 — Cliente autorizado;openspec/changes/r2-01-identidade-e-isolamento/specs/identidade-e-isolamento-operacional/spec.md;11;PENDENTE_REQUALIFICACAO;ID normativo original.
R2-SEG-01-S02;R2-SEG-01;R2;R2-SEG-01-S02 — Tentativa entre tenants;openspec/changes/r2-01-identidade-e-isolamento/specs/identidade-e-isolamento-operacional/spec.md;17;PENDENTE_REQUALIFICACAO;ID normativo original.
R2-SEG-01-S03;R2-SEG-01;R2;R2-SEG-01-S03 — Token inválido;openspec/changes/r2-01-identidade-e-isolamento/specs/identidade-e-isolamento-operacional/spec.md;23;PENDENTE_REQUALIFICACAO;ID normativo original.
R2-SEG-02-S01;R2-SEG-02;R2;R2-SEG-02-S01 — Chamada interna permitida;openspec/changes/r2-01-identidade-e-isolamento/specs/identidade-e-isolamento-operacional/spec.md;35;PENDENTE_REQUALIFICACAO;ID normativo original.
R2-SEG-02-S02;R2-SEG-02;R2;R2-SEG-02-S02 — Bypass pela porta interna;openspec/changes/r2-01-identidade-e-isolamento/specs/identidade-e-isolamento-operacional/spec.md;41;PENDENTE_REQUALIFICACAO;ID normativo original.
R2-SEG-02-S03;R2-SEG-02;R2;R2-SEG-02-S03 — Pool reutilizado;openspec/changes/r2-01-identidade-e-isolamento/specs/identidade-e-isolamento-operacional/spec.md;47;PENDENTE_REQUALIFICACAO;ID normativo original.
R2-SEG-03-S01;R2-SEG-03;R2;R2-SEG-03-S01 — Diagnóstico de desenvolvedor;openspec/changes/r2-01-identidade-e-isolamento/specs/identidade-e-isolamento-operacional/spec.md;59;PENDENTE_REQUALIFICACAO;ID normativo original.
R2-SEG-03-S02;R2-SEG-03;R2;R2-SEG-03-S02 — Sem elevação implícita;openspec/changes/r2-01-identidade-e-isolamento/specs/identidade-e-isolamento-operacional/spec.md;65;PENDENTE_REQUALIFICACAO;ID normativo original.
R2-SEG-03-S03;R2-SEG-03;R2;R2-SEG-03-S03 — Auditoria indisponível;openspec/changes/r2-01-identidade-e-isolamento/specs/identidade-e-isolamento-operacional/spec.md;71;PENDENTE_REQUALIFICACAO;ID normativo original.
R2-SEG-04-S01;R2-SEG-04;R2;R2-SEG-04-S01 — Destino homologado;openspec/changes/r2-01-identidade-e-isolamento/specs/identidade-e-isolamento-operacional/spec.md;83;PENDENTE_REQUALIFICACAO;ID normativo original.
R2-SEG-04-S02;R2-SEG-04;R2;R2-SEG-04-S02 — SSRF e rebinding;openspec/changes/r2-01-identidade-e-isolamento/specs/identidade-e-isolamento-operacional/spec.md;89;PENDENTE_REQUALIFICACAO;ID normativo original.
R2-SEG-04-S03;R2-SEG-04;R2;R2-SEG-04-S03 — Rede privada legítima;openspec/changes/r2-01-identidade-e-isolamento/specs/identidade-e-isolamento-operacional/spec.md;95;PENDENTE_REQUALIFICACAO;ID normativo original.
R2-SEG-05-S01;R2-SEG-05;R2;R2-SEG-05-S01 — Alteração atribuível;openspec/changes/r2-01-identidade-e-isolamento/specs/identidade-e-isolamento-operacional/spec.md;107;PENDENTE_REQUALIFICACAO;ID normativo original.
R2-SEG-05-S02;R2-SEG-05;R2;R2-SEG-05-S02 — Sessão termina;openspec/changes/r2-01-identidade-e-isolamento/specs/identidade-e-isolamento-operacional/spec.md;113;PENDENTE_REQUALIFICACAO;ID normativo original.
R2-SEG-05-S03;R2-SEG-05;R2;R2-SEG-05-S03 — Falha de backend;openspec/changes/r2-01-identidade-e-isolamento/specs/identidade-e-isolamento-operacional/spec.md;119;PENDENTE_REQUALIFICACAO;ID normativo original.
R2-EXE-01-S01;R2-EXE-01;R2;R2-EXE-01-S01 — Crash após aceite;openspec/changes/r2-02-execucao-duravel-e-resultados/specs/execucao-duravel-e-resultados/spec.md;11;PENDENTE_REQUALIFICACAO;ID normativo original.
R2-EXE-01-S02;R2-EXE-01;R2;R2-EXE-01-S02 — Broker indisponível;openspec/changes/r2-02-execucao-duravel-e-resultados/specs/execucao-duravel-e-resultados/spec.md;17;PENDENTE_REQUALIFICACAO;ID normativo original.
R2-EXE-01-S03;R2-EXE-01;R2;R2-EXE-01-S03 — Commit incerto;openspec/changes/r2-02-execucao-duravel-e-resultados/specs/execucao-duravel-e-resultados/spec.md;23;PENDENTE_REQUALIFICACAO;ID normativo original.
R2-EXE-02-S01;R2-EXE-02;R2;R2-EXE-02-S01 — Concorrência real;openspec/changes/r2-02-execucao-duravel-e-resultados/specs/execucao-duravel-e-resultados/spec.md;35;PENDENTE_REQUALIFICACAO;ID normativo original.
R2-EXE-02-S02;R2-EXE-02;R2;R2-EXE-02-S02 — Chave divergente;openspec/changes/r2-02-execucao-duravel-e-resultados/specs/execucao-duravel-e-resultados/spec.md;41;PENDENTE_REQUALIFICACAO;ID normativo original.
R2-EXE-02-S03;R2-EXE-02;R2;R2-EXE-02-S03 — Erro após aceite;openspec/changes/r2-02-execucao-duravel-e-resultados/specs/execucao-duravel-e-resultados/spec.md;47;PENDENTE_REQUALIFICACAO;ID normativo original.
R2-EXE-03-S01;R2-EXE-03;R2;R2-EXE-03-S01 — Dois executores;openspec/changes/r2-02-execucao-duravel-e-resultados/specs/execucao-duravel-e-resultados/spec.md;59;PENDENTE_REQUALIFICACAO;ID normativo original.
R2-EXE-03-S02;R2-EXE-03;R2;R2-EXE-03-S02 — Crash após envio;openspec/changes/r2-02-execucao-duravel-e-resultados/specs/execucao-duravel-e-resultados/spec.md;65;PENDENTE_REQUALIFICACAO;ID normativo original.
R2-EXE-03-S03;R2-EXE-03;R2;R2-EXE-03-S03 — Fencing antigo;openspec/changes/r2-02-execucao-duravel-e-resultados/specs/execucao-duravel-e-resultados/spec.md;71;PENDENTE_REQUALIFICACAO;ID normativo original.
R2-EXE-04-S01;R2-EXE-04;R2;R2-EXE-04-S01 — Conteúdo real;openspec/changes/r2-02-execucao-duravel-e-resultados/specs/execucao-duravel-e-resultados/spec.md;83;PENDENTE_REQUALIFICACAO;ID normativo original.
R2-EXE-04-S02;R2-EXE-04;R2;R2-EXE-04-S02 — Resposta inválida;openspec/changes/r2-02-execucao-duravel-e-resultados/specs/execucao-duravel-e-resultados/spec.md;89;PENDENTE_REQUALIFICACAO;ID normativo original.
R2-EXE-04-S03;R2-EXE-04;R2;R2-EXE-04-S03 — Commit falha;openspec/changes/r2-02-execucao-duravel-e-resultados/specs/execucao-duravel-e-resultados/spec.md;95;PENDENTE_REQUALIFICACAO;ID normativo original.
R2-EXE-05-S01;R2-EXE-05;R2;R2-EXE-05-S01 — Efeito falha;openspec/changes/r2-02-execucao-duravel-e-resultados/specs/execucao-duravel-e-resultados/spec.md;107;PENDENTE_REQUALIFICACAO;ID normativo original.
R2-EXE-05-S02;R2-EXE-05;R2;R2-EXE-05-S02 — Reentrega após commit;openspec/changes/r2-02-execucao-duravel-e-resultados/specs/execucao-duravel-e-resultados/spec.md;113;PENDENTE_REQUALIFICACAO;ID normativo original.
R2-EXE-05-S03;R2-EXE-05;R2;R2-EXE-05-S03 — Schema desconhecido;openspec/changes/r2-02-execucao-duravel-e-resultados/specs/execucao-duravel-e-resultados/spec.md;119;PENDENTE_REQUALIFICACAO;ID normativo original.
R2-EXE-06-S01;R2-EXE-06;R2;R2-EXE-06-S01 — Timer atrasado;openspec/changes/r2-02-execucao-duravel-e-resultados/specs/execucao-duravel-e-resultados/spec.md;131;PENDENTE_REQUALIFICACAO;ID normativo original.
R2-EXE-06-S02;R2-EXE-06;R2;R2-EXE-06-S02 — Commit cruza o limite;openspec/changes/r2-02-execucao-duravel-e-resultados/specs/execucao-duravel-e-resultados/spec.md;137;PENDENTE_REQUALIFICACAO;ID normativo original.
R2-EXE-06-S03;R2-EXE-06;R2;R2-EXE-06-S03 — Final e expiração concorrentes;openspec/changes/r2-02-execucao-duravel-e-resultados/specs/execucao-duravel-e-resultados/spec.md;143;PENDENTE_REQUALIFICACAO;ID normativo original.
R2-EXE-06-S04;R2-EXE-06;R2;R2-EXE-06-S04 — Resultado tardio custoso;openspec/changes/r2-02-execucao-duravel-e-resultados/specs/execucao-duravel-e-resultados/spec.md;149;PENDENTE_REQUALIFICACAO;ID normativo original.
R2-EXE-07-S01;R2-EXE-07;R2;R2-EXE-07-S01 — SYNC com broker parado;openspec/changes/r2-02-execucao-duravel-e-resultados/specs/execucao-duravel-e-resultados/spec.md;161;PENDENTE_REQUALIFICACAO;ID normativo original.
R2-EXE-07-S02;R2-EXE-07;R2;R2-EXE-07-S02 — Natureza incompatível;openspec/changes/r2-02-execucao-duravel-e-resultados/specs/execucao-duravel-e-resultados/spec.md;167;PENDENTE_REQUALIFICACAO;ID normativo original.
R2-EXE-07-S03;R2-EXE-07;R2;R2-EXE-07-S03 — AUTO rápido e lento;openspec/changes/r2-02-execucao-duravel-e-resultados/specs/execucao-duravel-e-resultados/spec.md;173;PENDENTE_REQUALIFICACAO;ID normativo original.
R2-EXE-07-S04;R2-EXE-07;R2;R2-EXE-07-S04 — Cliente desconecta;openspec/changes/r2-02-execucao-duravel-e-resultados/specs/execucao-duravel-e-resultados/spec.md;179;PENDENTE_REQUALIFICACAO;ID normativo original.
R2-EXE-08-S01;R2-EXE-08;R2;R2-EXE-08-S01 — Igualdade completa;openspec/changes/r2-02-execucao-duravel-e-resultados/specs/execucao-duravel-e-resultados/spec.md;191;PENDENTE_REQUALIFICACAO;ID normativo original.
R2-EXE-08-S02;R2-EXE-08;R2;R2-EXE-08-S02 — Upgrade e mudança de contrato;openspec/changes/r2-02-execucao-duravel-e-resultados/specs/execucao-duravel-e-resultados/spec.md;197;PENDENTE_REQUALIFICACAO;ID normativo original.
R2-EXE-08-S03;R2-EXE-08;R2;R2-EXE-08-S03 — Resultado pendente ou expirado;openspec/changes/r2-02-execucao-duravel-e-resultados/specs/execucao-duravel-e-resultados/spec.md;203;PENDENTE_REQUALIFICACAO;ID normativo original.
R2-EXE-09-S01;R2-EXE-09;R2;R2-EXE-09-S01 — Protocolo órfão de despacho;openspec/changes/r2-02-execucao-duravel-e-resultados/specs/execucao-duravel-e-resultados/spec.md;215;PENDENTE_REQUALIFICACAO;ID normativo original.
R2-EXE-09-S02;R2-EXE-09;R2;R2-EXE-09-S02 — Parceiro sem consulta idempotente;openspec/changes/r2-02-execucao-duravel-e-resultados/specs/execucao-duravel-e-resultados/spec.md;221;PENDENTE_REQUALIFICACAO;ID normativo original.
R2-EXE-09-S03;R2-EXE-09;R2;R2-EXE-09-S03 — Callback antes da associação;openspec/changes/r2-02-execucao-duravel-e-resultados/specs/execucao-duravel-e-resultados/spec.md;227;PENDENTE_REQUALIFICACAO;ID normativo original.
R2-INT-01-S01;R2-INT-01;R2;R2-INT-01-S01 — REST real distinto do simulador;openspec/changes/r2-03-integracoes-credenciais-e-pressao/specs/integracoes-credenciais-e-pressao/spec.md;11;PENDENTE_REQUALIFICACAO;ID normativo original.
R2-INT-01-S02;R2-INT-01;R2;R2-INT-01-S02 — Capacidade ausente;openspec/changes/r2-03-integracoes-credenciais-e-pressao/specs/integracoes-credenciais-e-pressao/spec.md;17;PENDENTE_REQUALIFICACAO;ID normativo original.
R2-INT-01-S03;R2-INT-01;R2;R2-INT-01-S03 — Protocolo especializado;openspec/changes/r2-03-integracoes-credenciais-e-pressao/specs/integracoes-credenciais-e-pressao/spec.md;23;PENDENTE_REQUALIFICACAO;ID normativo original.
R2-INT-02-S01;R2-INT-02;R2;R2-INT-02-S01 — Dois clientes na mesma conta;openspec/changes/r2-03-integracoes-credenciais-e-pressao/specs/integracoes-credenciais-e-pressao/spec.md;35;PENDENTE_REQUALIFICACAO;ID normativo original.
R2-INT-02-S02;R2-INT-02;R2;R2-INT-02-S02 — Vínculo dedicado indisponível;openspec/changes/r2-03-integracoes-credenciais-e-pressao/specs/integracoes-credenciais-e-pressao/spec.md;41;PENDENTE_REQUALIFICACAO;ID normativo original.
R2-INT-02-S03;R2-INT-02;R2;R2-INT-02-S03 — Rotação e cache;openspec/changes/r2-03-integracoes-credenciais-e-pressao/specs/integracoes-credenciais-e-pressao/spec.md;47;PENDENTE_REQUALIFICACAO;ID normativo original.
R2-INT-03-S01;R2-INT-03;R2;R2-INT-03-S01 — mTLS comprovado;openspec/changes/r2-03-integracoes-credenciais-e-pressao/specs/integracoes-credenciais-e-pressao/spec.md;59;PENDENTE_REQUALIFICACAO;ID normativo original.
R2-INT-03-S02;R2-INT-03;R2;R2-INT-03-S02 — Redis ausente;openspec/changes/r2-03-integracoes-credenciais-e-pressao/specs/integracoes-credenciais-e-pressao/spec.md;65;PENDENTE_REQUALIFICACAO;ID normativo original.
R2-INT-03-S03;R2-INT-03;R2;R2-INT-03-S03 — Cofre indisponível;openspec/changes/r2-03-integracoes-credenciais-e-pressao/specs/integracoes-credenciais-e-pressao/spec.md;71;PENDENTE_REQUALIFICACAO;ID normativo original.
R2-INT-04-S01;R2-INT-04;R2;R2-INT-04-S01 — Ativação de polling;openspec/changes/r2-03-integracoes-credenciais-e-pressao/specs/integracoes-credenciais-e-pressao/spec.md;83;PENDENTE_REQUALIFICACAO;ID normativo original.
R2-INT-04-S02;R2-INT-04;R2;R2-INT-04-S02 — Resposta pendente saudável;openspec/changes/r2-03-integracoes-credenciais-e-pressao/specs/integracoes-credenciais-e-pressao/spec.md;89;PENDENTE_REQUALIFICACAO;ID normativo original.
R2-INT-04-S03;R2-INT-04;R2;R2-INT-04-S03 — Polling e callback concorrentes;openspec/changes/r2-03-integracoes-credenciais-e-pressao/specs/integracoes-credenciais-e-pressao/spec.md;95;PENDENTE_REQUALIFICACAO;ID normativo original.
R2-INT-04-S04;R2-INT-04;R2;R2-INT-04-S04 — Falha de recibo;openspec/changes/r2-03-integracoes-credenciais-e-pressao/specs/integracoes-credenciais-e-pressao/spec.md;101;PENDENTE_REQUALIFICACAO;ID normativo original.
R2-INT-05-S01;R2-INT-05;R2;R2-INT-05-S01 — TTL zero;openspec/changes/r2-03-integracoes-credenciais-e-pressao/specs/integracoes-credenciais-e-pressao/spec.md;113;PENDENTE_REQUALIFICACAO;ID normativo original.
R2-INT-05-S02;R2-INT-05;R2;R2-INT-05-S02 — Reinício no meio da janela;openspec/changes/r2-03-integracoes-credenciais-e-pressao/specs/integracoes-credenciais-e-pressao/spec.md;119;PENDENTE_REQUALIFICACAO;ID normativo original.
R2-INT-05-S03;R2-INT-05;R2;R2-INT-05-S03 — 429 com espera incompatível;openspec/changes/r2-03-integracoes-credenciais-e-pressao/specs/integracoes-credenciais-e-pressao/spec.md;125;PENDENTE_REQUALIFICACAO;ID normativo original.
R2-INT-05-S04;R2-INT-05;R2;R2-INT-05-S04 — Timeout após envio;openspec/changes/r2-03-integracoes-credenciais-e-pressao/specs/integracoes-credenciais-e-pressao/spec.md;131;PENDENTE_REQUALIFICACAO;ID normativo original.
R2-INT-06-S01;R2-INT-06;R2;R2-INT-06-S01 — Provedor degrada;openspec/changes/r2-03-integracoes-credenciais-e-pressao/specs/integracoes-credenciais-e-pressao/spec.md;143;PENDENTE_REQUALIFICACAO;ID normativo original.
R2-INT-06-S02;R2-INT-06;R2;R2-INT-06-S02 — Provedor escala;openspec/changes/r2-03-integracoes-credenciais-e-pressao/specs/integracoes-credenciais-e-pressao/spec.md;149;PENDENTE_REQUALIFICACAO;ID normativo original.
R2-INT-06-S03;R2-INT-06;R2;R2-INT-06-S03 — Três réplicas e partição;openspec/changes/r2-03-integracoes-credenciais-e-pressao/specs/integracoes-credenciais-e-pressao/spec.md;155;PENDENTE_REQUALIFICACAO;ID normativo original.
R2-INT-06-S04;R2-INT-06;R2;R2-INT-06-S04 — Ruído de cliente;openspec/changes/r2-03-integracoes-credenciais-e-pressao/specs/integracoes-credenciais-e-pressao/spec.md;161;PENDENTE_REQUALIFICACAO;ID normativo original.
R2-INT-07-S01;R2-INT-07;R2;R2-INT-07-S01 — Mesma URL em dois tenants;openspec/changes/r2-03-integracoes-credenciais-e-pressao/specs/integracoes-credenciais-e-pressao/spec.md;173;PENDENTE_REQUALIFICACAO;ID normativo original.
R2-INT-07-S02;R2-INT-07;R2;R2-INT-07-S02 — Rotação e replay;openspec/changes/r2-03-integracoes-credenciais-e-pressao/specs/integracoes-credenciais-e-pressao/spec.md;179;PENDENTE_REQUALIFICACAO;ID normativo original.
R2-INT-07-S03;R2-INT-07;R2;R2-INT-07-S03 — Destino lento ou indisponível;openspec/changes/r2-03-integracoes-credenciais-e-pressao/specs/integracoes-credenciais-e-pressao/spec.md;185;PENDENTE_REQUALIFICACAO;ID normativo original.
R2-INT-07-S04;R2-INT-07;R2;R2-INT-07-S04 — Duplicata no receptor;openspec/changes/r2-03-integracoes-credenciais-e-pressao/specs/integracoes-credenciais-e-pressao/spec.md;191;PENDENTE_REQUALIFICACAO;ID normativo original.
R2-INT-08-S01;R2-INT-08;R2;R2-INT-08-S01 — Violação apenas do provedor;openspec/changes/r2-03-integracoes-credenciais-e-pressao/specs/integracoes-credenciais-e-pressao/spec.md;203;PENDENTE_REQUALIFICACAO;ID normativo original.
R2-INT-08-S02;R2-INT-08;R2;R2-INT-08-S02 — Rejeição contratada;openspec/changes/r2-03-integracoes-credenciais-e-pressao/specs/integracoes-credenciais-e-pressao/spec.md;209;PENDENTE_REQUALIFICACAO;ID normativo original.
R2-INT-08-S03;R2-INT-08;R2;R2-INT-08-S03 — Coorte ainda aberta;openspec/changes/r2-03-integracoes-credenciais-e-pressao/specs/integracoes-credenciais-e-pressao/spec.md;215;PENDENTE_REQUALIFICACAO;ID normativo original.
R2-CAT-01-S01;R2-CAT-01;R2;R2-CAT-01-S01 — Publicação válida;openspec/changes/r2-04-catalogo-produtos-e-contratos/specs/catalogo-produtos-e-contratos-versionados/spec.md;11;PENDENTE_REQUALIFICACAO;ID normativo original.
R2-CAT-01-S02;R2-CAT-01;R2;R2-CAT-01-S02 — Sobrescrita de publicado;openspec/changes/r2-04-catalogo-produtos-e-contratos/specs/catalogo-produtos-e-contratos-versionados/spec.md;17;PENDENTE_REQUALIFICACAO;ID normativo original.
R2-CAT-01-S03;R2-CAT-01;R2;R2-CAT-01-S03 — Edição concorrente;openspec/changes/r2-04-catalogo-produtos-e-contratos/specs/catalogo-produtos-e-contratos-versionados/spec.md;23;PENDENTE_REQUALIFICACAO;ID normativo original.
R2-CAT-02-S01;R2-CAT-02;R2;R2-CAT-02-S01 — Seleção elegível;openspec/changes/r2-04-catalogo-produtos-e-contratos/specs/catalogo-produtos-e-contratos-versionados/spec.md;35;PENDENTE_REQUALIFICACAO;ID normativo original.
R2-CAT-02-S02;R2-CAT-02;R2;R2-CAT-02-S02 — Conta escolhida pelo cliente;openspec/changes/r2-04-catalogo-produtos-e-contratos/specs/catalogo-produtos-e-contratos-versionados/spec.md;41;PENDENTE_REQUALIFICACAO;ID normativo original.
R2-CAT-02-S03;R2-CAT-02;R2;R2-CAT-02-S03 — Sem combinação de SLA viável;openspec/changes/r2-04-catalogo-produtos-e-contratos/specs/catalogo-produtos-e-contratos-versionados/spec.md;47;PENDENTE_REQUALIFICACAO;ID normativo original.
R2-CAT-03-S01;R2-CAT-03;R2;R2-CAT-03-S01 — A e B independentes;openspec/changes/r2-04-catalogo-produtos-e-contratos/specs/catalogo-produtos-e-contratos-versionados/spec.md;59;PENDENTE_REQUALIFICACAO;ID normativo original.
R2-CAT-03-S02;R2-CAT-03;R2;R2-CAT-03-S02 — Passo opcional falha;openspec/changes/r2-04-catalogo-produtos-e-contratos/specs/catalogo-produtos-e-contratos-versionados/spec.md;65;PENDENTE_REQUALIFICACAO;ID normativo original.
R2-CAT-03-S03;R2-CAT-03;R2;R2-CAT-03-S03 — Fan-out abusivo;openspec/changes/r2-04-catalogo-produtos-e-contratos/specs/catalogo-produtos-e-contratos-versionados/spec.md;71;PENDENTE_REQUALIFICACAO;ID normativo original.
R2-CAT-04-S01;R2-CAT-04;R2;R2-CAT-04-S01 — Dependência C;openspec/changes/r2-04-catalogo-produtos-e-contratos/specs/catalogo-produtos-e-contratos-versionados/spec.md;83;PENDENTE_REQUALIFICACAO;ID normativo original.
R2-CAT-04-S02;R2-CAT-04;R2;R2-CAT-04-S02 — Ciclo ou referência inválida;openspec/changes/r2-04-catalogo-produtos-e-contratos/specs/catalogo-produtos-e-contratos-versionados/spec.md;89;PENDENTE_REQUALIFICACAO;ID normativo original.
R2-CAT-04-S03;R2-CAT-04;R2;R2-CAT-04-S03 — Compensação incompleta;openspec/changes/r2-04-catalogo-produtos-e-contratos/specs/catalogo-produtos-e-contratos-versionados/spec.md;95;PENDENTE_REQUALIFICACAO;ID normativo original.
R2-CAT-05-S01;R2-CAT-05;R2;R2-CAT-05-S01 — Dois contratos legados;openspec/changes/r2-04-catalogo-produtos-e-contratos/specs/catalogo-produtos-e-contratos-versionados/spec.md;107;PENDENTE_REQUALIFICACAO;ID normativo original.
R2-CAT-05-S02;R2-CAT-05;R2;R2-CAT-05-S02 — Transformação inválida;openspec/changes/r2-04-catalogo-produtos-e-contratos/specs/catalogo-produtos-e-contratos-versionados/spec.md;113;PENDENTE_REQUALIFICACAO;ID normativo original.
R2-CAT-05-S03;R2-CAT-05;R2;R2-CAT-05-S03 — Upgrade de schema;openspec/changes/r2-04-catalogo-produtos-e-contratos/specs/catalogo-produtos-e-contratos-versionados/spec.md;119;PENDENTE_REQUALIFICACAO;ID normativo original.
R2-CAT-06-S01;R2-CAT-06;R2;R2-CAT-06-S01 — Contrato muda durante processamento;openspec/changes/r2-04-catalogo-produtos-e-contratos/specs/catalogo-produtos-e-contratos-versionados/spec.md;131;PENDENTE_REQUALIFICACAO;ID normativo original.
R2-CAT-06-S02;R2-CAT-06;R2;R2-CAT-06-S02 — Atlas parado;openspec/changes/r2-04-catalogo-produtos-e-contratos/specs/catalogo-produtos-e-contratos-versionados/spec.md;137;PENDENTE_REQUALIFICACAO;ID normativo original.
R2-CAT-06-S03;R2-CAT-06;R2;R2-CAT-06-S03 — Revogação de segurança;openspec/changes/r2-04-catalogo-produtos-e-contratos/specs/catalogo-produtos-e-contratos-versionados/spec.md;143;PENDENTE_REQUALIFICACAO;ID normativo original.
R2-CAT-07-S01;R2-CAT-07;R2;R2-CAT-07-S01 — Reimportação idempotente;openspec/changes/r2-04-catalogo-produtos-e-contratos/specs/catalogo-produtos-e-contratos-versionados/spec.md;155;PENDENTE_REQUALIFICACAO;ID normativo original.
R2-CAT-07-S02;R2-CAT-07;R2;R2-CAT-07-S02 — Falha no meio do lote;openspec/changes/r2-04-catalogo-produtos-e-contratos/specs/catalogo-produtos-e-contratos-versionados/spec.md;161;PENDENTE_REQUALIFICACAO;ID normativo original.
R2-CAT-07-S03;R2-CAT-07;R2;R2-CAT-07-S03 — Credenciais na collection;openspec/changes/r2-04-catalogo-produtos-e-contratos/specs/catalogo-produtos-e-contratos-versionados/spec.md;167;PENDENTE_REQUALIFICACAO;ID normativo original.
R2-CAT-08-S01;R2-CAT-08;R2;R2-CAT-08-S01 — Milhares de registros;openspec/changes/r2-04-catalogo-produtos-e-contratos/specs/catalogo-produtos-e-contratos-versionados/spec.md;179;PENDENTE_REQUALIFICACAO;ID normativo original.
R2-CAT-08-S02;R2-CAT-08;R2;R2-CAT-08-S02 — Refresh e outro operador;openspec/changes/r2-04-catalogo-produtos-e-contratos/specs/catalogo-produtos-e-contratos-versionados/spec.md;185;PENDENTE_REQUALIFICACAO;ID normativo original.
R2-CAT-08-S03;R2-CAT-08;R2;R2-CAT-08-S03 — Capacidade insuficiente;openspec/changes/r2-04-catalogo-produtos-e-contratos/specs/catalogo-produtos-e-contratos-versionados/spec.md;191;PENDENTE_REQUALIFICACAO;ID normativo original.
R2-ADM-01-S01;R2-ADM-01;R2;R2-ADM-01-S01 — Entrada autorizada;openspec/changes/r2-05-console-administrativo/specs/console-administrativo-operavel/spec.md;11;PENDENTE_REQUALIFICACAO;ID normativo original.
R2-ADM-01-S02;R2-ADM-01;R2;R2-ADM-01-S02 — URL sem permissão;openspec/changes/r2-05-console-administrativo/specs/console-administrativo-operavel/spec.md;17;PENDENTE_REQUALIFICACAO;ID normativo original.
R2-ADM-01-S03;R2-ADM-01;R2;R2-ADM-01-S03 — Logout;openspec/changes/r2-05-console-administrativo/specs/console-administrativo-operavel/spec.md;23;PENDENTE_REQUALIFICACAO;ID normativo original.
R2-ADM-02-S01;R2-ADM-02;R2;R2-ADM-02-S01 — Catálogo populoso;openspec/changes/r2-05-console-administrativo/specs/console-administrativo-operavel/spec.md;35;PENDENTE_REQUALIFICACAO;ID normativo original.
R2-ADM-02-S02;R2-ADM-02;R2;R2-ADM-02-S02 — Lista falha;openspec/changes/r2-05-console-administrativo/specs/console-administrativo-operavel/spec.md;41;PENDENTE_REQUALIFICACAO;ID normativo original.
R2-ADM-02-S03;R2-ADM-02;R2;R2-ADM-02-S03 — Conflito de edição;openspec/changes/r2-05-console-administrativo/specs/console-administrativo-operavel/spec.md;47;PENDENTE_REQUALIFICACAO;ID normativo original.
R2-ADM-03-S01;R2-ADM-03;R2;R2-ADM-03-S01 — Novo cliente;openspec/changes/r2-05-console-administrativo/specs/console-administrativo-operavel/spec.md;59;PENDENTE_REQUALIFICACAO;ID normativo original.
R2-ADM-03-S02;R2-ADM-03;R2;R2-ADM-03-S02 — Pendência visível;openspec/changes/r2-05-console-administrativo/specs/console-administrativo-operavel/spec.md;65;PENDENTE_REQUALIFICACAO;ID normativo original.
R2-ADM-03-S03;R2-ADM-03;R2;R2-ADM-03-S03 — Suspensão;openspec/changes/r2-05-console-administrativo/specs/console-administrativo-operavel/spec.md;71;PENDENTE_REQUALIFICACAO;ID normativo original.
R2-ADM-04-S01;R2-ADM-04;R2;R2-ADM-04-S01 — Importação por preview;openspec/changes/r2-05-console-administrativo/specs/console-administrativo-operavel/spec.md;83;PENDENTE_REQUALIFICACAO;ID normativo original.
R2-ADM-04-S02;R2-ADM-04;R2;R2-ADM-04-S02 — Serviço validado;openspec/changes/r2-05-console-administrativo/specs/console-administrativo-operavel/spec.md;89;PENDENTE_REQUALIFICACAO;ID normativo original.
R2-ADM-04-S03;R2-ADM-04;R2;R2-ADM-04-S03 — Sem adapter;openspec/changes/r2-05-console-administrativo/specs/console-administrativo-operavel/spec.md;95;PENDENTE_REQUALIFICACAO;ID normativo original.
R2-ADM-05-S01;R2-ADM-05;R2;R2-ADM-05-S01 — Editor de composição;openspec/changes/r2-05-console-administrativo/specs/console-administrativo-operavel/spec.md;107;PENDENTE_REQUALIFICACAO;ID normativo original.
R2-ADM-05-S02;R2-ADM-05;R2;R2-ADM-05-S02 — Ciclo detectado;openspec/changes/r2-05-console-administrativo/specs/console-administrativo-operavel/spec.md;113;PENDENTE_REQUALIFICACAO;ID normativo original.
R2-ADM-05-S03;R2-ADM-05;R2;R2-ADM-05-S03 — Simulação sem efeitos;openspec/changes/r2-05-console-administrativo/specs/console-administrativo-operavel/spec.md;119;PENDENTE_REQUALIFICACAO;ID normativo original.
R2-ADM-06-S01;R2-ADM-06;R2;R2-ADM-06-S01 — Diagnóstico de binding;openspec/changes/r2-05-console-administrativo/specs/console-administrativo-operavel/spec.md;131;PENDENTE_REQUALIFICACAO;ID normativo original.
R2-ADM-06-S02;R2-ADM-06;R2;R2-ADM-06-S02 — Rotação;openspec/changes/r2-05-console-administrativo/specs/console-administrativo-operavel/spec.md;137;PENDENTE_REQUALIFICACAO;ID normativo original.
R2-ADM-06-S03;R2-ADM-06;R2;R2-ADM-06-S03 — Pressão reduzida;openspec/changes/r2-05-console-administrativo/specs/console-administrativo-operavel/spec.md;143;PENDENTE_REQUALIFICACAO;ID normativo original.
R2-ADM-07-S01;R2-ADM-07;R2;R2-ADM-07-S01 — Contrato legado;openspec/changes/r2-05-console-administrativo/specs/console-administrativo-operavel/spec.md;155;PENDENTE_REQUALIFICACAO;ID normativo original.
R2-ADM-07-S02;R2-ADM-07;R2;R2-ADM-07-S02 — TTL versus SLA;openspec/changes/r2-05-console-administrativo/specs/console-administrativo-operavel/spec.md;161;PENDENTE_REQUALIFICACAO;ID normativo original.
R2-ADM-07-S03;R2-ADM-07;R2;R2-ADM-07-S03 — SYNC incompatível;openspec/changes/r2-05-console-administrativo/specs/console-administrativo-operavel/spec.md;167;PENDENTE_REQUALIFICACAO;ID normativo original.
R2-ADM-08-S01;R2-ADM-08;R2;R2-ADM-08-S01 — Diagnóstico completo;openspec/changes/r2-05-console-administrativo/specs/console-administrativo-operavel/spec.md;179;PENDENTE_REQUALIFICACAO;ID normativo original.
R2-ADM-08-S02;R2-ADM-08;R2;R2-ADM-08-S02 — Resultado custodiado;openspec/changes/r2-05-console-administrativo/specs/console-administrativo-operavel/spec.md;185;PENDENTE_REQUALIFICACAO;ID normativo original.
R2-ADM-08-S03;R2-ADM-08;R2;R2-ADM-08-S03 — Filtro entre tenants;openspec/changes/r2-05-console-administrativo/specs/console-administrativo-operavel/spec.md;191;PENDENTE_REQUALIFICACAO;ID normativo original.
R2-ADM-09-S01;R2-ADM-09;R2;R2-ADM-09-S01 — Webhook esgotado;openspec/changes/r2-05-console-administrativo/specs/console-administrativo-operavel/spec.md;203;PENDENTE_REQUALIFICACAO;ID normativo original.
R2-ADM-09-S02;R2-ADM-09;R2;R2-ADM-09-S02 — UNKNOWN externo;openspec/changes/r2-05-console-administrativo/specs/console-administrativo-operavel/spec.md;209;PENDENTE_REQUALIFICACAO;ID normativo original.
R2-ADM-09-S03;R2-ADM-09;R2;R2-ADM-09-S03 — Leitor administrativo;openspec/changes/r2-05-console-administrativo/specs/console-administrativo-operavel/spec.md;215;PENDENTE_REQUALIFICACAO;ID normativo original.
R2-ADM-10-S01;R2-ADM-10;R2;R2-ADM-10-S01 — Apuração de quebra;openspec/changes/r2-05-console-administrativo/specs/console-administrativo-operavel/spec.md;227;PENDENTE_REQUALIFICACAO;ID normativo original.
R2-ADM-10-S02;R2-ADM-10;R2;R2-ADM-10-S02 — Dados desatualizados;openspec/changes/r2-05-console-administrativo/specs/console-administrativo-operavel/spec.md;233;PENDENTE_REQUALIFICACAO;ID normativo original.
R2-ADM-10-S03;R2-ADM-10;R2;R2-ADM-10-S03 — Consulta limitada;openspec/changes/r2-05-console-administrativo/specs/console-administrativo-operavel/spec.md;239;PENDENTE_REQUALIFICACAO;ID normativo original.
R2-ADM-11-S01;R2-ADM-11;R2;R2-ADM-11-S01 — Extrato explicável;openspec/changes/r2-05-console-administrativo/specs/console-administrativo-operavel/spec.md;251;PENDENTE_REQUALIFICACAO;ID normativo original.
R2-ADM-11-S02;R2-ADM-11;R2;R2-ADM-11-S02 — Fechamento incompleto;openspec/changes/r2-05-console-administrativo/specs/console-administrativo-operavel/spec.md;257;PENDENTE_REQUALIFICACAO;ID normativo original.
R2-ADM-11-S03;R2-ADM-11;R2;R2-ADM-11-S03 — Estorno;openspec/changes/r2-05-console-administrativo/specs/console-administrativo-operavel/spec.md;263;PENDENTE_REQUALIFICACAO;ID normativo original.
R2-ADM-12-S01;R2-ADM-12;R2;R2-ADM-12-S01 — Teclado e erro;openspec/changes/r2-05-console-administrativo/specs/console-administrativo-operavel/spec.md;275;PENDENTE_REQUALIFICACAO;ID normativo original.
R2-ADM-12-S02;R2-ADM-12;R2;R2-ADM-12-S02 — Falha de rede ou 409;openspec/changes/r2-05-console-administrativo/specs/console-administrativo-operavel/spec.md;281;PENDENTE_REQUALIFICACAO;ID normativo original.
R2-ADM-12-S03;R2-ADM-12;R2;R2-ADM-12-S03 — Jornada integrada;openspec/changes/r2-05-console-administrativo/specs/console-administrativo-operavel/spec.md;287;PENDENTE_REQUALIFICACAO;ID normativo original.
R2-FIN-01-S01;R2-FIN-01;R2;R2-FIN-01-S01 — Preço muda antes de consumir;openspec/changes/r2-06-financeiro-auditavel/specs/financeiro-auditavel-e-conciliacao/spec.md;11;PENDENTE_REQUALIFICACAO;ID normativo original.
R2-FIN-01-S02;R2-FIN-01;R2;R2-FIN-01-S02 — Cliente paga diretamente;openspec/changes/r2-06-financeiro-auditavel/specs/financeiro-auditavel-e-conciliacao/spec.md;17;PENDENTE_REQUALIFICACAO;ID normativo original.
R2-FIN-01-S03;R2-FIN-01;R2;R2-FIN-01-S03 — Compra por submit;openspec/changes/r2-06-financeiro-auditavel/specs/financeiro-auditavel-e-conciliacao/spec.md;23;PENDENTE_REQUALIFICACAO;ID normativo original.
R2-FIN-02-S01;R2-FIN-02;R2;R2-FIN-02-S01 — Dois passos custosos;openspec/changes/r2-06-financeiro-auditavel/specs/financeiro-auditavel-e-conciliacao/spec.md;35;PENDENTE_REQUALIFICACAO;ID normativo original.
R2-FIN-02-S02;R2-FIN-02;R2;R2-FIN-02-S02 — Polling tarifado;openspec/changes/r2-06-financeiro-auditavel/specs/financeiro-auditavel-e-conciliacao/spec.md;41;PENDENTE_REQUALIFICACAO;ID normativo original.
R2-FIN-02-S03;R2-FIN-02;R2;R2-FIN-02-S03 — Precisão;openspec/changes/r2-06-financeiro-auditavel/specs/financeiro-auditavel-e-conciliacao/spec.md;47;PENDENTE_REQUALIFICACAO;ID normativo original.
R2-FIN-03-S01;R2-FIN-03;R2;R2-FIN-03-S01 — Limite cumulativo;openspec/changes/r2-06-financeiro-auditavel/specs/financeiro-auditavel-e-conciliacao/spec.md;59;PENDENTE_REQUALIFICACAO;ID normativo original.
R2-FIN-03-S02;R2-FIN-03;R2;R2-FIN-03-S02 — Concorrência pelo último saldo;openspec/changes/r2-06-financeiro-auditavel/specs/financeiro-auditavel-e-conciliacao/spec.md;65;PENDENTE_REQUALIFICACAO;ID normativo original.
R2-FIN-03-S03;R2-FIN-03;R2;R2-FIN-03-S03 — Limite não configurado;openspec/changes/r2-06-financeiro-auditavel/specs/financeiro-auditavel-e-conciliacao/spec.md;71;PENDENTE_REQUALIFICACAO;ID normativo original.
R2-FIN-03-S04;R2-FIN-03;R2;R2-FIN-03-S04 — Timeout com efeito incerto;openspec/changes/r2-06-financeiro-auditavel/specs/financeiro-auditavel-e-conciliacao/spec.md;77;PENDENTE_REQUALIFICACAO;ID normativo original.
R2-FIN-04-S01;R2-FIN-04;R2;R2-FIN-04-S01 — Faixa marginal;openspec/changes/r2-06-financeiro-auditavel/specs/financeiro-auditavel-e-conciliacao/spec.md;89;PENDENTE_REQUALIFICACAO;ID normativo original.
R2-FIN-04-S02;R2-FIN-04;R2;R2-FIN-04-S02 — Pacote versus soma;openspec/changes/r2-06-financeiro-auditavel/specs/financeiro-auditavel-e-conciliacao/spec.md;95;PENDENTE_REQUALIFICACAO;ID normativo original.
R2-FIN-04-S03;R2-FIN-04;R2;R2-FIN-04-S03 — Franquia final concorrente;openspec/changes/r2-06-financeiro-auditavel/specs/financeiro-auditavel-e-conciliacao/spec.md;101;PENDENTE_REQUALIFICACAO;ID normativo original.
R2-FIN-05-S01;R2-FIN-05;R2;R2-FIN-05-S01 — Partidas balanceadas;openspec/changes/r2-06-financeiro-auditavel/specs/financeiro-auditavel-e-conciliacao/spec.md;113;PENDENTE_REQUALIFICACAO;ID normativo original.
R2-FIN-05-S02;R2-FIN-05;R2;R2-FIN-05-S02 — Reprocessamento;openspec/changes/r2-06-financeiro-auditavel/specs/financeiro-auditavel-e-conciliacao/spec.md;119;PENDENTE_REQUALIFICACAO;ID normativo original.
R2-FIN-05-S03;R2-FIN-05;R2;R2-FIN-05-S03 — Estorno autorizado;openspec/changes/r2-06-financeiro-auditavel/specs/financeiro-auditavel-e-conciliacao/spec.md;125;PENDENTE_REQUALIFICACAO;ID normativo original.
R2-FIN-06-S01;R2-FIN-06;R2;R2-FIN-06-S01 — Fato atrasado;openspec/changes/r2-06-financeiro-auditavel/specs/financeiro-auditavel-e-conciliacao/spec.md;137;PENDENTE_REQUALIFICACAO;ID normativo original.
R2-FIN-06-S02;R2-FIN-06;R2;R2-FIN-06-S02 — Exportação repetida;openspec/changes/r2-06-financeiro-auditavel/specs/financeiro-auditavel-e-conciliacao/spec.md;143;PENDENTE_REQUALIFICACAO;ID normativo original.
R2-FIN-06-S03;R2-FIN-06;R2;R2-FIN-06-S03 — Contestação de SLA;openspec/changes/r2-06-financeiro-auditavel/specs/financeiro-auditavel-e-conciliacao/spec.md;149;PENDENTE_REQUALIFICACAO;ID normativo original.
R2-DAD-01-S01;R2-DAD-01;R2;R2-DAD-01-S01 — Arquivo elegível;openspec/changes/r2-07-objetos-dados-e-retencao/specs/objetos-dados-e-retencao/spec.md;11;PENDENTE_REQUALIFICACAO;ID normativo original.
R2-DAD-01-S02;R2-DAD-01;R2;R2-DAD-01-S02 — Objeto de outro cliente;openspec/changes/r2-07-objetos-dados-e-retencao/specs/objetos-dados-e-retencao/spec.md;17;PENDENTE_REQUALIFICACAO;ID normativo original.
R2-DAD-01-S03;R2-DAD-01;R2;R2-DAD-01-S03 — Multipart incompleto;openspec/changes/r2-07-objetos-dados-e-retencao/specs/objetos-dados-e-retencao/spec.md;23;PENDENTE_REQUALIFICACAO;ID normativo original.
R2-DAD-02-S01;R2-DAD-02;R2;R2-DAD-02-S01 — Resultado grande;openspec/changes/r2-07-objetos-dados-e-retencao/specs/objetos-dados-e-retencao/spec.md;35;PENDENTE_REQUALIFICACAO;ID normativo original.
R2-DAD-02-S02;R2-DAD-02;R2;R2-DAD-02-S02 — S3 falha;openspec/changes/r2-07-objetos-dados-e-retencao/specs/objetos-dados-e-retencao/spec.md;41;PENDENTE_REQUALIFICACAO;ID normativo original.
R2-DAD-02-S03;R2-DAD-02;R2;R2-DAD-02-S03 — Objeto sem commit do protocolo;openspec/changes/r2-07-objetos-dados-e-retencao/specs/objetos-dados-e-retencao/spec.md;47;PENDENTE_REQUALIFICACAO;ID normativo original.
R2-DAD-03-S01;R2-DAD-03;R2;R2-DAD-03-S01 — Expurgo elegível;openspec/changes/r2-07-objetos-dados-e-retencao/specs/objetos-dados-e-retencao/spec.md;59;PENDENTE_REQUALIFICACAO;ID normativo original.
R2-DAD-03-S02;R2-DAD-03;R2;R2-DAD-03-S02 — Entrega pendente;openspec/changes/r2-07-objetos-dados-e-retencao/specs/objetos-dados-e-retencao/spec.md;65;PENDENTE_REQUALIFICACAO;ID normativo original.
R2-DAD-03-S03;R2-DAD-03;R2;R2-DAD-03-S03 — Mensagem antiga;openspec/changes/r2-07-objetos-dados-e-retencao/specs/objetos-dados-e-retencao/spec.md;71;PENDENTE_REQUALIFICACAO;ID normativo original.
R2-DAD-04-S01;R2-DAD-04;R2;R2-DAD-04-S01 — Writer indisponível com final válido;openspec/changes/r2-07-objetos-dados-e-retencao/specs/objetos-dados-e-retencao/spec.md;83;PENDENTE_REQUALIFICACAO;ID normativo original.
R2-DAD-04-S02;R2-DAD-04;R2;R2-DAD-04-S02 — Réplica atrasada;openspec/changes/r2-07-objetos-dados-e-retencao/specs/objetos-dados-e-retencao/spec.md;89;PENDENTE_REQUALIFICACAO;ID normativo original.
R2-DAD-04-S03;R2-DAD-04;R2;R2-DAD-04-S03 — Isolamento de domínio;openspec/changes/r2-07-objetos-dados-e-retencao/specs/objetos-dados-e-retencao/spec.md;95;PENDENTE_REQUALIFICACAO;ID normativo original.
R2-DAD-05-S01;R2-DAD-05;R2;R2-DAD-05-S01 — Restore controlado;openspec/changes/r2-07-objetos-dados-e-retencao/specs/objetos-dados-e-retencao/spec.md;107;PENDENTE_REQUALIFICACAO;ID normativo original.
R2-DAD-05-S02;R2-DAD-05;R2;R2-DAD-05-S02 — Operação após backup;openspec/changes/r2-07-objetos-dados-e-retencao/specs/objetos-dados-e-retencao/spec.md;113;PENDENTE_REQUALIFICACAO;ID normativo original.
R2-DAD-05-S03;R2-DAD-05;R2;R2-DAD-05-S03 — Falha regional;openspec/changes/r2-07-objetos-dados-e-retencao/specs/objetos-dados-e-retencao/spec.md;119;PENDENTE_REQUALIFICACAO;ID normativo original.
R2-OPE-01-S01;R2-OPE-01;R2;R2-OPE-01-S01 — Primeira instalação;openspec/changes/r2-08-operacao-elastica-e-observavel/specs/operacao-elastica-e-observavel/spec.md;11;PENDENTE_REQUALIFICACAO;ID normativo original.
R2-OPE-01-S02;R2-OPE-01;R2;R2-OPE-01-S02 — Recriação sem reset;openspec/changes/r2-08-operacao-elastica-e-observavel/specs/operacao-elastica-e-observavel/spec.md;17;PENDENTE_REQUALIFICACAO;ID normativo original.
R2-OPE-01-S03;R2-OPE-01;R2;R2-OPE-01-S03 — Cache desligado;openspec/changes/r2-08-operacao-elastica-e-observavel/specs/operacao-elastica-e-observavel/spec.md;23;PENDENTE_REQUALIFICACAO;ID normativo original.
R2-OPE-02-S01;R2-OPE-02;R2;R2-OPE-02-S01 — Overlay aplicável;openspec/changes/r2-08-operacao-elastica-e-observavel/specs/operacao-elastica-e-observavel/spec.md;35;PENDENTE_REQUALIFICACAO;ID normativo original.
R2-OPE-02-S02;R2-OPE-02;R2;R2-OPE-02-S02 — Separação ambiental;openspec/changes/r2-08-operacao-elastica-e-observavel/specs/operacao-elastica-e-observavel/spec.md;41;PENDENTE_REQUALIFICACAO;ID normativo original.
R2-OPE-02-S03;R2-OPE-02;R2;R2-OPE-02-S03 — Produção sem perfil;openspec/changes/r2-08-operacao-elastica-e-observavel/specs/operacao-elastica-e-observavel/spec.md;47;PENDENTE_REQUALIFICACAO;ID normativo original.
R2-OPE-03-S01;R2-OPE-03;R2;R2-OPE-03-S01 — Dependência opcional falha;openspec/changes/r2-08-operacao-elastica-e-observavel/specs/operacao-elastica-e-observavel/spec.md;59;PENDENTE_REQUALIFICACAO;ID normativo original.
R2-OPE-03-S02;R2-OPE-03;R2;R2-OPE-03-S02 — Rolling update;openspec/changes/r2-08-operacao-elastica-e-observavel/specs/operacao-elastica-e-observavel/spec.md;65;PENDENTE_REQUALIFICACAO;ID normativo original.
R2-OPE-03-S03;R2-OPE-03;R2;R2-OPE-03-S03 — Provedor fora;openspec/changes/r2-08-operacao-elastica-e-observavel/specs/operacao-elastica-e-observavel/spec.md;71;PENDENTE_REQUALIFICACAO;ID normativo original.
R2-OPE-04-S01;R2-OPE-04;R2;R2-OPE-04-S01 — Fila cresce com CPU baixa;openspec/changes/r2-08-operacao-elastica-e-observavel/specs/operacao-elastica-e-observavel/spec.md;83;PENDENTE_REQUALIFICACAO;ID normativo original.
R2-OPE-04-S02;R2-OPE-04;R2;R2-OPE-04-S02 — Célula próxima do envelope;openspec/changes/r2-08-operacao-elastica-e-observavel/specs/operacao-elastica-e-observavel/spec.md;89;PENDENTE_REQUALIFICACAO;ID normativo original.
R2-OPE-04-S03;R2-OPE-04;R2;R2-OPE-04-S03 — Quota esgotada;openspec/changes/r2-08-operacao-elastica-e-observavel/specs/operacao-elastica-e-observavel/spec.md;95;PENDENTE_REQUALIFICACAO;ID normativo original.
R2-OPE-05-S01;R2-OPE-05;R2;R2-OPE-05-S01 — Cliente realocado;openspec/changes/r2-08-operacao-elastica-e-observavel/specs/operacao-elastica-e-observavel/spec.md;107;PENDENTE_REQUALIFICACAO;ID normativo original.
R2-OPE-05-S02;R2-OPE-05;R2;R2-OPE-05-S02 — Dois ambientes/células;openspec/changes/r2-08-operacao-elastica-e-observavel/specs/operacao-elastica-e-observavel/spec.md;113;PENDENTE_REQUALIFICACAO;ID normativo original.
R2-OPE-05-S03;R2-OPE-05;R2;R2-OPE-05-S03 — Falha parcial de provisionamento;openspec/changes/r2-08-operacao-elastica-e-observavel/specs/operacao-elastica-e-observavel/spec.md;119;PENDENTE_REQUALIFICACAO;ID normativo original.
R2-OPE-06-S01;R2-OPE-06;R2;R2-OPE-06-S01 — Reinício com broker fora;openspec/changes/r2-08-operacao-elastica-e-observavel/specs/operacao-elastica-e-observavel/spec.md;131;PENDENTE_REQUALIFICACAO;ID normativo original.
R2-OPE-06-S02;R2-OPE-06;R2;R2-OPE-06-S02 — Redis lenta;openspec/changes/r2-08-operacao-elastica-e-observavel/specs/operacao-elastica-e-observavel/spec.md;137;PENDENTE_REQUALIFICACAO;ID normativo original.
R2-OPE-06-S03;R2-OPE-06;R2;R2-OPE-06-S03 — Todas cópias autoritativas indisponíveis;openspec/changes/r2-08-operacao-elastica-e-observavel/specs/operacao-elastica-e-observavel/spec.md;143;PENDENTE_REQUALIFICACAO;ID normativo original.
R2-OPE-07-S01;R2-OPE-07;R2;R2-OPE-07-S01 — Fluxo rastreável;openspec/changes/r2-08-operacao-elastica-e-observavel/specs/operacao-elastica-e-observavel/spec.md;155;PENDENTE_REQUALIFICACAO;ID normativo original.
R2-OPE-07-S02;R2-OPE-07;R2;R2-OPE-07-S02 — Alerta exercitado;openspec/changes/r2-08-operacao-elastica-e-observavel/specs/operacao-elastica-e-observavel/spec.md;161;PENDENTE_REQUALIFICACAO;ID normativo original.
R2-OPE-07-S03;R2-OPE-07;R2;R2-OPE-07-S03 — Backend de observabilidade fora;openspec/changes/r2-08-operacao-elastica-e-observavel/specs/operacao-elastica-e-observavel/spec.md;167;PENDENTE_REQUALIFICACAO;ID normativo original.
R2-OPE-08-S01;R2-OPE-08;R2;R2-OPE-08-S01 — AWS real;openspec/changes/r2-08-operacao-elastica-e-observavel/specs/operacao-elastica-e-observavel/spec.md;179;PENDENTE_REQUALIFICACAO;ID normativo original.
R2-OPE-08-S02;R2-OPE-08;R2;R2-OPE-08-S02 — IAM insuficiente;openspec/changes/r2-08-operacao-elastica-e-observavel/specs/operacao-elastica-e-observavel/spec.md;185;PENDENTE_REQUALIFICACAO;ID normativo original.
R2-OPE-08-S03;R2-OPE-08;R2;R2-OPE-08-S03 — Atualização de dependência;openspec/changes/r2-08-operacao-elastica-e-observavel/specs/operacao-elastica-e-observavel/spec.md;191;PENDENTE_REQUALIFICACAO;ID normativo original.
R2-OPE-09-S01;R2-OPE-09;R2;R2-OPE-09-S01 — Perfil de referência;openspec/changes/r2-08-operacao-elastica-e-observavel/specs/operacao-elastica-e-observavel/spec.md;203;PENDENTE_REQUALIFICACAO;ID normativo original.
R2-OPE-09-S02;R2-OPE-09;R2;R2-OPE-09-S02 — Manutenção e ruído;openspec/changes/r2-08-operacao-elastica-e-observavel/specs/operacao-elastica-e-observavel/spec.md;209;PENDENTE_REQUALIFICACAO;ID normativo original.
R2-OPE-09-S03;R2-OPE-09;R2;R2-OPE-09-S03 — Uso crítico;openspec/changes/r2-08-operacao-elastica-e-observavel/specs/operacao-elastica-e-observavel/spec.md;215;PENDENTE_REQUALIFICACAO;ID normativo original.
R2-QUA-01-S01;R2-QUA-01;R2;R2-QUA-01-S01 — Novo requisito implementado;openspec/changes/r2-09-qualificacao-e-rastreabilidade/specs/qualificacao-integrada-r2/spec.md;11;PENDENTE_REQUALIFICACAO;ID normativo original.
R2-QUA-01-S02;R2-QUA-01;R2;R2-QUA-01-S02 — Evidência incompatível;openspec/changes/r2-09-qualificacao-e-rastreabilidade/specs/qualificacao-integrada-r2/spec.md;17;PENDENTE_REQUALIFICACAO;ID normativo original.
R2-QUA-01-S03;R2-QUA-01;R2;R2-QUA-01-S03 — Decisão ainda pendente;openspec/changes/r2-09-qualificacao-e-rastreabilidade/specs/qualificacao-integrada-r2/spec.md;23;PENDENTE_REQUALIFICACAO;ID normativo original.
R2-QUA-02-S01;R2-QUA-02;R2;R2-QUA-02-S01 — Ambiente limpo;openspec/changes/r2-09-qualificacao-e-rastreabilidade/specs/qualificacao-integrada-r2/spec.md;35;PENDENTE_REQUALIFICACAO;ID normativo original.
R2-QUA-02-S02;R2-QUA-02;R2;R2-QUA-02-S02 — Regressão do eco;openspec/changes/r2-09-qualificacao-e-rastreabilidade/specs/qualificacao-integrada-r2/spec.md;41;PENDENTE_REQUALIFICACAO;ID normativo original.
R2-QUA-02-S03;R2-QUA-02;R2;R2-QUA-02-S03 — Regressão financeira;openspec/changes/r2-09-qualificacao-e-rastreabilidade/specs/qualificacao-integrada-r2/spec.md;47;PENDENTE_REQUALIFICACAO;ID normativo original.
R2-QUA-03-S01;R2-QUA-03;R2;R2-QUA-03-S01 — PR de backend;openspec/changes/r2-09-qualificacao-e-rastreabilidade/specs/qualificacao-integrada-r2/spec.md;59;PENDENTE_REQUALIFICACAO;ID normativo original.
R2-QUA-03-S02;R2-QUA-03;R2;R2-QUA-03-S02 — UI sem backend;openspec/changes/r2-09-qualificacao-e-rastreabilidade/specs/qualificacao-integrada-r2/spec.md;65;PENDENTE_REQUALIFICACAO;ID normativo original.
R2-QUA-03-S03;R2-QUA-03;R2;R2-QUA-03-S03 — P0 reaberto;openspec/changes/r2-09-qualificacao-e-rastreabilidade/specs/qualificacao-integrada-r2/spec.md;71;PENDENTE_REQUALIFICACAO;ID normativo original.
R2-QUA-04-S01;R2-QUA-04;R2;R2-QUA-04-S01 — Importação deste pacote;openspec/changes/r2-09-qualificacao-e-rastreabilidade/specs/qualificacao-integrada-r2/spec.md;83;PENDENTE_REQUALIFICACAO;ID normativo original.
R2-QUA-04-S02;R2-QUA-04;R2;R2-QUA-04-S02 — Mudança R2 concluída;openspec/changes/r2-09-qualificacao-e-rastreabilidade/specs/qualificacao-integrada-r2/spec.md;89;PENDENTE_REQUALIFICACAO;ID normativo original.
R2-QUA-04-S03;R2-QUA-04;R2;R2-QUA-04-S03 — Regressão posterior;openspec/changes/r2-09-qualificacao-e-rastreabilidade/specs/qualificacao-integrada-r2/spec.md;95;PENDENTE_REQUALIFICACAO;ID normativo original.
R3-EXE-01-S01;R3-EXE-01;R3;R3-EXE-01-S01 — conta REST homologada com API Key;openspec/changes/r3-01-custodia-e-integracao-externa/specs/01-custodia-e-integracao-externa/spec.md;8;PENDENTE_REQUALIFICACAO;ID normativo original.
R3-EXE-01-S02;R3-EXE-01;R3;R3-EXE-01-S02 — adapter ausente ou autenticação incompleta;openspec/changes/r3-01-custodia-e-integracao-externa/specs/01-custodia-e-integracao-externa/spec.md;13;PENDENTE_REQUALIFICACAO;ID normativo original.
R3-EXE-01-S03;R3-EXE-01;R3;R3-EXE-01-S03 — dois tenants com bindings específicos;openspec/changes/r3-01-custodia-e-integracao-externa/specs/01-custodia-e-integracao-externa/spec.md;18;PENDENTE_REQUALIFICACAO;ID normativo original.
R3-EXE-02-S01;R3-EXE-02;R3;R3-EXE-02-S01 — callback válido de operação conhecida;openspec/changes/r3-01-custodia-e-integracao-externa/specs/01-custodia-e-integracao-externa/spec.md;26;PENDENTE_REQUALIFICACAO;ID normativo original.
R3-EXE-02-S02;R3-EXE-02;R3;R3-EXE-02-S02 — banco indisponível ou assinatura inválida;openspec/changes/r3-01-custodia-e-integracao-externa/specs/01-custodia-e-integracao-externa/spec.md;31;PENDENTE_REQUALIFICACAO;ID normativo original.
R3-EXE-02-S03;R3-EXE-02;R3;R3-EXE-02-S03 — callback anterior à correlação e outro após final;openspec/changes/r3-01-custodia-e-integracao-externa/specs/01-custodia-e-integracao-externa/spec.md;36;PENDENTE_REQUALIFICACAO;ID normativo original.
R3-EXE-03-S01;R3-EXE-03;R3;R3-EXE-03-S01 — queda após intenção antes do HTTP;openspec/changes/r3-01-custodia-e-integracao-externa/specs/01-custodia-e-integracao-externa/spec.md;44;PENDENTE_REQUALIFICACAO;ID normativo original.
R3-EXE-03-S02;R3-EXE-03;R3;R3-EXE-03-S02 — provedor executou e a resposta se perdeu;openspec/changes/r3-01-custodia-e-integracao-externa/specs/01-custodia-e-integracao-externa/spec.md;49;PENDENTE_REQUALIFICACAO;ID normativo original.
R3-EXE-03-S03;R3-EXE-03;R3;R3-EXE-03-S03 — owner antigo ou replay com aplicação/hash distintos;openspec/changes/r3-01-custodia-e-integracao-externa/specs/01-custodia-e-integracao-externa/spec.md;54;PENDENTE_REQUALIFICACAO;ID normativo original.
R3-EXE-04-S01;R3-EXE-04;R3;R3-EXE-04-S01 — provedor saudável demora com polling e callback ativos;openspec/changes/r3-01-custodia-e-integracao-externa/specs/01-custodia-e-integracao-externa/spec.md;62;PENDENTE_REQUALIFICACAO;ID normativo original.
R3-EXE-04-S02;R3-EXE-04;R3;R3-EXE-04-S02 — primeira falha em t1 com TTL 30 segundos;openspec/changes/r3-01-custodia-e-integracao-externa/specs/01-custodia-e-integracao-externa/spec.md;67;PENDENTE_REQUALIFICACAO;ID normativo original.
R3-EXE-04-S03;R3-EXE-04;R3;R3-EXE-04-S03 — pausa entre decisão e commit atravessa SLA;openspec/changes/r3-01-custodia-e-integracao-externa/specs/01-custodia-e-integracao-externa/spec.md;72;PENDENTE_REQUALIFICACAO;ID normativo original.
R3-EXE-05-S01;R3-EXE-05;R3;R3-EXE-05-S01 — primeira inicialização sem assinatura financeira;openspec/changes/r3-01-custodia-e-integracao-externa/specs/01-custodia-e-integracao-externa/spec.md;80;PENDENTE_REQUALIFICACAO;ID normativo original.
R3-EXE-05-S02;R3-EXE-05;R3;R3-EXE-05-S02 — envelope inválido ou versão desconhecida;openspec/changes/r3-01-custodia-e-integracao-externa/specs/01-custodia-e-integracao-externa/spec.md;85;PENDENTE_REQUALIFICACAO;ID normativo original.
R3-EXE-05-S03;R3-EXE-05;R3;R3-EXE-05-S03 — broker cai e retorna;openspec/changes/r3-01-custodia-e-integracao-externa/specs/01-custodia-e-integracao-externa/spec.md;90;PENDENTE_REQUALIFICACAO;ID normativo original.
R3-CAT-01-S01;R3-CAT-01;R3;R3-CAT-01-S01 — inteiro 9007199254740993 e decimal exato;openspec/changes/r3-02-portfolio-e-contratos-efetivos/specs/02-portfolio-e-contratos-efetivos/spec.md;8;PENDENTE_REQUALIFICACAO;ID normativo original.
R3-CAT-01-S02;R3-CAT-01;R3;R3-CAT-01-S02 — enum, nested schema ou additionalProperties violados;openspec/changes/r3-02-portfolio-e-contratos-efetivos/specs/02-portfolio-e-contratos-efetivos/spec.md;13;PENDENTE_REQUALIFICACAO;ID normativo original.
R3-CAT-01-S03;R3-CAT-01;R3;R3-CAT-01-S03 — payload abusivo A e cliente B saudável;openspec/changes/r3-02-portfolio-e-contratos-efetivos/specs/02-portfolio-e-contratos-efetivos/spec.md;18;PENDENTE_REQUALIFICACAO;ID normativo original.
R3-CAT-02-S01;R3-CAT-02;R3;R3-CAT-02-S01 — mesmo serviço com dois perfis e SLAs;openspec/changes/r3-02-portfolio-e-contratos-efetivos/specs/02-portfolio-e-contratos-efetivos/spec.md;26;PENDENTE_REQUALIFICACAO;ID normativo original.
R3-CAT-02-S02;R3-CAT-02;R3;R3-CAT-02-S02 — versão não ofertada ou override inválido;openspec/changes/r3-02-portfolio-e-contratos-efetivos/specs/02-portfolio-e-contratos-efetivos/spec.md;31;PENDENTE_REQUALIFICACAO;ID normativo original.
R3-CAT-02-S03;R3-CAT-02;R3;R3-CAT-02-S03 — nova publicação durante execução;openspec/changes/r3-02-portfolio-e-contratos-efetivos/specs/02-portfolio-e-contratos-efetivos/spec.md;36;PENDENTE_REQUALIFICACAO;ID normativo original.
R3-CAT-03-S01;R3-CAT-03;R3;R3-CAT-03-S01 — A/B independentes e C depende de ambos;openspec/changes/r3-02-portfolio-e-contratos-efetivos/specs/02-portfolio-e-contratos-efetivos/spec.md;44;PENDENTE_REQUALIFICACAO;ID normativo original.
R3-CAT-03-S02;R3-CAT-03;R3;R3-CAT-03-S02 — ciclo ou contrato incompatível entre etapas;openspec/changes/r3-02-portfolio-e-contratos-efetivos/specs/02-portfolio-e-contratos-efetivos/spec.md;49;PENDENTE_REQUALIFICACAO;ID normativo original.
R3-CAT-03-S03;R3-CAT-03;R3;R3-CAT-03-S03 — queda após A e falha B;openspec/changes/r3-02-portfolio-e-contratos-efetivos/specs/02-portfolio-e-contratos-efetivos/spec.md;54;PENDENTE_REQUALIFICACAO;ID normativo original.
R3-CAT-04-S01;R3-CAT-04;R3;R3-CAT-04-S01 — tenant com 150 ofertas;openspec/changes/r3-02-portfolio-e-contratos-efetivos/specs/02-portfolio-e-contratos-efetivos/spec.md;62;PENDENTE_REQUALIFICACAO;ID normativo original.
R3-CAT-04-S02;R3-CAT-04;R3;R3-CAT-04-S02 — Atlas e Redis indisponíveis com projeção válida;openspec/changes/r3-02-portfolio-e-contratos-efetivos/specs/02-portfolio-e-contratos-efetivos/spec.md;67;PENDENTE_REQUALIFICACAO;ID normativo original.
R3-CAT-04-S03;R3-CAT-04;R3;R3-CAT-04-S03 — snapshot vencido ou revogado;openspec/changes/r3-02-portfolio-e-contratos-efetivos/specs/02-portfolio-e-contratos-efetivos/spec.md;72;PENDENTE_REQUALIFICACAO;ID normativo original.
R3-INT-01-S01;R3-INT-01;R3;R3-INT-01-S01 — provedor aumenta capacidade sob demanda;openspec/changes/r3-03-capacidade-credenciais-e-latencia/specs/03-capacidade-credenciais-e-latencia/spec.md;8;PENDENTE_REQUALIFICACAO;ID normativo original.
R3-INT-01-S02;R3-INT-01;R3;R3-INT-01-S02 — provedor retorna 429/timeouts;openspec/changes/r3-03-capacidade-credenciais-e-latencia/specs/03-capacidade-credenciais-e-latencia/spec.md;13;PENDENTE_REQUALIFICACAO;ID normativo original.
R3-INT-01-S03;R3-INT-01;R3;R3-INT-01-S03 — vários pods e tenants na conta compartilhada;openspec/changes/r3-03-capacidade-credenciais-e-latencia/specs/03-capacidade-credenciais-e-latencia/spec.md;18;PENDENTE_REQUALIFICACAO;ID normativo original.
R3-INT-02-S01;R3-INT-02;R3;R3-INT-02-S01 — L1 válido e Redis/cofre temporariamente fora;openspec/changes/r3-03-capacidade-credenciais-e-latencia/specs/03-capacidade-credenciais-e-latencia/spec.md;26;PENDENTE_REQUALIFICACAO;ID normativo original.
R3-INT-02-S02;R3-INT-02;R3;R3-INT-02-S02 — token expirado/revogado e cofre indisponível;openspec/changes/r3-03-capacidade-credenciais-e-latencia/specs/03-capacidade-credenciais-e-latencia/spec.md;31;PENDENTE_REQUALIFICACAO;ID normativo original.
R3-INT-02-S03;R3-INT-02;R3;R3-INT-02-S03 — OAuth da conta A lento e B saudável;openspec/changes/r3-03-capacidade-credenciais-e-latencia/specs/03-capacidade-credenciais-e-latencia/spec.md;36;PENDENTE_REQUALIFICACAO;ID normativo original.
R3-INT-03-S01;R3-INT-03;R3;R3-INT-03-S01 — milhares de chamadas à origem;openspec/changes/r3-03-capacidade-credenciais-e-latencia/specs/03-capacidade-credenciais-e-latencia/spec.md;44;PENDENTE_REQUALIFICACAO;ID normativo original.
R3-INT-03-S02;R3-INT-03;R3;R3-INT-03-S02 — certificado mTLS muda de versão;openspec/changes/r3-03-capacidade-credenciais-e-latencia/specs/03-capacidade-credenciais-e-latencia/spec.md;49;PENDENTE_REQUALIFICACAO;ID normativo original.
R3-INT-03-S03;R3-INT-03;R3;R3-INT-03-S03 — provedor A lento e B saudável;openspec/changes/r3-03-capacidade-credenciais-e-latencia/specs/03-capacidade-credenciais-e-latencia/spec.md;54;PENDENTE_REQUALIFICACAO;ID normativo original.
R3-ADM-01-S01;R3-ADM-01;R3;R3-ADM-01-S01 — operador nominal global com MFA;openspec/changes/r3-04-console-e-autorizacao/specs/04-console-e-autorizacao/spec.md;8;PENDENTE_REQUALIFICACAO;ID normativo original.
R3-ADM-01-S02;R3-ADM-01;R3;R3-ADM-01-S02 — token consumidor aplicação A;openspec/changes/r3-04-console-e-autorizacao/specs/04-console-e-autorizacao/spec.md;13;PENDENTE_REQUALIFICACAO;ID normativo original.
R3-ADM-01-S03;R3-ADM-01;R3;R3-ADM-01-S03 — papel revogado durante paginação;openspec/changes/r3-04-console-e-autorizacao/specs/04-console-e-autorizacao/spec.md;18;PENDENTE_REQUALIFICACAO;ID normativo original.
R3-ADM-02-S01;R3-ADM-02;R3;R3-ADM-02-S01 — duas entregas do mesmo protocolo;openspec/changes/r3-04-console-e-autorizacao/specs/04-console-e-autorizacao/spec.md;26;PENDENTE_REQUALIFICACAO;ID normativo original.
R3-ADM-02-S02;R3-ADM-02;R3;R3-ADM-02-S02 — API retorna 401/403/409/503 ou JSON inválido;openspec/changes/r3-04-console-e-autorizacao/specs/04-console-e-autorizacao/spec.md;31;PENDENTE_REQUALIFICACAO;ID normativo original.
R3-ADM-02-S03;R3-ADM-02;R3;R3-ADM-02-S03 — operador reconcilia e consulta SLA;openspec/changes/r3-04-console-e-autorizacao/specs/04-console-e-autorizacao/spec.md;36;PENDENTE_REQUALIFICACAO;ID normativo original.
R3-ADM-03-S01;R3-ADM-03;R3;R3-ADM-03-S01 — operador autorizado seleciona tenant B;openspec/changes/r3-04-console-e-autorizacao/specs/04-console-e-autorizacao/spec.md;44;PENDENTE_REQUALIFICACAO;ID normativo original.
R3-ADM-03-S02;R3-ADM-03;R3;R3-ADM-03-S02 — resposta se perde após commit;openspec/changes/r3-04-console-e-autorizacao/specs/04-console-e-autorizacao/spec.md;49;PENDENTE_REQUALIFICACAO;ID normativo original.
R3-ADM-03-S03;R3-ADM-03;R3;R3-ADM-03-S03 — autor tenta autoaprovação ou altera tenant;openspec/changes/r3-04-console-e-autorizacao/specs/04-console-e-autorizacao/spec.md;54;PENDENTE_REQUALIFICACAO;ID normativo original.
R3-ADM-04-S01;R3-ADM-04;R3;R3-ADM-04-S01 — oferta SYNC+ASYNC+AUTO e contas OAuth/API Key/mTLS;openspec/changes/r3-04-console-e-autorizacao/specs/04-console-e-autorizacao/spec.md;62;PENDENTE_REQUALIFICACAO;ID normativo original.
R3-ADM-04-S02;R3-ADM-04;R3;R3-ADM-04-S02 — UTC aberto em America/Sao_Paulo e referência além da centena;openspec/changes/r3-04-console-e-autorizacao/specs/04-console-e-autorizacao/spec.md;67;PENDENTE_REQUALIFICACAO;ID normativo original.
R3-ADM-04-S03;R3-ADM-04;R3;R3-ADM-04-S03 — JSON inválido em 200 ou erro de campo;openspec/changes/r3-04-console-e-autorizacao/specs/04-console-e-autorizacao/spec.md;72;PENDENTE_REQUALIFICACAO;ID normativo original.
R3-FIN-01-S01;R3-FIN-01;R3;R3-FIN-01-S01 — tarifa efetiva 2 e reserva inicial 1;openspec/changes/r3-05-financeiro-e-entregas/specs/05-financeiro-e-entregas/spec.md;8;PENDENTE_REQUALIFICACAO;ID normativo original.
R3-FIN-01-S02;R3-FIN-01;R3;R3-FIN-01-S02 — franquia DENY esgotada e admissões concorrentes;openspec/changes/r3-05-financeiro-e-entregas/specs/05-financeiro-e-entregas/spec.md;13;PENDENTE_REQUALIFICACAO;ID normativo original.
R3-FIN-01-S03;R3-FIN-01;R3;R3-FIN-01-S03 — UNKNOWN seguido de prova de execução/ausência;openspec/changes/r3-05-financeiro-e-entregas/specs/05-financeiro-e-entregas/spec.md;18;PENDENTE_REQUALIFICACAO;ID normativo original.
R3-FIN-02-S01;R3-FIN-02;R3;R3-FIN-02-S01 — contrato cobra cada STATUS e receita só no sucesso;openspec/changes/r3-05-financeiro-e-entregas/specs/05-financeiro-e-entregas/spec.md;26;PENDENTE_REQUALIFICACAO;ID normativo original.
R3-FIN-02-S02;R3-FIN-02;R3;R3-FIN-02-S02 — fato faltante ou disputa aberta;openspec/changes/r3-05-financeiro-e-entregas/specs/05-financeiro-e-entregas/spec.md;31;PENDENTE_REQUALIFICACAO;ID normativo original.
R3-FIN-02-S03;R3-FIN-02;R3;R3-FIN-02-S03 — duplicata ou fato após período fechado;openspec/changes/r3-05-financeiro-e-entregas/specs/05-financeiro-e-entregas/spec.md;36;PENDENTE_REQUALIFICACAO;ID normativo original.
R3-FIN-03-S01;R3-FIN-03;R3;R3-FIN-03-S01 — destino v1 no aceite e v2 antes do final;openspec/changes/r3-05-financeiro-e-entregas/specs/05-financeiro-e-entregas/spec.md;44;PENDENTE_REQUALIFICACAO;ID normativo original.
R3-FIN-03-S02;R3-FIN-03;R3;R3-FIN-03-S02 — aplicações A/B do mesmo tenant com destinos diferentes;openspec/changes/r3-05-financeiro-e-entregas/specs/05-financeiro-e-entregas/spec.md;49;PENDENTE_REQUALIFICACAO;ID normativo original.
R3-FIN-03-S03;R3-FIN-03;R3;R3-FIN-03-S03 — queda após envio e redelivery manual;openspec/changes/r3-05-financeiro-e-entregas/specs/05-financeiro-e-entregas/spec.md;54;PENDENTE_REQUALIFICACAO;ID normativo original.
R3-OPE-01-S01;R3-OPE-01;R3;R3-OPE-01-S01 — entrada/saída volumosas;openspec/changes/r3-06-dados-plataforma-e-continuidade/specs/06-dados-plataforma-e-continuidade/spec.md;8;PENDENTE_REQUALIFICACAO;ID normativo original.
R3-OPE-01-S02;R3-OPE-01;R3;R3-OPE-01-S02 — falha entre upload e final ou limpeza concorrente;openspec/changes/r3-06-dados-plataforma-e-continuidade/specs/06-dados-plataforma-e-continuidade/spec.md;13;PENDENTE_REQUALIFICACAO;ID normativo original.
R3-OPE-01-S03;R3-OPE-01;R3;R3-OPE-01-S03 — outro tenant usa FileRef ou retenção vence com disputa;openspec/changes/r3-06-dados-plataforma-e-continuidade/specs/06-dados-plataforma-e-continuidade/spec.md;18;PENDENTE_REQUALIFICACAO;ID normativo original.
R3-OPE-02-S01;R3-OPE-02;R3;R3-OPE-02-S01 — máquina limpa com pré-requisitos;openspec/changes/r3-06-dados-plataforma-e-continuidade/specs/06-dados-plataforma-e-continuidade/spec.md;26;PENDENTE_REQUALIFICACAO;ID normativo original.
R3-OPE-02-S02;R3-OPE-02;R3;R3-OPE-02-S02 — recriação de containers/nós;openspec/changes/r3-06-dados-plataforma-e-continuidade/specs/06-dados-plataforma-e-continuidade/spec.md;31;PENDENTE_REQUALIFICACAO;ID normativo original.
R3-OPE-02-S03;R3-OPE-02;R3;R3-OPE-02-S03 — overlays dev/hom/ppd/prd;openspec/changes/r3-06-dados-plataforma-e-continuidade/specs/06-dados-plataforma-e-continuidade/spec.md;36;PENDENTE_REQUALIFICACAO;ID normativo original.
R3-OPE-03-S01;R3-OPE-03;R3;R3-OPE-03-S01 — crescimento dentro do envelope;openspec/changes/r3-06-dados-plataforma-e-continuidade/specs/06-dados-plataforma-e-continuidade/spec.md;44;PENDENTE_REQUALIFICACAO;ID normativo original.
R3-OPE-03-S02;R3-OPE-03;R3;R3-OPE-03-S02 — rollout ou perda de zona;openspec/changes/r3-06-dados-plataforma-e-continuidade/specs/06-dados-plataforma-e-continuidade/spec.md;49;PENDENTE_REQUALIFICACAO;ID normativo original.
R3-OPE-03-S03;R3-OPE-03;R3;R3-OPE-03-S03 — quota esgotada ou autoridade indisponível;openspec/changes/r3-06-dados-plataforma-e-continuidade/specs/06-dados-plataforma-e-continuidade/spec.md;54;PENDENTE_REQUALIFICACAO;ID normativo original.
R3-OPE-04-S01;R3-OPE-04;R3;R3-OPE-04-S01 — papel runtime sem ownership e pool reutilizado;openspec/changes/r3-06-dados-plataforma-e-continuidade/specs/06-dados-plataforma-e-continuidade/spec.md;62;PENDENTE_REQUALIFICACAO;ID normativo original.
R3-OPE-04-S02;R3-OPE-04;R3;R3-OPE-04-S02 — Redis fora e manutenção de réplica PostgreSQL;openspec/changes/r3-06-dados-plataforma-e-continuidade/specs/06-dados-plataforma-e-continuidade/spec.md;67;PENDENTE_REQUALIFICACAO;ID normativo original.
R3-OPE-04-S03;R3-OPE-04;R3;R3-OPE-04-S03 — restore anterior a efeitos já realizados;openspec/changes/r3-06-dados-plataforma-e-continuidade/specs/06-dados-plataforma-e-continuidade/spec.md;72;PENDENTE_REQUALIFICACAO;ID normativo original.
R3-OPE-05-S01;R3-OPE-05;R3;R3-OPE-05-S01 — um resultado tempestivo e outro tardio;openspec/changes/r3-06-dados-plataforma-e-continuidade/specs/06-dados-plataforma-e-continuidade/spec.md;80;PENDENTE_REQUALIFICACAO;ID normativo original.
R3-OPE-05-S02;R3-OPE-05;R3;R3-OPE-05-S02 — obrigação parada e provedor degradado;openspec/changes/r3-06-dados-plataforma-e-continuidade/specs/06-dados-plataforma-e-continuidade/spec.md;85;PENDENTE_REQUALIFICACAO;ID normativo original.
R3-OPE-05-S03;R3-OPE-05;R3;R3-OPE-05-S03 — payload secreto e muitos protocolos;openspec/changes/r3-06-dados-plataforma-e-continuidade/specs/06-dados-plataforma-e-continuidade/spec.md;90;PENDENTE_REQUALIFICACAO;ID normativo original.
R3-QUA-01-S01;R3-QUA-01;R3;R3-QUA-01-S01 — checkout limpo e imagens do SHA;openspec/changes/r3-07-qualificacao-integral/specs/07-qualificacao-integral/spec.md;8;PENDENTE_REQUALIFICACAO;ID normativo original.
R3-QUA-01-S02;R3-QUA-01;R3;R3-QUA-01-S02 — dependência de fixture ausente;openspec/changes/r3-07-qualificacao-integral/specs/07-qualificacao-integral/spec.md;13;PENDENTE_REQUALIFICACAO;ID normativo original.
R3-QUA-01-S03;R3-QUA-01;R3;R3-QUA-01-S03 — um achado corrigido e baseline pendente;openspec/changes/r3-07-qualificacao-integral/specs/07-qualificacao-integral/spec.md;18;PENDENTE_REQUALIFICACAO;ID normativo original.
